datetime_UTC,longitude,latitude,water_level,quality_water_level
2022-01-01T21:43:28.593000,-0.644841,55.981464,-0.193,0
2022-01-01T21:43:29.537000,-0.655189,55.924495,-0.246,0
2022-01-01T21:43:30.480000,-0.66552,55.867524,-0.281,0
2022-01-01T21:43:31.424000,-0.675831,55.810552,-0.362,0
2022-01-01T21:43:32.367000,-0.686124,55.75358,-0.375,0
2022-01-01T21:43:33.311000,-0.696398,55.696606,-0.414,0
2022-01-01T21:43:34.254000,-0.706654,55.639632,-0.455,0
2022-01-01T21:43:35.197000,-0.716892,55.582657,-0.496,0
2022-01-01T21:43:36.141000,-0.727111,55.525681,-0.567,0
2022-01-01T21:43:37.084000,-0.737313,55.468704,-0.602,0
2022-01-01T21:43:38.028000,-0.747496,55.411727,-0.635,0
2022-01-01T21:43:38.971000,-0.757661,55.354748,-0.704,0
2022-01-01T21:43:39.915000,-0.767809,55.297768,-0.739,0
2022-01-01T21:43:40.858000,-0.777939,55.240788,-0.8,0
2022-01-01T21:43:41.801000,-0.788051,55.183807,-0.84,0
2022-01-01T21:43:42.745000,-0.798146,55.126825,-0.857,0
2022-01-01T21:43:43.688000,-0.808223,55.069842,-0.909,0
2022-01-01T21:43:44.632000,-0.818283,55.012859,-0.988,0
2022-01-01T21:43:45.575000,-0.828325,54.955874,-1.004,0
2022-01-01T21:43:46.519000,-0.83835,54.898888,-1.038,0
2022-01-01T21:43:47.462000,-0.848359,54.841902,-1.084,0
2022-01-01T21:43:48.406000,-0.85835,54.784915,-1.16,0
2022-01-01T21:43:49.349000,-0.868324,54.727927,-1.187,0
2022-01-01T21:43:50.292000,-0.878281,54.670938,-1.231,1
2022-01-01T21:44:58.220000,-1.555619,50.565583,0.54,1
2022-01-01T21:44:59.163000,-1.564536,50.508535,0.521,0
2022-01-01T21:45:00.107000,-1.573442,50.451486,0.572,0
2022-01-01T21:45:01.050000,-1.582335,50.394437,0.57,0
2022-01-01T21:45:01.994000,-1.591217,50.337387,0.505,0
2022-01-01T21:45:02.937000,-1.600087,50.280335,0.54,0
2022-01-01T21:45:03.880000,-1.608945,50.223284,0.494,0
2022-01-01T21:45:04.824000,-1.617791,50.166231,0.469,0
2022-01-01T21:45:05.767000,-1.626626,50.109178,0.471,0
2022-01-01T21:45:06.711000,-1.63545,50.052124,0.437,0
2022-01-01T21:45:07.654000,-1.644261,49.995068,0.429,0
2022-01-01T21:45:08.598000,-1.653061,49.938013,0.399,0
2022-01-01T21:45:09.541000,-1.66185,49.880956,0.368,0
2022-01-01T21:45:10.485000,-1.670627,49.823899,0.302,0
2022-01-01T21:45:11.428000,-1.679393,49.766841,0.267,1
2022-01-02T08:58:34.118000,4.579997,52.829593,0.228,1
2022-01-02T08:58:35.061000,4.570545,52.886606,0.256,1
2022-01-02T08:58:36.004000,4.561079,52.943619,0.295,1
2022-01-02T08:58:36.948000,4.551598,53.000631,0.327,1
2022-01-02T08:58:37.891000,4.542103,53.057641,0.351,1
2022-01-02T08:58:38.835000,4.532593,53.114652,0.373,1
2022-01-02T08:58:39.778000,4.523068,53.171661,0.373,0
2022-01-02T08:58:40.722000,4.513529,53.228669,0.418,0
2022-01-02T08:58:41.665000,4.503974,53.285677,0.469,0
2022-01-02T08:58:42.608000,4.494405,53.342683,0.503,0
2022-01-02T08:58:43.552000,4.48482,53.399689,0.532,0
2022-01-02T08:58:44.495000,4.475221,53.456695,0.554,0
2022-01-02T08:58:45.439000,4.465606,53.513699,0.575,0
2022-01-02T08:58:46.382000,4.455977,53.570702,0.565,0
2022-01-02T08:58:47.326000,4.446331,53.627705,0.589,0
2022-01-02T08:58:48.269000,4.436671,53.684707,0.586,0
2022-01-02T08:58:49.212000,4.426995,53.741708,0.579,0
2022-01-02T08:58:50.156000,4.417303,53.798708,0.583,0
2022-01-02T08:58:51.099000,4.407596,53.855708,0.594,0
2022-01-02T08:58:52.043000,4.397873,53.912706,0.602,0
2022-01-02T08:58:52.986000,4.388135,53.969704,0.571,0
2022-01-02T08:58:53.930000,4.37838,54.026701,0.569,0
2022-01-02T08:58:54.873000,4.36861,54.083697,0.557,0
2022-01-02T08:58:55.817000,4.358823,54.140692,0.542,0
2022-01-02T08:58:56.760000,4.349021,54.197686,0.534,0
2022-01-02T08:58:57.703000,4.339203,54.25468,0.545,0
2022-01-02T08:58:58.647000,4.329368,54.311673,0.49,0
2022-01-02T08:58:59.590000,4.319517,54.368665,0.453,0
2022-01-02T08:59:00.534000,4.30965,54.425656,0.443,0
2022-01-02T08:59:01.477000,4.299766,54.482646,0.462,0
2022-01-02T08:59:02.421000,4.289865,54.539635,0.4,0
2022-01-02T08:59:03.364000,4.279948,54.596624,0.419,0
2022-01-02T08:59:04.307000,4.270015,54.653612,0.394,0
2022-01-02T08:59:05.251000,4.260064,54.710599,0.406,0
2022-01-02T08:59:06.194000,4.250097,54.767585,0.394,0
2022-01-02T08:59:07.138000,4.240112,54.82457,0.365,0
2022-01-02T08:59:08.081000,4.230111,54.881554,0.347,0
2022-01-02T08:59:09.025000,4.220093,54.938538,0.323,0
2022-01-02T08:59:09.968000,4.210057,54.99552,0.3,0
2022-01-02T08:59:10.912000,4.200004,55.052502,0.283,0
2022-01-02T08:59:11.855000,4.189934,55.109483,0.263,0
2022-01-02T08:59:12.798000,4.179846,55.166463,0.255,0
2022-01-02T08:59:13.742000,4.169741,55.223443,0.249,0
2022-01-02T08:59:14.685000,4.159618,55.280421,0.241,0
2022-01-02T08:59:15.629000,4.149477,55.337398,0.235,0
2022-01-02T08:59:16.572000,4.139319,55.394375,0.224,0
2022-01-02T08:59:17.516000,4.129143,55.451351,0.229,0
2022-01-02T08:59:18.459000,4.118948,55.508326,0.221,0
2022-01-02T08:59:19.402000,4.108736,55.5653,0.216,0
2022-01-02T08:59:20.346000,4.098505,55.622273,0.219,0
2022-01-02T08:59:21.289000,4.088257,55.679246,0.213,0
2022-01-02T08:59:22.233000,4.07799,55.736217,0.226,0
2022-01-02T08:59:23.176000,4.067704,55.793188,0.203,0
2022-01-02T08:59:24.120000,4.0574,55.850158,0.187,0
2022-01-02T08:59:25.063000,4.047077,55.907127,0.191,0
2022-01-02T08:59:26.007000,4.036736,55.964095,0.191,0
2022-01-03T21:41:35.302000,-1.664422,55.941216,-1.532,0
2022-01-03T21:41:36.245000,-1.674754,55.88425,-1.558,0
2022-01-03T21:41:37.189000,-1.685068,55.827282,-1.609,0
2022-01-03T21:41:38.132000,-1.695363,55.770314,-1.657,1
2022-01-03T21:41:39.076000,-1.70564,55.713345,-1.712,1
2022-01-04T08:56:22.901000,3.740563,51.786595,-0.108,1
2022-01-04T08:56:23.844000,3.731367,51.843628,-0.072,1
2022-01-04T08:56:24.788000,3.722156,51.90066,0.009,1
2022-01-04T08:56:25.731000,3.712933,51.957691,0.079,0
2022-01-04T08:56:26.674000,3.703696,52.014721,0.144,0
2022-01-04T08:56:27.618000,3.694446,52.071751,0.214,0
2022-01-04T08:56:28.561000,3.685182,52.12878,0.276,0
2022-01-04T08:56:29.505000,3.675904,52.185807,0.363,0
2022-01-04T08:56:30.448000,3.666613,52.242835,0.411,0
2022-01-04T08:56:31.392000,3.657308,52.299861,0.479,0
2022-01-04T08:56:32.335000,3.64799,52.356886,0.545,0
2022-01-04T08:56:33.278000,3.638657,52.413911,0.594,0
2022-01-04T08:56:34.222000,3.629311,52.470935,0.632,0
2022-01-04T08:56:35.165000,3.61995,52.527958,0.679,0
2022-01-04T08:56:36.109000,3.610576,52.584981,0.732,0
2022-01-04T08:56:37.052000,3.601187,52.642002,0.753,0
2022-01-04T08:56:37.996000,3.591785,52.699023,0.805,0
2022-01-04T08:56:38.939000,3.582368,52.756042,0.84,0
2022-01-04T08:56:39.883000,3.572936,52.813062,0.874,0
2022-01-04T08:56:40.826000,3.563491,52.87008,0.894,0
2022-01-04T08:56:41.769000,3.554031,52.927097,0.915,0
2022-01-04T08:56:42.713000,3.544556,52.984114,0.942,0
2022-01-04T08:56:43.656000,3.535067,53.04113,0.978,0
2022-01-04T08:56:44.600000,3.525563,53.098145,1.015,0
2022-01-04T08:56:45.543000,3.516045,53.155159,1.029,0
2022-01-04T08:56:46.487000,3.506511,53.212172,1.06,0
2022-01-04T08:56:47.430000,3.496963,53.269185,1.054,0
2022-01-04T08:56:48.373000,3.4874,53.326196,1.096,0
2022-01-04T08:56:49.317000,3.477822,53.383207,1.107,0
2022-01-04T08:56:50.260000,3.468229,53.440217,1.081,0
2022-01-04T08:56:51.204000,3.45862,53.497227,1.068,0
2022-01-04T08:56:52.147000,3.448997,53.554235,1.101,0
2022-01-04T08:56:53.091000,3.439358,53.611243,1.079,0
2022-01-04T08:56:54.034000,3.429704,53.668249,1.087,0
2022-01-04T08:56:54.978000,3.420034,53.725255,1.113,0
2022-01-04T08:56:55.921000,3.410349,53.78226,1.129,0
2022-01-04T08:56:56.864000,3.400649,53.839265,1.089,0
2022-01-04T08:56:57.808000,3.390932,53.896268,1.06,0
2022-01-04T08:56:58.751000,3.3812,53.953271,1.054,0
2022-01-04T08:56:59.695000,3.371453,54.010272,1.021,0
2022-01-04T08:57:00.638000,3.361689,54.067273,1.029,0
2022-01-04T08:57:01.582000,3.351909,54.124274,0.979,0
2022-01-04T08:57:02.525000,3.342113,54.181273,0.96,0
2022-01-04T08:57:03.468000,3.332302,54.238271,0.958,0
2022-01-04T08:57:04.412000,3.322474,54.295269,0.922,0
2022-01-04T08:57:05.355000,3.312629,54.352265,0.887,0
2022-01-04T08:57:06.299000,3.302769,54.409261,0.876,0
2022-01-04T08:57:07.242000,3.292892,54.466256,0.822,0
2022-01-04T08:57:08.186000,3.282998,54.523251,0.821,0
2022-01-04T08:57:09.129000,3.273088,54.580244,0.782,0
2022-01-04T08:57:10.073000,3.263161,54.637237,0.758,0
2022-01-04T08:57:11.016000,3.253218,54.694228,0.724,0
2022-01-04T08:57:11.959000,3.243257,54.751219,0.728,0
2022-01-04T08:57:12.903000,3.23328,54.808209,0.67,0
2022-01-04T08:57:13.846000,3.223286,54.865198,0.693,0
2022-01-04T08:57:14.790000,3.213274,54.922186,0.658,0
2022-01-04T08:57:15.733000,3.203246,54.979174,0.643,0
2022-01-04T08:57:16.677000,3.1932,55.03616,0.607,0
2022-01-04T08:57:17.620000,3.183137,55.093146,0.593,0
2022-01-04T08:57:18.563000,3.173056,55.150131,0.584,0
2022-01-04T08:57:19.507000,3.162958,55.207115,0.573,0
2022-01-04T08:57:20.450000,3.152842,55.264098,0.57,0
2022-01-04T08:57:21.394000,3.142709,55.32108,0.536,0
2022-01-04T08:57:22.337000,3.132558,55.378062,0.531,0
2022-01-04T08:57:23.281000,3.122389,55.435042,0.535,0
2022-01-04T08:57:24.224000,3.112202,55.492022,0.517,0
2022-01-04T08:57:25.168000,3.101997,55.549001,0.47,0
2022-01-04T08:57:26.111000,3.091774,55.605979,0.482,0
2022-01-04T08:57:27.054000,3.081532,55.662956,0.454,0
2022-01-04T08:57:27.998000,3.071273,55.719932,0.445,0
2022-01-04T08:57:28.941000,3.060994,55.776907,0.455,0
2022-01-04T08:57:29.885000,3.050698,55.833882,0.397,0
2022-01-04T08:57:30.828000,3.040383,55.890856,0.42,0
2022-01-04T08:57:31.772000,3.030049,55.947828,0.373,0
2022-01-06T08:54:20.175000,2.81455,51.260032,-2.224,1
2022-01-06T08:54:21.118000,2.805474,51.317076,-2.182,1
2022-01-06T08:54:22.062000,2.796385,51.374119,-2.083,0
2022-01-06T08:54:23.005000,2.787283,51.431162,-2.016,0
2022-01-06T08:54:23.949000,2.778169,51.488204,-1.891,0
2022-01-06T08:54:24.892000,2.769041,51.545245,-1.801,0
2022-01-06T08:54:25.835000,2.7599,51.602285,-1.712,0
2022-01-06T08:54:26.779000,2.750747,51.659324,-1.609,0
2022-01-06T08:54:27.722000,2.74158,51.716363,-1.513,0
2022-01-06T08:54:28.666000,2.7324,51.773401,-1.425,0
2022-01-06T08:54:29.609000,2.723208,51.830437,-1.303,0
2022-01-06T08:54:30.553000,2.714001,51.887474,-1.186,0
2022-01-06T08:54:31.496000,2.704782,51.944509,-1.089,0
2022-01-06T08:54:32.439000,2.695549,52.001544,-0.981,0
2022-01-06T08:54:33.383000,2.686302,52.058577,-0.844,0
2022-01-06T08:54:34.326000,2.677042,52.11561,-0.766,0
2022-01-06T08:54:35.270000,2.667769,52.172642,-0.65,0
2022-01-06T08:54:36.213000,2.658481,52.229674,-0.534,0
2022-01-06T08:54:37.157000,2.649181,52.286704,-0.42,0
2022-01-06T08:54:38.100000,2.639866,52.343734,-0.335,0
2022-01-06T08:54:39.044000,2.630537,52.400763,-0.214,0
2022-01-06T08:54:39.987000,2.621195,52.457791,-0.143,0
2022-01-06T08:54:40.930000,2.611839,52.514818,-0.049,0
2022-01-06T08:54:41.874000,2.602468,52.571845,0.033,0
2022-01-06T08:54:42.817000,2.593084,52.62887,0.13,0
2022-01-06T08:54:43.761000,2.583685,52.685895,0.229,0
2022-01-06T08:54:44.704000,2.574272,52.742919,0.319,0
2022-01-06T08:54:45.648000,2.564845,52.799942,0.395,0
2022-01-06T08:54:46.591000,2.555404,52.856965,0.456,0
2022-01-06T08:54:47.534000,2.545948,52.913986,0.535,0
2022-01-06T08:54:48.478000,2.536477,52.971007,0.59,0
2022-01-06T08:54:49.421000,2.526992,53.028027,0.653,0
2022-01-06T08:54:50.365000,2.517493,53.085046,0.718,0
2022-01-06T08:54:51.308000,2.507979,53.142064,0.753,0
2022-01-06T08:54:52.252000,2.498449,53.199081,0.818,0
2022-01-06T08:54:53.195000,2.488906,53.256098,0.851,0
2022-01-06T08:54:54.139000,2.479347,53.313114,0.869,0
2022-01-06T08:54:55.082000,2.469773,53.370129,0.913,0
2022-01-06T08:54:56.025000,2.460184,53.427143,0.917,0
2022-01-06T08:54:56.969000,2.45058,53.484156,0.921,0
2022-01-06T08:54:57.912000,2.440961,53.541169,0.957,0
2022-01-06T08:54:58.856000,2.431327,53.59818,0.993,0
2022-01-06T08:54:59.799000,2.421677,53.655191,0.988,0
2022-01-06T08:55:00.743000,2.412012,53.712201,0.986,0
2022-01-06T08:55:01.686000,2.402331,53.76921,0.989,0
2022-01-06T08:55:02.629000,2.392635,53.826218,1.003,0
2022-01-06T08:55:03.573000,2.382923,53.883226,1.03,0
2022-01-06T08:55:04.516000,2.373196,53.940232,0.997,0
2022-01-06T08:55:05.460000,2.363452,53.997238,0.987,0
2022-01-06T08:55:06.403000,2.353693,54.054243,1.012,0
2022-01-06T08:55:07.347000,2.343918,54.111247,1.001,0
2022-01-06T08:55:08.290000,2.334127,54.16825,0.991,0
2022-01-06T08:55:09.234000,2.32432,54.225252,0.999,0
2022-01-06T08:55:10.177000,2.314496,54.282254,0.981,0
2022-01-06T08:55:11.120000,2.304657,54.339255,0.93,0
2022-01-06T08:55:12.064000,2.294801,54.396254,0.945,0
2022-01-06T08:55:13.007000,2.284928,54.453253,0.917,0
2022-01-06T08:55:13.951000,2.275039,54.510252,0.856,0
2022-01-06T08:55:14.894000,2.265134,54.567249,0.801,0
2022-01-06T08:55:15.838000,2.255212,54.624245,0.755,0
2022-01-06T08:55:16.781000,2.245273,54.681241,0.78,0
2022-01-06T08:55:17.724000,2.235317,54.738236,0.728,0
2022-01-06T08:55:18.668000,2.225345,54.795229,0.707,0
2022-01-06T08:55:19.611000,2.215355,54.852222,0.64,0
2022-01-06T08:55:20.555000,2.205349,54.909215,0.586,0
2022-01-06T08:55:21.498000,2.195325,54.966206,0.536,0
2022-01-06T08:55:22.442000,2.185284,55.023196,0.505,0
2022-01-06T08:55:23.385000,2.175226,55.080186,0.487,0
2022-01-06T08:55:24.329000,2.16515,55.137175,0.434,0
2022-01-06T08:55:25.272000,2.155057,55.194162,0.343,0
2022-01-06T08:55:26.215000,2.144946,55.251149,0.341,0
2022-01-06T08:55:27.159000,2.134818,55.308135,0.322,0
2022-01-06T08:55:28.102000,2.124672,55.365121,0.283,0
2022-01-06T08:55:29.046000,2.114508,55.422105,0.271,0
2022-01-06T08:55:29.989000,2.104326,55.479089,0.199,0
2022-01-06T08:55:30.933000,2.094126,55.536071,0.203,0
2022-01-06T08:55:31.876000,2.083908,55.593053,0.142,0
2022-01-06T08:55:32.819000,2.073672,55.650034,0.178,0
2022-01-06T08:55:33.763000,2.063417,55.707014,0.155,0
2022-01-06T08:55:34.706000,2.053144,55.763993,0.125,0
2022-01-06T08:55:35.650000,2.042853,55.820971,0.109,0
2022-01-06T08:55:36.593000,2.032543,55.877948,0.091,0
2022-01-06T08:55:37.537000,2.022214,55.934925,0.061,0
2022-01-08T08:52:24.996000,1.814075,51.193085,-1.732,0
2022-01-08T08:52:25.940000,1.805013,51.250133,-1.673,0
2022-01-08T08:52:26.883000,1.795939,51.307181,-1.635,0
2022-01-08T08:52:27.827000,1.786851,51.364227,-1.616,0
2022-01-08T08:52:28.770000,1.777751,51.421273,-1.56,0
2022-01-08T08:52:29.714000,1.768638,51.478318,-1.528,0
2022-01-08T08:52:30.657000,1.759512,51.535363,-1.503,0
2022-01-08T08:52:31.600000,1.750373,51.592406,-1.473,0
2022-01-08T08:52:32.544000,1.741221,51.649449,-1.427,0
2022-01-08T08:52:33.487000,1.732056,51.706491,-1.409,0
2022-01-08T08:52:34.431000,1.722878,51.763531,-1.37,0
2022-01-08T08:52:35.374000,1.713686,51.820572,-1.333,0
2022-01-08T08:52:36.318000,1.704482,51.877611,-1.331,0
2022-01-08T08:52:37.261000,1.695264,51.93465,-1.305,0
2022-01-08T08:52:38.205000,1.686032,51.991687,-1.285,1
2022-01-08T08:52:39.148000,1.676788,52.048724,-1.23,1
2022-01-08T08:52:40.091000,1.667529,52.10576,-1.191,1
2022-01-08T08:52:53.300000,1.536459,52.90418,0.188,1
2022-01-08T08:52:54.243000,1.52699,52.961204,0.254,1
2022-01-08T08:52:55.186000,1.517507,53.018227,0.348,0
2022-01-08T08:52:56.130000,1.508009,53.075249,0.343,0
2022-01-08T08:52:57.073000,1.498497,53.13227,0.446,0
2022-01-08T08:52:58.017000,1.488969,53.189291,0.519,0
2022-01-08T08:52:58.960000,1.479427,53.24631,0.561,0
2022-01-08T08:52:59.904000,1.46987,53.303329,0.605,0
2022-01-08T08:53:00.847000,1.460298,53.360347,0.647,0
2022-01-08T08:53:01.790000,1.450711,53.417364,0.647,0
2022-01-08T08:53:02.734000,1.441109,53.47438,0.718,0
2022-01-08T08:53:03.677000,1.431492,53.531396,0.73,0
2022-01-08T08:53:04.621000,1.421859,53.588411,0.756,0
2022-01-08T08:53:05.564000,1.412212,53.645424,0.81,0
2022-01-08T08:53:06.508000,1.402548,53.702437,0.819,0
2022-01-08T08:53:07.451000,1.39287,53.759449,0.856,0
2022-01-08T08:53:08.395000,1.383175,53.81646,0.911,0
2022-01-08T08:53:09.338000,1.373466,53.873471,0.876,0
2022-01-08T08:53:10.281000,1.36374,53.93048,0.892,0
2022-01-08T08:53:11.225000,1.353999,53.987489,0.912,0
2022-01-08T08:53:12.168000,1.344241,54.044497,0.922,0
2022-01-08T08:53:13.112000,1.334468,54.101504,0.923,0
2022-01-08T08:53:14.055000,1.324679,54.15851,0.927,0
2022-01-08T08:53:14.999000,1.314874,54.215515,0.941,0
2022-01-08T08:53:15.942000,1.305052,54.27252,0.955,0
2022-01-08T08:53:16.885000,1.295215,54.329523,0.945,0
2022-01-08T08:53:17.829000,1.285361,54.386526,0.939,0
2022-01-08T08:53:18.772000,1.275491,54.443528,0.943,0
2022-01-08T08:53:19.716000,1.265604,54.500529,0.916,0
2022-01-08T08:53:20.659000,1.2557,54.557529,0.952,0
2022-01-08T08:53:21.603000,1.24578,54.614528,0.937,0
2022-01-08T08:53:22.546000,1.235844,54.671527,0.907,0
2022-01-08T08:53:23.489000,1.22589,54.728524,0.926,0
2022-01-08T08:53:24.433000,1.21592,54.785521,0.878,0
2022-01-08T08:53:25.376000,1.205932,54.842517,0.865,0
2022-01-08T08:53:26.320000,1.195928,54.899512,0.849,0
2022-01-08T08:53:27.263000,1.185906,54.956506,0.862,0
2022-01-08T08:53:28.207000,1.175868,55.013499,0.825,0
2022-01-08T08:53:29.150000,1.165812,55.070492,0.794,0
2022-01-08T08:53:30.094000,1.155738,55.127483,0.765,0
2022-01-08T08:53:31.037000,1.145647,55.184474,0.772,0
2022-01-08T08:53:31.980000,1.135539,55.241464,0.76,0
2022-01-08T08:53:32.924000,1.125413,55.298452,0.734,0
2022-01-08T08:53:33.867000,1.115269,55.355441,0.74,0
2022-01-08T08:53:34.811000,1.105107,55.412428,0.715,0
2022-01-08T08:53:35.754000,1.094927,55.469414,0.72,0
2022-01-08T08:53:36.698000,1.08473,55.526399,0.687,0
2022-01-08T08:53:37.641000,1.074514,55.583384,0.692,0
2022-01-08T08:53:38.584000,1.06428,55.640367,0.672,0
2022-01-08T08:53:39.528000,1.054028,55.69735,0.644,0
2022-01-08T08:53:40.471000,1.043757,55.754332,0.635,0
2022-01-08T08:53:41.415000,1.033468,55.811313,0.62,0
2022-01-08T08:53:42.358000,1.023161,55.868293,0.594,0
2022-01-08T08:53:43.302000,1.012834,55.925272,0.609,0
2022-01-08T08:53:44.245000,1.002489,55.98225,0.548,0
2022-01-08T20:47:21.190000,8.148121,55.441319,-0.01,1
2022-01-08T20:47:22.133000,8.137954,55.384359,-0.048,1
2022-01-08T20:47:23.077000,8.127804,55.327398,-0.083,0
2022-01-08T20:47:24.020000,8.117673,55.270436,-0.102,0
2022-01-08T20:47:24.964000,8.107559,55.213474,-0.18,0
2022-01-08T20:47:25.907000,8.097462,55.15651,-0.263,0
2022-01-08T20:47:26.851000,8.087383,55.099546,-0.302,0
2022-01-08T20:47:27.794000,8.077322,55.042581,-0.318,0
2022-01-08T20:47:28.737000,8.067277,54.985615,-0.358,0
2022-01-08T20:47:29.681000,8.05725,54.928648,-0.434,0
2022-01-08T20:47:30.624000,8.04724,54.871681,-0.461,0
2022-01-08T20:47:31.568000,8.037248,54.814712,-0.511,0
2022-01-08T20:47:32.511000,8.027272,54.757743,-0.615,0
2022-01-08T20:47:33.455000,8.017313,54.700773,-0.624,0
2022-01-08T20:47:34.398000,8.007371,54.643802,-0.716,0
2022-01-08T20:47:35.341000,7.997446,54.58683,-0.835,0
2022-01-08T20:47:36.285000,7.987537,54.529858,-0.872,0
2022-01-08T20:47:37.228000,7.977645,54.472884,-0.929,0
2022-01-08T20:47:38.172000,7.96777,54.41591,-1.024,0
2022-01-08T20:47:39.115000,7.95791,54.358935,-1.069,0
2022-01-08T20:47:40.059000,7.948068,54.301959,-1.135,1
2022-01-08T20:47:41.002000,7.938241,54.244982,-1.158,1
2022-01-08T20:47:43.832000,7.908859,54.074048,-1.314,1
2022-01-08T20:47:44.776000,7.899096,54.017068,-1.344,0
2022-01-08T20:47:45.719000,7.88935,53.960087,-1.367,0
2022-01-08T20:47:46.663000,7.879619,53.903105,-1.382,1
2022-01-08T20:47:47.606000,7.869904,53.846123,-1.414,1
2022-01-10T08:50:12.836000,0.973518,50.102716,-1.327,0
2022-01-10T08:50:13.780000,0.964686,50.159782,-1.233,0
2022-01-10T08:50:14.723000,0.955843,50.216847,-1.208,0
2022-01-10T08:50:15.666000,0.946988,50.273911,-1.198,0
2022-01-10T08:50:16.610000,0.938121,50.330974,-1.156,0
2022-01-10T08:50:17.553000,0.929242,50.388037,-1.136,0
2022-01-10T08:50:18.497000,0.920352,50.445099,-1.071,0
2022-01-10T08:50:19.440000,0.91145,50.502159,-1.048,0
2022-01-10T08:50:20.384000,0.902535,50.55922,-1.021,0
2022-01-10T08:50:21.327000,0.893609,50.616279,-0.983,0
2022-01-10T08:50:22.271000,0.884671,50.673338,-0.989,0
2022-01-10T08:50:23.214000,0.87572,50.730396,-0.931,0
2022-01-10T08:50:24.157000,0.866758,50.787453,-0.922,1
2022-01-10T08:50:25.101000,0.857783,50.844509,-0.867,1
2022-01-10T08:51:01.895000,0.497611,53.069064,-0.674,1
2022-01-10T08:51:02.838000,0.488099,53.126088,-0.643,1
2022-01-10T08:51:03.782000,0.478572,53.18311,-0.53,1
2022-01-10T08:51:04.725000,0.46903,53.240132,-0.362,1
2022-01-10T08:51:05.669000,0.459473,53.297153,-0.259,1
2022-01-10T08:51:06.612000,0.449902,53.354173,-0.167,1
2022-01-10T08:51:07.555000,0.440315,53.411192,-0.138,1
2022-01-10T08:51:08.499000,0.430713,53.46821,-0.11,0
2022-01-10T08:51:09.442000,0.421096,53.525227,-0.053,0
2022-01-10T08:51:10.386000,0.411464,53.582244,0.012,0
2022-01-10T08:51:11.329000,0.401816,53.63926,0.04,0
2022-01-10T08:51:12.273000,0.392153,53.696275,0.089,0
2022-01-10T08:51:13.216000,0.382474,53.753289,0.1,0
2022-01-10T08:51:14.160000,0.37278,53.810302,0.129,0
2022-01-10T08:51:15.103000,0.363071,53.867314,0.207,0
2022-01-10T08:51:16.046000,0.353345,53.924326,0.216,0
2022-01-10T08:51:16.990000,0.343604,53.981336,0.237,0
2022-01-10T08:51:17.933000,0.333847,54.038346,0.281,0
2022-01-10T08:51:18.877000,0.324074,54.095355,0.303,0
2022-01-10T08:51:19.820000,0.314286,54.152363,0.325,0
2022-01-10T08:51:20.764000,0.304481,54.20937,0.348,0
2022-01-10T08:51:21.707000,0.294659,54.266376,0.352,0
2022-01-10T08:51:22.650000,0.284822,54.323382,0.371,0
2022-01-10T08:51:23.594000,0.274969,54.380387,0.387,0
2022-01-10T08:51:24.537000,0.265098,54.43739,0.415,0
2022-01-10T08:51:25.481000,0.255212,54.494393,0.435,0
2022-01-10T08:51:26.424000,0.245309,54.551395,0.447,0
2022-01-10T08:51:27.368000,0.235389,54.608396,0.433,0
2022-01-10T08:51:28.311000,0.225453,54.665396,0.469,0
2022-01-10T08:51:29.255000,0.215499,54.722396,0.468,0
2022-01-10T08:51:30.198000,0.205529,54.779394,0.486,0
2022-01-10T08:51:31.141000,0.195542,54.836392,0.497,0
2022-01-10T08:51:32.085000,0.185538,54.893389,0.501,0
2022-01-10T08:51:33.028000,0.175517,54.950385,0.472,0
2022-01-10T08:51:33.972000,0.165479,55.00738,0.48,0
2022-01-10T08:51:34.915000,0.155423,55.064374,0.5,0
2022-01-10T08:51:35.859000,0.14535,55.121367,0.521,0
2022-01-10T08:51:36.802000,0.135259,55.17836,0.525,0
2022-01-10T08:51:37.745000,0.125151,55.235351,0.524,0
2022-01-10T08:51:38.689000,0.115025,55.292342,0.506,0
2022-01-10T08:51:39.632000,0.104882,55.349332,0.523,0
2022-01-10T08:51:40.576000,0.09472,55.40632,0.561,0
2022-01-10T08:51:41.519000,0.084541,55.463308,0.513,0
2022-01-10T08:51:42.463000,0.074344,55.520295,0.526,0
2022-01-10T08:51:43.406000,0.064128,55.577282,0.526,0
2022-01-10T08:51:44.350000,0.053895,55.634267,0.535,0
2022-01-10T08:51:45.293000,0.043643,55.691251,0.527,0
2022-01-10T08:51:46.236000,0.033373,55.748235,0.502,0
2022-01-10T08:51:47.180000,0.023084,55.805218,0.516,0
2022-01-10T08:51:48.123000,0.012777,55.862199,0.506,0
2022-01-10T08:51:49.067000,0.002451,55.91918,0.495,0
2022-01-10T08:51:50.010000,-0.007893,55.97616,0.508,0
2022-01-10T20:45:18.464000,7.23164,55.962665,0.018,0
2022-01-10T20:45:19.407000,7.221304,55.905719,-0.011,0
2022-01-10T20:45:20.351000,7.210987,55.848772,-0.011,0
2022-01-10T20:45:21.294000,7.200688,55.791825,-0.034,0
2022-01-10T20:45:22.238000,7.190408,55.734877,-0.052,0
2022-01-10T20:45:23.181000,7.180147,55.677927,-0.079,0
2022-01-10T20:45:24.125000,7.169903,55.620978,-0.08,0
2022-01-10T20:45:25.068000,7.159678,55.564027,-0.073,0
2022-01-10T20:45:26.012000,7.149471,55.507075,-0.103,0
2022-01-10T20:45:26.955000,7.139282,55.450123,-0.124,0
2022-01-10T20:45:27.898000,7.129111,55.393169,-0.126,0
2022-01-10T20:45:28.842000,7.118958,55.336215,-0.142,0
2022-01-10T20:45:29.785000,7.108823,55.27926,-0.192,0
2022-01-10T20:45:30.729000,7.098706,55.222305,-0.221,0
2022-01-10T20:45:31.672000,7.088606,55.165348,-0.243,0
2022-01-10T20:45:32.616000,7.078523,55.108391,-0.258,0
2022-01-10T20:45:33.559000,7.068458,55.051432,-0.286,0
2022-01-10T20:45:34.502000,7.05841,54.994473,-0.333,0
2022-01-10T20:45:35.446000,7.04838,54.937513,-0.361,0
2022-01-10T20:45:36.389000,7.038367,54.880552,-0.409,0
2022-01-10T20:45:37.333000,7.028371,54.823591,-0.455,0
2022-01-10T20:45:38.276000,7.018391,54.766628,-0.498,0
2022-01-10T20:45:39.220000,7.008429,54.709665,-0.524,0
2022-01-10T20:45:40.163000,6.998484,54.652701,-0.533,0
2022-01-10T20:45:41.107000,6.988555,54.595736,-0.577,0
2022-01-10T20:45:42.050000,6.978643,54.53877,-0.624,0
2022-01-10T20:45:42.993000,6.968748,54.481804,-0.65,0
2022-01-10T20:45:43.937000,6.958869,54.424837,-0.689,0
2022-01-10T20:45:44.880000,6.949007,54.367869,-0.756,0
2022-01-10T20:45:45.824000,6.939161,54.310899,-0.75,0
2022-01-10T20:45:46.767000,6.929331,54.25393,-0.799,0
2022-01-10T20:45:47.711000,6.919517,54.196959,-0.848,0
2022-01-10T20:45:48.654000,6.90972,54.139988,-0.898,0
2022-01-10T20:45:49.597000,6.899938,54.083015,-0.924,0
2022-01-10T20:45:50.541000,6.890173,54.026042,-0.969,0
2022-01-10T20:45:51.484000,6.880424,53.969068,-1.035,0
2022-01-10T20:45:52.428000,6.87069,53.912094,-1.081,0
2022-01-10T20:45:53.371000,6.860972,53.855118,-1.127,0
2022-01-10T20:45:54.315000,6.851269,53.798142,-1.158,1
2022-01-10T20:45:55.258000,6.841583,53.741165,-1.195,1
2022-01-12T08:48:11.997000,0.024403,49.700976,-0.129,1
2022-01-12T08:48:12.941000,0.01565,49.758049,-0.085,1
2022-01-12T08:48:13.884000,0.006887,49.815121,-0.035,0
2022-01-12T08:48:14.827000,-0.001887,49.872193,0.034,0
2022-01-12T08:48:15.771000,-0.010673,49.929263,0.04,0
2022-01-12T08:48:16.714000,-0.019471,49.986333,0.117,0
2022-01-12T08:48:17.658000,-0.02828,50.043402,0.156,0
2022-01-12T08:48:18.601000,-0.0371,50.10047,0.202,0
2022-01-12T08:48:19.545000,-0.045933,50.157537,0.249,0
2022-01-12T08:48:20.488000,-0.054776,50.214603,0.271,0
2022-01-12T08:48:21.431000,-0.063632,50.271669,0.333,0
2022-01-12T08:48:22.375000,-0.072499,50.328734,0.375,0
2022-01-12T08:48:23.318000,-0.081378,50.385798,0.423,0
2022-01-12T08:48:24.262000,-0.090269,50.442861,0.487,0
2022-01-12T08:48:25.205000,-0.099172,50.499924,0.512,0
2022-01-12T08:48:26.149000,-0.108086,50.556985,0.538,0
2022-01-12T08:48:27.092000,-0.117013,50.614046,0.583,0
2022-01-12T08:48:28.036000,-0.125952,50.671106,0.62,0
2022-01-12T08:48:28.979000,-0.134903,50.728165,0.689,1
2022-01-12T08:49:35.020000,-0.795155,54.720245,-0.16,0
2022-01-12T08:49:35.963000,-0.805125,54.777244,-0.1,0
2022-01-12T08:49:36.906000,-0.815113,54.834243,-0.083,0
2022-01-12T08:49:37.850000,-0.825117,54.89124,-0.076,0
2022-01-12T08:49:38.793000,-0.835139,54.948237,-0.045,0
2022-01-12T08:49:39.737000,-0.845178,55.005233,-0.02,0
2022-01-12T08:49:40.680000,-0.855234,55.062228,-0.014,0
2022-01-12T08:49:41.624000,-0.865307,55.119222,0.028,0
2022-01-12T08:49:42.567000,-0.875398,55.176215,0.065,0
2022-01-12T08:49:43.511000,-0.885507,55.233207,0.063,0
2022-01-12T08:49:44.454000,-0.895633,55.290199,0.118,0
2022-01-12T08:49:45.397000,-0.905777,55.347189,0.131,0
2022-01-12T08:49:46.341000,-0.915939,55.404179,0.145,0
2022-01-12T08:49:47.284000,-0.926118,55.461168,0.193,0
2022-01-12T08:49:48.228000,-0.936316,55.518156,0.193,0
2022-01-12T08:49:49.171000,-0.946532,55.575143,0.245,0
2022-01-12T08:49:50.115000,-0.956766,55.632129,0.248,0
2022-01-12T08:49:51.058000,-0.967018,55.689114,0.277,0
2022-01-12T08:49:52.001000,-0.977289,55.746098,0.303,0
2022-01-12T08:49:52.945000,-0.987578,55.803082,0.306,0
2022-01-12T08:49:53.888000,-0.997885,55.860064,0.361,0
2022-01-12T08:49:54.832000,-1.008212,55.917046,0.377,0
2022-01-12T08:49:55.775000,-1.018557,55.974026,0.381,0
2022-01-12T20:43:24.229000,6.222228,55.968404,0.216,0
2022-01-12T20:43:25.173000,6.21189,55.911465,0.224,0
2022-01-12T20:43:26.116000,6.201571,55.854526,0.232,0
2022-01-12T20:43:27.059000,6.19127,55.797585,0.19,0
2022-01-12T20:43:28.003000,6.180988,55.740644,0.204,0
2022-01-12T20:43:28.946000,6.170725,55.683702,0.185,0
2022-01-12T20:43:29.890000,6.16048,55.626759,0.206,0
2022-01-12T20:43:30.833000,6.150252,55.569816,0.215,0
2022-01-12T20:43:31.777000,6.140044,55.512871,0.204,0
2022-01-12T20:43:32.720000,6.129853,55.455926,0.185,0
2022-01-12T20:43:33.663000,6.11968,55.39898,0.206,0
2022-01-12T20:43:34.607000,6.109525,55.342033,0.196,0
2022-01-12T20:43:35.550000,6.099388,55.285085,0.206,0
2022-01-12T20:43:36.494000,6.089268,55.228137,0.189,0
2022-01-12T20:43:37.437000,6.079166,55.171187,0.178,0
2022-01-12T20:43:38.381000,6.069082,55.114237,0.176,0
2022-01-12T20:43:39.324000,6.059015,55.057286,0.149,0
2022-01-12T20:43:40.267000,6.048966,55.000334,0.139,0
2022-01-12T20:43:41.211000,6.038933,54.943381,0.169,0
2022-01-12T20:43:42.154000,6.028918,54.886428,0.146,0
2022-01-12T20:43:43.098000,6.01892,54.829473,0.111,0
2022-01-12T20:43:44.041000,6.008939,54.772518,0.134,0
2022-01-12T20:43:44.985000,5.998975,54.715562,0.102,0
2022-01-12T20:43:45.928000,5.989028,54.658605,0.095,0
2022-01-12T20:43:46.872000,5.979098,54.601647,0.082,0
2022-01-12T20:43:47.815000,5.969184,54.544689,0.052,0
2022-01-12T20:43:48.758000,5.959287,54.48773,0.034,0
2022-01-12T20:43:49.702000,5.949406,54.430769,0.007,0
2022-01-12T20:43:50.645000,5.939542,54.373808,-0.039,0
2022-01-12T20:43:51.589000,5.929694,54.316847,-0.022,0
2022-01-12T20:43:52.532000,5.919863,54.259884,-0.069,0
2022-01-12T20:43:53.476000,5.910047,54.202921,-0.105,0
2022-01-12T20:43:54.419000,5.900248,54.145957,-0.103,0
2022-01-12T20:43:55.362000,5.890465,54.088992,-0.157,0
2022-01-12T20:43:56.306000,5.880698,54.032026,-0.196,0
2022-01-12T20:43:57.249000,5.870946,53.975059,-0.217,0
2022-01-12T20:43:58.193000,5.861211,53.918092,-0.244,0
2022-01-12T20:43:59.136000,5.851491,53.861124,-0.289,0
2022-01-12T20:44:00.080000,5.841787,53.804155,-0.285,0
2022-01-12T20:44:01.023000,5.832099,53.747185,-0.351,0
2022-01-12T20:44:01.967000,5.822426,53.690214,-0.378,0
2022-01-12T20:44:02.910000,5.812768,53.633243,-0.391,0
2022-01-12T20:44:03.853000,5.803126,53.57627,-0.415,1
2022-01-12T20:44:04.797000,5.793499,53.519298,-0.445,1
2022-01-14T08:46:17.762000,-0.986011,49.702712,0.846,0
2022-01-14T08:46:18.706000,-0.994763,49.759786,0.809,0
2022-01-14T08:46:19.649000,-1.003527,49.816858,0.793,0
2022-01-14T08:46:20.592000,-1.012302,49.87393,0.775,0
2022-01-14T08:46:21.536000,-1.021088,49.931001,0.766,0
2022-01-14T08:46:22.479000,-1.029886,49.988071,0.771,0
2022-01-14T08:46:23.423000,-1.038695,50.045141,0.781,0
2022-01-14T08:46:24.366000,-1.047516,50.102209,0.827,0
2022-01-14T08:46:25.310000,-1.056348,50.159277,0.807,0
2022-01-14T08:46:26.253000,-1.065192,50.216344,0.838,0
2022-01-14T08:46:27.197000,-1.074048,50.27341,0.842,0
2022-01-14T08:46:28.140000,-1.082916,50.330476,0.861,0
2022-01-14T08:46:29.083000,-1.091795,50.38754,0.871,0
2022-01-14T08:46:30.027000,-1.100686,50.444604,0.871,0
2022-01-14T08:46:30.970000,-1.109589,50.501667,0.906,1
2022-01-14T08:46:31.914000,-1.118504,50.558729,0.958,1
2022-01-14T08:48:00.597000,-2.018663,55.918803,-0.291,1
2022-01-14T08:48:01.540000,-2.029008,55.975783,-0.248,1
2022-01-14T20:41:29.994000,5.211997,55.97117,0.104,0
2022-01-14T20:41:30.938000,5.20166,55.914239,0.106,0
2022-01-14T20:41:31.881000,5.191341,55.857307,0.089,0
2022-01-14T20:41:32.824000,5.181041,55.800374,0.095,0
2022-01-14T20:41:33.768000,5.170759,55.74344,0.088,0
2022-01-14T20:41:34.711000,5.160496,55.686506,0.102,0
2022-01-14T20:41:35.655000,5.150251,55.629571,0.086,0
2022-01-14T20:41:36.598000,5.140024,55.572634,0.046,0
2022-01-14T20:41:37.542000,5.129816,55.515697,0.086,0
2022-01-14T20:41:38.485000,5.119625,55.458759,0.082,0
2022-01-14T20:41:39.428000,5.109453,55.401821,0.079,0
2022-01-14T20:41:40.372000,5.099298,55.344881,0.063,0
2022-01-14T20:41:41.315000,5.089161,55.287941,0.088,0
2022-01-14T20:41:42.259000,5.079042,55.230999,0.075,0
2022-01-14T20:41:43.202000,5.06894,55.174057,0.095,0
2022-01-14T20:41:44.146000,5.058856,55.117115,0.094,0
2022-01-14T20:41:45.089000,5.04879,55.060171,0.095,0
2022-01-14T20:41:46.033000,5.03874,55.003226,0.084,0
2022-01-14T20:41:46.976000,5.028708,54.946281,0.068,0
2022-01-14T20:41:47.919000,5.018694,54.889335,0.074,0
2022-01-14T20:41:48.863000,5.008696,54.832388,0.065,0
2022-01-14T20:41:49.806000,4.998715,54.77544,0.081,0
2022-01-14T20:41:50.750000,4.988751,54.718491,0.071,0
2022-01-14T20:41:51.693000,4.978804,54.661542,0.069,0
2022-01-14T20:41:52.637000,4.968874,54.604592,0.066,0
2022-01-14T20:41:53.580000,4.958961,54.547641,0.049,0
2022-01-14T20:41:54.523000,4.949064,54.490689,0.058,0
2022-01-14T20:41:55.467000,4.939184,54.433736,0.062,0
2022-01-14T20:41:56.410000,4.92932,54.376782,0.052,0
2022-01-14T20:41:57.354000,4.919472,54.319828,0.056,0
2022-01-14T20:41:58.297000,4.909641,54.262873,0.038,0
2022-01-14T20:41:59.241000,4.899826,54.205917,-0.031,0
2022-01-14T20:42:00.184000,4.890027,54.14896,-0.028,0
2022-01-14T20:42:01.128000,4.880244,54.092003,-0.048,0
2022-01-14T20:42:02.071000,4.870477,54.035044,-0.035,0
2022-01-14T20:42:03.014000,4.860726,53.978085,-0.095,0
2022-01-14T20:42:03.958000,4.850991,53.921125,-0.092,0
2022-01-14T20:42:04.901000,4.841271,53.864165,-0.093,0
2022-01-14T20:42:05.845000,4.831568,53.807203,-0.113,0
2022-01-14T20:42:06.788000,4.821879,53.750241,-0.179,0
2022-01-14T20:42:07.732000,4.812207,53.693278,-0.223,0
2022-01-14T20:42:08.675000,4.80255,53.636314,-0.257,0
2022-01-14T20:42:09.618000,4.792908,53.579349,-0.262,0
2022-01-14T20:42:10.562000,4.783281,53.522383,-0.289,0
2022-01-14T20:42:11.505000,4.77367,53.465417,-0.299,0
2022-01-14T20:42:12.449000,4.764074,53.40845,-0.379,0
2022-01-14T20:42:13.392000,4.754492,53.351482,-0.427,0
2022-01-14T20:42:14.336000,4.744926,53.294513,-0.482,1
2022-01-14T20:42:15.279000,4.735375,53.237544,-0.505,1
2022-01-14T20:42:16.223000,4.725839,53.180573,-0.541,1
2022-01-16T08:44:24.471000,-2.004937,49.765754,0.701,1
2022-01-16T08:44:25.414000,-2.013701,49.822826,0.654,1
2022-01-16T08:44:26.358000,-2.022476,49.879898,0.64,0
2022-01-16T08:44:27.301000,-2.031263,49.936968,0.594,0
2022-01-16T08:44:28.244000,-2.04006,49.994038,0.566,0
2022-01-16T08:44:29.188000,-2.04887,50.051108,0.545,0
2022-01-16T08:44:30.131000,-2.057691,50.108176,0.501,0
2022-01-16T08:44:31.075000,-2.066523,50.165243,0.425,0
2022-01-16T08:44:32.018000,-2.075367,50.22231,0.402,0
2022-01-16T08:44:32.962000,-2.084223,50.279376,0.346,0
2022-01-16T08:44:33.905000,-2.093091,50.336441,0.286,0
2022-01-16T08:44:34.848000,-2.10197,50.393505,0.276,0
2022-01-16T08:44:35.792000,-2.110861,50.450568,0.235,0
2022-01-16T08:44:36.735000,-2.119765,50.507631,0.181,1
2022-01-16T20:39:35.759000,4.200907,55.970415,0.238,0
2022-01-16T20:39:36.703000,4.190572,55.913491,0.269,0
2022-01-16T20:39:37.646000,4.180256,55.856566,0.248,0
2022-01-16T20:39:38.589000,4.169958,55.799641,0.296,0
2022-01-16T20:39:39.533000,4.159679,55.742715,0.288,0
2022-01-16T20:39:40.476000,4.149419,55.685787,0.277,0
2022-01-16T20:39:41.420000,4.139176,55.62886,0.287,0
2022-01-16T20:39:42.363000,4.128952,55.571931,0.261,0
2022-01-16T20:39:43.307000,4.118746,55.515001,0.274,0
2022-01-16T20:39:44.250000,4.108559,55.458071,0.278,0
2022-01-16T20:39:45.194000,4.098389,55.40114,0.306,0
2022-01-16T20:39:46.137000,4.088237,55.344207,0.283,0
2022-01-16T20:39:47.080000,4.078102,55.287275,0.278,0
2022-01-16T20:39:48.024000,4.067986,55.230341,0.287,0
2022-01-16T20:39:48.967000,4.057887,55.173406,0.278,0
2022-01-16T20:39:49.911000,4.047805,55.116471,0.333,0
2022-01-16T20:39:50.854000,4.037741,55.059535,0.307,0
2022-01-16T20:39:51.798000,4.027695,55.002598,0.308,0
2022-01-16T20:39:52.741000,4.017665,54.94566,0.308,0
2022-01-16T20:39:53.684000,4.007653,54.888721,0.305,0
2022-01-16T20:39:54.628000,3.997658,54.831782,0.348,0
2022-01-16T20:39:55.571000,3.987679,54.774841,0.324,0
2022-01-16T20:39:56.515000,3.977718,54.7179,0.367,0
2022-01-16T20:39:57.458000,3.967774,54.660958,0.372,0
2022-01-16T20:39:58.402000,3.957846,54.604016,0.379,0
2022-01-16T20:39:59.345000,3.947935,54.547072,0.379,0
2022-01-16T20:40:00.289000,3.938041,54.490128,0.394,0
2022-01-16T20:40:01.232000,3.928163,54.433183,0.415,0
2022-01-16T20:40:02.175000,3.918301,54.376237,0.415,0
2022-01-16T20:40:03.119000,3.908456,54.31929,0.395,0
2022-01-16T20:40:04.062000,3.898628,54.262342,0.424,0
2022-01-16T20:40:05.006000,3.888815,54.205394,0.42,0
2022-01-16T20:40:05.949000,3.879018,54.148444,0.467,0
2022-01-16T20:40:06.893000,3.869238,54.091494,0.469,0
2022-01-16T20:40:07.836000,3.859473,54.034544,0.475,0
2022-01-16T20:40:08.779000,3.849725,53.977592,0.48,0
2022-01-16T20:40:09.723000,3.839992,53.92064,0.488,0
2022-01-16T20:40:10.666000,3.830275,53.863686,0.501,0
2022-01-16T20:40:11.610000,3.820573,53.806732,0.478,0
2022-01-16T20:40:12.553000,3.810888,53.749778,0.489,0
2022-01-16T20:40:13.497000,3.801217,53.692822,0.514,0
2022-01-16T20:40:14.440000,3.791562,53.635865,0.481,0
2022-01-16T20:40:15.384000,3.781923,53.578908,0.496,0
2022-01-16T20:40:16.327000,3.772298,53.52195,0.49,0
2022-01-16T20:40:17.270000,3.762689,53.464991,0.503,0
2022-01-16T20:40:18.214000,3.753095,53.408032,0.506,0
2022-01-16T20:40:19.157000,3.743517,53.351071,0.451,0
2022-01-16T20:40:20.101000,3.733953,53.29411,0.45,0
2022-01-16T20:40:21.044000,3.724404,53.237148,0.489,0
2022-01-16T20:40:21.988000,3.71487,53.180186,0.449,0
2022-01-16T20:40:22.931000,3.705351,53.123222,0.438,0
2022-01-16T20:40:23.874000,3.695846,53.066258,0.458,0
2022-01-16T20:40:24.818000,3.686356,53.009293,0.418,0
2022-01-16T20:40:25.761000,3.676881,52.952327,0.407,0
2022-01-16T20:40:26.705000,3.66742,52.89536,0.401,0
2022-01-16T20:40:27.648000,3.657974,52.838393,0.384,0
2022-01-16T20:40:28.592000,3.648542,52.781424,0.352,0
2022-01-16T20:40:29.535000,3.639124,52.724455,0.351,0
2022-01-16T20:40:30.478000,3.629721,52.667486,0.368,0
2022-01-16T20:40:31.422000,3.620331,52.610515,0.328,0
2022-01-16T20:40:32.365000,3.610956,52.553544,0.296,0
2022-01-16T20:40:33.309000,3.601595,52.496572,0.274,0
2022-01-16T20:40:34.252000,3.592248,52.439599,0.242,0
2022-01-16T20:40:35.196000,3.582915,52.382625,0.221,0
2022-01-16T20:40:36.139000,3.573595,52.32565,0.227,0
2022-01-16T20:40:37.083000,3.56429,52.268675,0.191,0
2022-01-16T20:40:38.026000,3.554998,52.211699,0.181,0
2022-01-16T20:40:38.969000,3.54572,52.154723,0.125,0
2022-01-16T20:40:39.913000,3.536455,52.097745,0.112,0
2022-01-16T20:40:40.856000,3.527204,52.040767,0.076,0
2022-01-16T20:40:41.800000,3.517967,51.983788,0.026,0
2022-01-16T20:40:42.743000,3.508743,51.926808,0.003,0
2022-01-16T20:40:43.687000,3.499532,51.869827,-0.047,0
2022-01-16T20:40:44.630000,3.490334,51.812846,-0.087,0
2022-01-16T20:40:45.573000,3.48115,51.755863,-0.152,1
2022-01-16T20:40:46.517000,3.471979,51.698881,-0.154,1
2022-01-16T20:40:47.460000,3.462821,51.641897,-0.19,1
2022-01-18T20:37:41.524000,3.189281,55.966754,-0.058,0
2022-01-18T20:37:42.468000,3.17895,55.909838,-0.052,0
2022-01-18T20:37:43.411000,3.168638,55.852921,-0.002,0
2022-01-18T20:37:44.355000,3.158345,55.796003,-0.012,0
2022-01-18T20:37:45.298000,3.14807,55.739084,0.0,0
2022-01-18T20:37:46.241000,3.137814,55.682164,0.038,0
2022-01-18T20:37:47.185000,3.127575,55.625244,0.022,0
2022-01-18T20:37:48.128000,3.117355,55.568323,0.027,0
2022-01-18T20:37:49.072000,3.107153,55.511401,0.063,0
2022-01-18T20:37:50.015000,3.09697,55.454478,0.058,0
2022-01-18T20:37:50.959000,3.086804,55.397554,0.068,0
2022-01-18T20:37:51.902000,3.076656,55.340629,0.105,0
2022-01-18T20:37:52.845000,3.066525,55.283704,0.105,0
2022-01-18T20:37:53.789000,3.056413,55.226778,0.12,0
2022-01-18T20:37:54.732000,3.046318,55.169851,0.129,0
2022-01-18T20:37:55.676000,3.03624,55.112923,0.145,0
2022-01-18T20:37:56.619000,3.02618,55.055994,0.192,0
2022-01-18T20:37:57.563000,3.016137,54.999065,0.177,0
2022-01-18T20:37:58.506000,3.006112,54.942134,0.175,0
2022-01-18T20:37:59.449000,2.996103,54.885203,0.236,0
2022-01-18T20:38:00.393000,2.986112,54.828271,0.215,0
2022-01-18T20:38:01.336000,2.976138,54.771338,0.235,0
2022-01-18T20:38:02.280000,2.96618,54.714405,0.239,0
2022-01-18T20:38:03.223000,2.956239,54.65747,0.268,0
2022-01-18T20:38:04.167000,2.946316,54.600535,0.297,0
2022-01-18T20:38:05.110000,2.936408,54.543599,0.3,0
2022-01-18T20:38:06.054000,2.926518,54.486662,0.342,0
2022-01-18T20:38:06.997000,2.916644,54.429725,0.359,0
2022-01-18T20:38:07.940000,2.906786,54.372786,0.357,0
2022-01-18T20:38:08.884000,2.896945,54.315847,0.361,0
2022-01-18T20:38:09.827000,2.887119,54.258907,0.376,0
2022-01-18T20:38:10.771000,2.87731,54.201966,0.382,0
2022-01-18T20:38:11.714000,2.867518,54.145024,0.401,0
2022-01-18T20:38:12.658000,2.857741,54.088082,0.396,0
2022-01-18T20:38:13.601000,2.84798,54.031138,0.418,0
2022-01-18T20:38:14.544000,2.838235,53.974194,0.411,0
2022-01-18T20:38:15.488000,2.828506,53.91725,0.425,0
2022-01-18T20:38:16.431000,2.818792,53.860304,0.491,0
2022-01-18T20:38:17.375000,2.809095,53.803357,0.482,0
2022-01-18T20:38:18.318000,2.799412,53.74641,0.521,0
2022-01-18T20:38:19.262000,2.789745,53.689462,0.519,0
2022-01-18T20:38:20.205000,2.780094,53.632513,0.538,0
2022-01-18T20:38:21.149000,2.770458,53.575563,0.521,0
2022-01-18T20:38:22.092000,2.760837,53.518613,0.555,0
2022-01-18T20:38:23.035000,2.751232,53.461662,0.539,0
2022-01-18T20:38:23.979000,2.741641,53.40471,0.54,0
2022-01-18T20:38:24.922000,2.732066,53.347757,0.551,0
2022-01-18T20:38:25.866000,2.722506,53.290803,0.525,0
2022-01-18T20:38:26.809000,2.71296,53.233849,0.499,0
2022-01-18T20:38:27.753000,2.703429,53.176894,0.489,0
2022-01-18T20:38:28.696000,2.693914,53.119938,0.49,0
2022-01-18T20:38:29.639000,2.684413,53.062981,0.481,0
2022-01-18T20:38:30.583000,2.674926,53.006023,0.44,0
2022-01-18T20:38:31.526000,2.665454,52.949065,0.451,0
2022-01-18T20:38:32.470000,2.655997,52.892106,0.402,0
2022-01-18T20:38:33.413000,2.646554,52.835146,0.374,0
2022-01-18T20:38:34.357000,2.637125,52.778185,0.352,0
2022-01-18T20:38:35.300000,2.627711,52.721224,0.32,0
2022-01-18T20:38:36.244000,2.618311,52.664261,0.303,0
2022-01-18T20:38:37.187000,2.608925,52.607298,0.247,0
2022-01-18T20:38:38.130000,2.599553,52.550335,0.203,0
2022-01-18T20:38:39.074000,2.590195,52.49337,0.162,0
2022-01-18T20:38:40.017000,2.580851,52.436405,0.127,0
2022-01-18T20:38:40.961000,2.571521,52.379439,0.061,0
2022-01-18T20:38:41.904000,2.562205,52.322472,0.025,0
2022-01-18T20:38:42.848000,2.552903,52.265504,-0.038,0
2022-01-18T20:38:43.791000,2.543614,52.208536,-0.095,0
2022-01-18T20:38:44.734000,2.534339,52.151566,-0.153,0
2022-01-18T20:38:45.678000,2.525078,52.094596,-0.229,0
2022-01-18T20:38:46.621000,2.51583,52.037625,-0.297,0
2022-01-18T20:38:47.565000,2.506596,51.980654,-0.407,0
2022-01-18T20:38:48.508000,2.497375,51.923682,-0.519,1
2022-01-18T20:38:49.452000,2.488167,51.866709,-0.577,0
2022-01-18T20:38:50.395000,2.478973,51.809735,-0.62,0
2022-01-18T20:38:51.339000,2.469792,51.75276,-0.74,0
2022-01-18T20:38:52.282000,2.460624,51.695785,-0.809,0
2022-01-18T20:38:53.225000,2.451469,51.638809,-0.877,0
2022-01-18T20:38:54.169000,2.442327,51.581832,-0.965,0
2022-01-18T20:38:55.112000,2.433199,51.524854,-1.005,0
2022-01-18T20:38:56.056000,2.424083,51.467876,-1.105,0
2022-01-18T20:38:56.999000,2.41498,51.410897,-1.199,0
2022-01-18T20:38:57.943000,2.405889,51.353917,-1.228,0
2022-01-18T20:38:58.886000,2.396812,51.296936,-1.256,0
2022-01-18T20:38:59.829000,2.387747,51.239954,-1.358,0
2022-01-18T20:39:00.773000,2.378695,51.182972,-1.342,1
2022-01-19T07:53:04.030000,8.244105,53.906805,-0.689,1
2022-01-19T07:53:07.804000,8.205082,54.134835,-0.676,0
2022-01-19T07:53:08.747000,8.195286,54.191841,-0.685,0
2022-01-19T07:53:09.691000,8.185474,54.248845,-0.732,0
2022-01-19T07:53:10.634000,8.175646,54.305849,-0.73,0
2022-01-19T07:53:11.578000,8.165802,54.362851,-0.736,0
2022-01-19T07:53:12.521000,8.155941,54.419853,-0.728,0
2022-01-19T07:53:13.465000,8.146064,54.476854,-0.716,0
2022-01-19T07:53:14.408000,8.136171,54.533854,-0.726,0
2022-01-19T07:53:15.351000,8.12626,54.590853,-0.676,1
2022-01-19T07:53:16.295000,8.116334,54.647851,-0.632,1
2022-01-19T07:53:17.238000,8.10639,54.704848,-0.593,1
2022-01-19T07:53:18.182000,8.09643,54.761845,-0.546,1
2022-01-19T07:53:19.125000,8.086452,54.81884,-0.52,1
2022-01-19T07:53:20.069000,8.076458,54.875835,-0.488,1
2022-01-19T07:53:21.012000,8.066447,54.932828,-0.462,0
2022-01-19T07:53:21.956000,8.056418,54.989821,-0.43,0
2022-01-19T07:53:22.899000,8.046372,55.046813,-0.452,0
2022-01-19T07:53:23.842000,8.036309,55.103804,-0.4,0
2022-01-19T07:53:24.786000,8.026229,55.160794,-0.361,0
2022-01-19T07:53:25.729000,8.01613,55.217783,-0.333,0
2022-01-19T07:53:26.673000,8.006015,55.274771,-0.322,0
2022-01-19T07:53:27.616000,7.995881,55.331758,-0.277,0
2022-01-19T07:53:28.560000,7.98573,55.388744,-0.271,0
2022-01-19T07:53:29.503000,7.975561,55.44573,-0.265,1
2022-01-19T07:53:30.446000,7.965374,55.502714,-0.21,1
2022-01-19T07:53:31.390000,7.955169,55.559698,-0.138,1
2022-01-19T07:53:32.333000,7.944946,55.616681,-0.09,1
2022-01-19T07:53:33.277000,7.934704,55.673662,-0.056,1
2022-01-19T07:53:34.220000,7.924445,55.730643,-0.043,0
2022-01-19T07:53:35.164000,7.914166,55.787623,-0.035,0
2022-01-19T07:53:36.107000,7.90387,55.844602,0.036,0
2022-01-19T07:53:37.051000,7.893555,55.90158,0.022,0
2022-01-19T07:53:37.994000,7.883221,55.958557,0.061,0
2022-01-20T20:35:47.289000,2.177613,55.961213,0.144,0
2022-01-20T20:35:48.233000,2.167287,55.904305,0.128,0
2022-01-20T20:35:49.176000,2.156979,55.847395,0.133,0
2022-01-20T20:35:50.120000,2.146689,55.790484,0.197,0
2022-01-20T20:35:51.063000,2.136419,55.733573,0.167,0
2022-01-20T20:35:52.006000,2.126166,55.676661,0.203,0
2022-01-20T20:35:52.950000,2.115932,55.619748,0.167,0
2022-01-20T20:35:53.893000,2.105716,55.562834,0.237,0
2022-01-20T20:35:54.837000,2.095518,55.505919,0.171,0
2022-01-20T20:35:55.780000,2.085338,55.449004,0.189,0
2022-01-20T20:35:56.724000,2.075177,55.392088,0.284,0
2022-01-20T20:35:57.667000,2.065033,55.335171,0.277,0
2022-01-20T20:35:58.610000,2.054906,55.278253,0.405,0
2022-01-20T20:35:59.554000,2.044798,55.221334,0.309,0
2022-01-20T20:36:00.497000,2.034706,55.164414,0.384,0
2022-01-20T20:36:01.441000,2.024633,55.107494,0.493,0
2022-01-20T20:36:02.384000,2.014576,55.050573,0.546,0
2022-01-20T20:36:03.328000,2.004538,54.99365,0.516,0
2022-01-20T20:36:04.271000,1.994516,54.936728,0.574,0
2022-01-20T20:36:05.215000,1.984511,54.879804,0.653,0
2022-01-20T20:36:06.158000,1.974524,54.822879,0.742,0
2022-01-20T20:36:07.101000,1.964553,54.765954,0.782,0
2022-01-20T20:36:08.045000,1.9546,54.709028,0.794,0
2022-01-20T20:36:08.988000,1.944663,54.652101,0.778,0
2022-01-20T20:36:09.932000,1.934743,54.595173,0.818,0
2022-01-20T20:36:10.875000,1.924839,54.538245,0.883,0
2022-01-20T20:36:11.819000,1.914952,54.481315,0.823,0
2022-01-20T20:36:12.762000,1.905082,54.424385,0.987,0
2022-01-20T20:36:13.705000,1.895228,54.367454,0.972,0
2022-01-20T20:36:14.649000,1.88539,54.310522,1.056,0
2022-01-20T20:36:15.592000,1.875569,54.25359,1.097,0
2022-01-20T20:36:16.536000,1.865763,54.196656,1.067,0
2022-01-20T20:36:17.479000,1.855974,54.139722,1.114,0
2022-01-20T20:36:18.423000,1.846201,54.082787,1.151,0
2022-01-20T20:36:19.366000,1.836444,54.025851,1.137,0
2022-01-20T20:36:20.310000,1.826702,53.968914,1.166,0
2022-01-20T20:36:21.253000,1.816977,53.911977,1.226,0
2022-01-20T20:36:22.196000,1.807267,53.855039,1.191,0
2022-01-20T20:36:23.140000,1.797573,53.7981,1.242,0
2022-01-20T20:36:24.083000,1.787894,53.74116,1.26,0
2022-01-20T20:36:25.027000,1.77823,53.684219,1.269,0
2022-01-20T20:36:25.970000,1.768583,53.627278,1.265,0
2022-01-20T20:36:26.914000,1.75895,53.570335,1.288,0
2022-01-20T20:36:27.857000,1.749333,53.513392,1.281,0
2022-01-20T20:36:28.800000,1.739731,53.456449,1.295,0
2022-01-20T20:36:29.744000,1.730144,53.399504,1.34,0
2022-01-20T20:36:30.687000,1.720572,53.342559,1.359,0
2022-01-20T20:36:31.631000,1.711015,53.285612,1.364,0
2022-01-20T20:36:32.574000,1.701473,53.228665,1.41,0
2022-01-20T20:36:33.518000,1.691946,53.171718,1.433,0
2022-01-20T20:36:34.461000,1.682433,53.114769,1.458,0
2022-01-20T20:36:35.405000,1.672935,53.05782,1.545,0
2022-01-20T20:36:36.348000,1.663452,53.00087,1.511,0
2022-01-20T20:36:37.291000,1.653984,52.943919,1.455,0
2022-01-20T20:36:38.235000,1.64453,52.886967,1.453,1
2022-01-20T20:36:53.330000,1.49518,51.975634,-0.235,1
2022-01-20T20:36:54.273000,1.485962,51.91867,-0.332,1
2022-01-20T20:36:55.217000,1.476758,51.861704,-0.468,1
2022-01-20T20:36:56.160000,1.467567,51.804737,-0.61,1
2022-01-20T20:36:57.104000,1.458388,51.74777,-0.696,0
2022-01-20T20:36:58.047000,1.449224,51.690802,-0.797,0
2022-01-20T20:36:58.990000,1.440072,51.633834,-0.904,1
2022-01-20T20:36:59.934000,1.430933,51.576864,-1.035,0
2022-01-20T20:37:00.877000,1.421807,51.519894,-1.154,0
2022-01-20T20:37:01.821000,1.412694,51.462923,-1.18,1
2022-01-20T20:37:08.425000,1.349261,51.064105,-2.432,1
2022-01-20T20:37:09.368000,1.340249,51.007128,-2.618,1
2022-01-20T20:37:10.312000,1.33125,50.95015,-2.721,0
2022-01-20T20:37:11.255000,1.322263,50.893172,-2.917,0
2022-01-20T20:37:12.199000,1.313288,50.836192,-2.864,0
2022-01-20T20:37:13.142000,1.304326,50.779212,-2.958,0
2022-01-20T20:37:14.085000,1.295376,50.722231,-3.028,0
2022-01-20T20:37:15.029000,1.286437,50.66525,-3.073,0
2022-01-20T20:37:15.972000,1.277511,50.608268,-3.081,0
2022-01-20T20:37:16.916000,1.268597,50.551285,-3.154,0
2022-01-20T20:37:17.859000,1.259695,50.494301,-3.12,0
2022-01-20T20:37:18.803000,1.250805,50.437316,-3.127,0
2022-01-20T20:37:19.746000,1.241927,50.380331,-3.142,0
2022-01-20T20:37:20.690000,1.23306,50.323345,-3.121,0
2022-01-20T20:37:21.633000,1.224206,50.266358,-3.064,0
2022-01-20T20:37:22.576000,1.215363,50.209371,-3.063,0
2022-01-20T20:37:23.520000,1.206531,50.152382,-3.028,0
2022-01-20T20:37:24.463000,1.197711,50.095393,-2.964,1
2022-01-20T20:37:25.407000,1.188903,50.038404,-2.887,1
2022-01-21T07:51:07.908000,7.252769,53.802577,-1.021,1
2022-01-21T07:51:09.795000,7.23335,53.91659,-0.979,0
2022-01-21T07:51:10.739000,7.223617,53.973595,-0.953,0
2022-01-21T07:51:11.682000,7.213868,54.0306,-0.933,0
2022-01-21T07:51:12.626000,7.204103,54.087603,-0.903,0
2022-01-21T07:51:13.569000,7.194322,54.144606,-0.841,0
2022-01-21T07:51:14.512000,7.184525,54.201608,-0.815,0
2022-01-21T07:51:15.456000,7.174712,54.258608,-0.801,0
2022-01-21T07:51:16.399000,7.164883,54.315608,-0.762,0
2022-01-21T07:51:17.343000,7.155037,54.372607,-0.729,0
2022-01-21T07:51:18.286000,7.145175,54.429605,-0.678,0
2022-01-21T07:51:19.230000,7.135297,54.486602,-0.667,0
2022-01-21T07:51:20.173000,7.125402,54.543599,-0.606,0
2022-01-21T07:51:21.117000,7.115491,54.600594,-0.611,0
2022-01-21T07:51:22.060000,7.105563,54.657588,-0.578,0
2022-01-21T07:51:23.003000,7.095618,54.714582,-0.51,0
2022-01-21T07:51:23.947000,7.085656,54.771575,-0.532,0
2022-01-21T07:51:24.890000,7.075678,54.828566,-0.511,0
2022-01-21T07:51:25.834000,7.065682,54.885557,-0.475,0
2022-01-21T07:51:26.777000,7.055669,54.942547,-0.4,0
2022-01-21T07:51:27.721000,7.04564,54.999536,-0.395,0
2022-01-21T07:51:28.664000,7.035592,55.056524,-0.365,0
2022-01-21T07:51:29.607000,7.025528,55.113511,-0.324,0
2022-01-21T07:51:30.551000,7.015446,55.170497,-0.33,0
2022-01-21T07:51:31.494000,7.005347,55.227483,-0.274,0
2022-01-21T07:51:32.438000,6.995229,55.284467,-0.261,0
2022-01-21T07:51:33.381000,6.985095,55.34145,-0.225,0
2022-01-21T07:51:34.325000,6.974942,55.398433,-0.239,0
2022-01-21T07:51:35.268000,6.964772,55.455414,-0.199,0
2022-01-21T07:51:36.212000,6.954583,55.512395,-0.148,0
2022-01-21T07:51:37.155000,6.944377,55.569375,-0.1,0
2022-01-21T07:51:38.098000,6.934152,55.626354,-0.107,0
2022-01-21T07:51:39.042000,6.92391,55.683331,-0.077,0
2022-01-21T07:51:39.985000,6.913648,55.740308,-0.085,0
2022-01-21T07:51:40.929000,6.903369,55.797284,-0.046,0
2022-01-21T07:51:41.872000,6.893071,55.85426,-0.057,0
2022-01-21T07:51:42.816000,6.882754,55.911234,-0.008,0
2022-01-21T07:51:43.759000,6.872419,55.968207,-0.042,0
2022-01-22T20:33:53.998000,1.159893,55.932928,0.336,0
2022-01-22T20:33:54.941000,1.149577,55.876027,0.358,0
2022-01-22T20:33:55.885000,1.139279,55.819124,0.396,0
2022-01-22T20:33:56.828000,1.129,55.762221,0.41,0
2022-01-22T20:33:57.771000,1.118739,55.705316,0.424,0
2022-01-22T20:33:58.715000,1.108497,55.648411,0.495,0
2022-01-22T20:33:59.658000,1.098273,55.591506,0.541,0
2022-01-22T20:34:00.602000,1.088067,55.534599,0.567,0
2022-01-22T20:34:01.545000,1.077879,55.477692,0.598,0
2022-01-22T20:34:02.489000,1.067709,55.420783,0.606,0
2022-01-22T20:34:03.432000,1.057556,55.363874,0.639,0
2022-01-22T20:34:04.376000,1.047422,55.306964,0.695,0
2022-01-22T20:34:05.319000,1.037305,55.250053,0.734,0
2022-01-22T20:34:06.262000,1.027206,55.193142,0.777,0
2022-01-22T20:34:07.206000,1.017125,55.136229,0.813,0
2022-01-22T20:34:08.149000,1.00706,55.079316,0.823,0
2022-01-22T20:34:09.093000,0.997014,55.022402,0.867,0
2022-01-22T20:34:10.036000,0.986984,54.965487,0.893,0
2022-01-22T20:34:10.980000,0.976972,54.908571,0.932,0
2022-01-22T20:34:11.923000,0.966977,54.851655,0.992,0
2022-01-22T20:34:12.866000,0.956998,54.794737,1.033,0
2022-01-22T20:34:13.810000,0.947037,54.737819,1.068,0
2022-01-22T20:34:14.753000,0.937093,54.6809,1.099,0
2022-01-22T20:34:15.697000,0.927165,54.62398,1.12,0
2022-01-22T20:34:16.640000,0.917254,54.567059,1.15,0
2022-01-22T20:34:17.584000,0.907359,54.510138,1.212,0
2022-01-22T20:34:18.527000,0.897481,54.453216,1.245,0
2022-01-22T20:34:19.471000,0.88762,54.396293,1.296,0
2022-01-22T20:34:20.414000,0.877775,54.339369,1.331,0
2022-01-22T20:34:21.357000,0.867946,54.282444,1.396,0
2022-01-22T20:34:22.301000,0.858133,54.225519,1.44,0
2022-01-22T20:34:23.244000,0.848337,54.168592,1.488,0
2022-01-22T20:34:24.188000,0.838556,54.111665,1.499,0
2022-01-22T20:34:25.131000,0.828792,54.054737,1.554,0
2022-01-22T20:34:26.075000,0.819043,53.997808,1.605,0
2022-01-22T20:34:27.018000,0.80931,53.940879,1.638,0
2022-01-22T20:34:27.961000,0.799593,53.883949,1.711,0
2022-01-22T20:34:28.905000,0.789892,53.827018,1.751,0
2022-01-22T20:34:29.848000,0.780206,53.770086,1.784,0
2022-01-22T20:34:30.792000,0.770536,53.713153,1.848,0
2022-01-22T20:34:31.735000,0.760881,53.656219,1.908,0
2022-01-22T20:34:32.679000,0.751241,53.599285,1.946,0
2022-01-22T20:34:33.622000,0.741617,53.54235,2.03,0
2022-01-22T20:34:34.566000,0.732008,53.485414,2.08,0
2022-01-22T20:34:35.509000,0.722414,53.428477,2.128,0
2022-01-22T20:34:36.452000,0.712835,53.37154,2.201,0
2022-01-22T20:34:37.396000,0.703272,53.314602,2.236,0
2022-01-22T20:34:38.339000,0.693723,53.257663,2.337,0
2022-01-22T20:34:39.283000,0.684189,53.200723,2.425,0
2022-01-22T20:34:40.226000,0.67467,53.143782,2.441,0
2022-01-22T20:34:41.170000,0.665165,53.086841,2.508,1
2022-01-22T20:34:42.113000,0.655675,53.029898,2.538,1
2022-01-22T20:35:20.794000,0.278412,50.694601,-2.771,1
2022-01-22T20:35:21.737000,0.26948,50.637626,-2.786,1
2022-01-22T20:35:22.681000,0.260561,50.580651,-2.794,0
2022-01-22T20:35:23.624000,0.251653,50.523675,-2.768,0
2022-01-22T20:35:24.568000,0.242758,50.466698,-2.832,0
2022-01-22T20:35:25.511000,0.233874,50.409721,-2.831,0
2022-01-22T20:35:26.455000,0.225002,50.352743,-2.845,0
2022-01-22T20:35:27.398000,0.216142,50.295764,-2.817,0
2022-01-22T20:35:28.341000,0.207294,50.238784,-2.875,0
2022-01-22T20:35:29.285000,0.198457,50.181803,-2.781,0
2022-01-22T20:35:30.228000,0.189632,50.124822,-2.835,0
2022-01-22T20:35:31.172000,0.180818,50.06784,-2.944,0
2022-01-22T20:35:32.115000,0.172016,50.010858,-2.937,0
2022-01-22T20:35:33.059000,0.163226,49.953874,-2.94,0
2022-01-22T20:35:34.002000,0.154447,49.89689,-2.971,0
2022-01-22T20:35:34.945000,0.145679,49.839905,-2.979,1
2022-01-22T20:35:35.889000,0.136923,49.782919,-2.937,1
2022-01-22T20:35:36.832000,0.128178,49.725933,-2.856,1
2022-01-23T07:49:10.843000,6.273759,53.605281,-0.938,1
2022-01-23T07:49:11.787000,6.264111,53.662287,-0.909,0
2022-01-23T07:49:12.730000,6.254448,53.719293,-0.903,0
2022-01-23T07:49:13.673000,6.244769,53.776297,-0.864,0
2022-01-23T07:49:14.617000,6.235075,53.833301,-0.829,0
2022-01-23T07:49:15.560000,6.225365,53.890304,-0.784,0
2022-01-23T07:49:16.504000,6.215639,53.947306,-0.748,0
2022-01-23T07:49:17.447000,6.205897,54.004307,-0.732,0
2022-01-23T07:49:18.391000,6.19614,54.061307,-0.663,0
2022-01-23T07:49:19.334000,6.186367,54.118306,-0.672,0
2022-01-23T07:49:20.277000,6.176577,54.175304,-0.619,0
2022-01-23T07:49:21.221000,6.166772,54.232302,-0.594,0
2022-01-23T07:49:22.164000,6.156951,54.289298,-0.549,0
2022-01-23T07:49:23.108000,6.147113,54.346294,-0.513,0
2022-01-23T07:49:24.051000,6.137259,54.403288,-0.491,0
2022-01-23T07:49:24.995000,6.127388,54.460282,-0.447,0
2022-01-23T07:49:25.938000,6.117501,54.517275,-0.424,0
2022-01-23T07:49:26.882000,6.107598,54.574267,-0.358,0
2022-01-23T07:49:27.825000,6.097678,54.631258,-0.355,0
2022-01-23T07:49:28.768000,6.087741,54.688248,-0.348,0
2022-01-23T07:49:29.712000,6.077787,54.745237,-0.301,0
2022-01-23T07:49:30.655000,6.067817,54.802225,-0.252,0
2022-01-23T07:49:31.599000,6.057829,54.859213,-0.242,0
2022-01-23T07:49:32.542000,6.047824,54.916199,-0.234,0
2022-01-23T07:49:33.486000,6.037803,54.973185,-0.223,0
2022-01-23T07:49:34.429000,6.027764,55.030169,-0.215,0
2022-01-23T07:49:35.372000,6.017708,55.087153,-0.159,0
2022-01-23T07:49:36.316000,6.007634,55.144136,-0.15,0
2022-01-23T07:49:37.259000,5.997543,55.201117,-0.152,0
2022-01-23T07:49:38.203000,5.987434,55.258098,-0.109,0
2022-01-23T07:49:39.146000,5.977308,55.315078,-0.123,0
2022-01-23T07:49:40.090000,5.967164,55.372057,-0.11,0
2022-01-23T07:49:41.033000,5.957002,55.429035,-0.096,0
2022-01-23T07:49:41.977000,5.946822,55.486012,-0.085,0
2022-01-23T07:49:42.920000,5.936624,55.542989,-0.09,0
2022-01-23T07:49:43.863000,5.926408,55.599964,-0.073,0
2022-01-23T07:49:44.807000,5.916174,55.656938,-0.063,0
2022-01-23T07:49:45.750000,5.905922,55.713912,-0.052,0
2022-01-23T07:49:46.694000,5.895651,55.770884,-0.03,0
2022-01-23T07:49:47.637000,5.885362,55.827856,-0.006,0
2022-01-23T07:49:48.581000,5.875054,55.884826,-0.05,0
2022-01-23T07:49:49.524000,5.864727,55.941796,-0.037,0
2022-01-24T20:31:59.763000,0.153562,55.967412,0.826,0
2022-01-24T20:32:00.706000,0.143234,55.910518,0.824,0
2022-01-24T20:32:01.650000,0.132925,55.853623,0.878,0
2022-01-24T20:32:02.593000,0.122634,55.796727,0.89,0
2022-01-24T20:32:03.537000,0.112362,55.739831,0.915,0
2022-01-24T20:32:04.480000,0.102108,55.682934,0.956,0
2022-01-24T20:32:05.423000,0.091872,55.626035,1.002,0
2022-01-24T20:32:06.367000,0.081654,55.569136,1.008,0
2022-01-24T20:32:07.310000,0.071455,55.512237,1.026,0
2022-01-24T20:32:08.254000,0.061274,55.455336,1.079,0
2022-01-24T20:32:09.197000,0.05111,55.398435,1.105,0
2022-01-24T20:32:10.141000,0.040965,55.341532,1.131,0
2022-01-24T20:32:11.084000,0.030837,55.284629,1.171,0
2022-01-24T20:32:12.027000,0.020726,55.227725,1.204,0
2022-01-24T20:32:12.971000,0.010634,55.17082,1.21,0
2022-01-24T20:32:13.914000,0.000559,55.113915,1.258,0
2022-01-24T20:32:14.858000,-0.009499,55.057008,1.29,0
2022-01-24T20:32:15.801000,-0.019539,55.000101,1.293,0
2022-01-24T20:32:16.745000,-0.029563,54.943193,1.324,0
2022-01-24T20:32:17.688000,-0.039569,54.886284,1.349,0
2022-01-24T20:32:18.632000,-0.049558,54.829375,1.396,0
2022-01-24T20:32:19.575000,-0.05953,54.772464,1.406,0
2022-01-24T20:32:20.518000,-0.069485,54.715553,1.462,0
2022-01-24T20:32:21.462000,-0.079423,54.65864,1.461,0
2022-01-24T20:32:22.405000,-0.089345,54.601727,1.493,0
2022-01-24T20:32:23.349000,-0.09925,54.544814,1.524,0
2022-01-24T20:32:24.292000,-0.109138,54.487899,1.57,0
2022-01-24T20:32:25.236000,-0.11901,54.430984,1.602,0
2022-01-24T20:32:26.179000,-0.128866,54.374067,1.646,0
2022-01-24T20:32:27.122000,-0.138705,54.31715,1.698,1
2022-01-24T20:32:28.066000,-0.148528,54.260233,1.725,1
2022-01-24T20:32:29.009000,-0.158334,54.203314,1.774,1
2022-01-24T20:33:27.502000,-0.737745,50.672816,-1.771,1
2022-01-24T20:33:28.446000,-0.746673,50.615849,-1.74,1
2022-01-24T20:33:29.389000,-0.755588,50.55888,-1.712,0
2022-01-24T20:33:30.333000,-0.764491,50.501911,-1.721,0
2022-01-24T20:33:31.276000,-0.773383,50.444941,-1.726,0
2022-01-24T20:33:32.220000,-0.782262,50.38797,-1.749,0
2022-01-24T20:33:33.163000,-0.79113,50.330999,-1.777,0
2022-01-24T20:33:34.106000,-0.799986,50.274026,-1.81,0
2022-01-24T20:33:35.050000,-0.80883,50.217053,-1.83,0
2022-01-24T20:33:35.993000,-0.817663,50.160079,-1.832,0
2022-01-24T20:33:36.937000,-0.826484,50.103105,-1.883,0
2022-01-24T20:33:37.880000,-0.835293,50.04613,-1.959,0
2022-01-24T20:33:38.824000,-0.844091,49.989154,-2.015,0
2022-01-24T20:33:39.767000,-0.852878,49.932177,-2.075,0
2022-01-24T20:33:40.711000,-0.861653,49.875199,-2.141,0
2022-01-24T20:33:41.654000,-0.870417,49.818221,-2.195,0
2022-01-24T20:33:42.597000,-0.879169,49.761242,-2.25,0
2022-01-24T20:33:43.541000,-0.88791,49.704262,-2.328,0
2022-01-25T07:47:14.721000,5.284328,53.464802,-0.77,1
2022-01-25T07:47:15.665000,5.274717,53.521806,-0.796,1
2022-01-25T07:47:16.608000,5.265091,53.57881,-0.785,0
2022-01-25T07:47:17.552000,5.25545,53.635812,-0.76,0
2022-01-25T07:47:18.495000,5.245793,53.692813,-0.765,0
2022-01-25T07:47:19.438000,5.23612,53.749814,-0.7,0
2022-01-25T07:47:20.382000,5.226432,53.806814,-0.709,0
2022-01-25T07:47:21.325000,5.216729,53.863812,-0.675,0
2022-01-25T07:47:22.269000,5.20701,53.92081,-0.685,0
2022-01-25T07:47:23.212000,5.197275,53.977807,-0.639,0
2022-01-25T07:47:24.156000,5.187524,54.034803,-0.616,0
2022-01-25T07:47:25.099000,5.177757,54.091798,-0.596,0
2022-01-25T07:47:26.043000,5.167975,54.148792,-0.539,0
2022-01-25T07:47:26.986000,5.158176,54.205786,-0.524,0
2022-01-25T07:47:27.929000,5.148362,54.262778,-0.467,0
2022-01-25T07:47:28.873000,5.13853,54.319769,-0.464,0
2022-01-25T07:47:29.816000,5.128683,54.37676,-0.411,0
2022-01-25T07:47:30.760000,5.11882,54.433749,-0.368,0
2022-01-25T07:47:31.703000,5.10894,54.490738,-0.358,0
2022-01-25T07:47:32.647000,5.099043,54.547726,-0.334,0
2022-01-25T07:47:33.590000,5.08913,54.604713,-0.313,0
2022-01-25T07:47:34.533000,5.0792,54.661699,-0.271,0
2022-01-25T07:47:35.477000,5.069253,54.718684,-0.247,0
2022-01-25T07:47:36.420000,5.05929,54.775668,-0.227,0
2022-01-25T07:47:37.364000,5.04931,54.832651,-0.208,0
2022-01-25T07:47:38.307000,5.039312,54.889633,-0.17,0
2022-01-25T07:47:39.251000,5.029298,54.946614,-0.144,0
2022-01-25T07:47:40.194000,5.019266,55.003595,-0.118,0
2022-01-25T07:47:41.138000,5.009217,55.060574,-0.086,0
2022-01-25T07:47:42.081000,4.999151,55.117553,-0.085,0
2022-01-25T07:47:43.024000,4.989067,55.17453,-0.078,0
2022-01-25T07:47:43.968000,4.978966,55.231507,-0.046,0
2022-01-25T07:47:44.911000,4.968847,55.288483,-0.045,0
2022-01-25T07:47:45.855000,4.95871,55.345457,-0.034,0
2022-01-25T07:47:46.798000,4.948556,55.402431,-0.009,0
2022-01-25T07:47:47.742000,4.938384,55.459404,-0.002,0
2022-01-25T07:47:48.685000,4.928194,55.516376,0.01,0
2022-01-25T07:47:49.628000,4.917985,55.573347,0.024,0
2022-01-25T07:47:50.572000,4.907759,55.630317,0.052,0
2022-01-25T07:47:51.515000,4.897514,55.687286,0.012,0
2022-01-25T07:47:52.459000,4.887251,55.744254,0.053,0
2022-01-25T07:47:53.402000,4.87697,55.801222,0.046,0
2022-01-25T07:47:54.346000,4.86667,55.858188,0.06,0
2022-01-25T07:47:55.289000,4.856351,55.915153,0.081,0
2022-01-25T07:47:56.233000,4.846014,55.972118,0.074,0
2022-01-26T20:30:06.471000,-0.863073,55.94549,0.959,0
2022-01-26T20:30:07.415000,-0.873394,55.888603,0.962,0
2022-01-26T20:30:08.358000,-0.883697,55.831715,0.973,0
2022-01-26T20:30:09.302000,-0.893981,55.774826,0.951,0
2022-01-26T20:30:10.245000,-0.904247,55.717936,0.951,0
2022-01-26T20:30:11.188000,-0.914495,55.661045,0.955,0
2022-01-26T20:30:12.132000,-0.924724,55.604154,0.919,0
2022-01-26T20:30:13.075000,-0.934935,55.547261,0.922,0
2022-01-26T20:30:14.019000,-0.945128,55.490368,0.924,0
2022-01-26T20:30:14.962000,-0.955303,55.433474,0.932,0
2022-01-26T20:30:15.906000,-0.96546,55.376579,0.898,0
2022-01-26T20:30:16.849000,-0.975599,55.319684,0.882,0
2022-01-26T20:30:17.792000,-0.985721,55.262787,0.871,0
2022-01-26T20:30:18.736000,-0.995825,55.20589,0.856,0
2022-01-26T20:30:19.679000,-1.005911,55.148992,0.852,0
2022-01-26T20:30:20.623000,-1.01598,55.092093,0.832,0
2022-01-26T20:30:21.566000,-1.026032,55.035193,0.88,0
2022-01-26T20:30:22.510000,-1.036067,54.978292,0.915,0
2022-01-26T20:30:23.453000,-1.046084,54.921391,0.884,0
2022-01-26T20:30:24.397000,-1.056084,54.864489,0.888,0
2022-01-26T20:30:25.340000,-1.066067,54.807585,0.846,1
2022-01-26T20:30:26.283000,-1.076033,54.750681,0.858,1
2022-01-26T20:30:27.227000,-1.085982,54.693777,0.893,1
2022-01-26T20:31:34.211000,-1.753893,50.651501,-0.34,1
2022-01-26T20:31:35.154000,-1.762817,50.594539,-0.37,1
2022-01-26T20:31:36.098000,-1.771728,50.537577,-0.441,1
2022-01-26T20:31:37.041000,-1.780627,50.480614,-0.526,0
2022-01-26T20:31:37.985000,-1.789515,50.423651,-0.575,0
2022-01-26T20:31:38.928000,-1.79839,50.366686,-0.671,0
2022-01-26T20:31:39.872000,-1.807254,50.309721,-0.721,0
2022-01-26T20:31:40.815000,-1.816106,50.252755,-0.805,0
2022-01-26T20:31:41.758000,-1.824946,50.195789,-0.896,0
2022-01-26T20:31:42.702000,-1.833775,50.138821,-0.95,0
2022-01-26T20:31:43.645000,-1.842592,50.081853,-1.023,0
2022-01-26T20:31:44.589000,-1.851398,50.024884,-1.084,0
2022-01-26T20:31:45.532000,-1.860192,49.967914,-1.176,0
2022-01-26T20:31:46.476000,-1.868975,49.910944,-1.303,0
2022-01-26T20:31:47.419000,-1.877746,49.853973,-1.416,1
2022-01-26T20:31:48.362000,-1.886506,49.797001,-1.55,1
2022-01-27T07:45:03.504000,4.44614,52.41212,0.644,1
2022-01-27T07:45:04.448000,4.436797,52.469136,0.535,1
2022-01-27T07:45:05.391000,4.42744,52.52615,0.434,1
2022-01-27T07:45:06.335000,4.418069,52.583164,0.334,1
2022-01-27T07:45:07.278000,4.408684,52.640177,0.245,1
2022-01-27T07:45:08.222000,4.399285,52.697189,0.195,0
2022-01-27T07:45:09.165000,4.389872,52.7542,0.105,0
2022-01-27T07:45:10.109000,4.380444,52.81121,0.017,0
2022-01-27T07:45:11.052000,4.371002,52.86822,-0.036,0
2022-01-27T07:45:11.995000,4.361546,52.925228,-0.086,0
2022-01-27T07:45:12.939000,4.352075,52.982235,-0.15,0
2022-01-27T07:45:13.882000,4.34259,53.039242,-0.188,0
2022-01-27T07:45:14.826000,4.333089,53.096248,-0.208,0
2022-01-27T07:45:15.769000,4.323575,53.153253,-0.222,0
2022-01-27T07:45:16.713000,4.314045,53.210256,-0.252,0
2022-01-27T07:45:17.656000,4.304501,53.267259,-0.28,0
2022-01-27T07:45:18.599000,4.294942,53.324261,-0.282,0
2022-01-27T07:45:19.543000,4.285367,53.381263,-0.275,0
2022-01-27T07:45:20.486000,4.275778,53.438263,-0.284,0
2022-01-27T07:45:21.430000,4.266174,53.495262,-0.29,0
2022-01-27T07:45:22.373000,4.256554,53.552261,-0.266,0
2022-01-27T07:45:23.317000,4.246919,53.609258,-0.261,0
2022-01-27T07:45:24.260000,4.237269,53.666255,-0.234,0
2022-01-27T07:45:25.204000,4.227604,53.723251,-0.219,0
2022-01-27T07:45:26.147000,4.217923,53.780246,-0.175,0
2022-01-27T07:45:27.090000,4.208226,53.83724,-0.151,0
2022-01-27T07:45:28.034000,4.198514,53.894233,-0.134,0
2022-01-27T07:45:28.977000,4.188786,53.951225,-0.094,0
2022-01-27T07:45:29.921000,4.179042,54.008216,-0.07,0
2022-01-27T07:45:30.864000,4.169283,54.065206,-0.043,0
2022-01-27T07:45:31.808000,4.159507,54.122196,-0.026,0
2022-01-27T07:45:32.751000,4.149716,54.179184,-0.036,0
2022-01-27T07:45:33.694000,4.139908,54.236172,-0.03,0
2022-01-27T07:45:34.638000,4.130084,54.293158,0.032,0
2022-01-27T07:45:35.581000,4.120244,54.350144,0.039,0
2022-01-27T07:45:36.525000,4.110388,54.407129,0.032,0
2022-01-27T07:45:37.468000,4.100515,54.464112,0.079,0
2022-01-27T07:45:38.412000,4.090626,54.521095,0.091,0
2022-01-27T07:45:39.355000,4.08072,54.578077,0.123,0
2022-01-27T07:45:40.299000,4.070798,54.635058,0.146,0
2022-01-27T07:45:41.242000,4.060859,54.692039,0.135,0
2022-01-27T07:45:42.185000,4.050903,54.749018,0.125,0
2022-01-27T07:45:43.129000,4.04093,54.805996,0.19,0
2022-01-27T07:45:44.072000,4.03094,54.862973,0.184,0
2022-01-27T07:45:45.016000,4.020933,54.91995,0.217,0
2022-01-27T07:45:45.959000,4.010909,54.976925,0.208,0
2022-01-27T07:45:46.903000,4.000868,55.0339,0.217,0
2022-01-27T07:45:47.846000,3.990809,55.090874,0.217,0
2022-01-27T07:45:48.789000,3.980733,55.147846,0.23,0
2022-01-27T07:45:49.733000,3.97064,55.204818,0.237,0
2022-01-27T07:45:50.676000,3.960529,55.261789,0.252,0
2022-01-27T07:45:51.620000,3.9504,55.318759,0.252,0
2022-01-27T07:45:52.563000,3.940254,55.375727,0.261,0
2022-01-27T07:45:53.507000,3.93009,55.432695,0.301,0
2022-01-27T07:45:54.450000,3.919907,55.489662,0.295,0
2022-01-27T07:45:55.394000,3.909707,55.546629,0.301,0
2022-01-27T07:45:56.337000,3.899489,55.603594,0.332,0
2022-01-27T07:45:57.280000,3.889253,55.660558,0.317,0
2022-01-27T07:45:58.224000,3.878998,55.717521,0.332,0
2022-01-27T07:45:59.167000,3.868725,55.774483,0.334,0
2022-01-27T07:46:00.111000,3.858433,55.831445,0.326,0
2022-01-27T07:46:01.054000,3.848123,55.888405,0.399,0
2022-01-27T07:46:01.998000,3.837794,55.945365,0.385,0
2022-01-28T20:28:12.236000,-1.869988,55.979952,0.185,0
2022-01-28T20:28:13.180000,-1.88032,55.923071,0.161,1
2022-01-28T20:28:14.123000,-1.890633,55.86619,0.107,1
2022-01-28T20:28:15.067000,-1.900928,55.809308,0.124,1
2022-01-29T07:42:57.005000,3.558416,51.645497,0.29,1
2022-01-29T07:42:57.948000,3.549255,51.702519,0.215,1
2022-01-29T07:42:58.892000,3.540082,51.75954,0.231,1
2022-01-29T07:42:59.835000,3.530896,51.81656,0.22,0
2022-01-29T07:43:00.779000,3.521696,51.873579,0.186,0
2022-01-29T07:43:01.722000,3.512483,51.930597,0.147,0
2022-01-29T07:43:02.665000,3.503256,51.987615,0.154,0
2022-01-29T07:43:03.609000,3.494017,52.044631,0.142,0
2022-01-29T07:43:04.552000,3.484763,52.101647,0.148,0
2022-01-29T07:43:05.496000,3.475497,52.158661,0.119,0
2022-01-29T07:43:06.439000,3.466216,52.215675,0.119,0
2022-01-29T07:43:07.383000,3.456922,52.272688,0.073,0
2022-01-29T07:43:08.326000,3.447614,52.3297,0.071,0
2022-01-29T07:43:09.270000,3.438293,52.386711,0.048,0
2022-01-29T07:43:10.213000,3.428957,52.443721,0.061,0
2022-01-29T07:43:11.156000,3.419608,52.500731,0.07,0
2022-01-29T07:43:12.100000,3.410244,52.557739,0.037,0
2022-01-29T07:43:13.043000,3.400867,52.614747,0.049,0
2022-01-29T07:43:13.987000,3.391475,52.671753,0.07,0
2022-01-29T07:43:14.930000,3.38207,52.728759,0.038,0
2022-01-29T07:43:15.874000,3.372649,52.785764,0.024,0
2022-01-29T07:43:16.817000,3.363215,52.842768,0.041,0
2022-01-29T07:43:17.760000,3.353766,52.899771,0.046,0
2022-01-29T07:43:18.704000,3.344303,52.956773,0.009,0
2022-01-29T07:43:19.647000,3.334826,53.013774,-0.008,0
2022-01-29T07:43:20.591000,3.325333,53.070775,0.003,0
2022-01-29T07:43:21.534000,3.315826,53.127774,0.073,0
2022-01-29T07:43:22.478000,3.306305,53.184773,-0.0,0
2022-01-29T07:43:23.421000,3.296768,53.24177,-0.012,0
2022-01-29T07:43:24.365000,3.287217,53.298767,-0.02,0
2022-01-29T07:43:25.308000,3.277651,53.355763,-0.002,0
2022-01-29T07:43:26.251000,3.268069,53.412758,0.012,0
2022-01-29T07:43:27.195000,3.258473,53.469752,-0.01,0
2022-01-29T07:43:28.138000,3.248862,53.526745,-0.021,0
2022-01-29T07:43:29.082000,3.239235,53.583737,-0.064,0
2022-01-29T07:43:30.025000,3.229593,53.640728,-0.076,0
2022-01-29T07:43:30.969000,3.219935,53.697719,-0.037,0
2022-01-29T07:43:31.912000,3.210263,53.754708,-0.074,0
2022-01-29T07:43:32.855000,3.200574,53.811697,-0.057,0
2022-01-29T07:43:33.799000,3.19087,53.868684,-0.085,0
2022-01-29T07:43:34.742000,3.181151,53.925671,-0.084,0
2022-01-29T07:43:35.686000,3.171415,53.982657,-0.071,0
2022-01-29T07:43:36.629000,3.161664,54.039642,-0.118,0
2022-01-29T07:43:37.573000,3.151897,54.096626,-0.103,0
2022-01-29T07:43:38.516000,3.142114,54.153609,-0.099,0
2022-01-29T07:43:39.459000,3.132315,54.210591,-0.115,0
2022-01-29T07:43:40.403000,3.1225,54.267572,-0.1,0
2022-01-29T07:43:41.346000,3.112668,54.324552,-0.086,0
2022-01-29T07:43:42.290000,3.102821,54.381532,-0.109,0
2022-01-29T07:43:43.233000,3.092957,54.43851,-0.095,0
2022-01-29T07:43:44.177000,3.083076,54.495487,-0.087,0
2022-01-29T07:43:45.120000,3.073179,54.552464,-0.115,0
2022-01-29T07:43:46.064000,3.063266,54.60944,-0.117,0
2022-01-29T07:43:47.007000,3.053335,54.666414,-0.098,0
2022-01-29T07:43:47.950000,3.043388,54.723388,-0.119,0
2022-01-29T07:43:48.894000,3.033424,54.780361,-0.143,0
2022-01-29T07:43:49.837000,3.023444,54.837333,-0.169,0
2022-01-29T07:43:50.781000,3.013446,54.894304,-0.152,0
2022-01-29T07:43:51.724000,3.003431,54.951274,-0.162,0
2022-01-29T07:43:52.668000,2.993399,55.008243,-0.177,0
2022-01-29T07:43:53.611000,2.983349,55.065211,-0.115,0
2022-01-29T07:43:54.554000,2.973283,55.122178,-0.131,0
2022-01-29T07:43:55.498000,2.963198,55.179144,-0.097,0
2022-01-29T07:43:56.441000,2.953097,55.23611,-0.09,0
2022-01-29T07:43:57.385000,2.942977,55.293074,-0.094,0
2022-01-29T07:43:58.328000,2.93284,55.350037,-0.11,0
2022-01-29T07:43:59.272000,2.922686,55.407,-0.059,0
2022-01-29T07:44:00.215000,2.912513,55.463961,-0.055,0
2022-01-29T07:44:01.159000,2.902322,55.520922,-0.067,0
2022-01-29T07:44:02.102000,2.892114,55.577882,-0.046,0
2022-01-29T07:44:03.045000,2.881887,55.63484,-0.042,0
2022-01-29T07:44:03.989000,2.871642,55.691798,-0.017,0
2022-01-29T07:44:04.932000,2.861378,55.748755,-0.062,0
2022-01-29T07:44:05.876000,2.851096,55.805711,-0.046,0
2022-01-29T07:44:06.819000,2.840796,55.862665,-0.049,0
2022-01-29T07:44:07.763000,2.830477,55.919619,-0.029,0
2022-01-29T07:44:08.706000,2.820139,55.976572,-0.044,0
2022-01-31T07:40:58.996000,2.587524,51.395159,-0.372,0
2022-01-31T07:40:59.940000,2.578423,51.452179,-0.265,0
2022-01-31T07:41:00.883000,2.569309,51.509197,-0.264,0
2022-01-31T07:41:01.826000,2.560182,51.566215,-0.288,0
2022-01-31T07:41:02.770000,2.551043,51.623232,-0.22,0
2022-01-31T07:41:03.713000,2.54189,51.680248,-0.107,0
2022-01-31T07:41:04.657000,2.532725,51.737263,-0.016,0
2022-01-31T07:41:05.600000,2.523546,51.794277,0.063,0
2022-01-31T07:41:06.544000,2.514354,51.851291,0.115,0
2022-01-31T07:41:07.487000,2.505149,51.908303,0.242,0
2022-01-31T07:41:08.430000,2.49593,51.965315,0.286,0
2022-01-31T07:41:09.374000,2.486698,52.022325,0.346,0
2022-01-31T07:41:10.317000,2.477453,52.079335,0.421,0
2022-01-31T07:41:11.261000,2.468193,52.136344,0.538,0
2022-01-31T07:41:12.204000,2.458921,52.193352,0.619,0
2022-01-31T07:41:13.148000,2.449635,52.250359,0.698,0
2022-01-31T07:41:14.091000,2.440335,52.307365,0.774,0
2022-01-31T07:41:15.035000,2.431021,52.36437,0.805,0
2022-01-31T07:41:15.978000,2.421694,52.421375,0.859,0
2022-01-31T07:41:16.921000,2.412352,52.478378,0.933,0
2022-01-31T07:41:17.865000,2.402997,52.535381,0.966,0
2022-01-31T07:41:18.808000,2.393628,52.592383,1.029,0
2022-01-31T07:41:19.752000,2.384244,52.649383,1.041,0
2022-01-31T07:41:20.695000,2.374847,52.706383,1.077,0
2022-01-31T07:41:21.639000,2.365435,52.763382,1.092,0
2022-01-31T07:41:22.582000,2.356009,52.82038,1.122,0
2022-01-31T07:41:23.525000,2.346569,52.877378,1.102,0
2022-01-31T07:41:24.469000,2.337114,52.934374,1.127,0
2022-01-31T07:41:25.412000,2.327644,52.991369,1.121,0
2022-01-31T07:41:26.356000,2.318161,53.048364,1.021,0
2022-01-31T07:41:27.299000,2.308662,53.105357,1.12,0
2022-01-31T07:41:28.243000,2.299149,53.16235,1.088,0
2022-01-31T07:41:29.186000,2.289621,53.219342,1.1,0
2022-01-31T07:41:30.130000,2.280078,53.276333,1.074,0
2022-01-31T07:41:31.073000,2.27052,53.333323,0.974,0
2022-01-31T07:41:32.016000,2.260948,53.390312,1.072,0
2022-01-31T07:41:32.960000,2.25136,53.4473,0.961,0
2022-01-31T07:41:33.903000,2.241757,53.504287,0.928,0
2022-01-31T07:41:34.847000,2.232139,53.561273,0.857,0
2022-01-31T07:41:35.790000,2.222506,53.618259,0.833,0
2022-01-31T07:41:36.734000,2.212858,53.675243,0.762,0
2022-01-31T07:41:37.677000,2.203194,53.732227,0.776,0
2022-01-31T07:41:38.620000,2.193514,53.789209,0.826,0
2022-01-31T07:41:39.564000,2.183819,53.846191,0.79,0
2022-01-31T07:41:40.507000,2.174108,53.903172,0.744,0
2022-01-31T07:41:41.451000,2.164382,53.960152,0.669,0
2022-01-31T07:41:42.394000,2.15464,54.017131,0.624,0
2022-01-31T07:41:43.338000,2.144882,54.074108,0.587,0
2022-01-31T07:41:44.281000,2.135108,54.131086,0.492,0
2022-01-31T07:41:45.225000,2.125318,54.188062,0.527,0
2022-01-31T07:41:46.168000,2.115512,54.245037,0.457,0
2022-01-31T07:41:47.111000,2.10569,54.302011,0.441,0
2022-01-31T07:41:48.055000,2.095852,54.358985,0.38,0
2022-01-31T07:41:48.998000,2.085997,54.415957,0.263,0
2022-01-31T07:41:49.942000,2.076126,54.472929,0.056,0
2022-01-31T07:41:50.885000,2.066238,54.529899,0.054,0
2022-01-31T07:41:51.829000,2.056334,54.586869,0.099,0
2022-01-31T07:41:52.772000,2.046414,54.643838,0.133,0
2022-01-31T07:41:53.715000,2.036476,54.700805,0.15,0
2022-01-31T07:41:54.659000,2.026522,54.757772,0.071,0
2022-01-31T07:41:55.602000,2.016551,54.814738,-0.055,0
2022-01-31T07:41:56.546000,2.006562,54.871703,-0.091,0
2022-01-31T07:41:57.489000,1.996557,54.928667,-0.06,0
2022-01-31T07:41:58.433000,1.986535,54.98563,-0.052,0
2022-01-31T07:41:59.376000,1.976495,55.042592,-0.149,0
2022-01-31T07:42:00.320000,1.966438,55.099554,-0.216,0
2022-01-31T07:42:01.263000,1.956364,55.156514,-0.237,0
2022-01-31T07:42:02.206000,1.946272,55.213473,-0.375,0
2022-01-31T07:42:03.150000,1.936163,55.270432,-0.271,0
2022-01-31T07:42:04.093000,1.926036,55.327389,-0.325,0
2022-01-31T07:42:05.037000,1.915891,55.384345,-0.355,0
2022-01-31T07:42:05.980000,1.905729,55.441301,-0.372,0
2022-01-31T07:42:06.924000,1.895548,55.498255,0.011,0
2022-01-31T07:42:07.867000,1.88535,55.555209,-0.383,0
2022-01-31T07:42:08.810000,1.875133,55.612162,-0.037,0
2022-01-31T07:42:09.754000,1.864899,55.669113,-0.542,0
2022-01-31T07:42:10.697000,1.854645,55.726064,-0.528,0
2022-01-31T07:42:11.641000,1.844374,55.783014,-0.56,0
2022-01-31T07:42:12.584000,1.834084,55.839963,-0.553,0
2022-01-31T07:42:13.528000,1.823776,55.896911,-0.446,0
2022-01-31T07:42:14.471000,1.813449,55.953857,-0.54,0
2022-01-31T19:36:17.832000,8.684268,53.958945,1.111,1
2022-02-02T07:38:58.157000,1.642836,50.978432,-2.941,1
2022-02-02T07:38:59.101000,1.63383,51.035452,-2.782,1
2022-02-02T07:39:00.044000,1.624811,51.09247,-2.594,0
2022-02-02T07:39:00.987000,1.61578,51.149488,-2.403,0
2022-02-02T07:39:01.931000,1.606736,51.206504,-2.239,1
2022-02-02T07:39:02.874000,1.597679,51.26352,-2.026,1
2022-02-02T07:39:03.818000,1.58861,51.320535,-1.885,1
2022-02-02T07:39:04.761000,1.579528,51.377549,-1.724,1
2022-02-02T07:39:05.705000,1.570434,51.434562,-1.647,1
2022-02-02T07:39:06.648000,1.561326,51.491574,-1.577,1
2022-02-02T07:39:07.591000,1.552206,51.548586,-1.48,0
2022-02-02T07:39:08.535000,1.543072,51.605596,-1.383,0
2022-02-02T07:39:09.478000,1.533926,51.662606,-1.25,0
2022-02-02T07:39:10.422000,1.524767,51.719615,-1.151,0
2022-02-02T07:39:11.365000,1.515594,51.776622,-1.023,0
2022-02-02T07:39:12.309000,1.506409,51.83363,-0.936,0
2022-02-02T07:39:12.309000,1.506409,51.83363,-1.0,0
2022-02-02T07:39:13.252000,1.49721,51.890635,-0.774,1
2022-02-02T07:39:14.196000,1.487998,51.947641,-0.631,1
2022-02-02T07:39:32.121000,1.310356,53.030568,2.196,1
2022-02-02T07:39:33.064000,1.300864,53.087556,2.123,0
2022-02-02T07:39:34.008000,1.291358,53.144542,2.15,0
2022-02-02T07:39:34.951000,1.281837,53.201527,2.029,0
2022-02-02T07:39:35.895000,1.272301,53.258511,2.147,0
2022-02-02T07:39:36.838000,1.262751,53.315495,1.954,0
2022-02-02T07:39:37.781000,1.253185,53.372477,2.009,0
2022-02-02T07:39:38.725000,1.243605,53.429459,1.951,0
2022-02-02T07:39:39.668000,1.234009,53.48644,1.763,0
2022-02-02T07:39:40.612000,1.224398,53.54342,1.783,0
2022-02-02T07:39:41.555000,1.214772,53.600399,1.924,0
2022-02-02T07:39:42.499000,1.205131,53.657377,1.769,0
2022-02-02T07:39:43.442000,1.195474,53.714354,1.65,0
2022-02-02T07:39:44.386000,1.185802,53.77133,1.489,0
2022-02-02T07:39:45.329000,1.176115,53.828305,1.525,0
2022-02-02T07:39:46.272000,1.166412,53.885279,1.572,0
2022-02-02T07:39:47.216000,1.156693,53.942253,1.413,0
2022-02-02T07:39:48.159000,1.146958,53.999225,1.345,0
2022-02-02T07:39:49.103000,1.137208,54.056197,1.257,0
2022-02-02T07:39:50.046000,1.127441,54.113167,1.257,0
2022-02-02T07:39:50.990000,1.117659,54.170137,1.342,0
2022-02-02T07:39:51.933000,1.107861,54.227106,1.411,0
2022-02-02T07:39:52.876000,1.098046,54.284074,1.195,0
2022-02-02T07:39:53.820000,1.088216,54.341041,1.062,0
2022-02-02T07:39:54.763000,1.078369,54.398007,1.019,0
2022-02-02T07:39:55.707000,1.068505,54.454972,1.058,0
2022-02-02T07:39:56.650000,1.058625,54.511936,1.085,0
2022-02-02T07:39:57.594000,1.048729,54.568899,0.977,0
2022-02-02T07:39:58.537000,1.038816,54.625861,0.768,0
2022-02-02T07:39:59.481000,1.028887,54.682822,0.719,0
2022-02-02T07:40:00.424000,1.01894,54.739783,0.742,0
2022-02-02T07:40:01.367000,1.008977,54.796742,0.391,0
2022-02-02T07:40:02.311000,0.998997,54.8537,0.58,0
2022-02-02T07:40:03.254000,0.989,54.910658,0.469,0
2022-02-02T07:40:04.198000,0.978985,54.967614,0.613,0
2022-02-02T07:40:05.141000,0.968954,55.02457,0.467,0
2022-02-02T07:40:06.085000,0.958905,55.081525,0.519,0
2022-02-02T07:40:07.028000,0.948839,55.138479,0.318,0
2022-02-02T07:40:07.971000,0.938756,55.195431,0.322,0
2022-02-02T07:40:08.915000,0.928655,55.252383,0.335,0
2022-02-02T07:40:09.858000,0.918536,55.309334,0.345,0
2022-02-02T07:40:10.802000,0.9084,55.366284,0.28,0
2022-02-02T07:40:11.745000,0.898245,55.423233,0.257,0
2022-02-02T07:40:12.689000,0.888073,55.480181,0.238,0
2022-02-02T07:40:13.632000,0.877883,55.537128,0.169,0
2022-02-02T07:40:14.576000,0.867675,55.594074,0.036,0
2022-02-02T07:40:15.519000,0.857449,55.651019,0.074,0
2022-02-02T07:40:16.462000,0.847205,55.707963,0.066,0
2022-02-02T07:40:17.406000,0.836942,55.764907,0.178,0
2022-02-02T07:40:18.349000,0.82666,55.821849,0.1,0
2022-02-02T07:40:19.293000,0.816361,55.87879,0.051,0
2022-02-02T07:40:20.236000,0.806042,55.935731,0.1,0
2022-02-02T19:33:50.577000,8.026475,55.975561,-0.002,1
2022-02-02T19:33:51.520000,8.016153,55.918695,-0.056,1
2022-02-02T19:33:52.464000,8.00585,55.861829,-0.07,1
2022-02-02T19:33:53.407000,7.995565,55.804962,-0.107,1
2022-02-02T19:33:54.351000,7.985298,55.748094,-0.149,1
2022-02-02T19:33:55.294000,7.97505,55.691225,-0.197,1
2022-02-02T19:33:56.237000,7.964821,55.634355,-0.226,1
2022-02-02T19:33:57.181000,7.954609,55.577484,-0.292,1
2022-02-02T19:33:58.124000,7.944415,55.520613,-0.423,1
2022-02-02T19:33:59.068000,7.93424,55.463741,-0.474,1
2022-02-02T19:34:00.011000,7.924082,55.406867,-0.467,0
2022-02-02T19:34:00.955000,7.913942,55.349993,-0.488,0
2022-02-02T19:34:01.898000,7.90382,55.293118,-0.478,0
2022-02-02T19:34:02.842000,7.893716,55.236243,-0.524,0
2022-02-02T19:34:03.785000,7.883629,55.179366,-0.517,0
2022-02-02T19:34:04.728000,7.87356,55.122489,-0.568,0
2022-02-02T19:34:05.672000,7.863507,55.065611,-0.563,0
2022-02-02T19:34:06.615000,7.853473,55.008732,-0.571,0
2022-02-02T19:34:07.559000,7.843455,54.951852,-0.598,0
2022-02-02T19:34:08.502000,7.833455,54.894971,-0.619,0
2022-02-02T19:34:09.446000,7.823471,54.838089,-0.661,0
2022-02-02T19:34:10.389000,7.813505,54.781207,-0.711,0
2022-02-02T19:34:11.332000,7.803555,54.724324,-0.706,0
2022-02-02T19:34:12.276000,7.793623,54.66744,-0.709,0
2022-02-02T19:34:13.219000,7.783707,54.610555,-0.727,0
2022-02-02T19:34:14.163000,7.773807,54.553669,-0.743,0
2022-02-02T19:34:15.106000,7.763924,54.496782,-0.729,0
2022-02-02T19:34:16.050000,7.754058,54.439895,-0.724,0
2022-02-02T19:34:16.993000,7.744208,54.383007,-0.692,0
2022-02-02T19:34:17.937000,7.734374,54.326118,-0.689,0
2022-02-02T19:34:18.880000,7.724557,54.269228,-0.685,1
2022-02-02T19:34:19.823000,7.714755,54.212337,-0.647,1
2022-02-02T19:34:20.767000,7.70497,54.155446,-0.632,1
2022-02-02T19:34:21.710000,7.695201,54.098553,-0.639,0
2022-02-02T19:34:22.654000,7.685447,54.04166,-0.652,0
2022-02-02T19:34:23.597000,7.67571,53.984766,-0.618,0
2022-02-02T19:34:24.541000,7.665988,53.927871,-0.586,0
2022-02-02T19:34:25.484000,7.656282,53.870976,-0.554,1
2022-02-02T19:34:26.427000,7.646591,53.814079,-0.53,1
2022-02-04T07:36:46.940000,0.793345,49.939453,-3.698,1
2022-02-04T07:36:47.884000,0.784556,49.996481,-3.704,1
2022-02-04T07:36:48.827000,0.775756,50.053508,-3.59,0
2022-02-04T07:36:49.771000,0.766944,50.110535,-3.572,0
2022-02-04T07:36:50.714000,0.758121,50.16756,-3.51,0
2022-02-04T07:36:51.657000,0.749286,50.224585,-3.471,0
2022-02-04T07:36:52.601000,0.740439,50.281609,-3.429,0
2022-02-04T07:36:53.544000,0.731581,50.338631,-3.429,0
2022-02-04T07:36:54.488000,0.722711,50.395654,-3.393,0
2022-02-04T07:36:55.431000,0.713829,50.452675,-3.349,0
2022-02-04T07:36:56.375000,0.704936,50.509695,-3.324,0
2022-02-04T07:36:57.318000,0.69603,50.566714,-3.247,0
2022-02-04T07:36:58.262000,0.687112,50.623733,-3.236,0
2022-02-04T07:36:59.205000,0.678183,50.680751,-3.21,0
2022-02-04T07:37:00.148000,0.669241,50.737768,-3.212,1
2022-02-04T07:37:01.092000,0.660287,50.794784,-3.22,1
2022-02-04T07:37:35.999000,0.319939,52.903748,3.587,1
2022-02-04T07:37:36.942000,0.310481,52.96073,3.567,1
2022-02-04T07:37:46.377000,0.215088,53.530499,2.981,1
2022-02-04T07:37:49.207000,0.186178,53.701412,2.704,1
2022-02-04T07:37:50.151000,0.17651,53.758381,2.629,1
2022-02-04T07:37:51.094000,0.166827,53.815349,2.557,1
2022-02-04T07:37:52.037000,0.157128,53.872317,2.472,0
2022-02-04T07:37:52.981000,0.147414,53.929283,2.404,0
2022-02-04T07:37:53.924000,0.137683,53.986248,2.343,0
2022-02-04T07:37:54.868000,0.127937,54.043213,2.301,0
2022-02-04T07:37:55.811000,0.118176,54.100176,2.203,1
2022-02-04T07:37:56.755000,0.108398,54.157139,2.143,1
2022-02-04T07:37:57.698000,0.098604,54.214101,2.086,0
2022-02-04T07:37:58.641000,0.088794,54.271061,1.997,0
2022-02-04T07:37:59.585000,0.078968,54.328021,1.958,0
2022-02-04T07:38:00.528000,0.069126,54.38498,1.879,0
2022-02-04T07:38:01.472000,0.059267,54.441938,1.82,0
2022-02-04T07:38:02.415000,0.049392,54.498895,1.765,0
2022-02-04T07:38:03.359000,0.0395,54.555851,1.7,0
2022-02-04T07:38:04.302000,0.029592,54.612806,1.68,0
2022-02-04T07:38:05.246000,0.019667,54.669761,1.61,0
2022-02-04T07:38:06.189000,0.009726,54.726714,1.564,0
2022-02-04T07:38:07.132000,-0.000233,54.783666,1.502,0
2022-02-04T07:38:08.076000,-0.010208,54.840618,1.464,0
2022-02-04T07:38:09.019000,-0.0202,54.897568,1.436,0
2022-02-04T07:38:09.963000,-0.03021,54.954517,1.406,0
2022-02-04T07:38:10.906000,-0.040236,55.011466,1.369,0
2022-02-04T07:38:11.850000,-0.05028,55.068414,1.344,0
2022-02-04T07:38:12.793000,-0.060341,55.12536,1.272,0
2022-02-04T07:38:13.736000,-0.07042,55.182306,1.245,0
2022-02-04T07:38:14.680000,-0.080516,55.239251,1.201,0
2022-02-04T07:38:15.623000,-0.09063,55.296194,1.17,0
2022-02-04T07:38:16.567000,-0.100761,55.353137,1.087,0
2022-02-04T07:38:17.510000,-0.11091,55.410079,1.059,0
2022-02-04T07:38:18.454000,-0.121077,55.46702,1.012,0
2022-02-04T07:38:19.397000,-0.131262,55.52396,0.981,0
2022-02-04T07:38:20.341000,-0.141465,55.580899,0.933,0
2022-02-04T07:38:21.284000,-0.151686,55.637837,0.9,0
2022-02-04T07:38:22.227000,-0.161925,55.694774,0.855,0
2022-02-04T07:38:23.171000,-0.172183,55.75171,0.804,0
2022-02-04T07:38:24.114000,-0.182459,55.808645,0.753,0
2022-02-04T07:38:25.058000,-0.192753,55.86558,0.695,0
2022-02-04T07:38:26.001000,-0.203066,55.922513,0.668,0
2022-02-04T07:38:26.945000,-0.213398,55.979445,0.631,0
2022-02-04T19:31:57.285000,7.007823,55.93911,0.397,0
2022-02-04T19:31:58.229000,6.997513,55.882248,0.405,0
2022-02-04T19:31:59.172000,6.987222,55.825387,0.398,0
2022-02-04T19:32:00.116000,6.976949,55.768524,0.413,0
2022-02-04T19:32:01.059000,6.966695,55.71166,0.405,0
2022-02-04T19:32:02.003000,6.956458,55.654795,0.381,0
2022-02-04T19:32:02.946000,6.94624,55.59793,0.374,0
2022-02-04T19:32:03.889000,6.93604,55.541063,0.364,0
2022-02-04T19:32:04.833000,6.925859,55.484196,0.366,0
2022-02-04T19:32:05.776000,6.915695,55.427328,0.328,0
2022-02-04T19:32:06.720000,6.905549,55.370459,0.303,0
2022-02-04T19:32:07.663000,6.89542,55.31359,0.319,0
2022-02-04T19:32:08.607000,6.88531,55.256719,0.293,0
2022-02-04T19:32:09.550000,6.875216,55.199848,0.297,0
2022-02-04T19:32:10.493000,6.865141,55.142975,0.245,0
2022-02-04T19:32:11.437000,6.855083,55.086102,0.261,0
2022-02-04T19:32:12.380000,6.845042,55.029228,0.243,0
2022-02-04T19:32:13.324000,6.835018,54.972354,0.233,0
2022-02-04T19:32:14.267000,6.825012,54.915478,0.227,0
2022-02-04T19:32:15.211000,6.815022,54.858601,0.221,0
2022-02-04T19:32:16.154000,6.80505,54.801724,0.21,0
2022-02-04T19:32:17.098000,6.795094,54.744846,0.221,0
2022-02-04T19:32:18.041000,6.785156,54.687967,0.208,0
2022-02-04T19:32:18.984000,6.775234,54.631087,0.188,0
2022-02-04T19:32:19.928000,6.765328,54.574206,0.193,0
2022-02-04T19:32:20.871000,6.75544,54.517325,0.192,0
2022-02-04T19:32:21.815000,6.745567,54.460442,0.178,0
2022-02-04T19:32:22.758000,6.735712,54.403559,0.127,0
2022-02-04T19:32:23.702000,6.725872,54.346675,0.14,0
2022-02-04T19:32:24.645000,6.716049,54.28979,0.145,0
2022-02-04T19:32:25.588000,6.706242,54.232904,0.13,0
2022-02-04T19:32:26.532000,6.696451,54.176018,0.147,0
2022-02-04T19:32:27.475000,6.686676,54.11913,0.134,0
2022-02-04T19:32:28.419000,6.676917,54.062242,0.158,0
2022-02-04T19:32:29.362000,6.667174,54.005353,0.14,0
2022-02-04T19:32:30.306000,6.657446,53.948463,0.159,0
2022-02-04T19:32:31.249000,6.647735,53.891573,0.147,0
2022-02-04T19:32:32.193000,6.638039,53.834681,0.215,0
2022-02-04T19:32:33.136000,6.628358,53.777789,0.229,0
2022-02-04T19:32:34.079000,6.618693,53.720896,0.279,1
2022-02-04T19:32:35.023000,6.609044,53.664002,0.313,1
2022-02-06T07:34:48.932000,-0.18244,49.704257,-2.447,0
2022-02-06T07:34:49.875000,-0.191183,49.761281,-2.415,0
2022-02-06T07:34:50.818000,-0.199936,49.818304,-2.323,0
2022-02-06T07:34:51.762000,-0.208701,49.875327,-2.316,0
2022-02-06T07:34:52.705000,-0.217478,49.932348,-2.301,0
2022-02-06T07:34:53.649000,-0.226265,49.989369,-2.275,0
2022-02-06T07:34:54.592000,-0.235064,50.046389,-2.192,0
2022-02-06T07:34:55.536000,-0.243875,50.103408,-2.126,0
2022-02-06T07:34:56.479000,-0.252697,50.160426,-2.201,0
2022-02-06T07:34:57.423000,-0.261531,50.217443,-2.041,0
2022-02-06T07:34:58.366000,-0.270377,50.27446,-1.884,0
2022-02-06T07:34:59.309000,-0.279234,50.331475,-1.919,0
2022-02-06T07:35:00.253000,-0.288103,50.38849,-1.894,0
2022-02-06T07:35:01.196000,-0.296984,50.445504,-1.802,0
2022-02-06T07:35:02.140000,-0.305876,50.502517,-1.69,0
2022-02-06T07:35:03.083000,-0.314781,50.559529,-1.827,0
2022-02-06T07:35:04.027000,-0.323697,50.61654,-1.753,0
2022-02-06T07:35:04.970000,-0.332626,50.67355,-1.648,0
2022-02-06T07:35:05.913000,-0.341566,50.730559,-1.756,1
2022-02-06T07:36:11.011000,-0.991041,54.662036,1.941,1
2022-02-06T07:36:11.954000,-1.000981,54.718982,1.926,1
2022-02-06T07:36:12.897000,-1.010938,54.775927,1.887,1
2022-02-06T07:36:13.841000,-1.020911,54.832871,1.897,0
2022-02-06T07:36:14.784000,-1.030902,54.889813,1.826,0
2022-02-06T07:36:15.728000,-1.040909,54.946755,1.81,0
2022-02-06T07:36:16.671000,-1.050934,55.003696,1.772,0
2022-02-06T07:36:17.615000,-1.060976,55.060636,1.769,0
2022-02-06T07:36:18.558000,-1.071035,55.117576,1.707,0
2022-02-06T07:36:19.502000,-1.081112,55.174514,1.682,0
2022-02-06T07:36:20.445000,-1.091206,55.231451,1.671,0
2022-02-06T07:36:21.388000,-1.101318,55.288387,1.633,0
2022-02-06T07:36:22.332000,-1.111447,55.345322,1.606,0
2022-02-06T07:36:23.275000,-1.121595,55.402257,1.545,0
2022-02-06T07:36:24.219000,-1.131759,55.45919,1.501,0
2022-02-06T07:36:25.162000,-1.141942,55.516122,1.462,0
2022-02-06T07:36:26.106000,-1.152143,55.573054,1.444,0
2022-02-06T07:36:27.049000,-1.162362,55.629984,1.399,0
2022-02-06T07:36:27.992000,-1.1726,55.686914,1.379,0
2022-02-06T07:36:28.936000,-1.182855,55.743842,1.332,0
2022-02-06T07:36:29.879000,-1.193129,55.80077,1.31,0
2022-02-06T07:36:30.823000,-1.203422,55.857697,1.301,0
2022-02-06T07:36:31.766000,-1.213733,55.914622,1.258,0
2022-02-06T07:36:32.710000,-1.224062,55.971547,1.203,0
2022-02-06T19:30:03.050000,5.999229,55.953978,0.581,0
2022-02-06T19:30:03.994000,5.988913,55.897122,0.577,0
2022-02-06T19:30:04.937000,5.978615,55.840264,0.538,0
2022-02-06T19:30:05.881000,5.968336,55.783406,0.546,0
2022-02-06T19:30:06.824000,5.958076,55.726546,0.539,0
2022-02-06T19:30:07.768000,5.947834,55.669686,0.569,0
2022-02-06T19:30:08.711000,5.93761,55.612825,0.56,0
2022-02-06T19:30:09.654000,5.927404,55.555963,0.548,0
2022-02-06T19:30:10.598000,5.917216,55.4991,0.515,0
2022-02-06T19:30:11.541000,5.907047,55.442236,0.505,0
2022-02-06T19:30:12.485000,5.896895,55.385372,0.551,0
2022-02-06T19:30:13.428000,5.886761,55.328506,0.504,0
2022-02-06T19:30:14.372000,5.876644,55.27164,0.575,0
2022-02-06T19:30:15.315000,5.866546,55.214773,0.522,0
2022-02-06T19:30:16.259000,5.856464,55.157905,0.534,0
2022-02-06T19:30:17.202000,5.8464,55.101036,0.488,0
2022-02-06T19:30:18.145000,5.836354,55.044167,0.489,0
2022-02-06T19:30:19.089000,5.826325,54.987296,0.491,0
2022-02-06T19:30:20.032000,5.816313,54.930425,0.468,0
2022-02-06T19:30:20.976000,5.806318,54.873552,0.45,0
2022-02-06T19:30:21.919000,5.79634,54.816679,0.472,0
2022-02-06T19:30:22.863000,5.786379,54.759805,0.452,0
2022-02-06T19:30:23.806000,5.776434,54.702931,0.423,0
2022-02-06T19:30:24.749000,5.766507,54.646055,0.451,0
2022-02-06T19:30:25.693000,5.756596,54.589179,0.485,0
2022-02-06T19:30:26.636000,5.746702,54.532301,0.492,0
2022-02-06T19:30:27.580000,5.736824,54.475423,0.493,0
2022-02-06T19:30:28.523000,5.726963,54.418544,0.496,0
2022-02-06T19:30:29.467000,5.717118,54.361664,0.485,0
2022-02-06T19:30:30.410000,5.70729,54.304784,0.42,0
2022-02-06T19:30:31.354000,5.697477,54.247902,0.417,0
2022-02-06T19:30:32.297000,5.687681,54.19102,0.499,0
2022-02-06T19:30:33.240000,5.677901,54.134137,0.475,0
2022-02-06T19:30:34.184000,5.668136,54.077253,0.541,0
2022-02-06T19:30:35.127000,5.658388,54.020368,0.604,0
2022-02-06T19:30:36.071000,5.648655,53.963482,0.588,0
2022-02-06T19:30:37.014000,5.638938,53.906595,0.577,0
2022-02-06T19:30:37.958000,5.629237,53.849708,0.509,0
2022-02-06T19:30:38.901000,5.619552,53.79282,0.642,0
2022-02-06T19:30:39.844000,5.609882,53.735931,0.658,0
2022-02-06T19:30:40.788000,5.600227,53.679041,0.684,0
2022-02-06T19:30:41.731000,5.590587,53.62215,0.719,0
2022-02-06T19:30:42.675000,5.580964,53.565259,0.764,1
2022-02-06T19:30:43.618000,5.571355,53.508367,0.834,1
2022-02-08T07:32:54.697000,-1.193738,49.701267,-1.91,1
2022-02-08T07:32:55.640000,-1.20248,49.758284,-1.824,1
2022-02-08T07:32:56.583000,-1.211234,49.815299,-1.689,1
2022-02-08T07:32:57.527000,-1.219999,49.872314,-1.592,0
2022-02-08T07:32:58.470000,-1.228775,49.929328,-1.483,0
2022-02-08T07:32:59.414000,-1.237563,49.986341,-1.403,0
2022-02-08T07:33:00.357000,-1.246362,50.043353,-1.306,0
2022-02-08T07:33:01.301000,-1.255172,50.100365,-1.211,0
2022-02-08T07:33:02.244000,-1.263994,50.157375,-1.142,0
2022-02-08T07:33:03.188000,-1.272828,50.214385,-1.067,0
2022-02-08T07:33:04.131000,-1.281674,50.271393,-0.986,0
2022-02-08T07:33:05.074000,-1.290531,50.328401,-0.912,0
2022-02-08T07:33:06.018000,-1.2994,50.385408,-0.859,0
2022-02-08T07:33:06.961000,-1.30828,50.442414,-0.767,1
2022-02-08T07:33:07.905000,-1.317173,50.499419,-0.704,1
2022-02-08T19:28:08.815000,4.990072,55.96462,0.35,0
2022-02-08T19:28:09.759000,4.979751,55.907767,0.343,0
2022-02-08T19:28:10.702000,4.969449,55.850913,0.36,0
2022-02-08T19:28:11.646000,4.959166,55.794058,0.338,0
2022-02-08T19:28:12.589000,4.948901,55.737202,0.333,0
2022-02-08T19:28:13.533000,4.938654,55.680345,0.339,0
2022-02-08T19:28:14.476000,4.928426,55.623488,0.348,0
2022-02-08T19:28:15.420000,4.918216,55.566629,0.312,0
2022-02-08T19:28:16.363000,4.908024,55.50977,0.3,0
2022-02-08T19:28:17.306000,4.897849,55.45291,0.273,0
2022-02-08T19:28:18.250000,4.887693,55.396048,0.272,0
2022-02-08T19:28:19.193000,4.877555,55.339186,0.272,0
2022-02-08T19:28:20.137000,4.867434,55.282324,0.251,0
2022-02-08T19:28:21.080000,4.857331,55.22546,0.244,0
2022-02-08T19:28:22.024000,4.847245,55.168595,0.237,0
2022-02-08T19:28:22.967000,4.837177,55.11173,0.199,0
2022-02-08T19:28:23.910000,4.827126,55.054864,0.183,0
2022-02-08T19:28:24.854000,4.817093,54.997996,0.169,0
2022-02-08T19:28:25.797000,4.807076,54.941128,0.134,0
2022-02-08T19:28:26.741000,4.797077,54.88426,0.137,0
2022-02-08T19:28:27.684000,4.787095,54.82739,0.105,0
2022-02-08T19:28:28.628000,4.77713,54.770519,0.071,0
2022-02-08T19:28:29.571000,4.767181,54.713648,0.075,0
2022-02-08T19:28:30.514000,4.75725,54.656775,0.023,0
2022-02-08T19:28:31.458000,4.747335,54.599902,0.03,0
2022-02-08T19:28:32.401000,4.737436,54.543028,0.04,0
2022-02-08T19:28:33.345000,4.727555,54.486154,-0.005,0
2022-02-08T19:28:34.288000,4.717689,54.429278,0.009,0
2022-02-08T19:28:35.232000,4.70784,54.372401,-0.049,0
2022-02-08T19:28:36.175000,4.698007,54.315524,-0.045,0
2022-02-08T19:28:37.119000,4.688191,54.258646,-0.057,0
2022-02-08T19:28:38.062000,4.678391,54.201766,-0.115,0
2022-02-08T19:28:39.005000,4.668606,54.144887,-0.127,0
2022-02-08T19:28:39.949000,4.658838,54.088006,-0.131,0
2022-02-08T19:28:40.892000,4.649086,54.031124,-0.146,0
2022-02-08T19:28:41.836000,4.639349,53.974242,-0.153,0
2022-02-08T19:28:42.779000,4.629628,53.917358,-0.17,0
2022-02-08T19:28:43.723000,4.619923,53.860474,-0.142,0
2022-02-08T19:28:44.666000,4.610233,53.803589,-0.128,0
2022-02-08T19:28:45.609000,4.600559,53.746703,-0.136,0
2022-02-08T19:28:46.553000,4.590901,53.689817,-0.146,0
2022-02-08T19:28:47.496000,4.581258,53.632929,-0.11,0
2022-02-08T19:28:48.440000,4.57163,53.576041,-0.098,0
2022-02-08T19:28:49.383000,4.562017,53.519152,-0.046,0
2022-02-08T19:28:50.327000,4.55242,53.462262,-0.009,0
2022-02-08T19:28:51.270000,4.542837,53.405371,0.017,0
2022-02-08T19:28:52.214000,4.53327,53.348479,0.066,0
2022-02-08T19:28:53.157000,4.523717,53.291587,0.149,0
2022-02-08T19:28:54.100000,4.51418,53.234693,0.19,0
2022-02-08T19:28:55.044000,4.504657,53.177799,0.276,0
2022-02-08T19:28:55.987000,4.495149,53.120904,0.351,0
2022-02-08T19:28:56.931000,4.485655,53.064008,0.442,1
2022-02-08T19:28:57.874000,4.476177,53.007112,0.559,1
2022-02-08T19:28:58.818000,4.466712,52.950214,0.641,1
2022-02-08T19:28:59.761000,4.457262,52.893316,0.753,0
2022-02-08T19:29:00.704000,4.447827,52.836417,0.815,0
2022-02-08T19:29:01.648000,4.438406,52.779517,0.902,1
2022-02-08T19:29:02.591000,4.428999,52.722616,0.98,1
2022-02-08T19:29:03.535000,4.419606,52.665715,1.018,1
2022-02-08T19:29:04.478000,4.410228,52.608812,1.088,1
2022-02-08T19:29:05.422000,4.400864,52.551909,1.166,1
2022-02-08T19:29:06.365000,4.391513,52.495005,1.251,1
2022-02-08T19:29:07.309000,4.382177,52.4381,1.283,1
2022-02-08T19:29:08.252000,4.372854,52.381194,1.315,1
2022-02-08T19:29:09.195000,4.363545,52.324288,1.305,1
2022-02-08T19:29:10.139000,4.35425,52.267381,1.354,1
2022-02-10T07:31:02.349000,-2.222356,49.815452,-0.741,1
2022-02-10T07:31:03.292000,-2.231121,49.872459,-0.68,0
2022-02-10T07:31:04.235000,-2.239897,49.929465,-0.607,0
2022-02-10T07:31:05.179000,-2.248684,49.98647,-0.527,0
2022-02-10T07:31:06.122000,-2.257483,50.043475,-0.503,0
2022-02-10T07:31:07.066000,-2.266294,50.100478,-0.428,0
2022-02-10T07:31:08.009000,-2.275116,50.157481,-0.372,0
2022-02-10T07:31:08.953000,-2.283949,50.214483,-0.308,0
2022-02-10T07:31:09.896000,-2.292794,50.271484,-0.247,0
2022-02-10T07:31:10.839000,-2.301651,50.328484,-0.204,0
2022-02-10T07:31:11.783000,-2.31052,50.385483,-0.161,0
2022-02-10T07:31:12.726000,-2.3194,50.442481,-0.094,1
2022-02-10T07:31:13.670000,-2.328293,50.499479,-0.029,1
2022-02-10T07:31:14.613000,-2.337197,50.556475,0.05,1
2022-02-10T19:26:14.580000,3.980101,55.971575,0.015,0
2022-02-10T19:26:15.524000,3.969778,55.914724,0.05,0
2022-02-10T19:26:16.467000,3.959473,55.857873,0.035,0
2022-02-10T19:26:17.411000,3.949188,55.80102,0.079,0
2022-02-10T19:26:18.354000,3.93892,55.744167,0.065,0
2022-02-10T19:26:19.298000,3.928671,55.687312,0.077,0
2022-02-10T19:26:20.241000,3.918441,55.630457,0.101,0
2022-02-10T19:26:21.185000,3.908228,55.573601,0.094,0
2022-02-10T19:26:22.128000,3.898034,55.516744,0.072,0
2022-02-10T19:26:23.071000,3.887857,55.459886,0.086,0
2022-02-10T19:26:24.015000,3.877699,55.403028,0.081,0
2022-02-10T19:26:24.958000,3.867558,55.346168,0.075,0
2022-02-10T19:26:25.902000,3.857435,55.289307,0.108,0
2022-02-10T19:26:26.845000,3.84733,55.232446,0.102,0
2022-02-10T19:26:27.789000,3.837242,55.175584,0.13,0
2022-02-10T19:26:28.732000,3.827171,55.118721,0.111,0
2022-02-10T19:26:29.675000,3.817118,55.061857,0.104,0
2022-02-10T19:26:30.619000,3.807083,55.004992,0.112,0
2022-02-10T19:26:31.562000,3.797064,54.948126,0.084,0
2022-02-10T19:26:32.506000,3.787063,54.89126,0.047,0
2022-02-10T19:26:33.449000,3.777078,54.834392,0.054,0
2022-02-10T19:26:34.393000,3.767111,54.777524,0.066,0
2022-02-10T19:26:35.336000,3.75716,54.720655,0.065,0
2022-02-10T19:26:36.280000,3.747227,54.663785,0.014,0
2022-02-10T19:26:37.223000,3.737309,54.606914,0.021,0
2022-02-10T19:26:38.166000,3.727409,54.550042,0.015,0
2022-02-10T19:26:39.110000,3.717525,54.49317,-0.014,0
2022-02-10T19:26:40.053000,3.707658,54.436296,0.013,0
2022-02-10T19:26:40.997000,3.697806,54.379422,-0.022,0
2022-02-10T19:26:41.940000,3.687972,54.322547,-0.047,0
2022-02-10T19:26:42.884000,3.678153,54.265671,-0.022,0
2022-02-10T19:26:43.827000,3.668351,54.208794,-0.056,0
2022-02-10T19:26:44.770000,3.658564,54.151916,-0.095,0
2022-02-10T19:26:45.714000,3.648794,54.095038,-0.077,0
2022-02-10T19:26:46.657000,3.639039,54.038158,-0.126,0
2022-02-10T19:26:47.601000,3.629301,53.981278,-0.135,0
2022-02-10T19:26:48.544000,3.619578,53.924397,-0.15,0
2022-02-10T19:26:49.488000,3.609871,53.867515,-0.135,0
2022-02-10T19:26:50.431000,3.600179,53.810632,-0.18,0
2022-02-10T19:26:51.375000,3.590503,53.753749,-0.209,0
2022-02-10T19:26:52.318000,3.580842,53.696864,-0.201,0
2022-02-10T19:26:53.261000,3.571197,53.639979,-0.209,0
2022-02-10T19:26:54.205000,3.561567,53.583093,-0.231,0
2022-02-10T19:26:55.148000,3.551953,53.526206,-0.219,0
2022-02-10T19:26:56.092000,3.542353,53.469318,-0.269,0
2022-02-10T19:26:57.035000,3.532769,53.412429,-0.249,0
2022-02-10T19:26:57.979000,3.5232,53.35554,-0.25,0
2022-02-10T19:26:58.922000,3.513645,53.298649,-0.244,0
2022-02-10T19:26:59.865000,3.504106,53.241758,-0.228,0
2022-02-10T19:27:00.809000,3.494581,53.184866,-0.231,0
2022-02-10T19:27:01.752000,3.485071,53.127973,-0.22,0
2022-02-10T19:27:02.696000,3.475575,53.071079,-0.183,0
2022-02-10T19:27:03.639000,3.466095,53.014185,-0.195,0
2022-02-10T19:27:04.583000,3.456629,52.957289,-0.154,0
2022-02-10T19:27:05.526000,3.447177,52.900393,-0.132,0
2022-02-10T19:27:06.470000,3.43774,52.843496,-0.113,0
2022-02-10T19:27:07.413000,3.428317,52.786598,-0.078,0
2022-02-10T19:27:08.356000,3.418908,52.729699,-0.039,0
2022-02-10T19:27:09.300000,3.409513,52.6728,0.008,0
2022-02-10T19:27:10.243000,3.400133,52.615899,0.044,0
2022-02-10T19:27:11.187000,3.390767,52.558998,0.061,0
2022-02-10T19:27:12.130000,3.381415,52.502096,0.102,0
2022-02-10T19:27:13.074000,3.372076,52.445193,0.147,0
2022-02-10T19:27:14.017000,3.362752,52.38829,0.179,0
2022-02-10T19:27:14.960000,3.353441,52.331385,0.241,0
2022-02-10T19:27:15.904000,3.344144,52.27448,0.27,0
2022-02-10T19:27:16.847000,3.334861,52.217574,0.312,0
2022-02-10T19:27:17.791000,3.325591,52.160667,0.342,0
2022-02-10T19:27:18.734000,3.316335,52.103759,0.399,0
2022-02-10T19:27:19.678000,3.307093,52.04685,0.48,0
2022-02-10T19:27:20.621000,3.297864,51.989941,0.534,0
2022-02-10T19:27:21.565000,3.288648,51.933031,0.59,0
2022-02-10T19:27:22.508000,3.279446,51.87612,0.653,0
2022-02-10T19:27:23.451000,3.270256,51.819208,0.698,0
2022-02-10T19:27:24.395000,3.26108,51.762295,0.775,0
2022-02-10T19:27:25.338000,3.251917,51.705381,0.841,0
2022-02-10T19:27:26.282000,3.242768,51.648467,0.884,0
2022-02-10T19:27:27.225000,3.233631,51.591552,0.948,0
2022-02-10T19:27:28.169000,3.224507,51.534636,1.014,1
2022-02-10T19:27:29.112000,3.215396,51.477719,1.054,1
2022-02-10T19:27:30.055000,3.206298,51.420802,1.125,1
2022-02-12T19:24:20.346000,2.969154,55.97422,-0.321,0
2022-02-12T19:24:21.289000,2.958831,55.917371,-0.306,0
2022-02-12T19:24:22.232000,2.948527,55.86052,-0.322,0
2022-02-12T19:24:23.176000,2.938241,55.803669,-0.331,0
2022-02-12T19:24:24.119000,2.927974,55.746817,-0.316,0
2022-02-12T19:24:25.063000,2.917726,55.689964,-0.348,0
2022-02-12T19:24:26.006000,2.907496,55.63311,-0.306,0
2022-02-12T19:24:26.950000,2.897283,55.576255,-0.278,0
2022-02-12T19:24:27.893000,2.887089,55.5194,-0.319,0
2022-02-12T19:24:28.836000,2.876913,55.462543,-0.278,0
2022-02-12T19:24:29.780000,2.866755,55.405686,-0.298,0
2022-02-12T19:24:30.723000,2.856614,55.348828,-0.265,0
2022-02-12T19:24:31.667000,2.846491,55.291968,-0.276,0
2022-02-12T19:24:32.610000,2.836386,55.235108,-0.233,0
2022-02-12T19:24:33.554000,2.826299,55.178247,-0.228,0
2022-02-12T19:24:34.497000,2.816229,55.121386,-0.269,0
2022-02-12T19:24:35.441000,2.806176,55.064523,-0.309,0
2022-02-12T19:24:36.384000,2.79614,55.007659,-0.259,0
2022-02-12T19:24:37.327000,2.786122,54.950795,-0.264,0
2022-02-12T19:24:38.271000,2.776121,54.89393,-0.294,0
2022-02-12T19:24:39.214000,2.766137,54.837064,-0.27,0
2022-02-12T19:24:40.158000,2.75617,54.780197,-0.25,0
2022-02-12T19:24:41.101000,2.74622,54.723329,-0.25,0
2022-02-12T19:24:42.045000,2.736286,54.66646,-0.248,0
2022-02-12T19:24:42.988000,2.726369,54.60959,-0.226,0
2022-02-12T19:24:43.931000,2.716469,54.55272,-0.256,0
2022-02-12T19:24:44.875000,2.706585,54.495848,-0.243,0
2022-02-12T19:24:45.818000,2.696718,54.438976,-0.24,0
2022-02-12T19:24:46.762000,2.686867,54.382103,-0.27,0
2022-02-12T19:24:47.705000,2.677033,54.325229,-0.244,0
2022-02-12T19:24:48.649000,2.667215,54.268354,-0.229,0
2022-02-12T19:24:49.592000,2.657412,54.211479,-0.283,0
2022-02-12T19:24:50.536000,2.647626,54.154602,-0.29,0
2022-02-12T19:24:51.479000,2.637856,54.097725,-0.27,0
2022-02-12T19:24:52.422000,2.628102,54.040846,-0.293,0
2022-02-12T19:24:53.366000,2.618364,53.983967,-0.294,0
2022-02-12T19:24:54.309000,2.608641,53.927087,-0.24,0
2022-02-12T19:24:55.253000,2.598934,53.870206,-0.262,0
2022-02-12T19:24:56.196000,2.589243,53.813325,-0.242,0
2022-02-12T19:24:57.140000,2.579567,53.756442,-0.256,0
2022-02-12T19:24:58.083000,2.569907,53.699559,-0.239,0
2022-02-12T19:24:59.026000,2.560262,53.642675,-0.252,0
2022-02-12T19:24:59.970000,2.550632,53.585789,-0.23,0
2022-02-12T19:25:00.913000,2.541018,53.528903,-0.23,0
2022-02-12T19:25:01.857000,2.531419,53.472017,-0.218,0
2022-02-12T19:25:02.800000,2.521835,53.415129,-0.222,0
2022-02-12T19:25:03.744000,2.512265,53.358241,-0.206,0
2022-02-12T19:25:04.687000,2.502711,53.301351,-0.146,0
2022-02-12T19:25:05.631000,2.493172,53.244461,-0.158,0
2022-02-12T19:25:06.574000,2.483648,53.18757,-0.167,0
2022-02-12T19:25:07.517000,2.474138,53.130678,-0.113,0
2022-02-12T19:25:08.461000,2.464643,53.073785,-0.154,0
2022-02-12T19:25:09.404000,2.455163,53.016892,-0.11,0
2022-02-12T19:25:10.348000,2.445697,52.959998,-0.118,0
2022-02-12T19:25:11.291000,2.436245,52.903102,-0.097,0
2022-02-12T19:25:12.235000,2.426808,52.846206,-0.136,0
2022-02-12T19:25:13.178000,2.417385,52.789309,-0.083,0
2022-02-12T19:25:14.121000,2.407977,52.732411,-0.138,0
2022-02-12T19:25:15.065000,2.398583,52.675513,-0.113,0
2022-02-12T19:25:16.008000,2.389203,52.618614,-0.103,0
2022-02-12T19:25:16.952000,2.379837,52.561713,-0.069,0
2022-02-12T19:25:17.895000,2.370485,52.504812,-0.072,0
2022-02-12T19:25:18.839000,2.361147,52.44791,-0.067,0
2022-02-12T19:25:19.782000,2.351823,52.391008,-0.047,0
2022-02-12T19:25:20.725000,2.342512,52.334104,-0.062,0
2022-02-12T19:25:21.669000,2.333216,52.277199,-0.065,0
2022-02-12T19:25:22.612000,2.323933,52.220294,-0.035,0
2022-02-12T19:25:23.556000,2.314663,52.163388,-0.039,0
2022-02-12T19:25:24.499000,2.305407,52.106481,-0.044,0
2022-02-12T19:25:25.443000,2.296165,52.049574,-0.024,0
2022-02-12T19:25:26.386000,2.286936,51.992665,-0.051,0
2022-02-12T19:25:27.330000,2.277721,51.935756,0.01,0
2022-02-12T19:25:28.273000,2.268519,51.878845,0.004,0
2022-02-12T19:25:29.216000,2.25933,51.821934,-0.002,0
2022-02-12T19:25:30.160000,2.250154,51.765022,0.026,0
2022-02-12T19:25:31.103000,2.240992,51.70811,0.03,0
2022-02-12T19:25:32.047000,2.231842,51.651196,0.05,0
2022-02-12T19:25:32.990000,2.222706,51.594282,0.087,0
2022-02-12T19:25:33.934000,2.213582,51.537367,0.1,0
2022-02-12T19:25:34.877000,2.204471,51.480451,0.123,0
2022-02-12T19:25:35.820000,2.195374,51.423534,0.166,0
2022-02-12T19:25:36.764000,2.186289,51.366616,0.215,0
2022-02-12T19:25:37.707000,2.177216,51.309698,0.253,0
2022-02-12T19:25:38.651000,2.168157,51.252779,0.331,0
2022-02-12T19:25:39.594000,2.15911,51.195859,0.384,0
2022-02-12T19:25:40.538000,2.150075,51.138938,0.453,1
2022-02-12T19:25:41.481000,2.141053,51.082016,0.504,1
2022-02-13T06:39:40.021000,8.045562,53.827724,0.935,1
2022-02-13T06:39:40.965000,8.035862,53.884657,0.94,1
2022-02-13T06:39:41.908000,8.026146,53.941589,0.935,0
2022-02-13T06:39:42.852000,8.016415,53.99852,0.929,0
2022-02-13T06:39:43.795000,8.006668,54.055451,0.882,1
2022-02-13T06:39:44.738000,7.996906,54.11238,0.877,1
2022-02-13T06:39:45.682000,7.987127,54.169309,0.844,1
2022-02-13T06:39:46.625000,7.977332,54.226236,0.801,1
2022-02-13T06:39:47.569000,7.967521,54.283163,0.789,1
2022-02-13T06:39:48.512000,7.957694,54.340089,0.755,0
2022-02-13T06:39:49.456000,7.947851,54.397014,0.74,0
2022-02-13T06:39:50.399000,7.937991,54.453937,0.69,0
2022-02-13T06:39:51.342000,7.928115,54.51086,0.67,0
2022-02-13T06:39:52.286000,7.918222,54.567782,0.629,0
2022-02-13T06:39:53.229000,7.908313,54.624704,0.587,0
2022-02-13T06:39:54.173000,7.898387,54.681624,0.601,0
2022-02-13T06:39:55.116000,7.888445,54.738543,0.565,0
2022-02-13T06:39:56.060000,7.878486,54.795461,0.572,0
2022-02-13T06:39:57.003000,7.868509,54.852378,0.557,0
2022-02-13T06:39:57.947000,7.858516,54.909295,0.53,0
2022-02-13T06:39:58.890000,7.848505,54.96621,0.506,0
2022-02-13T06:39:59.833000,7.838478,55.023125,0.475,0
2022-02-13T06:40:00.777000,7.828433,55.080038,0.464,0
2022-02-13T06:40:01.720000,7.818371,55.136951,0.473,0
2022-02-13T06:40:02.664000,7.808291,55.193862,0.438,0
2022-02-13T06:40:03.607000,7.798194,55.250773,0.442,0
2022-02-13T06:40:04.551000,7.78808,55.307683,0.412,0
2022-02-13T06:40:05.494000,7.777947,55.364591,0.474,0
2022-02-13T06:40:06.437000,7.767797,55.421499,0.454,0
2022-02-13T06:40:07.381000,7.757629,55.478406,0.401,0
2022-02-13T06:40:08.324000,7.747443,55.535312,0.403,0
2022-02-13T06:40:09.268000,7.73724,55.592217,0.411,0
2022-02-13T06:40:10.211000,7.727017,55.649121,0.4,0
2022-02-13T06:40:11.155000,7.716777,55.706024,0.348,0
2022-02-13T06:40:12.098000,7.706519,55.762926,0.359,0
2022-02-13T06:40:13.042000,7.696242,55.819827,0.358,0
2022-02-13T06:40:13.985000,7.685946,55.876727,0.341,0
2022-02-13T06:40:14.928000,7.675632,55.933626,0.316,0
2022-02-14T19:22:26.111000,1.957452,55.973211,-0.453,0
2022-02-14T19:22:27.054000,1.947132,55.916362,-0.466,0
2022-02-14T19:22:27.997000,1.93683,55.859512,-0.446,0
2022-02-14T19:22:28.941000,1.926547,55.802661,-0.44,0
2022-02-14T19:22:29.884000,1.916282,55.745809,-0.425,0
2022-02-14T19:22:30.828000,1.906035,55.688957,-0.434,0
2022-02-14T19:22:31.771000,1.895807,55.632103,-0.389,0
2022-02-14T19:22:32.715000,1.885597,55.575249,-0.368,0
2022-02-14T19:22:33.658000,1.875405,55.518393,-0.357,0
2022-02-14T19:22:34.602000,1.865231,55.461537,-0.337,0
2022-02-14T19:22:35.545000,1.855075,55.40468,-0.338,0
2022-02-14T19:22:36.488000,1.844937,55.347822,-0.332,0
2022-02-14T19:22:37.432000,1.834816,55.290963,-0.323,0
2022-02-14T19:22:38.375000,1.824714,55.234103,-0.286,0
2022-02-14T19:22:39.319000,1.814628,55.177243,-0.314,0
2022-02-14T19:22:40.262000,1.80456,55.120381,-0.289,0
2022-02-14T19:22:41.206000,1.79451,55.063519,-0.263,0
2022-02-14T19:22:42.149000,1.784476,55.006655,-0.253,0
2022-02-14T19:22:43.092000,1.77446,54.949791,-0.245,0
2022-02-14T19:22:44.036000,1.764461,54.892926,-0.225,0
2022-02-14T19:22:44.979000,1.754479,54.83606,-0.218,0
2022-02-14T19:22:45.923000,1.744514,54.779193,-0.182,0
2022-02-14T19:22:46.866000,1.734566,54.722326,-0.162,0
2022-02-14T19:22:47.810000,1.724634,54.665457,-0.12,0
2022-02-14T19:22:48.753000,1.71472,54.608588,-0.106,0
2022-02-14T19:22:49.696000,1.704822,54.551717,-0.094,0
2022-02-14T19:22:50.640000,1.69494,54.494846,-0.073,0
2022-02-14T19:22:51.583000,1.685075,54.437974,-0.069,0
2022-02-14T19:22:52.527000,1.675226,54.381101,-0.008,0
2022-02-14T19:22:53.470000,1.665394,54.324227,0.054,0
2022-02-14T19:22:54.414000,1.655578,54.267352,0.058,0
2022-02-14T19:22:55.357000,1.645777,54.210477,0.089,0
2022-02-14T19:22:56.301000,1.635993,54.1536,0.118,0
2022-02-14T19:22:57.244000,1.626225,54.096723,0.14,0
2022-02-14T19:22:58.187000,1.616473,54.039845,0.217,0
2022-02-14T19:22:59.131000,1.606737,53.982966,0.246,0
2022-02-14T19:23:00.074000,1.597016,53.926086,0.291,0
2022-02-14T19:23:01.018000,1.587311,53.869205,0.305,0
2022-02-14T19:23:01.961000,1.577622,53.812324,0.382,0
2022-02-14T19:23:02.905000,1.567948,53.755441,0.424,0
2022-02-14T19:23:03.848000,1.55829,53.698558,0.466,0
2022-02-14T19:23:04.791000,1.548647,53.641673,0.492,0
2022-02-14T19:23:05.735000,1.539019,53.584788,0.542,0
2022-02-14T19:23:06.678000,1.529407,53.527903,0.593,0
2022-02-14T19:23:07.622000,1.51981,53.471016,0.626,0
2022-02-14T19:23:08.565000,1.510227,53.414128,0.67,0
2022-02-14T19:23:09.509000,1.50066,53.35724,0.723,0
2022-02-14T19:23:10.452000,1.491108,53.30035,0.778,0
2022-02-14T19:23:11.396000,1.481571,53.24346,0.815,0
2022-02-14T19:23:12.339000,1.472048,53.186569,0.854,0
2022-02-14T19:23:13.282000,1.46254,53.129677,0.89,0
2022-02-14T19:23:14.226000,1.453047,53.072784,0.948,0
2022-02-14T19:23:15.169000,1.443569,53.015891,1.021,1
2022-02-14T19:23:16.113000,1.434105,52.958996,1.078,1
2022-02-14T19:23:35.925000,1.2386,51.764019,-0.264,1
2022-02-14T19:23:36.868000,1.22944,51.707106,-0.338,1
2022-02-14T19:23:37.812000,1.220292,51.650192,-0.41,1
2022-02-14T19:23:38.755000,1.211157,51.593278,-0.523,0
2022-02-14T19:23:39.699000,1.202035,51.536362,-0.552,0
2022-02-14T19:23:40.642000,1.192926,51.479446,-0.545,1
2022-02-14T19:23:41.586000,1.18383,51.422529,-0.624,1
2022-02-14T19:23:49.133000,1.111517,50.967163,-0.45,1
2022-02-14T19:23:50.076000,1.102534,50.910238,-0.396,1
2022-02-14T19:23:51.020000,1.093563,50.853313,-0.328,1
2022-02-14T19:23:51.963000,1.084604,50.796387,-0.304,0
2022-02-14T19:23:52.907000,1.075658,50.73946,-0.252,0
2022-02-14T19:23:53.850000,1.066723,50.682532,-0.187,0
2022-02-14T19:23:54.794000,1.057801,50.625604,-0.129,0
2022-02-14T19:23:55.737000,1.048891,50.568675,-0.023,0
2022-02-14T19:23:56.681000,1.039992,50.511744,0.039,0
2022-02-14T19:23:57.624000,1.031106,50.454813,0.118,0
2022-02-14T19:23:58.567000,1.022231,50.397881,0.196,0
2022-02-14T19:23:59.511000,1.013368,50.340949,0.284,0
2022-02-14T19:24:00.454000,1.004517,50.284015,0.375,0
2022-02-14T19:24:01.398000,0.995678,50.227081,0.439,0
2022-02-14T19:24:02.341000,0.98685,50.170146,0.515,0
2022-02-14T19:24:03.285000,0.978034,50.11321,0.631,0
2022-02-14T19:24:04.228000,0.969229,50.056274,0.692,0
2022-02-14T19:24:05.171000,0.960436,49.999336,0.76,1
2022-02-15T06:37:44.843000,7.044757,53.778144,0.545,1
2022-02-15T06:37:45.786000,7.035073,53.835071,0.553,0
2022-02-15T06:37:46.730000,7.025374,53.891996,0.512,0
2022-02-15T06:37:47.673000,7.015659,53.948921,0.478,0
2022-02-15T06:37:48.617000,7.005928,54.005845,0.464,0
2022-02-15T06:37:49.560000,6.996182,54.062768,0.439,0
2022-02-15T06:37:50.503000,6.98642,54.11969,0.416,0
2022-02-15T06:37:51.447000,6.976642,54.176611,0.381,0
2022-02-15T06:37:52.390000,6.966848,54.233531,0.353,0
2022-02-15T06:37:53.334000,6.957037,54.290451,0.356,0
2022-02-15T06:37:54.277000,6.947211,54.347369,0.351,0
2022-02-15T06:37:55.221000,6.937368,54.404286,0.316,0
2022-02-15T06:37:56.164000,6.927509,54.461203,0.319,0
2022-02-15T06:37:57.108000,6.917633,54.518118,0.298,0
2022-02-15T06:37:58.051000,6.907741,54.575033,0.313,0
2022-02-15T06:37:58.994000,6.897833,54.631946,0.297,0
2022-02-15T06:37:59.938000,6.887908,54.688859,0.265,0
2022-02-15T06:38:00.881000,6.877966,54.745771,0.278,0
2022-02-15T06:38:01.825000,6.868007,54.802682,0.267,0
2022-02-15T06:38:02.768000,6.858031,54.859592,0.278,0
2022-02-15T06:38:03.712000,6.848038,54.9165,0.226,0
2022-02-15T06:38:04.655000,6.838028,54.973408,0.233,0
2022-02-15T06:38:05.598000,6.828002,55.030315,0.23,0
2022-02-15T06:38:06.542000,6.817957,55.087221,0.241,0
2022-02-15T06:38:07.485000,6.807896,55.144127,0.227,0
2022-02-15T06:38:08.429000,6.797817,55.201031,0.235,0
2022-02-15T06:38:09.372000,6.78772,55.257934,0.226,0
2022-02-15T06:38:10.316000,6.777606,55.314836,0.213,0
2022-02-15T06:38:11.259000,6.767474,55.371738,0.224,0
2022-02-15T06:38:12.203000,6.757325,55.428638,0.239,0
2022-02-15T06:38:13.146000,6.747157,55.485538,0.266,0
2022-02-15T06:38:14.089000,6.736972,55.542436,0.28,0
2022-02-15T06:38:15.033000,6.726769,55.599334,0.286,0
2022-02-15T06:38:15.976000,6.716547,55.65623,0.251,0
2022-02-15T06:38:16.920000,6.706308,55.713126,0.264,0
2022-02-15T06:38:17.863000,6.69605,55.77002,0.274,0
2022-02-15T06:38:18.807000,6.685773,55.826914,0.281,0
2022-02-15T06:38:19.750000,6.675478,55.883807,0.214,0
2022-02-15T06:38:20.693000,6.665165,55.940699,0.234,0
2022-02-16T19:20:31.876000,0.945471,55.969646,-0.05,0
2022-02-16T19:20:32.819000,0.935154,55.912797,-0.051,0
2022-02-16T19:20:33.762000,0.924855,55.855946,-0.057,0
2022-02-16T19:20:34.706000,0.914574,55.799095,-0.064,0
2022-02-16T19:20:35.649000,0.904312,55.742242,-0.013,0
2022-02-16T19:20:36.593000,0.894069,55.685389,-0.012,0
2022-02-16T19:20:37.536000,0.883843,55.628535,-0.005,0
2022-02-16T19:20:38.480000,0.873636,55.571679,-0.005,0
2022-02-16T19:20:39.423000,0.863447,55.514823,-0.0,0
2022-02-16T19:20:40.367000,0.853276,55.457966,0.05,0
2022-02-16T19:20:41.310000,0.843122,55.401108,0.09,0
2022-02-16T19:20:42.253000,0.832987,55.34425,0.122,0
2022-02-16T19:20:43.197000,0.822869,55.28739,0.125,0
2022-02-16T19:20:44.140000,0.812769,55.23053,0.167,0
2022-02-16T19:20:45.084000,0.802686,55.173668,0.195,0
2022-02-16T19:20:46.027000,0.792621,55.116806,0.242,0
2022-02-16T19:20:46.971000,0.782573,55.059943,0.284,0
2022-02-16T19:20:47.914000,0.772542,55.003079,0.369,0
2022-02-16T19:20:48.857000,0.762529,54.946214,0.391,0
2022-02-16T19:20:49.801000,0.752532,54.889348,0.421,0
2022-02-16T19:20:50.744000,0.742553,54.832481,0.419,0
2022-02-16T19:20:51.688000,0.73259,54.775613,0.457,0
2022-02-16T19:20:52.631000,0.722645,54.718745,0.493,0
2022-02-16T19:20:53.575000,0.712716,54.661875,0.52,0
2022-02-16T19:20:54.518000,0.702804,54.605005,0.553,0
2022-02-16T19:20:55.462000,0.692908,54.548134,0.593,0
2022-02-16T19:20:56.405000,0.683029,54.491262,0.639,0
2022-02-16T19:20:57.348000,0.673167,54.434389,0.695,0
2022-02-16T19:20:58.292000,0.66332,54.377515,0.74,0
2022-02-16T19:20:59.235000,0.653491,54.32064,0.821,0
2022-02-16T19:21:00.179000,0.643677,54.263765,0.821,0
2022-02-16T19:21:01.122000,0.633879,54.206888,0.88,0
2022-02-16T19:21:02.066000,0.624098,54.150011,0.922,0
2022-02-16T19:21:03.009000,0.614332,54.093133,0.971,0
2022-02-16T19:21:03.952000,0.604583,54.036254,1.053,0
2022-02-16T19:21:04.896000,0.594849,53.979374,1.099,0
2022-02-16T19:21:05.839000,0.58513,53.922493,1.182,0
2022-02-16T19:21:06.783000,0.575428,53.865611,1.278,0
2022-02-16T19:21:07.726000,0.565741,53.808729,1.332,0
2022-02-16T19:21:08.670000,0.55607,53.751845,1.405,0
2022-02-16T19:21:09.613000,0.546414,53.694961,1.484,0
2022-02-16T19:21:10.557000,0.536773,53.638076,1.573,0
2022-02-16T19:21:11.500000,0.527148,53.58119,1.691,0
2022-02-16T19:21:12.443000,0.517538,53.524303,1.758,0
2022-02-16T19:21:13.387000,0.507943,53.467415,1.881,0
2022-02-16T19:21:14.330000,0.498363,53.410527,2.018,0
2022-02-16T19:21:15.274000,0.488799,53.353637,2.12,1
2022-02-16T19:21:16.217000,0.479249,53.296747,2.208,1
2022-02-16T19:21:17.161000,0.469714,53.239855,2.238,1
2022-02-16T19:21:18.104000,0.460194,53.182963,2.233,1
2022-02-16T19:21:19.047000,0.450688,53.126071,2.296,1
2022-02-16T19:21:19.991000,0.441197,53.069177,2.405,1
2022-02-16T19:21:20.934000,0.431721,53.012282,2.461,1
2022-02-16T19:21:59.615000,0.054964,50.678875,-1.236,1
2022-02-16T19:22:00.559000,0.046044,50.621945,-1.173,0
2022-02-16T19:22:01.502000,0.037136,50.565014,-1.096,0
2022-02-16T19:22:02.446000,0.028239,50.508082,-1.029,0
2022-02-16T19:22:03.389000,0.019355,50.45115,-0.94,0
2022-02-16T19:22:04.332000,0.010482,50.394217,-0.867,0
2022-02-16T19:22:05.276000,0.001621,50.337283,-0.772,0
2022-02-16T19:22:06.219000,-0.007228,50.280348,-0.702,0
2022-02-16T19:22:07.163000,-0.016065,50.223412,-0.583,0
2022-02-16T19:22:08.106000,-0.024891,50.166476,-0.506,0
2022-02-16T19:22:09.050000,-0.033706,50.109539,-0.385,0
2022-02-16T19:22:09.993000,-0.042508,50.0526,-0.327,0
2022-02-16T19:22:10.936000,-0.0513,49.995662,-0.165,0
2022-02-16T19:22:11.880000,-0.060079,49.938722,-0.077,0
2022-02-16T19:22:12.823000,-0.068848,49.881781,0.048,0
2022-02-16T19:22:13.767000,-0.077605,49.82484,0.171,0
2022-02-16T19:22:14.710000,-0.086351,49.767898,0.316,0
2022-02-16T19:22:15.654000,-0.095086,49.710955,0.423,0
2022-02-17T06:35:46.834000,6.072404,53.559218,1.662,1
2022-02-17T06:35:47.778000,6.062781,53.616141,1.535,1
2022-02-17T06:35:48.721000,6.053144,53.673063,1.5,0
2022-02-17T06:35:49.664000,6.043491,53.729985,1.4,0
2022-02-17T06:35:50.608000,6.033823,53.786905,1.226,0
2022-02-17T06:35:51.551000,6.024139,53.843824,1.182,0
2022-02-17T06:35:52.495000,6.014439,53.900743,1.152,0
2022-02-17T06:35:53.438000,6.004724,53.957661,1.067,0
2022-02-17T06:35:54.382000,5.994994,54.014577,1.121,0
2022-02-17T06:35:55.325000,5.985247,54.071493,1.019,0
2022-02-17T06:35:56.269000,5.975484,54.128408,0.919,0
2022-02-17T06:35:57.212000,5.965706,54.185322,0.827,0
2022-02-17T06:35:58.155000,5.955912,54.242235,0.851,0
2022-02-17T06:35:59.099000,5.946101,54.299147,0.789,0
2022-02-17T06:36:00.042000,5.936274,54.356058,0.781,0
2022-02-17T06:36:00.986000,5.926431,54.412968,0.757,0
2022-02-17T06:36:01.929000,5.916572,54.469878,0.688,0
2022-02-17T06:36:02.873000,5.906696,54.526786,0.819,0
2022-02-17T06:36:03.816000,5.896804,54.583694,0.695,0
2022-02-17T06:36:04.759000,5.886895,54.6406,0.709,0
2022-02-17T06:36:05.703000,5.876969,54.697506,0.719,0
2022-02-17T06:36:06.646000,5.867027,54.75441,0.742,0
2022-02-17T06:36:07.590000,5.857068,54.811314,0.604,0
2022-02-17T06:36:08.533000,5.847092,54.868217,0.492,0
2022-02-17T06:36:09.477000,5.837099,54.925119,0.528,0
2022-02-17T06:36:10.420000,5.827088,54.98202,0.511,0
2022-02-17T06:36:11.364000,5.817061,55.03892,0.462,0
2022-02-17T06:36:12.307000,5.807017,55.095819,0.39,0
2022-02-17T06:36:13.250000,5.796955,55.152717,0.356,0
2022-02-17T06:36:14.194000,5.786875,55.209614,0.419,0
2022-02-17T06:36:15.137000,5.776779,55.26651,0.34,0
2022-02-17T06:36:16.081000,5.766664,55.323405,0.267,0
2022-02-17T06:36:17.024000,5.756532,55.380299,0.27,0
2022-02-17T06:36:17.968000,5.746382,55.437193,0.292,0
2022-02-17T06:36:18.911000,5.736214,55.494085,0.252,0
2022-02-17T06:36:19.854000,5.726029,55.550977,0.244,0
2022-02-17T06:36:20.798000,5.715825,55.607867,0.229,0
2022-02-17T06:36:21.741000,5.705603,55.664757,0.198,0
2022-02-17T06:36:22.685000,5.695363,55.721645,0.21,0
2022-02-17T06:36:23.628000,5.685105,55.778533,0.186,0
2022-02-17T06:36:24.572000,5.674828,55.83542,0.125,0
2022-02-17T06:36:25.515000,5.664532,55.892305,0.201,0
2022-02-17T06:36:26.458000,5.654218,55.94919,0.103,0
2022-02-18T19:18:37.641000,-0.066359,55.963851,0.163,0
2022-02-18T19:18:38.584000,-0.076675,55.907,0.197,0
2022-02-18T19:18:39.528000,-0.086971,55.850147,0.257,0
2022-02-18T19:18:40.471000,-0.09725,55.793294,0.275,0
2022-02-18T19:18:41.414000,-0.107509,55.73644,0.338,0
2022-02-18T19:18:42.358000,-0.117751,55.679585,0.344,0
2022-02-18T19:18:43.301000,-0.127974,55.622729,0.415,0
2022-02-18T19:18:44.245000,-0.138179,55.565872,0.437,0
2022-02-18T19:18:45.188000,-0.148367,55.509015,0.475,0
2022-02-18T19:18:46.132000,-0.158536,55.452156,0.508,0
2022-02-18T19:18:47.075000,-0.168687,55.395297,0.564,0
2022-02-18T19:18:48.018000,-0.17882,55.338436,0.588,0
2022-02-18T19:18:48.962000,-0.188936,55.281575,0.669,0
2022-02-18T19:18:49.905000,-0.199035,55.224713,0.719,0
2022-02-18T19:18:50.849000,-0.209115,55.167849,0.748,0
2022-02-18T19:18:51.792000,-0.219178,55.110985,0.838,0
2022-02-18T19:18:52.736000,-0.229224,55.05412,0.812,0
2022-02-18T19:18:53.679000,-0.239253,54.997255,0.89,0
2022-02-18T19:18:54.623000,-0.249264,54.940388,0.964,0
2022-02-18T19:18:55.566000,-0.259259,54.88352,0.963,0
2022-02-18T19:18:56.509000,-0.269236,54.826652,1.075,0
2022-02-18T19:18:57.453000,-0.279197,54.769782,1.138,0
2022-02-18T19:18:58.396000,-0.28914,54.712912,1.201,0
2022-02-18T19:18:59.340000,-0.299067,54.656041,1.255,0
2022-02-18T19:19:00.283000,-0.308977,54.599169,1.344,0
2022-02-18T19:19:01.227000,-0.318871,54.542296,1.391,0
2022-02-18T19:19:02.170000,-0.328748,54.485422,1.474,1
2022-02-18T19:19:03.113000,-0.338609,54.428547,1.554,1
2022-02-18T19:19:04.057000,-0.348453,54.371672,1.64,1
2022-02-18T19:20:04.437000,-0.947772,50.729829,-1.413,1
2022-02-18T19:20:05.380000,-0.956703,50.672898,-1.468,1
2022-02-18T19:20:06.324000,-0.965622,50.615965,-1.346,1
2022-02-18T19:20:07.267000,-0.974529,50.559033,-1.151,1
2022-02-18T19:20:08.211000,-0.983424,50.502099,-1.059,0
2022-02-18T19:20:09.154000,-0.992308,50.445164,-0.954,0
2022-02-18T19:20:10.097000,-1.001179,50.388228,-0.881,0
2022-02-18T19:20:11.041000,-1.010038,50.331292,-0.715,0
2022-02-18T19:20:11.984000,-1.018886,50.274355,-0.673,0
2022-02-18T19:20:12.928000,-1.027722,50.217417,-0.601,0
2022-02-18T19:20:13.871000,-1.036547,50.160478,-0.605,0
2022-02-18T19:20:14.815000,-1.04536,50.103538,-0.424,0
2022-02-18T19:20:15.758000,-1.054161,50.046598,-0.451,0
2022-02-18T19:20:16.702000,-1.062951,49.989657,-0.399,0
2022-02-18T19:20:17.645000,-1.07173,49.932714,-0.393,0
2022-02-18T19:20:18.588000,-1.080497,49.875772,-0.363,0
2022-02-18T19:20:19.532000,-1.089253,49.818828,-0.364,0
2022-02-18T19:20:20.475000,-1.097997,49.761883,-0.378,1
2022-02-18T19:20:21.419000,-1.106731,49.704938,-0.446,1
2022-02-19T06:33:44.108000,5.146442,53.05675,1.428,1
2022-02-19T06:33:45.052000,5.136953,53.113674,1.29,1
2022-02-19T06:33:49.769000,5.089283,53.398284,1.163,1
2022-02-19T06:33:50.712000,5.079704,53.455203,1.092,1
2022-02-19T06:33:51.656000,5.07011,53.512121,1.044,0
2022-02-19T06:33:52.599000,5.060501,53.569038,0.94,0
2022-02-19T06:33:53.543000,5.050877,53.625955,0.848,0
2022-02-19T06:33:54.486000,5.041238,53.68287,0.812,0
2022-02-19T06:33:55.429000,5.031583,53.739785,0.763,0
2022-02-19T06:33:56.373000,5.021913,53.796698,0.715,0
2022-02-19T06:33:57.316000,5.012227,53.853611,0.673,0
2022-02-19T06:33:58.260000,5.002525,53.910523,0.631,0
2022-02-19T06:33:59.203000,4.992808,53.967434,0.6,0
2022-02-19T06:34:00.147000,4.983076,54.024344,0.522,0
2022-02-19T06:34:01.090000,4.973327,54.081253,0.528,0
2022-02-19T06:34:02.034000,4.963563,54.138161,0.537,0
2022-02-19T06:34:02.977000,4.953782,54.195068,0.587,0
2022-02-19T06:34:03.920000,4.943986,54.251975,0.557,0
2022-02-19T06:34:04.864000,4.934173,54.30888,0.571,0
2022-02-19T06:34:05.807000,4.924345,54.365785,0.548,0
2022-02-19T06:34:06.751000,4.914499,54.422688,0.576,0
2022-02-19T06:34:07.694000,4.904638,54.479591,0.559,0
2022-02-19T06:34:08.638000,4.89476,54.536492,0.54,0
2022-02-19T06:34:09.581000,4.884866,54.593393,0.576,0
2022-02-19T06:34:10.524000,4.874955,54.650293,0.619,0
2022-02-19T06:34:11.468000,4.865027,54.707192,0.585,0
2022-02-19T06:34:12.411000,4.855083,54.76409,0.65,0
2022-02-19T06:34:13.355000,4.845122,54.820987,0.597,0
2022-02-19T06:34:14.298000,4.835143,54.877883,0.597,0
2022-02-19T06:34:15.242000,4.825148,54.934778,0.59,0
2022-02-19T06:34:16.185000,4.815136,54.991673,0.608,0
2022-02-19T06:34:17.129000,4.805106,55.048566,0.554,0
2022-02-19T06:34:18.072000,4.79506,55.105458,0.563,0
2022-02-19T06:34:19.015000,4.784996,55.16235,0.561,0
2022-02-19T06:34:19.959000,4.774914,55.21924,0.56,0
2022-02-19T06:34:20.902000,4.764815,55.27613,0.564,0
2022-02-19T06:34:21.846000,4.754699,55.333018,0.517,0
2022-02-19T06:34:22.789000,4.744564,55.389906,0.524,0
2022-02-19T06:34:23.733000,4.734412,55.446793,0.538,0
2022-02-19T06:34:24.676000,4.724242,55.503678,0.484,0
2022-02-19T06:34:25.619000,4.714054,55.560563,0.504,0
2022-02-19T06:34:26.563000,4.703848,55.617447,0.442,0
2022-02-19T06:34:27.506000,4.693624,55.67433,0.396,0
2022-02-19T06:34:28.450000,4.683382,55.731212,0.371,0
2022-02-19T06:34:29.393000,4.673121,55.788093,0.314,0
2022-02-19T06:34:30.337000,4.662842,55.844973,0.294,0
2022-02-19T06:34:31.280000,4.652544,55.901852,0.344,0
2022-02-19T06:34:32.224000,4.642228,55.958731,0.326,0
2022-02-20T19:16:43.406000,-1.077879,55.955962,1.244,0
2022-02-20T19:16:44.349000,-1.088194,55.899109,1.275,0
2022-02-20T19:16:45.293000,-1.098489,55.842254,1.351,0
2022-02-20T19:16:46.236000,-1.108766,55.785398,1.395,0
2022-02-20T19:16:47.179000,-1.119025,55.728542,1.406,0
2022-02-20T19:16:48.123000,-1.129266,55.671684,1.507,0
2022-02-20T19:16:49.066000,-1.139488,55.614826,1.51,0
2022-02-20T19:16:50.010000,-1.149692,55.557966,1.548,0
2022-02-20T19:16:50.953000,-1.159878,55.501106,1.616,0
2022-02-20T19:16:51.897000,-1.170046,55.444245,1.66,0
2022-02-20T19:16:52.840000,-1.180197,55.387383,1.73,0
2022-02-20T19:16:53.784000,-1.190329,55.33052,1.789,0
2022-02-20T19:16:54.727000,-1.200444,55.273656,1.809,0
2022-02-20T19:16:55.670000,-1.210541,55.216791,1.856,0
2022-02-20T19:16:56.614000,-1.220621,55.159925,1.904,0
2022-02-20T19:16:57.557000,-1.230683,55.103059,1.967,1
2022-02-20T19:16:58.501000,-1.240728,55.046191,1.996,1
2022-02-20T19:16:59.444000,-1.250756,54.989323,2.045,1
2022-02-20T19:17:00.388000,-1.260766,54.932453,2.063,1
2022-02-20T19:18:13.976000,-1.994873,50.493938,0.055,1
2022-02-20T19:18:14.919000,-2.003756,50.437,0.17,0
2022-02-20T19:18:15.863000,-2.012626,50.380061,0.148,0
2022-02-20T19:18:16.806000,-2.021485,50.323122,0.178,0
2022-02-20T19:18:17.749000,-2.030333,50.266181,0.28,0
2022-02-20T19:18:18.693000,-2.039168,50.20924,0.323,0
2022-02-20T19:18:19.636000,-2.047992,50.152298,0.371,0
2022-02-20T19:18:20.580000,-2.056805,50.095355,0.421,0
2022-02-20T19:18:21.523000,-2.065606,50.038412,0.474,0
2022-02-20T19:18:22.467000,-2.074396,49.981467,0.582,0
2022-02-20T19:18:23.410000,-2.083174,49.924522,0.693,0
2022-02-20T19:18:24.353000,-2.09194,49.867576,0.767,0
2022-02-20T19:18:25.297000,-2.100696,49.810628,0.896,1
2022-02-20T19:18:26.240000,-2.10944,49.753681,1.068,1
2022-02-21T06:31:35.722000,4.274266,52.213738,1.775,1
2022-02-21T06:31:36.665000,4.264984,52.270669,1.782,1
2022-02-21T06:31:37.609000,4.255689,52.3276,1.771,1
2022-02-21T06:31:38.552000,4.246381,52.38453,1.723,0
2022-02-21T06:31:39.495000,4.237058,52.441459,1.752,0
2022-02-21T06:31:40.439000,4.227722,52.498387,1.69,0
2022-02-21T06:31:41.382000,4.218372,52.555314,1.662,0
2022-02-21T06:31:42.326000,4.209007,52.612241,1.603,0
2022-02-21T06:31:43.269000,4.199629,52.669166,1.598,0
2022-02-21T06:31:44.213000,4.190237,52.726091,1.542,0
2022-02-21T06:31:45.156000,4.18083,52.783014,1.472,0
2022-02-21T06:31:46.100000,4.171409,52.839937,1.478,0
2022-02-21T06:31:47.043000,4.161974,52.896859,1.413,0
2022-02-21T06:31:47.986000,4.152524,52.95378,1.334,0
2022-02-21T06:31:48.930000,4.14306,53.0107,1.312,0
2022-02-21T06:31:49.873000,4.133582,53.067619,1.301,0
2022-02-21T06:31:50.817000,4.124088,53.124537,1.276,0
2022-02-21T06:31:51.760000,4.11458,53.181455,1.219,0
2022-02-21T06:31:52.704000,4.105058,53.238371,1.185,0
2022-02-21T06:31:53.647000,4.09552,53.295287,1.159,0
2022-02-21T06:31:54.590000,4.085968,53.352201,1.152,0
2022-02-21T06:31:55.534000,4.076401,53.409115,1.104,0
2022-02-21T06:31:56.477000,4.066818,53.466028,1.078,0
2022-02-21T06:31:57.421000,4.057221,53.52294,1.037,0
2022-02-21T06:31:58.364000,4.047608,53.579851,0.968,0
2022-02-21T06:31:59.308000,4.037981,53.636761,0.946,0
2022-02-21T06:32:00.251000,4.028338,53.69367,0.961,0
2022-02-21T06:32:01.195000,4.018679,53.750579,0.896,0
2022-02-21T06:32:02.138000,4.009005,53.807486,0.937,0
2022-02-21T06:32:03.081000,3.999316,53.864393,0.919,0
2022-02-21T06:32:04.025000,3.989611,53.921298,0.921,0
2022-02-21T06:32:04.968000,3.97989,53.978203,0.891,0
2022-02-21T06:32:05.912000,3.970153,54.035107,0.82,0
2022-02-21T06:32:06.855000,3.960401,54.092009,0.795,0
2022-02-21T06:32:07.799000,3.950633,54.148911,0.768,0
2022-02-21T06:32:08.742000,3.940849,54.205812,0.712,0
2022-02-21T06:32:09.685000,3.931049,54.262712,0.769,0
2022-02-21T06:32:10.629000,3.921232,54.319612,0.737,0
2022-02-21T06:32:11.572000,3.9114,54.37651,0.755,0
2022-02-21T06:32:12.516000,3.901551,54.433407,0.756,0
2022-02-21T06:32:13.459000,3.891685,54.490304,0.799,0
2022-02-21T06:32:14.403000,3.881804,54.547199,0.722,0
2022-02-21T06:32:15.346000,3.871906,54.604094,0.77,0
2022-02-21T06:32:16.290000,3.861991,54.660987,0.757,0
2022-02-21T06:32:17.233000,3.852059,54.71788,0.708,0
2022-02-21T06:32:18.176000,3.842111,54.774772,0.763,0
2022-02-21T06:32:19.120000,3.832146,54.831663,0.682,0
2022-02-21T06:32:20.063000,3.822164,54.888553,0.687,0
2022-02-21T06:32:21.007000,3.812164,54.945442,0.724,0
2022-02-21T06:32:21.950000,3.802148,55.00233,0.704,0
2022-02-21T06:32:22.894000,3.792115,55.059217,0.72,0
2022-02-21T06:32:23.837000,3.782064,55.116103,0.719,0
2022-02-21T06:32:24.780000,3.771996,55.172989,0.67,0
2022-02-21T06:32:25.724000,3.76191,55.229873,0.685,0
2022-02-21T06:32:26.667000,3.751807,55.286756,0.65,0
2022-02-21T06:32:27.611000,3.741686,55.343639,0.673,0
2022-02-21T06:32:28.554000,3.731548,55.40052,0.668,0
2022-02-21T06:32:29.498000,3.721392,55.457401,0.631,0
2022-02-21T06:32:30.441000,3.711218,55.514281,0.678,0
2022-02-21T06:32:31.385000,3.701026,55.57116,0.676,0
2022-02-21T06:32:32.328000,3.690815,55.628037,0.698,0
2022-02-21T06:32:33.271000,3.680587,55.684914,0.702,0
2022-02-21T06:32:34.215000,3.670341,55.74179,0.682,0
2022-02-21T06:32:35.158000,3.660076,55.798665,0.678,0
2022-02-21T06:32:36.102000,3.649792,55.855539,0.697,0
2022-02-21T06:32:37.045000,3.63949,55.912412,0.621,0
2022-02-21T06:32:37.989000,3.62917,55.969284,0.62,0
2022-02-22T19:14:49.171000,-2.089213,55.947503,1.857,1
2022-02-23T06:29:29.222000,3.381973,51.47111,1.667,1
2022-02-23T06:29:31.109000,3.363742,51.584983,1.518,1
2022-02-23T06:29:32.052000,3.354606,51.641919,1.438,1
2022-02-23T06:29:32.996000,3.345458,51.698854,1.367,0
2022-02-23T06:29:33.939000,3.336297,51.755788,1.303,0
2022-02-23T06:29:34.883000,3.327122,51.812721,1.242,0
2022-02-23T06:29:35.826000,3.317935,51.869653,1.186,0
2022-02-23T06:29:36.770000,3.308734,51.926584,1.127,0
2022-02-23T06:29:37.713000,3.29952,51.983514,1.054,0
2022-02-23T06:29:38.656000,3.290292,52.040444,1.019,0
2022-02-23T06:29:39.600000,3.281051,52.097373,0.957,0
2022-02-23T06:29:40.543000,3.271797,52.1543,0.908,0
2022-02-23T06:29:41.487000,3.262529,52.211227,0.845,0
2022-02-23T06:29:42.430000,3.253247,52.268153,0.778,0
2022-02-23T06:29:43.374000,3.243952,52.325078,0.705,0
2022-02-23T06:29:44.317000,3.234642,52.382003,0.685,0
2022-02-23T06:29:45.261000,3.22532,52.438926,0.631,0
2022-02-23T06:29:46.204000,3.215983,52.495849,0.568,0
2022-02-23T06:29:47.147000,3.206632,52.55277,0.509,0
2022-02-23T06:29:48.091000,3.197268,52.609691,0.437,0
2022-02-23T06:29:49.034000,3.187889,52.666611,0.384,0
2022-02-23T06:29:49.978000,3.178496,52.723529,0.325,0
2022-02-23T06:29:50.921000,3.169089,52.780448,0.276,0
2022-02-23T06:29:51.865000,3.159668,52.837365,0.249,0
2022-02-23T06:29:52.808000,3.150232,52.894281,0.218,0
2022-02-23T06:29:53.751000,3.140782,52.951196,0.2,0
2022-02-23T06:29:54.695000,3.131317,53.008111,0.146,0
2022-02-23T06:29:55.638000,3.121838,53.065024,0.111,0
2022-02-23T06:29:56.582000,3.112345,53.121937,0.079,0
2022-02-23T06:29:57.525000,3.102836,53.178849,0.05,0
2022-02-23T06:29:58.469000,3.093313,53.23576,0.006,0
2022-02-23T06:29:59.412000,3.083775,53.29267,0.006,0
2022-02-23T06:30:00.356000,3.074223,53.349579,-0.0,0
2022-02-23T06:30:01.299000,3.064655,53.406487,-0.026,0
2022-02-23T06:30:02.242000,3.055073,53.463394,-0.063,0
2022-02-23T06:30:03.186000,3.045475,53.520301,-0.093,0
2022-02-23T06:30:04.129000,3.035862,53.577206,-0.091,0
2022-02-23T06:30:05.073000,3.026234,53.634111,-0.086,0
2022-02-23T06:30:06.016000,3.01659,53.691015,-0.075,0
2022-02-23T06:30:06.960000,3.006931,53.747918,-0.066,0
2022-02-23T06:30:07.903000,2.997257,53.80482,-0.09,0
2022-02-23T06:30:08.846000,2.987567,53.861721,-0.087,0
2022-02-23T06:30:09.790000,2.977862,53.918621,-0.09,0
2022-02-23T06:30:10.733000,2.968141,53.97552,-0.089,0
2022-02-23T06:30:11.677000,2.958404,54.032418,-0.086,0
2022-02-23T06:30:12.620000,2.948651,54.089316,-0.06,0
2022-02-23T06:30:13.564000,2.938883,54.146212,-0.017,0
2022-02-23T06:30:14.507000,2.929098,54.203108,-0.027,0
2022-02-23T06:30:15.451000,2.919297,54.260002,-0.013,0
2022-02-23T06:30:16.394000,2.909481,54.316896,0.024,0
2022-02-23T06:30:17.337000,2.899648,54.373789,0.009,0
2022-02-23T06:30:18.281000,2.889798,54.430681,0.037,0
2022-02-23T06:30:19.224000,2.879933,54.487572,0.07,0
2022-02-23T06:30:20.168000,2.870051,54.544462,0.093,0
2022-02-23T06:30:21.111000,2.860152,54.601351,0.085,0
2022-02-23T06:30:22.055000,2.850237,54.658239,0.125,0
2022-02-23T06:30:22.998000,2.840305,54.715127,0.164,0
2022-02-23T06:30:23.941000,2.830356,54.772013,0.17,0
2022-02-23T06:30:24.885000,2.820391,54.828899,0.21,0
2022-02-23T06:30:25.828000,2.810408,54.885783,0.188,0
2022-02-23T06:30:26.772000,2.800409,54.942667,0.194,0
2022-02-23T06:30:27.715000,2.790392,54.99955,0.217,0
2022-02-23T06:30:28.659000,2.780358,55.056431,0.258,0
2022-02-23T06:30:29.602000,2.770307,55.113312,0.247,0
2022-02-23T06:30:30.546000,2.760239,55.170192,0.283,0
2022-02-23T06:30:31.489000,2.750153,55.227071,0.303,0
2022-02-23T06:30:32.432000,2.74005,55.283949,0.306,0
2022-02-23T06:30:33.376000,2.729929,55.340826,0.305,0
2022-02-23T06:30:34.319000,2.71979,55.397703,0.346,0
2022-02-23T06:30:35.263000,2.709633,55.454578,0.366,0
2022-02-23T06:30:36.206000,2.699459,55.511452,0.373,0
2022-02-23T06:30:37.150000,2.689266,55.568326,0.396,0
2022-02-23T06:30:38.093000,2.679056,55.625198,0.423,0
2022-02-23T06:30:39.036000,2.668827,55.68207,0.411,0
2022-02-23T06:30:39.980000,2.65858,55.73894,0.41,0
2022-02-23T06:30:40.923000,2.648315,55.79581,0.39,0
2022-02-23T06:30:41.867000,2.638031,55.852679,0.427,0
2022-02-23T06:30:42.810000,2.627729,55.909547,0.42,0
2022-02-23T06:30:43.754000,2.617408,55.966413,0.42,0
2022-02-25T06:27:30.270000,2.41954,51.147658,1.944,1
2022-02-25T06:27:31.213000,2.410503,51.204596,1.861,0
2022-02-25T06:27:32.157000,2.401453,51.261532,1.808,0
2022-02-25T06:27:33.100000,2.39239,51.318467,1.739,0
2022-02-25T06:27:34.044000,2.383315,51.375402,1.634,0
2022-02-25T06:27:34.987000,2.374227,51.432336,1.556,0
2022-02-25T06:27:35.931000,2.365127,51.489269,1.504,0
2022-02-25T06:27:36.874000,2.356013,51.546201,1.411,0
2022-02-25T06:27:37.817000,2.346887,51.603132,1.399,0
2022-02-25T06:27:38.761000,2.337747,51.660062,1.282,0
2022-02-25T06:27:39.704000,2.328595,51.716991,1.218,0
2022-02-25T06:27:40.648000,2.319429,51.77392,1.184,0
2022-02-25T06:27:41.591000,2.310251,51.830848,1.126,0
2022-02-25T06:27:42.535000,2.301059,51.887775,1.087,0
2022-02-25T06:27:43.478000,2.291854,51.9447,0.998,0
2022-02-25T06:27:44.422000,2.282635,52.001626,0.944,0
2022-02-25T06:27:45.365000,2.273403,52.05855,0.909,0
2022-02-25T06:27:46.308000,2.264158,52.115473,0.826,0
2022-02-25T06:27:47.252000,2.254899,52.172396,0.75,0
2022-02-25T06:27:48.195000,2.245627,52.229317,0.71,0
2022-02-25T06:27:49.139000,2.236341,52.286238,0.653,0
2022-02-25T06:27:50.082000,2.227041,52.343158,0.564,0
2022-02-25T06:27:51.026000,2.217728,52.400077,0.529,0
2022-02-25T06:27:51.969000,2.2084,52.456995,0.476,0
2022-02-25T06:27:52.912000,2.199059,52.513912,0.407,0
2022-02-25T06:27:53.856000,2.189704,52.570828,0.337,0
2022-02-25T06:27:54.799000,2.180335,52.627744,0.258,0
2022-02-25T06:27:55.743000,2.170952,52.684658,0.23,0
2022-02-25T06:27:56.686000,2.161554,52.741572,0.197,0
2022-02-25T06:27:57.630000,2.152143,52.798485,0.162,0
2022-02-25T06:27:58.573000,2.142717,52.855397,0.056,0
2022-02-25T06:27:59.517000,2.133277,52.912308,0.003,0
2022-02-25T06:28:00.460000,2.123822,52.969218,-0.007,0
2022-02-25T06:28:01.403000,2.114353,53.026127,-0.086,0
2022-02-25T06:28:02.347000,2.104869,53.083036,-0.127,0
2022-02-25T06:28:03.290000,2.095371,53.139943,-0.18,0
2022-02-25T06:28:04.234000,2.085858,53.19685,-0.206,0
2022-02-25T06:28:05.177000,2.07633,53.253756,-0.223,0
2022-02-25T06:28:06.121000,2.066788,53.31066,-0.257,0
2022-02-25T06:28:07.064000,2.05723,53.367565,-0.321,0
2022-02-25T06:28:08.007000,2.047658,53.424468,-0.333,0
2022-02-25T06:28:08.951000,2.03807,53.48137,-0.341,0
2022-02-25T06:28:09.894000,2.028468,53.538271,-0.362,0
2022-02-25T06:28:10.838000,2.01885,53.595171,-0.383,0
2022-02-25T06:28:11.781000,2.009217,53.652071,-0.384,0
2022-02-25T06:28:12.725000,1.999568,53.708969,-0.388,0
2022-02-25T06:28:13.668000,1.989905,53.765867,-0.365,0
2022-02-25T06:28:14.612000,1.980226,53.822764,-0.363,0
2022-02-25T06:28:15.555000,1.970531,53.87966,-0.353,0
2022-02-25T06:28:16.498000,1.96082,53.936555,-0.395,0
2022-02-25T06:28:17.442000,1.951094,53.993449,-0.344,0
2022-02-25T06:28:18.385000,1.941352,54.050342,-0.281,0
2022-02-25T06:28:19.329000,1.931595,54.107234,-0.252,0
2022-02-25T06:28:20.272000,1.921821,54.164126,-0.24,0
2022-02-25T06:28:21.216000,1.912031,54.221016,-0.249,0
2022-02-25T06:28:22.159000,1.902226,54.277906,-0.201,0
2022-02-25T06:28:23.102000,1.892404,54.334795,-0.152,0
2022-02-25T06:28:24.046000,1.882566,54.391682,-0.146,0
2022-02-25T06:28:24.989000,1.872711,54.448569,-0.168,0
2022-02-25T06:28:25.933000,1.86284,54.505455,-0.21,0
2022-02-25T06:28:26.876000,1.852953,54.56234,-0.162,0
2022-02-25T06:28:27.820000,1.843049,54.619224,-0.144,0
2022-02-25T06:28:28.763000,1.833129,54.676108,-0.107,0
2022-02-25T06:28:29.706000,1.823192,54.73299,-0.048,0
2022-02-25T06:28:30.650000,1.813238,54.789871,-0.051,0
2022-02-25T06:28:31.593000,1.803267,54.846752,-0.027,0
2022-02-25T06:28:32.537000,1.793279,54.903631,-0.013,0
2022-02-25T06:28:33.480000,1.783274,54.96051,0.011,0
2022-02-25T06:28:34.424000,1.773252,55.017388,0.031,0
2022-02-25T06:28:35.367000,1.763213,55.074265,0.007,0
2022-02-25T06:28:36.311000,1.753156,55.131141,0.017,0
2022-02-25T06:28:37.254000,1.743082,55.188015,0.04,0
2022-02-25T06:28:38.197000,1.732991,55.244889,0.061,0
2022-02-25T06:28:39.141000,1.722882,55.301763,0.066,0
2022-02-25T06:28:40.084000,1.712755,55.358635,0.06,0
2022-02-25T06:28:41.028000,1.702611,55.415506,0.091,0
2022-02-25T06:28:41.971000,1.692448,55.472376,0.152,0
2022-02-25T06:28:42.915000,1.682268,55.529246,0.124,0
2022-02-25T06:28:43.858000,1.67207,55.586114,0.123,0
2022-02-25T06:28:44.801000,1.661854,55.642982,0.142,0
2022-02-25T06:28:45.745000,1.65162,55.699848,0.166,0
2022-02-25T06:28:46.688000,1.641367,55.756714,0.188,0
2022-02-25T06:28:47.632000,1.631096,55.813579,0.235,0
2022-02-25T06:28:48.575000,1.620806,55.870443,0.223,0
2022-02-25T06:28:49.519000,1.610498,55.927306,0.23,0
2022-02-25T06:28:50.462000,1.600171,55.984168,0.19,0
2022-02-25T18:22:50.049000,8.516443,54.223389,1.671,1
2022-02-25T18:22:50.993000,8.506654,54.166498,1.657,1
2022-02-25T18:22:51.936000,8.49688,54.109607,1.619,1
2022-02-25T18:22:52.880000,8.487123,54.052715,1.662,1
2022-02-25T18:22:53.823000,8.477382,53.995821,1.71,1
2022-02-27T06:25:29.431000,1.475196,50.714689,1.575,1
2022-02-27T06:25:30.374000,1.466254,50.771628,1.502,1
2022-02-27T06:25:31.318000,1.4573,50.828567,1.425,1
2022-02-27T06:25:32.261000,1.448333,50.885504,1.316,1
2022-02-27T06:25:33.205000,1.439354,50.942441,1.235,1
2022-02-27T06:25:34.148000,1.430363,50.999377,1.148,1
2022-02-27T06:25:35.092000,1.42136,51.056312,1.076,1
2022-02-27T06:25:41.696000,1.357985,51.454833,0.317,1
2022-02-27T06:25:42.639000,1.34888,51.511761,0.37,1
2022-02-27T06:25:43.582000,1.339763,51.568689,0.332,0
2022-02-27T06:25:44.526000,1.330633,51.625615,0.405,1
2022-02-27T06:25:45.469000,1.32149,51.682541,0.409,0
2022-02-27T06:25:46.413000,1.312334,51.739466,0.475,1
2022-02-27T06:25:47.356000,1.303164,51.79639,0.491,1
2022-02-27T06:26:08.112000,1.098,53.048496,-0.082,1
2022-02-27T06:26:09.055000,1.088512,53.1054,-0.111,0
2022-02-27T06:26:09.999000,1.079009,53.162303,-0.124,0
2022-02-27T06:26:10.942000,1.069492,53.219205,-0.168,0
2022-02-27T06:26:11.886000,1.05996,53.276107,-0.285,0
2022-02-27T06:26:12.829000,1.050413,53.333007,-0.326,0
2022-02-27T06:26:13.772000,1.040851,53.389906,-0.375,0
2022-02-27T06:26:14.716000,1.031274,53.446805,-0.456,0
2022-02-27T06:26:15.659000,1.021683,53.503703,-0.487,0
2022-02-27T06:26:16.603000,1.012076,53.5606,-0.567,0
2022-02-27T06:26:17.546000,1.002453,53.617495,-0.598,0
2022-02-27T06:26:18.490000,0.992816,53.674391,-0.637,0
2022-02-27T06:26:19.433000,0.983163,53.731285,-0.676,0
2022-02-27T06:26:20.377000,0.973495,53.788178,-0.684,0
2022-02-27T06:26:21.320000,0.963811,53.84507,-0.706,0
2022-02-27T06:26:22.263000,0.954112,53.901962,-0.725,0
2022-02-27T06:26:23.207000,0.944397,53.958852,-0.755,0
2022-02-27T06:26:24.150000,0.934666,54.015742,-0.788,0
2022-02-27T06:26:25.094000,0.924919,54.072631,-0.781,0
2022-02-27T06:26:26.037000,0.915157,54.129519,-0.767,0
2022-02-27T06:26:26.981000,0.905379,54.186406,-0.819,0
2022-02-27T06:26:27.924000,0.895584,54.243292,-0.798,0
2022-02-27T06:26:28.867000,0.885774,54.300177,-0.779,0
2022-02-27T06:26:29.811000,0.875947,54.357062,-0.809,0
2022-02-27T06:26:30.754000,0.866104,54.413945,-0.797,0
2022-02-27T06:26:31.698000,0.856245,54.470828,-0.799,0
2022-02-27T06:26:32.641000,0.846369,54.527709,-0.81,0
2022-02-27T06:26:33.585000,0.836477,54.58459,-0.823,0
2022-02-27T06:26:34.528000,0.826568,54.64147,-0.808,0
2022-02-27T06:26:35.472000,0.816643,54.698349,-0.83,0
2022-02-27T06:26:36.415000,0.806701,54.755227,-0.794,0
2022-02-27T06:26:37.358000,0.796741,54.812104,-0.81,0
2022-02-27T06:26:38.302000,0.786766,54.86898,-0.809,0
2022-02-27T06:26:39.245000,0.776773,54.925855,-0.771,0
2022-02-27T06:26:40.189000,0.766763,54.982729,-0.775,0
2022-02-27T06:26:41.132000,0.756736,55.039603,-0.783,0
2022-02-27T06:26:42.076000,0.746691,55.096475,-0.765,0
2022-02-27T06:26:43.019000,0.736629,55.153347,-0.773,0
2022-02-27T06:26:43.962000,0.72655,55.210218,-0.77,0
2022-02-27T06:26:44.906000,0.716454,55.267088,-0.733,0
2022-02-27T06:26:45.849000,0.706339,55.323956,-0.747,0
2022-02-27T06:26:46.793000,0.696207,55.380824,-0.751,0
2022-02-27T06:26:47.736000,0.686058,55.437691,-0.742,0
2022-02-27T06:26:48.680000,0.67589,55.494558,-0.696,0
2022-02-27T06:26:49.623000,0.665705,55.551423,-0.674,0
2022-02-27T06:26:50.567000,0.655501,55.608287,-0.66,0
2022-02-27T06:26:51.510000,0.64528,55.66515,-0.643,0
2022-02-27T06:26:52.453000,0.63504,55.722013,-0.644,0
2022-02-27T06:26:53.397000,0.624781,55.778874,-0.63,0
2022-02-27T06:26:54.340000,0.614505,55.835735,-0.615,0
2022-02-27T06:26:55.284000,0.60421,55.892594,-0.575,0
2022-02-27T06:26:56.227000,0.593896,55.949453,-0.59,0
2022-02-27T18:20:27.511000,7.810191,55.962511,-0.25,0
2022-02-27T18:20:28.455000,7.799873,55.905643,-0.258,0
2022-02-27T18:20:29.398000,7.789574,55.848775,-0.271,0
2022-02-27T18:20:30.342000,7.779294,55.791906,-0.273,0
2022-02-27T18:20:31.285000,7.769032,55.735036,-0.277,0
2022-02-27T18:20:32.229000,7.758788,55.678165,-0.25,0
2022-02-27T18:20:33.172000,7.748562,55.621293,-0.226,0
2022-02-27T18:20:34.115000,7.738355,55.56442,-0.218,0
2022-02-27T18:20:35.059000,7.728166,55.507547,-0.196,0
2022-02-27T18:20:36.002000,7.717995,55.450672,-0.129,0
2022-02-27T18:20:36.946000,7.707841,55.393796,-0.104,0
2022-02-27T18:20:37.889000,7.697706,55.33692,-0.091,0
2022-02-27T18:20:38.833000,7.687588,55.280042,-0.069,0
2022-02-27T18:20:39.776000,7.677487,55.223164,-0.045,0
2022-02-27T18:20:40.719000,7.667405,55.166284,0.002,0
2022-02-27T18:20:41.663000,7.657339,55.109404,0.03,0
2022-02-27T18:20:42.606000,7.647291,55.052523,0.055,0
2022-02-27T18:20:43.550000,7.637261,54.99564,0.09,0
2022-02-27T18:20:44.493000,7.627247,54.938757,0.131,0
2022-02-27T18:20:45.437000,7.617251,54.881873,0.184,0
2022-02-27T18:20:46.380000,7.607271,54.824988,0.223,0
2022-02-27T18:20:47.324000,7.597309,54.768102,0.223,0
2022-02-27T18:20:48.267000,7.587363,54.711216,0.28,0
2022-02-27T18:20:49.210000,7.577434,54.654328,0.351,0
2022-02-27T18:20:50.154000,7.567522,54.597439,0.371,0
2022-02-27T18:20:51.097000,7.557626,54.54055,0.392,0
2022-02-27T18:20:52.041000,7.547747,54.483659,0.456,0
2022-02-27T18:20:52.984000,7.537884,54.426768,0.505,0
2022-02-27T18:20:53.928000,7.528038,54.369875,0.521,0
2022-02-27T18:20:54.871000,7.518208,54.312982,0.573,0
2022-02-27T18:20:55.814000,7.508394,54.256088,0.615,0
2022-02-27T18:20:56.758000,7.498597,54.199193,0.654,0
2022-02-27T18:20:57.701000,7.488815,54.142297,0.7,0
2022-02-27T18:20:58.645000,7.479049,54.0854,0.712,0
2022-02-27T18:20:59.588000,7.469299,54.028502,0.765,0
2022-02-27T18:21:00.532000,7.459565,53.971604,0.81,0
2022-02-27T18:21:01.475000,7.449847,53.914704,0.843,0
2022-02-27T18:21:02.419000,7.440145,53.857804,0.917,1
2022-02-27T18:21:03.362000,7.430458,53.800902,0.956,1
2022-03-01T06:23:22.931000,0.582815,49.945782,-0.425,1
2022-03-01T06:23:23.875000,0.574034,50.002729,-0.534,0
2022-03-01T06:23:24.818000,0.56524,50.059675,-0.638,0
2022-03-01T06:23:25.762000,0.556436,50.11662,-0.725,0
2022-03-01T06:23:26.705000,0.547619,50.173564,-0.791,0
2022-03-01T06:23:27.648000,0.538792,50.230508,-0.879,0
2022-03-01T06:23:28.592000,0.529952,50.287451,-0.963,0
2022-03-01T06:23:29.535000,0.521101,50.344393,-1.052,0
2022-03-01T06:23:30.479000,0.512238,50.401334,-1.131,0
2022-03-01T06:23:31.422000,0.503364,50.458274,-1.196,0
2022-03-01T06:23:32.366000,0.494477,50.515214,-1.246,0
2022-03-01T06:23:33.309000,0.485579,50.572152,-1.291,0
2022-03-01T06:23:34.253000,0.476668,50.62909,-1.359,0
2022-03-01T06:23:35.196000,0.467746,50.686027,-1.434,1
2022-03-01T06:23:36.139000,0.458812,50.742963,-1.498,1
2022-03-01T06:24:28.972000,-0.062551,53.93002,0.839,1
2022-03-01T06:24:29.915000,-0.072272,53.986907,0.787,1
2022-03-01T06:24:30.859000,-0.082008,54.043793,0.729,1
2022-03-01T06:24:33.689000,-0.111313,54.214446,0.444,1
2022-03-01T06:24:34.633000,-0.121114,54.271329,0.377,1
2022-03-01T06:24:35.576000,-0.13093,54.32821,0.333,0
2022-03-01T06:24:36.519000,-0.140763,54.385091,0.291,0
2022-03-01T06:24:37.463000,-0.150612,54.441971,0.233,0
2022-03-01T06:24:38.406000,-0.160477,54.49885,0.197,0
2022-03-01T06:24:39.350000,-0.170359,54.555728,0.148,0
2022-03-01T06:24:40.293000,-0.180257,54.612605,0.082,0
2022-03-01T06:24:41.237000,-0.190172,54.669481,0.052,0
2022-03-01T06:24:42.180000,-0.200104,54.726356,0.049,0
2022-03-01T06:24:43.123000,-0.210052,54.783231,0.008,0
2022-03-01T06:24:44.067000,-0.220017,54.840104,-0.038,0
2022-03-01T06:24:45.010000,-0.23,54.896977,-0.071,0
2022-03-01T06:24:45.954000,-0.239999,54.953849,-0.112,0
2022-03-01T06:24:46.897000,-0.250015,55.01072,-0.12,0
2022-03-01T06:24:47.841000,-0.260049,55.067589,-0.15,0
2022-03-01T06:24:48.784000,-0.2701,55.124458,-0.208,0
2022-03-01T06:24:49.728000,-0.280168,55.181327,-0.233,0
2022-03-01T06:24:50.671000,-0.290254,55.238194,-0.239,0
2022-03-01T06:24:51.614000,-0.300357,55.29506,-0.268,0
2022-03-01T06:24:52.558000,-0.310478,55.351925,-0.294,0
2022-03-01T06:24:53.501000,-0.320616,55.40879,-0.357,0
2022-03-01T06:24:54.445000,-0.330773,55.465653,-0.361,0
2022-03-01T06:24:55.388000,-0.340947,55.522516,-0.382,0
2022-03-01T06:24:56.332000,-0.351139,55.579378,-0.415,0
2022-03-01T06:24:57.275000,-0.361349,55.636238,-0.41,0
2022-03-01T06:24:58.218000,-0.371578,55.693098,-0.469,0
2022-03-01T06:24:59.162000,-0.381825,55.749957,-0.493,0
2022-03-01T06:25:00.105000,-0.39209,55.806815,-0.512,0
2022-03-01T06:25:01.049000,-0.402373,55.863673,-0.525,0
2022-03-01T06:25:01.992000,-0.412675,55.920529,-0.528,0
2022-03-01T06:25:02.936000,-0.422996,55.977384,-0.549,0
2022-03-01T18:18:34.220000,6.791277,55.931492,0.086,0
2022-03-01T18:18:35.163000,6.780971,55.874618,0.07,0
2022-03-01T18:18:36.107000,6.770683,55.817744,0.098,0
2022-03-01T18:18:37.050000,6.760414,55.760869,0.055,0
2022-03-01T18:18:37.994000,6.750163,55.703993,0.056,0
2022-03-01T18:18:38.937000,6.73993,55.647116,0.062,0
2022-03-01T18:18:39.880000,6.729715,55.590238,0.057,0
2022-03-01T18:18:40.824000,6.719519,55.533359,0.056,0
2022-03-01T18:18:41.767000,6.70934,55.476479,0.042,0
2022-03-01T18:18:42.711000,6.69918,55.419598,0.052,0
2022-03-01T18:18:43.654000,6.689037,55.362717,0.059,0
2022-03-01T18:18:44.598000,6.678912,55.305834,0.058,0
2022-03-01T18:18:45.541000,6.668804,55.24895,0.097,0
2022-03-01T18:18:46.484000,6.658715,55.192066,0.083,0
2022-03-01T18:18:47.428000,6.648642,55.13518,0.087,0
2022-03-01T18:18:48.371000,6.638587,55.078294,0.118,0
2022-03-01T18:18:49.315000,6.62855,55.021406,0.114,0
2022-03-01T18:18:50.258000,6.618529,54.964518,0.125,0
2022-03-01T18:18:51.202000,6.608526,54.907629,0.139,0
2022-03-01T18:18:52.145000,6.59854,54.850739,0.17,0
2022-03-01T18:18:53.089000,6.58857,54.793848,0.191,0
2022-03-01T18:18:54.032000,6.578618,54.736956,0.217,0
2022-03-01T18:18:54.975000,6.568682,54.680063,0.256,0
2022-03-01T18:18:55.919000,6.558764,54.623169,0.269,0
2022-03-01T18:18:56.862000,6.548861,54.566274,0.316,0
2022-03-01T18:18:57.806000,6.538976,54.509378,0.315,0
2022-03-01T18:18:58.749000,6.529107,54.452482,0.336,0
2022-03-01T18:18:59.693000,6.519254,54.395584,0.351,0
2022-03-01T18:19:00.636000,6.509417,54.338686,0.387,0
2022-03-01T18:19:01.579000,6.499597,54.281786,0.422,0
2022-03-01T18:19:02.523000,6.489793,54.224886,0.447,0
2022-03-01T18:19:03.466000,6.480005,54.167985,0.481,0
2022-03-01T18:19:04.410000,6.470233,54.111083,0.523,0
2022-03-01T18:19:05.353000,6.460476,54.05418,0.562,0
2022-03-01T18:19:06.297000,6.450736,53.997276,0.613,0
2022-03-01T18:19:07.240000,6.441012,53.940371,0.672,0
2022-03-01T18:19:08.184000,6.431303,53.883465,0.709,0
2022-03-01T18:19:09.127000,6.42161,53.826558,0.776,0
2022-03-01T18:19:10.070000,6.411932,53.769651,0.847,0
2022-03-01T18:19:11.014000,6.40227,53.712742,0.922,0
2022-03-01T18:19:11.957000,6.392623,53.655833,1.008,1
2022-03-01T18:19:12.901000,6.382992,53.598922,1.063,1
2022-03-03T06:21:25.866000,-0.399634,49.752221,-1.754,0
2022-03-03T06:21:26.809000,-0.408376,49.809168,-1.764,0
2022-03-03T06:21:27.753000,-0.41713,49.866114,-1.743,0
2022-03-03T06:21:28.696000,-0.425895,49.923059,-1.736,0
2022-03-03T06:21:29.640000,-0.434672,49.980003,-1.756,0
2022-03-03T06:21:30.583000,-0.44346,50.036947,-1.746,0
2022-03-03T06:21:31.527000,-0.452259,50.093889,-1.758,0
2022-03-03T06:21:32.470000,-0.46107,50.150831,-1.742,0
2022-03-03T06:21:33.414000,-0.469893,50.207772,-1.772,0
2022-03-03T06:21:34.357000,-0.478727,50.264712,-1.782,0
2022-03-03T06:21:35.300000,-0.487572,50.321652,-1.814,0
2022-03-03T06:21:36.244000,-0.49643,50.37859,-1.834,0
2022-03-03T06:21:37.187000,-0.505299,50.435528,-1.873,0
2022-03-03T06:21:38.131000,-0.51418,50.492465,-1.907,0
2022-03-03T06:21:39.074000,-0.523073,50.549401,-1.955,0
2022-03-03T06:21:40.018000,-0.531978,50.606336,-2.045,0
2022-03-03T06:21:40.961000,-0.540895,50.663271,-2.092,1
2022-03-03T06:21:41.904000,-0.549824,50.720204,-2.155,1
2022-03-03T06:22:49.832000,-1.228186,54.817182,0.551,1
2022-03-03T06:22:50.775000,-1.23816,54.874053,0.503,1
2022-03-03T06:22:51.719000,-1.248152,54.930923,0.455,1
2022-03-03T06:22:52.662000,-1.258161,54.987792,0.416,1
2022-03-03T06:22:53.606000,-1.268186,55.04466,0.366,1
2022-03-03T06:22:54.549000,-1.278229,55.101527,0.351,1
2022-03-03T06:22:55.493000,-1.28829,55.158393,0.296,1
2022-03-03T06:22:56.436000,-1.298368,55.215258,0.24,1
2022-03-03T06:22:57.379000,-1.308463,55.272122,0.17,0
2022-03-03T06:22:58.323000,-1.318576,55.328986,0.155,1
2022-03-03T06:22:59.266000,-1.328707,55.385848,0.093,1
2022-03-03T06:23:00.210000,-1.338855,55.44271,0.028,0
2022-03-03T06:23:01.153000,-1.349021,55.499571,-0.023,0
2022-03-03T06:23:02.097000,-1.359205,55.556431,-0.062,0
2022-03-03T06:23:03.040000,-1.369408,55.61329,-0.111,0
2022-03-03T06:23:03.983000,-1.379628,55.670148,-0.162,0
2022-03-03T06:23:04.927000,-1.389866,55.727005,-0.214,0
2022-03-03T06:23:05.870000,-1.400123,55.783861,-0.258,0
2022-03-03T06:23:06.814000,-1.410399,55.840716,-0.333,0
2022-03-03T06:23:07.757000,-1.420692,55.897571,-0.365,0
2022-03-03T06:23:08.701000,-1.431005,55.954424,-0.392,0
2022-03-03T18:16:39.985000,5.782418,55.950616,-0.215,0
2022-03-03T18:16:40.928000,5.772105,55.893737,-0.179,0
2022-03-03T18:16:41.872000,5.76181,55.836857,-0.178,0
2022-03-03T18:16:42.815000,5.751534,55.779976,-0.18,0
2022-03-03T18:16:43.759000,5.741276,55.723095,-0.157,0
2022-03-03T18:16:44.702000,5.731037,55.666212,-0.175,0
2022-03-03T18:16:45.645000,5.720815,55.609328,-0.143,0
2022-03-03T18:16:46.589000,5.710612,55.552443,-0.153,0
2022-03-03T18:16:47.532000,5.700427,55.495558,-0.144,0
2022-03-03T18:16:48.476000,5.69026,55.438671,-0.121,0
2022-03-03T18:16:49.419000,5.68011,55.381784,-0.106,0
2022-03-03T18:16:50.363000,5.669979,55.324895,-0.106,0
2022-03-03T18:16:51.306000,5.659865,55.268006,-0.079,0
2022-03-03T18:16:52.250000,5.649769,55.211116,-0.058,0
2022-03-03T18:16:53.193000,5.63969,55.154224,-0.067,0
2022-03-03T18:16:54.136000,5.629628,55.097332,-0.056,0
2022-03-03T18:16:55.080000,5.619584,55.040439,-0.053,0
2022-03-03T18:16:56.023000,5.609557,54.983545,-0.064,0
2022-03-03T18:16:56.967000,5.599548,54.92665,-0.048,0
2022-03-03T18:16:57.910000,5.589555,54.869754,-0.022,0
2022-03-03T18:16:58.854000,5.57958,54.812857,-0.008,0
2022-03-03T18:16:59.797000,5.569621,54.755959,-0.0,0
2022-03-03T18:17:00.740000,5.559679,54.699061,0.014,0
2022-03-03T18:17:01.684000,5.549754,54.642161,0.024,0
2022-03-03T18:17:02.627000,5.539846,54.58526,0.049,0
2022-03-03T18:17:03.571000,5.529954,54.528359,0.043,0
2022-03-03T18:17:04.514000,5.520079,54.471456,0.064,0
2022-03-03T18:17:05.458000,5.51022,54.414553,0.067,0
2022-03-03T18:17:06.401000,5.500377,54.357649,0.092,0
2022-03-03T18:17:07.345000,5.490551,54.300743,0.083,0
2022-03-03T18:17:08.288000,5.480741,54.243837,0.123,0
2022-03-03T18:17:09.231000,5.470947,54.18693,0.094,0
2022-03-03T18:17:10.175000,5.461169,54.130022,0.126,0
2022-03-03T18:17:11.118000,5.451407,54.073113,0.123,0
2022-03-03T18:17:12.062000,5.441661,54.016203,0.184,0
2022-03-03T18:17:13.005000,5.43193,53.959292,0.22,0
2022-03-03T18:17:13.949000,5.422216,53.902381,0.244,0
2022-03-03T18:17:14.892000,5.412517,53.845468,0.255,0
2022-03-03T18:17:15.835000,5.402833,53.788555,0.297,0
2022-03-03T18:17:16.779000,5.393166,53.73164,0.334,0
2022-03-03T18:17:17.722000,5.383513,53.674725,0.376,0
2022-03-03T18:17:18.666000,5.373876,53.617809,0.409,0
2022-03-03T18:17:19.609000,5.364254,53.560891,0.451,0
2022-03-03T18:17:20.553000,5.354647,53.503973,0.48,1
2022-03-03T18:17:23.383000,5.325918,53.333214,0.125,1
2022-03-05T06:19:33.518000,-1.427211,49.848342,-1.421,0
2022-03-05T06:19:34.461000,-1.435974,49.905285,-1.389,0
2022-03-05T06:19:35.405000,-1.444747,49.962228,-1.361,0
2022-03-05T06:19:36.348000,-1.453532,50.019169,-1.306,0
2022-03-05T06:19:37.292000,-1.462329,50.07611,-1.226,0
2022-03-05T06:19:38.235000,-1.471137,50.13305,-1.215,0
2022-03-05T06:19:39.179000,-1.479957,50.189989,-1.188,0
2022-03-05T06:19:40.122000,-1.488788,50.246927,-1.114,0
2022-03-05T06:19:41.065000,-1.497631,50.303865,-1.107,0
2022-03-05T06:19:42.009000,-1.506485,50.360801,-1.093,0
2022-03-05T06:19:42.952000,-1.515352,50.417737,-1.053,0
2022-03-05T06:19:43.896000,-1.52423,50.474672,-1.019,0
2022-03-05T06:19:44.839000,-1.53312,50.531606,-0.992,1
2022-03-05T06:19:45.783000,-1.542022,50.58854,-0.954,1
2022-03-05T18:14:45.750000,4.773431,55.96389,0.0,0
2022-03-05T18:14:46.693000,4.763111,55.907005,0.013,0
2022-03-05T18:14:47.637000,4.752809,55.850119,0.022,0
2022-03-05T18:14:48.580000,4.742526,55.793231,0.012,0
2022-03-05T18:14:49.524000,4.732262,55.736343,0.035,0
2022-03-05T18:14:50.467000,4.722016,55.679454,0.037,0
2022-03-05T18:14:51.411000,4.711788,55.622564,0.04,0
2022-03-05T18:14:52.354000,4.701578,55.565673,0.056,0
2022-03-05T18:14:53.297000,4.691387,55.508781,0.056,0
2022-03-05T18:14:54.241000,4.681213,55.451888,0.052,0
2022-03-05T18:14:55.184000,4.671057,55.394995,0.065,0
2022-03-05T18:14:56.128000,4.660919,55.3381,0.075,0
2022-03-05T18:14:57.071000,4.650799,55.281204,0.07,0
2022-03-05T18:14:58.015000,4.640696,55.224308,0.095,0
2022-03-05T18:14:58.958000,4.630611,55.16741,0.115,0
2022-03-05T18:14:59.901000,4.620543,55.110511,0.114,0
2022-03-05T18:15:00.845000,4.610493,55.053612,0.131,0
2022-03-05T18:15:01.788000,4.60046,54.996712,0.128,0
2022-03-05T18:15:02.732000,4.590444,54.93981,0.128,0
2022-03-05T18:15:03.675000,4.580445,54.882908,0.153,0
2022-03-05T18:15:04.619000,4.570464,54.826005,0.159,0
2022-03-05T18:15:05.562000,4.560499,54.7691,0.174,0
2022-03-05T18:15:06.506000,4.550551,54.712195,0.207,0
2022-03-05T18:15:07.449000,4.54062,54.655289,0.173,0
2022-03-05T18:15:08.392000,4.530705,54.598382,0.202,0
2022-03-05T18:15:09.336000,4.520808,54.541474,0.219,0
2022-03-05T18:15:10.279000,4.510926,54.484565,0.216,0
2022-03-05T18:15:11.223000,4.501061,54.427656,0.239,0
2022-03-05T18:15:12.166000,4.491213,54.370745,0.247,0
2022-03-05T18:15:13.110000,4.481381,54.313833,0.273,0
2022-03-05T18:15:14.053000,4.471565,54.256921,0.304,0
2022-03-05T18:15:14.996000,4.461765,54.200007,0.341,0
2022-03-05T18:15:15.940000,4.451981,54.143093,0.324,0
2022-03-05T18:15:16.883000,4.442213,54.086178,0.34,0
2022-03-05T18:15:17.827000,4.432461,54.029261,0.36,0
2022-03-05T18:15:18.770000,4.422725,53.972344,0.409,0
2022-03-05T18:15:19.714000,4.413005,53.915426,0.416,0
2022-03-05T18:15:20.657000,4.4033,53.858507,0.41,0
2022-03-05T18:15:21.601000,4.393611,53.801587,0.462,0
2022-03-05T18:15:22.544000,4.383938,53.744666,0.49,0
2022-03-05T18:15:23.487000,4.374279,53.687745,0.487,0
2022-03-05T18:15:24.431000,4.364637,53.630822,0.502,0
2022-03-05T18:15:25.374000,4.355009,53.573898,0.537,0
2022-03-05T18:15:26.318000,4.345397,53.516974,0.522,0
2022-03-05T18:15:27.261000,4.3358,53.460048,0.562,0
2022-03-05T18:15:28.205000,4.326218,53.403122,0.587,0
2022-03-05T18:15:29.148000,4.316651,53.346194,0.604,0
2022-03-05T18:15:30.091000,4.307099,53.289266,0.597,0
2022-03-05T18:15:31.035000,4.297562,53.232337,0.626,0
2022-03-05T18:15:31.978000,4.28804,53.175407,0.645,0
2022-03-05T18:15:32.922000,4.278532,53.118476,0.637,0
2022-03-05T18:15:33.865000,4.269039,53.061544,0.631,0
2022-03-05T18:15:34.809000,4.259561,53.004612,0.665,0
2022-03-05T18:15:35.752000,4.250097,52.947678,0.703,0
2022-03-05T18:15:36.695000,4.240648,52.890744,0.717,0
2022-03-05T18:15:37.639000,4.231213,52.833808,0.731,0
2022-03-05T18:15:38.582000,4.221792,52.776872,0.722,0
2022-03-05T18:15:39.526000,4.212386,52.719935,0.717,0
2022-03-05T18:15:40.469000,4.202994,52.662996,0.745,0
2022-03-05T18:15:41.413000,4.193616,52.606057,0.736,0
2022-03-05T18:15:42.356000,4.184252,52.549117,0.76,0
2022-03-05T18:15:43.300000,4.174902,52.492176,0.773,0
2022-03-05T18:15:44.243000,4.165565,52.435235,0.78,0
2022-03-05T18:15:45.186000,4.156243,52.378292,0.791,0
2022-03-05T18:15:46.130000,4.146935,52.321349,0.788,0
2022-03-05T18:15:47.073000,4.13764,52.264404,0.815,0
2022-03-05T18:15:48.017000,4.128359,52.207459,0.818,1
2022-03-05T18:15:48.960000,4.119092,52.150513,0.827,1
2022-03-05T18:15:49.904000,4.109838,52.093565,0.828,1
2022-03-07T18:12:51.515000,3.763951,55.971284,0.342,0
2022-03-07T18:12:52.458000,3.753625,55.914392,0.282,0
2022-03-07T18:12:53.402000,3.743319,55.857499,0.36,0
2022-03-07T18:12:54.345000,3.733031,55.800605,0.336,0
2022-03-07T18:12:55.289000,3.722761,55.74371,0.297,0
2022-03-07T18:12:56.232000,3.71251,55.686814,0.303,0
2022-03-07T18:12:57.176000,3.702276,55.629917,0.278,0
2022-03-07T18:12:58.119000,3.692062,55.57302,0.244,0
2022-03-07T18:12:59.062000,3.681865,55.516121,0.25,0
2022-03-07T18:13:00.006000,3.671686,55.459221,0.237,0
2022-03-07T18:13:00.949000,3.661525,55.40232,0.241,0
2022-03-07T18:13:01.893000,3.651382,55.345419,0.231,0
2022-03-07T18:13:02.836000,3.641257,55.288516,0.203,0
2022-03-07T18:13:03.780000,3.631149,55.231613,0.174,0
2022-03-07T18:13:04.723000,3.621059,55.174708,0.189,0
2022-03-07T18:13:05.666000,3.610986,55.117803,0.156,0
2022-03-07T18:13:06.610000,3.600931,55.060897,0.128,0
2022-03-07T18:13:07.553000,3.590893,55.003989,0.133,0
2022-03-07T18:13:08.497000,3.580872,54.947081,0.077,0
2022-03-07T18:13:09.440000,3.570868,54.890172,0.086,0
2022-03-07T18:13:10.384000,3.560882,54.833262,0.091,0
2022-03-07T18:13:11.327000,3.550912,54.776351,0.092,0
2022-03-07T18:13:12.271000,3.540959,54.719439,0.092,0
2022-03-07T18:13:13.214000,3.531023,54.662526,0.059,0
2022-03-07T18:13:14.157000,3.521104,54.605612,0.068,0
2022-03-07T18:13:15.101000,3.511201,54.548697,0.077,0
2022-03-07T18:13:16.044000,3.501315,54.491781,0.055,0
2022-03-07T18:13:16.988000,3.491445,54.434864,0.06,0
2022-03-07T18:13:17.931000,3.481592,54.377947,0.084,0
2022-03-07T18:13:18.875000,3.471755,54.321028,0.069,0
2022-03-07T18:13:19.818000,3.461935,54.264109,0.026,0
2022-03-07T18:13:20.761000,3.45213,54.207188,0.021,0
2022-03-07T18:13:21.705000,3.442341,54.150267,0.035,0
2022-03-07T18:13:22.648000,3.432569,54.093345,0.046,0
2022-03-07T18:13:23.592000,3.422812,54.036421,0.03,0
2022-03-07T18:13:24.535000,3.413072,53.979497,0.013,0
2022-03-07T18:13:25.479000,3.403347,53.922572,0.012,0
2022-03-07T18:13:26.422000,3.393637,53.865646,0.028,0
2022-03-07T18:13:27.366000,3.383944,53.808719,0.008,0
2022-03-07T18:13:28.309000,3.374266,53.751792,0.024,0
2022-03-07T18:13:29.252000,3.364603,53.694863,-0.02,0
2022-03-07T18:13:30.196000,3.354956,53.637933,-0.01,0
2022-03-07T18:13:31.139000,3.345324,53.581003,-0.024,0
2022-03-07T18:13:32.083000,3.335707,53.524071,-0.033,0
2022-03-07T18:13:33.026000,3.326106,53.467139,-0.023,0
2022-03-07T18:13:33.970000,3.316519,53.410205,-0.012,0
2022-03-07T18:13:34.913000,3.306948,53.353271,-0.03,0
2022-03-07T18:13:35.856000,3.297391,53.296336,-0.056,0
2022-03-07T18:13:36.800000,3.28785,53.2394,-0.023,0
2022-03-07T18:13:37.743000,3.278323,53.182463,-0.018,0
2022-03-07T18:13:38.687000,3.268811,53.125525,0.015,0
2022-03-07T18:13:39.630000,3.259314,53.068586,0.005,0
2022-03-07T18:13:40.574000,3.249831,53.011646,0.005,0
2022-03-07T18:13:41.517000,3.240363,52.954706,0.022,0
2022-03-07T18:13:42.461000,3.23091,52.897764,0.055,0
2022-03-07T18:13:43.404000,3.22147,52.840822,0.044,0
2022-03-07T18:13:44.347000,3.212046,52.783878,0.06,0
2022-03-07T18:13:45.291000,3.202635,52.726934,0.086,0
2022-03-07T18:13:46.234000,3.193239,52.669989,0.091,0
2022-03-07T18:13:47.178000,3.183856,52.613043,0.108,0
2022-03-07T18:13:48.121000,3.174488,52.556096,0.119,0
2022-03-07T18:13:49.065000,3.165134,52.499148,0.142,0
2022-03-07T18:13:50.008000,3.155794,52.442199,0.159,0
2022-03-07T18:13:50.951000,3.146467,52.385249,0.171,0
2022-03-07T18:13:51.895000,3.137155,52.328299,0.18,0
2022-03-07T18:13:52.838000,3.127856,52.271347,0.199,0
2022-03-07T18:13:53.782000,3.118571,52.214395,0.226,0
2022-03-07T18:13:54.725000,3.1093,52.157442,0.225,0
2022-03-07T18:13:55.669000,3.100042,52.100487,0.28,0
2022-03-07T18:13:56.612000,3.090797,52.043532,0.296,0
2022-03-07T18:13:57.556000,3.081566,51.986576,0.312,0
2022-03-07T18:13:58.499000,3.072349,51.92962,0.34,0
2022-03-07T18:13:59.442000,3.063145,51.872662,0.355,0
2022-03-07T18:14:00.386000,3.053954,51.815703,0.378,0
2022-03-07T18:14:01.329000,3.044776,51.758743,0.41,0
2022-03-07T18:14:02.273000,3.035611,51.701783,0.42,0
2022-03-07T18:14:03.216000,3.02646,51.644822,0.438,0
2022-03-07T18:14:04.160000,3.017321,51.58786,0.472,0
2022-03-07T18:14:05.103000,3.008196,51.530896,0.471,0
2022-03-07T18:14:06.046000,2.999083,51.473932,0.499,0
2022-03-07T18:14:06.990000,2.989983,51.416968,0.464,1
2022-03-07T18:14:07.933000,2.980896,51.360002,0.457,1
2022-03-09T18:10:57.280000,2.753727,55.973992,0.179,0
2022-03-09T18:10:58.223000,2.743399,55.917093,0.182,0
2022-03-09T18:10:59.167000,2.733089,55.860193,0.199,0
2022-03-09T18:11:00.110000,2.722798,55.803291,0.195,0
2022-03-09T18:11:01.054000,2.712525,55.746389,0.192,0
2022-03-09T18:11:01.997000,2.702271,55.689486,0.207,0
2022-03-09T18:11:02.941000,2.692034,55.632582,0.194,0
2022-03-09T18:11:03.884000,2.681817,55.575677,0.199,0
2022-03-09T18:11:04.827000,2.671617,55.51877,0.188,0
2022-03-09T18:11:05.771000,2.661435,55.461863,0.193,0
2022-03-09T18:11:06.714000,2.651271,55.404955,0.159,0
2022-03-09T18:11:07.658000,2.641125,55.348046,0.163,0
2022-03-09T18:11:08.601000,2.630996,55.291136,0.15,0
2022-03-09T18:11:09.545000,2.620886,55.234226,0.142,0
2022-03-09T18:11:10.488000,2.610793,55.177314,0.11,0
2022-03-09T18:11:11.432000,2.600717,55.120401,0.101,0
2022-03-09T18:11:12.375000,2.590659,55.063487,0.088,0
2022-03-09T18:11:13.318000,2.580618,55.006572,0.067,0
2022-03-09T18:11:14.262000,2.570594,54.949657,0.078,0
2022-03-09T18:11:15.205000,2.560588,54.89274,0.046,0
2022-03-09T18:11:16.149000,2.550598,54.835823,0.038,0
2022-03-09T18:11:17.092000,2.540626,54.778904,0.006,0
2022-03-09T18:11:18.036000,2.53067,54.721985,-0.023,0
2022-03-09T18:11:18.979000,2.520731,54.665065,-0.051,0
2022-03-09T18:11:19.922000,2.510809,54.608143,-0.052,0
2022-03-09T18:11:20.866000,2.500904,54.551221,-0.06,0
2022-03-09T18:11:21.809000,2.491015,54.494298,-0.1,0
2022-03-09T18:11:22.753000,2.481142,54.437374,-0.142,0
2022-03-09T18:11:23.696000,2.471286,54.380449,-0.16,0
2022-03-09T18:11:24.640000,2.461447,54.323523,-0.167,0
2022-03-09T18:11:25.583000,2.451623,54.266596,-0.191,0
2022-03-09T18:11:26.527000,2.441816,54.209668,-0.216,0
2022-03-09T18:11:27.470000,2.432025,54.152739,-0.222,0
2022-03-09T18:11:28.413000,2.422249,54.09581,-0.222,0
2022-03-09T18:11:29.357000,2.41249,54.038879,-0.266,0
2022-03-09T18:11:30.300000,2.402747,53.981947,-0.249,0
2022-03-09T18:11:31.244000,2.393019,53.925015,-0.273,0
2022-03-09T18:11:32.187000,2.383307,53.868082,-0.275,0
2022-03-09T18:11:33.131000,2.373611,53.811147,-0.303,0
2022-03-09T18:11:34.074000,2.36393,53.754212,-0.323,0
2022-03-09T18:11:35.017000,2.354265,53.697276,-0.323,0
2022-03-09T18:11:35.961000,2.344615,53.640339,-0.343,0
2022-03-09T18:11:36.904000,2.33498,53.583401,-0.324,0
2022-03-09T18:11:37.848000,2.325361,53.526462,-0.339,0
2022-03-09T18:11:38.791000,2.315757,53.469522,-0.352,0
2022-03-09T18:11:39.735000,2.306168,53.412581,-0.38,0
2022-03-09T18:11:40.678000,2.296594,53.355639,-0.375,0
2022-03-09T18:11:41.622000,2.287035,53.298697,-0.394,0
2022-03-09T18:11:42.565000,2.277491,53.241753,-0.421,0
2022-03-09T18:11:43.508000,2.267961,53.184809,-0.407,0
2022-03-09T18:11:44.452000,2.258447,53.127863,-0.411,0
2022-03-09T18:11:45.395000,2.248947,53.070917,-0.369,0
2022-03-09T18:11:46.339000,2.239462,53.01397,-0.363,0
2022-03-09T18:11:47.282000,2.229991,52.957022,-0.38,0
2022-03-09T18:11:48.226000,2.220535,52.900073,-0.351,0
2022-03-09T18:11:49.169000,2.211094,52.843123,-0.319,0
2022-03-09T18:11:50.112000,2.201666,52.786172,-0.328,0
2022-03-09T18:11:51.056000,2.192253,52.72922,-0.301,0
2022-03-09T18:11:51.999000,2.182854,52.672268,-0.279,0
2022-03-09T18:11:52.943000,2.173469,52.615314,-0.236,0
2022-03-09T18:11:53.886000,2.164099,52.55836,-0.163,0
2022-03-09T18:11:54.830000,2.154742,52.501404,-0.13,0
2022-03-09T18:11:55.773000,2.145399,52.444448,-0.095,0
2022-03-09T18:11:56.717000,2.136071,52.387491,-0.051,0
2022-03-09T18:11:57.660000,2.126756,52.330533,-0.04,0
2022-03-09T18:11:58.603000,2.117455,52.273574,0.038,0
2022-03-09T18:11:59.547000,2.108167,52.216614,0.059,0
2022-03-09T18:12:00.490000,2.098893,52.159653,0.118,0
2022-03-09T18:12:01.434000,2.089633,52.102691,0.169,0
2022-03-09T18:12:02.377000,2.080386,52.045729,0.198,0
2022-03-09T18:12:03.321000,2.071153,51.988765,0.269,0
2022-03-09T18:12:04.264000,2.061933,51.931801,0.334,0
2022-03-09T18:12:05.207000,2.052727,51.874836,0.387,0
2022-03-09T18:12:06.151000,2.043533,51.81787,0.456,0
2022-03-09T18:12:07.094000,2.034353,51.760903,0.515,0
2022-03-09T18:12:08.038000,2.025186,51.703935,0.543,0
2022-03-09T18:12:08.981000,2.016032,51.646966,0.59,0
2022-03-09T18:12:09.925000,2.006892,51.589996,0.643,0
2022-03-09T18:12:10.868000,1.997764,51.533025,0.657,0
2022-03-09T18:12:11.812000,1.988649,51.476054,0.723,0
2022-03-09T18:12:12.755000,1.979547,51.419081,0.713,0
2022-03-09T18:12:13.698000,1.970457,51.362108,0.821,0
2022-03-09T18:12:14.642000,1.961381,51.305134,0.815,0
2022-03-09T18:12:15.585000,1.952317,51.248159,0.79,0
2022-03-09T18:12:16.529000,1.943266,51.191183,0.854,0
2022-03-09T18:12:17.472000,1.934227,51.134206,0.871,0
2022-03-09T18:12:18.416000,1.925201,51.077229,0.854,1
2022-03-10T05:26:17.899000,7.820057,53.882386,0.379,1
2022-03-10T05:26:18.843000,7.810346,53.93927,0.376,0
2022-03-10T05:26:19.786000,7.80062,53.996153,0.394,0
2022-03-10T05:26:20.729000,7.790878,54.053035,0.406,0
2022-03-10T05:26:21.673000,7.78112,54.109916,0.408,1
2022-03-10T05:26:22.616000,7.771346,54.166797,0.417,1
2022-03-10T05:26:23.560000,7.761556,54.223676,0.437,1
2022-03-10T05:26:24.503000,7.75175,54.280555,0.435,1
2022-03-10T05:26:25.447000,7.741927,54.337433,0.473,0
2022-03-10T05:26:26.390000,7.732089,54.39431,0.51,0
2022-03-10T05:26:27.334000,7.722234,54.451186,0.501,0
2022-03-10T05:26:28.277000,7.712363,54.508061,0.488,0
2022-03-10T05:26:29.220000,7.702475,54.564935,0.499,0
2022-03-10T05:26:30.164000,7.692571,54.621809,0.505,0
2022-03-10T05:26:31.107000,7.68265,54.678681,0.489,0
2022-03-10T05:26:32.051000,7.672712,54.735553,0.48,0
2022-03-10T05:26:32.994000,7.662758,54.792424,0.447,0
2022-03-10T05:26:33.938000,7.652787,54.849294,0.461,0
2022-03-10T05:26:34.881000,7.642798,54.906163,0.459,0
2022-03-10T05:26:35.824000,7.632793,54.963032,0.454,0
2022-03-10T05:26:36.768000,7.622771,55.019899,0.431,0
2022-03-10T05:26:37.711000,7.612731,55.076766,0.432,0
2022-03-10T05:26:38.655000,7.602674,55.133631,0.426,0
2022-03-10T05:26:39.598000,7.5926,55.190496,0.419,0
2022-03-10T05:26:40.542000,7.582508,55.24736,0.391,0
2022-03-10T05:26:41.485000,7.572398,55.304223,0.392,0
2022-03-10T05:26:42.428000,7.562271,55.361085,0.419,0
2022-03-10T05:26:43.372000,7.552126,55.417946,0.4,0
2022-03-10T05:26:44.315000,7.541964,55.474807,0.382,0
2022-03-10T05:26:45.259000,7.531783,55.531667,0.384,0
2022-03-10T05:26:46.202000,7.521585,55.588525,0.319,0
2022-03-10T05:26:47.146000,7.511368,55.645383,0.303,0
2022-03-10T05:26:48.089000,7.501133,55.70224,0.267,0
2022-03-10T05:26:49.033000,7.49088,55.759096,0.26,0
2022-03-10T05:26:49.976000,7.480608,55.815951,0.248,0
2022-03-10T05:26:50.919000,7.470318,55.872805,0.219,0
2022-03-10T05:26:51.863000,7.46001,55.929658,0.217,0
2022-03-10T05:26:52.806000,7.449682,55.986511,0.195,0
2022-03-11T18:09:03.045000,1.742626,55.972604,-0.177,0
2022-03-11T18:09:03.988000,1.732297,55.915697,-0.19,0
2022-03-11T18:09:04.932000,1.721986,55.858788,-0.169,0
2022-03-11T18:09:05.875000,1.711695,55.801879,-0.178,0
2022-03-11T18:09:06.819000,1.701421,55.744969,-0.168,0
2022-03-11T18:09:07.762000,1.691167,55.688058,-0.16,0
2022-03-11T18:09:08.706000,1.68093,55.631146,-0.242,0
2022-03-11T18:09:09.649000,1.670712,55.574234,-0.216,0
2022-03-11T18:09:10.593000,1.660511,55.51732,-0.253,0
2022-03-11T18:09:11.536000,1.650329,55.460405,-0.287,0
2022-03-11T18:09:12.479000,1.640165,55.403489,-0.302,0
2022-03-11T18:09:13.423000,1.630018,55.346573,-0.307,0
2022-03-11T18:09:14.366000,1.619889,55.289655,-0.335,0
2022-03-11T18:09:15.310000,1.609778,55.232736,-0.334,0
2022-03-11T18:09:16.253000,1.599685,55.175817,-0.37,0
2022-03-11T18:09:17.197000,1.589609,55.118896,-0.362,0
2022-03-11T18:09:18.140000,1.57955,55.061974,-0.354,0
2022-03-11T18:09:19.083000,1.569508,55.005052,-0.376,0
2022-03-11T18:09:20.027000,1.559484,54.948129,-0.397,0
2022-03-11T18:09:20.970000,1.549477,54.891205,-0.408,0
2022-03-11T18:09:21.914000,1.539487,54.834279,-0.4,0
2022-03-11T18:09:22.857000,1.529514,54.777353,-0.441,0
2022-03-11T18:09:23.801000,1.519558,54.720426,-0.456,0
2022-03-11T18:09:24.744000,1.509619,54.663498,-0.472,0
2022-03-11T18:09:25.688000,1.499697,54.606569,-0.48,0
2022-03-11T18:09:26.631000,1.489791,54.549639,-0.477,0
2022-03-11T18:09:27.574000,1.479901,54.492708,-0.532,0
2022-03-11T18:09:28.518000,1.470028,54.435776,-0.51,0
2022-03-11T18:09:29.461000,1.460172,54.378843,-0.532,0
2022-03-11T18:09:30.405000,1.450332,54.321909,-0.526,0
2022-03-11T18:09:31.348000,1.440508,54.264975,-0.537,0
2022-03-11T18:09:32.292000,1.4307,54.208039,-0.559,0
2022-03-11T18:09:33.235000,1.420909,54.151103,-0.564,0
2022-03-11T18:09:34.178000,1.411133,54.094165,-0.574,0
2022-03-11T18:09:35.122000,1.401373,54.037226,-0.6,0
2022-03-11T18:09:36.065000,1.391629,53.980287,-0.599,0
2022-03-11T18:09:37.009000,1.381901,53.923347,-0.647,0
2022-03-11T18:09:37.952000,1.372189,53.866406,-0.64,0
2022-03-11T18:09:38.896000,1.362492,53.809464,-0.667,0
2022-03-11T18:09:39.839000,1.352811,53.752521,-0.682,0
2022-03-11T18:09:40.783000,1.343145,53.695577,-0.682,0
2022-03-11T18:09:41.726000,1.333495,53.638632,-0.733,0
2022-03-11T18:09:42.669000,1.32386,53.581686,-0.716,0
2022-03-11T18:09:43.613000,1.314241,53.524739,-0.743,0
2022-03-11T18:09:44.556000,1.304636,53.467792,-0.735,0
2022-03-11T18:09:45.500000,1.295047,53.410843,-0.774,0
2022-03-11T18:09:46.443000,1.285472,53.353893,-0.752,0
2022-03-11T18:09:47.387000,1.275913,53.296943,-0.777,0
2022-03-11T18:09:48.330000,1.266369,53.239992,-0.781,0
2022-03-11T18:09:49.273000,1.256839,53.183039,-0.75,0
2022-03-11T18:09:50.217000,1.247324,53.126086,-0.761,0
2022-03-11T18:09:51.160000,1.237824,53.069132,-0.783,1
2022-03-11T18:09:52.104000,1.228338,53.012177,-0.8,1
2022-03-11T18:10:16.633000,0.986631,51.531029,1.15,1
2022-03-11T18:10:17.577000,0.977516,51.47405,1.165,1
2022-03-11T18:10:27.954000,0.878083,50.847219,0.97,1
2022-03-11T18:10:28.898000,0.869119,50.790229,0.985,1
2022-03-11T18:10:29.841000,0.860166,50.733238,0.98,0
2022-03-11T18:10:30.785000,0.851226,50.676246,1.009,0
2022-03-11T18:10:31.728000,0.842297,50.619254,1.022,0
2022-03-11T18:10:32.672000,0.833381,50.56226,1.038,0
2022-03-11T18:10:33.615000,0.824476,50.505266,1.034,0
2022-03-11T18:10:34.558000,0.815584,50.448271,1.029,0
2022-03-11T18:10:35.502000,0.806703,50.391274,0.999,0
2022-03-11T18:10:36.445000,0.797834,50.334277,1.02,0
2022-03-11T18:10:37.389000,0.788977,50.27728,1.023,0
2022-03-11T18:10:38.332000,0.780132,50.220281,0.994,0
2022-03-11T18:10:39.276000,0.771298,50.163281,1.028,0
2022-03-11T18:10:40.219000,0.762476,50.106281,0.997,0
2022-03-11T18:10:41.162000,0.753666,50.049279,1.009,0
2022-03-11T18:10:42.106000,0.744866,49.992277,1.004,1
2022-03-11T18:10:43.049000,0.736079,49.935274,1.026,1
2022-03-12T05:24:20.834000,6.838753,53.707892,0.25,1
2022-03-12T05:24:21.777000,6.82909,53.76478,0.224,1
2022-03-12T05:24:22.721000,6.819411,53.821667,0.205,0
2022-03-12T05:24:23.664000,6.809718,53.878554,0.192,0
2022-03-12T05:24:24.608000,6.800008,53.935439,0.122,0
2022-03-12T05:24:25.551000,6.790283,53.992324,0.136,0
2022-03-12T05:24:26.494000,6.780542,54.049207,0.125,0
2022-03-12T05:24:27.438000,6.770785,54.10609,0.095,0
2022-03-12T05:24:28.381000,6.761012,54.162972,0.074,0
2022-03-12T05:24:29.325000,6.751223,54.219854,0.041,0
2022-03-12T05:24:30.268000,6.741419,54.276734,0.036,0
2022-03-12T05:24:31.212000,6.731598,54.333613,0.025,0
2022-03-12T05:24:32.155000,6.72176,54.390492,-0.001,0
2022-03-12T05:24:33.099000,6.711907,54.44737,-0.014,0
2022-03-12T05:24:34.042000,6.702037,54.504247,-0.007,0
2022-03-12T05:24:34.985000,6.69215,54.561123,0.013,0
2022-03-12T05:24:35.929000,6.682247,54.617998,-0.02,0
2022-03-12T05:24:36.872000,6.672328,54.674872,0.012,0
2022-03-12T05:24:37.816000,6.662391,54.731746,-0.008,0
2022-03-12T05:24:38.759000,6.652438,54.788618,-0.021,0
2022-03-12T05:24:39.703000,6.642468,54.84549,-0.054,0
2022-03-12T05:24:40.646000,6.632481,54.902361,-0.07,0
2022-03-12T05:24:41.589000,6.622477,54.959231,-0.086,0
2022-03-12T05:24:42.533000,6.612456,55.0161,-0.069,0
2022-03-12T05:24:43.476000,6.602418,55.072969,-0.11,0
2022-03-12T05:24:44.420000,6.592362,55.129836,-0.128,0
2022-03-12T05:24:45.363000,6.582289,55.186703,-0.129,0
2022-03-12T05:24:46.307000,6.572198,55.243568,-0.132,0
2022-03-12T05:24:47.250000,6.56209,55.300433,-0.164,0
2022-03-12T05:24:48.194000,6.551964,55.357297,-0.167,0
2022-03-12T05:24:49.137000,6.541821,55.41416,-0.191,0
2022-03-12T05:24:50.080000,6.531659,55.471023,-0.207,0
2022-03-12T05:24:51.024000,6.52148,55.527884,-0.249,0
2022-03-12T05:24:51.967000,6.511283,55.584744,-0.228,0
2022-03-12T05:24:52.911000,6.501068,55.641604,-0.28,0
2022-03-12T05:24:53.854000,6.490834,55.698463,-0.265,0
2022-03-12T05:24:54.798000,6.480582,55.755321,-0.249,0
2022-03-12T05:24:55.741000,6.470312,55.812178,-0.279,0
2022-03-12T05:24:56.684000,6.460023,55.869034,-0.258,0
2022-03-12T05:24:57.628000,6.449716,55.925889,-0.295,0
2022-03-12T05:24:58.571000,6.43939,55.982743,-0.298,0
2022-03-13T18:07:08.810000,0.730575,55.966221,-0.615,0
2022-03-13T18:07:09.754000,0.720248,55.909306,-0.617,0
2022-03-13T18:07:10.697000,0.70994,55.85239,-0.632,0
2022-03-13T18:07:11.640000,0.699651,55.795473,-0.628,0
2022-03-13T18:07:12.584000,0.68938,55.738555,-0.635,0
2022-03-13T18:07:13.527000,0.679127,55.681636,-0.644,0
2022-03-13T18:07:14.471000,0.668893,55.624716,-0.64,0
2022-03-13T18:07:15.414000,0.658677,55.567795,-0.664,0
2022-03-13T18:07:16.358000,0.648479,55.510873,-0.664,0
2022-03-13T18:07:17.301000,0.638299,55.45395,-0.7,0
2022-03-13T18:07:18.244000,0.628136,55.397026,-0.695,0
2022-03-13T18:07:19.188000,0.617992,55.340102,-0.688,0
2022-03-13T18:07:20.131000,0.607865,55.283176,-0.686,0
2022-03-13T18:07:21.075000,0.597757,55.226249,-0.699,0
2022-03-13T18:07:22.018000,0.587665,55.169322,-0.705,0
2022-03-13T18:07:22.962000,0.577591,55.112393,-0.707,0
2022-03-13T18:07:23.905000,0.567535,55.055464,-0.706,0
2022-03-13T18:07:24.849000,0.557496,54.998533,-0.69,0
2022-03-13T18:07:25.792000,0.547474,54.941602,-0.688,0
2022-03-13T18:07:26.735000,0.537469,54.884669,-0.728,0
2022-03-13T18:07:27.679000,0.527481,54.827736,-0.73,0
2022-03-13T18:07:28.622000,0.51751,54.770802,-0.751,0
2022-03-13T18:07:29.566000,0.507556,54.713867,-0.773,0
2022-03-13T18:07:30.509000,0.497619,54.656931,-0.751,0
2022-03-13T18:07:31.453000,0.487698,54.599993,-0.736,0
2022-03-13T18:07:32.396000,0.477795,54.543055,-0.748,0
2022-03-13T18:07:33.339000,0.467907,54.486117,-0.756,0
2022-03-13T18:07:34.283000,0.458037,54.429177,-0.758,0
2022-03-13T18:07:35.226000,0.448182,54.372236,-0.759,0
2022-03-13T18:07:36.170000,0.438344,54.315294,-0.779,0
2022-03-13T18:07:37.113000,0.428522,54.258351,-0.806,0
2022-03-13T18:07:38.057000,0.418717,54.201408,-0.798,0
2022-03-13T18:07:39.000000,0.408927,54.144463,-0.79,0
2022-03-13T18:07:39.943000,0.399153,54.087518,-0.772,0
2022-03-13T18:07:40.887000,0.389396,54.030571,-0.767,0
2022-03-13T18:07:41.830000,0.379654,53.973624,-0.775,0
2022-03-13T18:07:42.774000,0.369928,53.916676,-0.764,0
2022-03-13T18:07:43.717000,0.360217,53.859727,-0.754,0
2022-03-13T18:07:44.661000,0.350523,53.802776,-0.734,0
2022-03-13T18:07:45.604000,0.340844,53.745825,-0.72,0
2022-03-13T18:07:46.548000,0.33118,53.688873,-0.723,1
2022-03-13T18:07:47.491000,0.321531,53.63192,-0.665,1
2022-03-13T18:07:48.434000,0.311898,53.574966,-0.606,1
2022-03-13T18:07:49.378000,0.302281,53.518012,-0.56,1
2022-03-13T18:07:50.321000,0.292678,53.461056,-0.482,1
2022-03-13T18:08:35.606000,-0.151705,50.726118,0.632,1
2022-03-13T18:08:36.550000,-0.160644,50.669118,0.673,0
2022-03-13T18:08:37.493000,-0.169571,50.612117,0.666,0
2022-03-13T18:08:38.437000,-0.178486,50.555116,0.722,0
2022-03-13T18:08:39.380000,-0.187389,50.498113,0.75,0
2022-03-13T18:08:40.323000,-0.196279,50.44111,0.774,0
2022-03-13T18:08:41.267000,-0.205158,50.384106,0.82,0
2022-03-13T18:08:42.210000,-0.214026,50.327101,0.833,0
2022-03-13T18:08:43.154000,-0.222881,50.270095,0.903,0
2022-03-13T18:08:44.097000,-0.231725,50.213088,0.915,0
2022-03-13T18:08:45.041000,-0.240557,50.156081,0.949,0
2022-03-13T18:08:45.984000,-0.249378,50.099072,0.984,0
2022-03-13T18:08:46.928000,-0.258186,50.042063,1.019,0
2022-03-13T18:08:47.871000,-0.266984,49.985053,1.086,0
2022-03-13T18:08:48.814000,-0.27577,49.928042,1.113,0
2022-03-13T18:08:49.758000,-0.284545,49.87103,1.171,0
2022-03-13T18:08:50.701000,-0.293308,49.814017,1.198,0
2022-03-13T18:08:51.645000,-0.30206,49.757003,1.247,0
2022-03-13T18:08:52.588000,-0.310801,49.699988,1.337,0
2022-03-14T05:22:23.769000,5.857423,53.53778,0.461,1
2022-03-14T05:22:24.712000,5.847807,53.594673,0.422,1
2022-03-14T05:22:27.542000,5.818866,53.765347,0.343,0
2022-03-14T05:22:28.486000,5.809189,53.822237,0.311,0
2022-03-14T05:22:29.429000,5.799496,53.879125,0.27,0
2022-03-14T05:22:30.373000,5.789787,53.936013,0.23,0
2022-03-14T05:22:31.316000,5.780063,53.9929,0.234,0
2022-03-14T05:22:32.260000,5.770322,54.049787,0.175,0
2022-03-14T05:22:33.203000,5.760566,54.106672,0.153,0
2022-03-14T05:22:34.146000,5.750794,54.163557,0.118,0
2022-03-14T05:22:35.090000,5.741007,54.22044,0.088,0
2022-03-14T05:22:36.033000,5.731202,54.277323,0.1,0
2022-03-14T05:22:36.977000,5.721382,54.334205,0.102,0
2022-03-14T05:22:37.920000,5.711546,54.391086,0.083,0
2022-03-14T05:22:38.864000,5.701693,54.447967,0.07,0
2022-03-14T05:22:39.807000,5.691824,54.504846,0.062,0
2022-03-14T05:22:40.750000,5.681938,54.561725,0.026,0
2022-03-14T05:22:41.694000,5.672036,54.618603,0.002,0
2022-03-14T05:22:42.637000,5.662117,54.675479,0.012,0
2022-03-14T05:22:43.581000,5.652182,54.732356,-0.037,0
2022-03-14T05:22:44.524000,5.642229,54.789231,-0.036,0
2022-03-14T05:22:45.468000,5.63226,54.846105,-0.066,0
2022-03-14T05:22:46.411000,5.622274,54.902979,-0.062,0
2022-03-14T05:22:47.355000,5.612271,54.959851,-0.096,0
2022-03-14T05:22:48.298000,5.60225,55.016723,-0.107,0
2022-03-14T05:22:49.241000,5.592213,55.073594,-0.114,0
2022-03-14T05:22:50.185000,5.582158,55.130464,-0.153,0
2022-03-14T05:22:51.128000,5.572086,55.187333,-0.157,0
2022-03-14T05:22:52.072000,5.561996,55.244202,-0.172,0
2022-03-14T05:22:53.015000,5.551888,55.301069,-0.182,0
2022-03-14T05:22:53.959000,5.541764,55.357936,-0.16,0
2022-03-14T05:22:54.902000,5.531621,55.414802,-0.163,0
2022-03-14T05:22:55.845000,5.52146,55.471667,-0.177,0
2022-03-14T05:22:56.789000,5.511282,55.528531,-0.184,0
2022-03-14T05:22:57.732000,5.501085,55.585394,-0.186,0
2022-03-14T05:22:58.676000,5.490871,55.642256,-0.178,0
2022-03-14T05:22:59.619000,5.480638,55.699118,-0.19,0
2022-03-14T05:23:00.563000,5.470387,55.755978,-0.2,0
2022-03-14T05:23:01.506000,5.460118,55.812838,-0.221,0
2022-03-14T05:23:02.450000,5.44983,55.869697,-0.199,0
2022-03-14T05:23:03.393000,5.439523,55.926555,-0.211,0
2022-03-14T05:23:04.336000,5.429198,55.983412,-0.224,0
2022-03-15T18:05:14.575000,-0.282266,55.953982,-0.662,0
2022-03-15T18:05:15.519000,-0.292589,55.897059,-0.655,0
2022-03-15T18:05:16.462000,-0.302892,55.840134,-0.662,0
2022-03-15T18:05:17.405000,-0.313177,55.783209,-0.616,0
2022-03-15T18:05:18.349000,-0.323444,55.726283,-0.6,0
2022-03-15T18:05:19.292000,-0.333692,55.669356,-0.6,0
2022-03-15T18:05:20.236000,-0.343922,55.612428,-0.6,0
2022-03-15T18:05:21.179000,-0.354133,55.555499,-0.574,0
2022-03-15T18:05:22.123000,-0.364327,55.498569,-0.582,0
2022-03-15T18:05:23.066000,-0.374503,55.441638,-0.562,0
2022-03-15T18:05:24.009000,-0.384661,55.384706,-0.534,0
2022-03-15T18:05:24.953000,-0.394801,55.327773,-0.535,0
2022-03-15T18:05:25.896000,-0.404923,55.270839,-0.532,0
2022-03-15T18:05:26.840000,-0.415027,55.213905,-0.521,0
2022-03-15T18:05:27.783000,-0.425115,55.156969,-0.511,0
2022-03-15T18:05:28.727000,-0.435184,55.100032,-0.499,0
2022-03-15T18:05:29.670000,-0.445236,55.043095,-0.458,0
2022-03-15T18:05:30.614000,-0.455271,54.986156,-0.445,0
2022-03-15T18:05:31.557000,-0.465289,54.929216,-0.467,0
2022-03-15T18:05:32.500000,-0.47529,54.872276,-0.461,0
2022-03-15T18:05:33.444000,-0.485273,54.815335,-0.431,0
2022-03-15T18:05:34.387000,-0.49524,54.758392,-0.404,0
2022-03-15T18:05:35.331000,-0.50519,54.701449,-0.405,0
2022-03-15T18:05:36.274000,-0.515123,54.644505,-0.383,0
2022-03-15T18:05:37.218000,-0.525039,54.587559,-0.397,1
2022-03-15T18:05:38.161000,-0.534939,54.530613,-0.353,1
2022-03-15T18:06:44.202000,-1.190968,50.542108,-0.221,1
2022-03-15T18:06:45.145000,-1.199868,50.485097,-0.075,1
2022-03-15T18:06:46.089000,-1.208756,50.428086,0.022,0
2022-03-15T18:06:47.032000,-1.217632,50.371074,0.131,0
2022-03-15T18:06:47.975000,-1.226496,50.314061,0.259,0
2022-03-15T18:06:48.919000,-1.235348,50.257047,0.347,0
2022-03-15T18:06:49.862000,-1.244189,50.200032,0.465,0
2022-03-15T18:06:50.806000,-1.253018,50.143017,0.558,0
2022-03-15T18:06:51.749000,-1.261835,50.086,0.644,0
2022-03-15T18:06:52.693000,-1.270641,50.028983,0.747,0
2022-03-15T18:06:53.636000,-1.279436,49.971964,0.846,0
2022-03-15T18:06:54.579000,-1.288219,49.914945,0.937,0
2022-03-15T18:06:55.523000,-1.29699,49.857925,1.05,0
2022-03-15T18:06:56.466000,-1.305751,49.800905,1.098,1
2022-03-15T18:06:57.410000,-1.3145,49.743883,1.122,1
2022-03-16T05:20:20.099000,4.942032,52.974531,0.474,1
2022-03-16T05:20:21.043000,4.932564,53.031436,0.418,1
2022-03-16T05:20:25.760000,4.885004,53.315945,0.65,1
2022-03-16T05:20:26.703000,4.875447,53.372845,0.623,1
2022-03-16T05:20:27.647000,4.865876,53.429743,0.58,0
2022-03-16T05:20:28.590000,4.85629,53.486641,0.566,0
2022-03-16T05:20:29.534000,4.846688,53.543538,0.571,0
2022-03-16T05:20:30.477000,4.837071,53.600434,0.517,0
2022-03-16T05:20:31.421000,4.827439,53.65733,0.519,0
2022-03-16T05:20:32.364000,4.817792,53.714224,0.457,0
2022-03-16T05:20:33.307000,4.808129,53.771118,0.478,0
2022-03-16T05:20:34.251000,4.798451,53.82801,0.451,0
2022-03-16T05:20:35.194000,4.788757,53.884902,0.409,0
2022-03-16T05:20:36.138000,4.779048,53.941794,0.42,0
2022-03-16T05:20:37.081000,4.769323,53.998684,0.411,0
2022-03-16T05:20:38.025000,4.759582,54.055574,0.356,0
2022-03-16T05:20:38.968000,4.749825,54.112462,0.364,0
2022-03-16T05:20:39.911000,4.740052,54.16935,0.352,0
2022-03-16T05:20:40.855000,4.730264,54.226237,0.34,0
2022-03-16T05:20:41.798000,4.720459,54.283123,0.323,0
2022-03-16T05:20:42.742000,4.710638,54.340009,0.295,0
2022-03-16T05:20:43.685000,4.700801,54.396893,0.302,0
2022-03-16T05:20:44.629000,4.690947,54.453777,0.298,0
2022-03-16T05:20:45.572000,4.681077,54.510659,0.288,0
2022-03-16T05:20:46.516000,4.671191,54.567541,0.274,0
2022-03-16T05:20:47.459000,4.661288,54.624422,0.276,0
2022-03-16T05:20:48.402000,4.651368,54.681303,0.265,0
2022-03-16T05:20:49.346000,4.641432,54.738182,0.249,0
2022-03-16T05:20:50.289000,4.631479,54.795061,0.217,0
2022-03-16T05:20:51.233000,4.621509,54.851939,0.194,0
2022-03-16T05:20:52.176000,4.611522,54.908815,0.227,0
2022-03-16T05:20:53.120000,4.601518,54.965691,0.203,0
2022-03-16T05:20:54.063000,4.591497,55.022567,0.201,0
2022-03-16T05:20:55.006000,4.581458,55.079441,0.185,0
2022-03-16T05:20:55.950000,4.571403,55.136315,0.178,0
2022-03-16T05:20:56.893000,4.56133,55.193187,0.182,0
2022-03-16T05:20:57.837000,4.551239,55.250059,0.157,0
2022-03-16T05:20:58.780000,4.541131,55.30693,0.138,0
2022-03-16T05:20:59.724000,4.531005,55.3638,0.149,0
2022-03-16T05:21:00.667000,4.520861,55.420669,0.14,0
2022-03-16T05:21:01.611000,4.5107,55.477538,0.159,0
2022-03-16T05:21:02.554000,4.500521,55.534405,0.156,0
2022-03-16T05:21:03.497000,4.490323,55.591272,0.129,0
2022-03-16T05:21:04.441000,4.480108,55.648137,0.125,0
2022-03-16T05:21:05.384000,4.469874,55.705002,0.089,0
2022-03-16T05:21:06.328000,4.459622,55.761866,0.092,0
2022-03-16T05:21:07.271000,4.449352,55.81873,0.088,0
2022-03-16T05:21:08.215000,4.439063,55.875592,0.068,0
2022-03-16T05:21:09.158000,4.428756,55.932453,0.075,0
2022-03-17T18:03:20.340000,-1.295372,55.93683,-0.478,0
2022-03-17T18:03:21.284000,-1.305689,55.879899,-0.419,0
2022-03-17T18:03:22.227000,-1.315987,55.822967,-0.418,0
2022-03-17T18:03:23.170000,-1.326267,55.766033,-0.375,0
2022-03-17T18:03:24.114000,-1.336528,55.709099,-0.364,0
2022-03-17T18:03:25.057000,-1.346771,55.652164,-0.323,0
2022-03-17T18:03:26.001000,-1.356996,55.595228,-0.274,0
2022-03-17T18:03:26.944000,-1.367202,55.538291,-0.261,0
2022-03-17T18:03:27.888000,-1.377391,55.481353,-0.199,1
2022-03-17T18:03:28.831000,-1.387562,55.424414,-0.15,1
2022-03-17T18:03:29.775000,-1.397714,55.367474,-0.108,1
2022-03-17T18:03:30.718000,-1.407849,55.310533,-0.052,1
2022-03-17T18:03:31.661000,-1.417966,55.253591,-0.008,1
2022-03-17T18:04:50.910000,-2.212562,50.46718,0.737,0
2022-03-17T18:04:51.854000,-2.221446,50.410161,0.807,0
2022-03-17T18:04:52.797000,-2.230318,50.35314,0.945,0
2022-03-17T18:04:53.740000,-2.239179,50.29612,0.986,0
2022-03-17T18:04:54.684000,-2.248028,50.239098,1.108,0
2022-03-17T18:04:55.627000,-2.256865,50.182075,1.171,0
2022-03-17T18:04:56.571000,-2.265691,50.125052,1.243,0
2022-03-17T18:04:57.514000,-2.274505,50.068027,1.363,0
2022-03-17T18:04:58.458000,-2.283307,50.011002,1.493,0
2022-03-17T18:04:59.401000,-2.292099,49.953976,1.545,0
2022-03-17T18:05:00.344000,-2.300878,49.896949,1.681,0
2022-03-17T18:05:01.288000,-2.309647,49.839921,1.777,0
2022-03-17T18:05:02.231000,-2.318404,49.782892,1.945,1
2022-03-18T05:18:10.769000,4.079846,52.073708,0.053,1
2022-03-18T05:18:11.713000,4.0706,52.130629,0.034,1
2022-03-18T05:18:12.656000,4.06134,52.18755,0.029,0
2022-03-18T05:18:13.600000,4.052066,52.244469,0.028,0
2022-03-18T05:18:14.543000,4.042778,52.301388,0.064,0
2022-03-18T05:18:15.487000,4.033477,52.358306,0.09,0
2022-03-18T05:18:17.373000,4.014834,52.472139,0.153,0
2022-03-18T05:18:18.317000,4.005491,52.529055,0.199,0
2022-03-18T05:18:19.260000,3.996134,52.585969,0.189,0
2022-03-18T05:18:20.204000,3.986764,52.642883,0.204,0
2022-03-18T05:18:21.147000,3.977379,52.699796,0.202,0
2022-03-18T05:18:22.091000,3.96798,52.756709,0.238,0
2022-03-18T05:18:23.034000,3.958567,52.81362,0.274,0
2022-03-18T05:18:23.977000,3.949139,52.870531,0.285,0
2022-03-18T05:18:24.921000,3.939697,52.927441,0.329,0
2022-03-18T05:18:25.864000,3.930241,52.98435,0.335,0
2022-03-18T05:18:26.808000,3.92077,53.041258,0.356,0
2022-03-18T05:18:27.751000,3.911285,53.098165,0.418,0
2022-03-18T05:18:28.695000,3.901785,53.155072,0.414,0
2022-03-18T05:18:29.638000,3.89227,53.211978,0.409,0
2022-03-18T05:18:30.582000,3.882741,53.268883,0.442,0
2022-03-18T05:18:31.525000,3.873196,53.325787,0.462,0
2022-03-18T05:18:32.468000,3.863637,53.38269,0.486,0
2022-03-18T05:18:33.412000,3.854063,53.439593,0.514,0
2022-03-18T05:18:34.355000,3.844474,53.496495,0.54,0
2022-03-18T05:18:35.299000,3.834869,53.553396,0.533,0
2022-03-18T05:18:36.242000,3.82525,53.610296,0.54,0
2022-03-18T05:18:37.186000,3.815615,53.667195,0.576,0
2022-03-18T05:18:38.129000,3.805965,53.724093,0.584,0
2022-03-18T05:18:39.072000,3.796299,53.780991,0.592,0
2022-03-18T05:18:40.016000,3.786618,53.837888,0.618,0
2022-03-18T05:18:40.959000,3.776921,53.894784,0.605,0
2022-03-18T05:18:41.903000,3.767209,53.951679,0.627,0
2022-03-18T05:18:42.846000,3.757481,54.008573,0.616,0
2022-03-18T05:18:43.790000,3.747737,54.065467,0.627,0
2022-03-18T05:18:44.733000,3.737977,54.122359,0.627,0
2022-03-18T05:18:45.676000,3.728201,54.179251,0.596,0
2022-03-18T05:18:46.620000,3.718409,54.236142,0.616,0
2022-03-18T05:18:47.563000,3.708602,54.293032,0.624,0
2022-03-18T05:18:48.507000,3.698778,54.349922,0.61,0
2022-03-18T05:18:49.450000,3.688937,54.40681,0.598,0
2022-03-18T05:18:50.394000,3.679081,54.463698,0.595,0
2022-03-18T05:18:51.337000,3.669208,54.520585,0.599,0
2022-03-18T05:18:52.281000,3.659318,54.577471,0.578,0
2022-03-18T05:18:53.224000,3.649412,54.634356,0.568,0
2022-03-18T05:18:54.167000,3.639489,54.69124,0.55,0
2022-03-18T05:18:55.111000,3.62955,54.748124,0.531,0
2022-03-18T05:18:56.054000,3.619593,54.805007,0.51,0
2022-03-18T05:18:56.998000,3.60962,54.861888,0.51,0
2022-03-18T05:18:57.941000,3.59963,54.918769,0.469,0
2022-03-18T05:18:58.885000,3.589623,54.975649,0.469,0
2022-03-18T05:18:59.828000,3.579598,55.032529,0.46,0
2022-03-18T05:19:00.771000,3.569556,55.089407,0.45,0
2022-03-18T05:19:01.715000,3.559497,55.146285,0.473,0
2022-03-18T05:19:02.658000,3.549421,55.203162,0.479,0
2022-03-18T05:19:03.602000,3.539327,55.260037,0.471,0
2022-03-18T05:19:04.545000,3.529215,55.316913,0.428,0
2022-03-18T05:19:05.489000,3.519086,55.373787,0.418,0
2022-03-18T05:19:06.432000,3.508939,55.43066,0.416,0
2022-03-18T05:19:07.376000,3.498774,55.487533,0.394,0
2022-03-18T05:19:08.319000,3.488591,55.544404,0.393,0
2022-03-18T05:19:09.262000,3.478391,55.601275,0.389,0
2022-03-18T05:19:10.206000,3.468172,55.658145,0.393,0
2022-03-18T05:19:11.149000,3.457935,55.715014,0.337,0
2022-03-18T05:19:12.093000,3.447679,55.771882,0.35,0
2022-03-18T05:19:13.036000,3.437405,55.82875,0.308,0
2022-03-18T05:19:13.980000,3.427113,55.885616,0.27,0
2022-03-18T05:19:14.923000,3.416802,55.942482,0.257,0
2022-03-19T18:01:25.162000,-2.298045,55.971959,0.125,1
2022-03-20T05:16:05.213000,3.176723,51.404437,-0.332,1
2022-03-20T05:16:06.157000,3.167629,51.461372,-0.333,1
2022-03-20T05:16:07.100000,3.158523,51.518306,-0.313,0
2022-03-20T05:16:08.043000,3.149403,51.575239,-0.289,0
2022-03-20T05:16:08.987000,3.14027,51.632172,-0.3,0
2022-03-20T05:16:09.930000,3.131125,51.689104,-0.329,0
2022-03-20T05:16:10.874000,3.121966,51.746035,-0.327,0
2022-03-20T05:16:11.817000,3.112794,51.802965,-0.317,0
2022-03-20T05:16:12.761000,3.103609,51.859895,-0.356,0
2022-03-20T05:16:13.704000,3.094411,51.916823,-0.351,0
2022-03-20T05:16:14.647000,3.0852,51.973751,-0.381,0
2022-03-20T05:16:15.591000,3.075975,52.030679,-0.378,0
2022-03-20T05:16:16.534000,3.066736,52.087605,-0.38,0
2022-03-20T05:16:17.478000,3.057485,52.14453,-0.418,0
2022-03-20T05:16:18.421000,3.048219,52.201455,-0.413,0
2022-03-20T05:16:19.365000,3.03894,52.258379,-0.441,0
2022-03-20T05:16:20.308000,3.029648,52.315302,-0.449,0
2022-03-20T05:16:21.252000,3.020341,52.372225,-0.43,0
2022-03-20T05:16:22.195000,3.011021,52.429146,-0.427,0
2022-03-20T05:16:23.138000,3.001687,52.486067,-0.437,0
2022-03-20T05:16:24.082000,2.992339,52.542987,-0.442,0
2022-03-20T05:16:25.025000,2.982977,52.599906,-0.439,0
2022-03-20T05:16:25.969000,2.973601,52.656825,-0.462,0
2022-03-20T05:16:26.912000,2.964211,52.713742,-0.471,0
2022-03-20T05:16:27.856000,2.954807,52.770659,-0.449,0
2022-03-20T05:16:28.799000,2.945388,52.827575,-0.45,0
2022-03-20T05:16:29.742000,2.935955,52.88449,-0.446,0
2022-03-20T05:16:30.686000,2.926508,52.941405,-0.423,0
2022-03-20T05:16:31.629000,2.917046,52.998318,-0.427,0
2022-03-20T05:16:32.573000,2.90757,53.055231,-0.428,0
2022-03-20T05:16:33.516000,2.898079,53.112143,-0.375,0
2022-03-20T05:16:34.460000,2.888574,53.169054,-0.386,0
2022-03-20T05:16:35.403000,2.879053,53.225964,-0.351,0
2022-03-20T05:16:36.347000,2.869518,53.282874,-0.343,0
2022-03-20T05:16:37.290000,2.859968,53.339783,-0.31,0
2022-03-20T05:16:38.233000,2.850404,53.396691,-0.259,0
2022-03-20T05:16:39.177000,2.840824,53.453598,-0.23,0
2022-03-20T05:16:40.120000,2.831229,53.510504,-0.197,0
2022-03-20T05:16:41.064000,2.821619,53.567409,-0.158,0
2022-03-20T05:16:42.007000,2.811993,53.624314,-0.158,0
2022-03-20T05:16:42.951000,2.802353,53.681218,-0.118,0
2022-03-20T05:16:43.894000,2.792697,53.738121,-0.061,0
2022-03-20T05:16:44.837000,2.783025,53.795023,-0.054,0
2022-03-20T05:16:45.781000,2.773338,53.851925,-0.019,0
2022-03-20T05:16:46.724000,2.763636,53.908825,0.016,0
2022-03-20T05:16:47.668000,2.753917,53.965725,0.047,0
2022-03-20T05:16:48.611000,2.744183,54.022624,0.056,0
2022-03-20T05:16:49.555000,2.734433,54.079522,0.102,0
2022-03-20T05:16:50.498000,2.724668,54.13642,0.12,0
2022-03-20T05:16:51.442000,2.714886,54.193316,0.164,0
2022-03-20T05:16:52.385000,2.705088,54.250212,0.182,0
2022-03-20T05:16:53.328000,2.695274,54.307107,0.23,0
2022-03-20T05:16:54.272000,2.685444,54.364001,0.233,0
2022-03-20T05:16:55.215000,2.675598,54.420894,0.24,0
2022-03-20T05:16:56.159000,2.665735,54.477786,0.253,0
2022-03-20T05:16:57.102000,2.655856,54.534678,0.308,0
2022-03-20T05:16:58.046000,2.64596,54.591568,0.295,0
2022-03-20T05:16:58.989000,2.636048,54.648458,0.308,0
2022-03-20T05:16:59.932000,2.626119,54.705347,0.3,0
2022-03-20T05:17:00.876000,2.616173,54.762235,0.311,0
2022-03-20T05:17:01.819000,2.60621,54.819123,0.294,0
2022-03-20T05:17:02.763000,2.596231,54.876009,0.294,0
2022-03-20T05:17:03.706000,2.586234,54.932895,0.322,0
2022-03-20T05:17:04.650000,2.576221,54.98978,0.334,0
2022-03-20T05:17:05.593000,2.56619,55.046664,0.323,0
2022-03-20T05:17:06.537000,2.556142,55.103547,0.309,0
2022-03-20T05:17:07.480000,2.546076,55.16043,0.327,0
2022-03-20T05:17:08.423000,2.535993,55.217311,0.305,0
2022-03-20T05:17:09.367000,2.525893,55.274192,0.329,0
2022-03-20T05:17:10.310000,2.515775,55.331072,0.295,0
2022-03-20T05:17:11.254000,2.505639,55.38795,0.315,0
2022-03-20T05:17:12.197000,2.495485,55.444829,0.333,0
2022-03-20T05:17:13.141000,2.485314,55.501706,0.305,0
2022-03-20T05:17:14.084000,2.475124,55.558582,0.31,0
2022-03-20T05:17:15.027000,2.464917,55.615458,0.342,0
2022-03-20T05:17:15.971000,2.454691,55.672333,0.302,0
2022-03-20T05:17:16.914000,2.444447,55.729207,0.342,0
2022-03-20T05:17:17.858000,2.434185,55.78608,0.33,0
2022-03-20T05:17:18.801000,2.423904,55.842952,0.32,0
2022-03-20T05:17:19.745000,2.413605,55.899823,0.331,0
2022-03-20T05:17:20.688000,2.403287,55.956694,0.297,0
2022-03-22T05:14:05.318000,2.217088,51.081408,0.379,1
2022-03-22T05:14:06.261000,2.208063,51.138352,0.352,1
2022-03-22T05:14:07.204000,2.199026,51.195296,0.369,0
2022-03-22T05:14:08.148000,2.189976,51.252239,0.334,0
2022-03-22T05:14:09.091000,2.180913,51.309182,0.285,0
2022-03-22T05:14:10.035000,2.171838,51.366123,0.27,0
2022-03-22T05:14:10.978000,2.16275,51.423064,0.228,0
2022-03-22T05:14:11.922000,2.153649,51.480004,0.183,0
2022-03-22T05:14:12.865000,2.144535,51.536943,0.143,0
2022-03-22T05:14:13.808000,2.135409,51.593881,0.089,0
2022-03-22T05:14:14.752000,2.126269,51.650819,0.037,0
2022-03-22T05:14:15.695000,2.117116,51.707756,0.0,0
2022-03-22T05:14:16.639000,2.107951,51.764692,-0.058,0
2022-03-22T05:14:17.582000,2.098772,51.821627,-0.158,0
2022-03-22T05:14:18.526000,2.08958,51.878561,-0.173,0
2022-03-22T05:14:19.469000,2.080375,51.935495,-0.267,0
2022-03-22T05:14:20.413000,2.071156,51.992428,-0.362,0
2022-03-22T05:14:21.356000,2.061924,52.04936,-0.397,0
2022-03-22T05:14:22.299000,2.052678,52.106291,-0.503,0
2022-03-22T05:14:23.243000,2.043419,52.163222,-0.565,0
2022-03-22T05:14:24.186000,2.034147,52.220152,-0.622,0
2022-03-22T05:14:25.130000,2.02486,52.277081,-0.678,0
2022-03-22T05:14:26.073000,2.015561,52.334009,-0.777,0
2022-03-22T05:14:27.017000,2.006247,52.390936,-0.82,0
2022-03-22T05:14:27.960000,1.996919,52.447863,-0.867,0
2022-03-22T05:14:28.903000,1.987578,52.504789,-0.906,0
2022-03-22T05:14:29.847000,1.978222,52.561714,-1.094,0
2022-03-22T05:14:30.790000,1.968853,52.618638,-1.158,0
2022-03-22T05:14:31.734000,1.95947,52.675562,-1.178,0
2022-03-22T05:14:32.677000,1.950072,52.732484,-1.215,0
2022-03-22T05:14:33.621000,1.94066,52.789406,-1.274,0
2022-03-22T05:14:34.564000,1.931234,52.846327,-1.229,0
2022-03-22T05:14:35.508000,1.921793,52.903247,-1.362,0
2022-03-22T05:14:36.451000,1.912338,52.960167,-1.214,0
2022-03-22T05:14:38.338000,1.893385,53.074003,-1.158,0
2022-03-22T05:14:39.281000,1.883887,53.13092,-1.109,0
2022-03-22T05:14:40.225000,1.874373,53.187837,-1.037,0
2022-03-22T05:14:41.168000,1.864845,53.244752,-1.036,0
2022-03-22T05:14:42.112000,1.855302,53.301667,-0.962,0
2022-03-22T05:14:43.055000,1.845744,53.35858,-0.893,0
2022-03-22T05:14:43.998000,1.836172,53.415493,-0.801,0
2022-03-22T05:14:44.942000,1.826584,53.472406,-0.78,0
2022-03-22T05:14:45.885000,1.816981,53.529317,-0.711,0
2022-03-22T05:14:46.829000,1.807363,53.586228,-0.61,0
2022-03-22T05:14:47.772000,1.797729,53.643138,-0.513,0
2022-03-22T05:14:48.716000,1.78808,53.700047,-0.443,0
2022-03-22T05:14:49.659000,1.778416,53.756955,-0.346,0
2022-03-22T05:14:50.603000,1.768737,53.813862,-0.274,0
2022-03-22T05:14:51.546000,1.759042,53.870769,-0.169,0
2022-03-22T05:14:52.489000,1.749331,53.927674,-0.114,0
2022-03-22T05:14:53.433000,1.739604,53.984579,-0.062,0
2022-03-22T05:14:54.376000,1.729862,54.041483,0.009,0
2022-03-22T05:14:55.320000,1.720104,54.098387,0.058,0
2022-03-22T05:14:56.263000,1.71033,54.155289,0.106,0
2022-03-22T05:14:57.207000,1.70054,54.212191,0.153,0
2022-03-22T05:14:58.150000,1.690733,54.269092,0.189,0
2022-03-22T05:14:59.093000,1.680911,54.325992,0.212,0
2022-03-22T05:15:00.037000,1.671072,54.382891,0.266,0
2022-03-22T05:15:00.980000,1.661218,54.439789,0.297,0
2022-03-22T05:15:01.924000,1.651346,54.496687,0.314,0
2022-03-22T05:15:02.867000,1.641458,54.553584,0.337,0
2022-03-22T05:15:03.811000,1.631554,54.61048,0.38,0
2022-03-22T05:15:04.754000,1.621633,54.667375,0.376,0
2022-03-22T05:15:05.698000,1.611695,54.724269,0.387,0
2022-03-22T05:15:06.641000,1.601741,54.781162,0.4,0
2022-03-22T05:15:07.584000,1.591769,54.838055,0.415,0
2022-03-22T05:15:08.528000,1.581781,54.894947,0.443,0
2022-03-22T05:15:09.471000,1.571775,54.951838,0.461,0
2022-03-22T05:15:10.415000,1.561753,55.008728,0.486,0
2022-03-22T05:15:11.358000,1.551713,55.065617,0.475,0
2022-03-22T05:15:12.302000,1.541656,55.122505,0.506,0
2022-03-22T05:15:13.245000,1.531581,55.179393,0.516,0
2022-03-22T05:15:14.188000,1.521489,55.23628,0.52,0
2022-03-22T05:15:15.132000,1.511379,55.293166,0.539,0
2022-03-22T05:15:16.075000,1.501252,55.350051,0.55,0
2022-03-22T05:15:17.019000,1.491107,55.406935,0.55,0
2022-03-22T05:15:17.962000,1.480944,55.463819,0.562,0
2022-03-22T05:15:18.906000,1.470763,55.520701,0.592,0
2022-03-22T05:15:19.849000,1.460565,55.577583,0.582,0
2022-03-22T05:15:20.793000,1.450348,55.634464,0.587,0
2022-03-22T05:15:21.736000,1.440113,55.691344,0.606,0
2022-03-22T05:15:22.679000,1.429859,55.748223,0.606,0
2022-03-22T05:15:23.623000,1.419588,55.805101,0.604,0
2022-03-22T05:15:24.566000,1.409297,55.861979,0.595,0
2022-03-22T05:15:25.510000,1.398988,55.918855,0.597,0
2022-03-22T05:15:26.453000,1.388661,55.975731,0.589,0
2022-03-22T17:09:19.436000,8.367009,54.545323,0.178,1
2022-03-22T17:09:20.380000,8.357117,54.488352,-0.072,1
2022-03-22T17:09:22.267000,8.337381,54.374408,0.023,1
2022-03-22T17:09:23.210000,8.327537,54.317435,-0.1,0
2022-03-22T17:09:24.154000,8.31771,54.26046,-0.138,0
2022-03-22T17:09:25.097000,8.307899,54.203485,-0.204,0
2022-03-22T17:09:26.040000,8.298104,54.146509,-0.243,0
2022-03-22T17:09:26.984000,8.288325,54.089532,-0.264,0
2022-03-24T05:11:55.988000,1.350388,50.143258,0.858,1
2022-03-24T05:11:57.874000,1.332719,50.257182,0.868,1
2022-03-24T05:11:59.761000,1.315004,50.371104,0.989,0
2022-03-24T05:12:00.705000,1.306128,50.428063,0.999,0
2022-03-24T05:12:01.648000,1.297241,50.485022,1.059,0
2022-03-24T05:12:04.479000,1.270507,50.655893,1.043,0
2022-03-24T05:12:05.422000,1.261572,50.712849,1.163,0
2022-03-24T05:12:06.365000,1.252625,50.769804,1.194,0
2022-03-24T05:12:07.309000,1.243665,50.826758,1.18,0
2022-03-24T05:12:08.252000,1.234694,50.883711,1.185,0
2022-03-24T05:12:09.196000,1.22571,50.940664,1.184,0
2022-03-24T05:12:18.630000,1.135183,51.510148,1.569,0
2022-03-24T05:12:44.103000,0.884148,53.047365,-1.827,1
2022-03-24T05:12:45.046000,0.874654,53.104288,-1.789,1
2022-03-24T05:12:45.990000,0.865145,53.16121,-1.684,0
2022-03-24T05:12:46.933000,0.855622,53.218132,-1.723,0
2022-03-24T05:12:47.877000,0.846084,53.275052,-1.698,0
2022-03-24T05:12:48.820000,0.83653,53.331972,-1.619,0
2022-03-24T05:12:49.764000,0.826962,53.388891,-1.584,0
2022-03-24T05:12:50.707000,0.817379,53.445809,-1.533,0
2022-03-24T05:12:51.650000,0.807781,53.502726,-1.453,0
2022-03-24T05:12:52.594000,0.798168,53.559643,-1.364,0
2022-03-24T05:12:53.537000,0.788539,53.616558,-1.253,0
2022-03-24T05:12:54.481000,0.778895,53.673473,-1.186,0
2022-03-24T05:12:55.424000,0.769236,53.730388,-1.101,0
2022-03-24T05:12:56.368000,0.759561,53.787301,-1.028,0
2022-03-24T05:12:57.311000,0.749871,53.844213,-0.945,0
2022-03-24T05:12:58.254000,0.740165,53.901125,-0.866,0
2022-03-24T05:12:59.198000,0.730443,53.958036,-0.798,0
2022-03-24T05:13:00.141000,0.720706,54.014946,-0.764,0
2022-03-24T05:13:02.028000,0.701184,54.128764,-0.576,0
2022-03-24T05:13:02.972000,0.691399,54.185671,-0.505,0
2022-03-24T05:13:03.915000,0.681598,54.242578,-0.436,0
2022-03-24T05:13:04.858000,0.671781,54.299484,-0.47,0
2022-03-24T05:13:05.802000,0.661947,54.356389,-0.325,0
2022-03-24T05:13:06.745000,0.652097,54.413294,-0.295,0
2022-03-24T05:13:10.519000,0.612534,54.640903,-0.04,0
2022-03-24T05:13:11.463000,0.602602,54.697803,-0.073,0
2022-03-24T05:13:12.406000,0.592652,54.754703,0.015,0
2022-03-24T05:13:13.349000,0.582686,54.811601,0.002,0
2022-03-24T05:13:14.293000,0.572703,54.868499,0.044,0
2022-03-24T05:13:15.236000,0.562703,54.925396,0.1,0
2022-03-24T05:13:16.180000,0.552686,54.982292,0.151,0
2022-03-24T05:13:17.123000,0.542652,55.039187,0.169,0
2022-03-24T05:13:18.067000,0.5326,55.096082,0.192,0
2022-03-24T05:13:19.010000,0.522531,55.152975,0.213,0
2022-03-24T05:13:19.953000,0.512445,55.209868,0.264,0
2022-03-24T05:13:20.897000,0.502341,55.26676,0.271,0
2022-03-24T05:13:21.840000,0.492219,55.323651,0.309,0
2022-03-24T05:13:22.784000,0.48208,55.380542,0.342,0
2022-03-24T05:13:23.727000,0.471923,55.437431,0.344,0
2022-03-24T05:13:24.671000,0.461748,55.49432,0.346,0
2022-03-24T05:13:25.614000,0.451554,55.551207,0.358,0
2022-03-24T05:13:26.558000,0.441343,55.608094,0.414,0
2022-03-24T05:13:27.501000,0.431114,55.66498,0.427,0
2022-03-24T05:13:28.444000,0.420867,55.721866,0.41,0
2022-03-24T05:13:29.388000,0.410601,55.77875,0.43,0
2022-03-24T05:13:30.331000,0.400316,55.835634,0.468,0
2022-03-24T05:13:31.275000,0.390014,55.892516,0.492,0
2022-03-24T05:13:32.218000,0.379692,55.949398,0.459,0
2022-03-24T17:07:02.559000,7.603052,55.944901,0.274,0
2022-03-24T17:07:04.446000,7.582416,55.830993,0.303,0
2022-03-24T17:07:05.389000,7.572126,55.774038,0.278,0
2022-03-24T17:07:06.333000,7.561854,55.717081,0.275,0
2022-03-24T17:07:07.276000,7.551601,55.660124,0.378,0
2022-03-24T17:07:08.220000,7.541366,55.603165,0.387,0
2022-03-24T17:07:09.163000,7.531149,55.546206,0.405,0
2022-03-24T17:07:10.106000,7.520951,55.489246,0.395,0
2022-03-24T17:07:11.050000,7.51077,55.432285,0.406,0
2022-03-24T17:07:11.993000,7.500608,55.375323,0.384,0
2022-03-24T17:07:12.937000,7.490463,55.31836,0.418,0
2022-03-24T17:07:13.880000,7.480336,55.261396,0.404,0
2022-03-24T17:07:14.824000,7.470226,55.204431,0.42,0
2022-03-24T17:07:16.710000,7.45006,55.090498,0.404,0
2022-03-24T17:07:17.654000,7.440003,55.03353,0.392,0
2022-03-24T17:07:18.597000,7.429963,54.976562,0.363,0
2022-03-24T17:07:19.541000,7.41994,54.919592,0.394,0
2022-03-24T17:07:20.484000,7.409935,54.862621,0.416,0
2022-03-24T17:07:21.428000,7.399947,54.80565,0.355,0
2022-03-24T17:07:22.371000,7.389975,54.748677,0.342,0
2022-03-24T17:07:23.315000,7.380021,54.691704,0.288,0
2022-03-24T17:07:24.258000,7.370083,54.63473,0.295,0
2022-03-24T17:07:25.201000,7.360162,54.577755,0.257,0
2022-03-24T17:07:26.145000,7.350258,54.520778,0.279,0
2022-03-24T17:07:27.088000,7.34037,54.463801,0.254,0
2022-03-24T17:07:28.032000,7.330499,54.406823,0.204,0
2022-03-24T17:07:28.975000,7.320644,54.349844,0.203,0
2022-03-24T17:07:29.919000,7.310805,54.292865,0.203,0
2022-03-24T17:07:30.862000,7.300983,54.235884,0.15,0
2022-03-24T17:07:31.805000,7.291176,54.178902,0.124,0
2022-03-24T17:07:32.749000,7.281386,54.12192,0.115,0
2022-03-24T17:07:33.692000,7.271612,54.064936,0.069,0
2022-03-24T17:07:34.636000,7.261854,54.007952,0.058,0
2022-03-24T17:07:35.579000,7.252112,53.950966,0.037,0
2022-03-24T17:07:36.523000,7.242385,53.89398,0.003,0
2022-03-24T17:07:37.466000,7.232674,53.836993,-0.001,1
2022-03-24T17:07:38.410000,7.222979,53.780005,-0.056,1
2022-03-26T05:09:58.922000,0.369174,49.93644,1.589,0
2022-03-26T05:09:59.866000,0.360386,49.993411,1.588,0
2022-03-26T05:10:00.809000,0.351587,50.050382,1.607,0
2022-03-26T05:10:01.753000,0.342777,50.107352,1.618,0
2022-03-26T05:10:02.696000,0.333955,50.164321,1.672,0
2022-03-26T05:10:03.640000,0.325122,50.221289,1.67,0
2022-03-26T05:10:04.583000,0.316276,50.278257,1.694,0
2022-03-26T05:10:05.526000,0.30742,50.335224,1.729,0
2022-03-26T05:10:06.470000,0.298551,50.39219,1.691,0
2022-03-26T05:10:07.413000,0.289671,50.449155,1.704,0
2022-03-26T05:10:08.357000,0.280778,50.50612,1.704,0
2022-03-26T05:10:09.300000,0.271874,50.563084,1.727,0
2022-03-26T05:10:10.244000,0.262958,50.620047,1.713,1
2022-03-26T05:10:11.187000,0.25403,50.677009,1.751,1
2022-03-26T05:11:14.397000,-0.374647,54.491716,-0.887,1
2022-03-26T05:11:15.341000,-0.384537,54.548625,-1.058,1
2022-03-26T05:11:19.114000,-0.424261,54.776252,-0.865,0
2022-03-26T05:11:20.058000,-0.434235,54.833157,-0.768,0
2022-03-26T05:11:21.001000,-0.444225,54.890061,-0.806,0
2022-03-26T05:11:21.945000,-0.454232,54.946964,-0.708,0
2022-03-26T05:11:22.888000,-0.464256,55.003867,-0.657,0
2022-03-26T05:11:23.832000,-0.474298,55.060768,-0.677,0
2022-03-26T05:11:24.775000,-0.484357,55.117669,-0.651,0
2022-03-26T05:11:25.719000,-0.494434,55.174568,-0.607,0
2022-03-26T05:11:26.662000,-0.504528,55.231467,-0.587,0
2022-03-26T05:11:27.605000,-0.514639,55.288365,-0.548,0
2022-03-26T05:11:32.323000,-0.565463,55.572844,-0.565,0
2022-03-26T05:11:33.266000,-0.575682,55.629737,-0.498,0
2022-03-26T05:11:34.209000,-0.585919,55.686629,-0.438,0
2022-03-26T05:11:35.153000,-0.596174,55.74352,-0.469,0
2022-03-26T05:11:36.096000,-0.606448,55.800411,-0.417,0
2022-03-26T05:11:37.040000,-0.61674,55.857301,-0.418,0
2022-03-26T05:11:37.983000,-0.627051,55.91419,-0.379,0
2022-03-26T05:11:38.927000,-0.63738,55.971078,-0.384,0
2022-03-26T17:05:08.324000,6.595124,55.970071,-0.032,0
2022-03-26T17:05:09.267000,6.584788,55.913112,-0.036,0
2022-03-26T17:05:10.211000,6.574471,55.856153,-0.006,0
2022-03-26T17:05:11.154000,6.564172,55.799192,-0.015,0
2022-03-26T17:05:12.098000,6.553892,55.74223,0.009,0
2022-03-26T17:05:13.041000,6.543631,55.685268,0.028,0
2022-03-26T17:05:13.985000,6.533387,55.628304,0.041,0
2022-03-26T17:05:14.928000,6.523162,55.57134,0.052,0
2022-03-26T17:05:15.871000,6.512955,55.514374,0.084,0
2022-03-26T17:05:16.815000,6.502766,55.457408,0.089,0
2022-03-26T17:05:17.758000,6.492595,55.400441,0.105,0
2022-03-26T17:05:18.702000,6.482442,55.343472,0.133,0
2022-03-26T17:05:19.645000,6.472307,55.286503,0.146,0
2022-03-26T17:05:20.589000,6.462189,55.229533,0.188,0
2022-03-26T17:05:21.532000,6.452089,55.172562,0.169,0
2022-03-26T17:05:22.476000,6.442007,55.11559,0.183,0
2022-03-26T17:05:23.419000,6.431942,55.058617,0.182,0
2022-03-26T17:05:24.362000,6.421894,55.001643,0.214,0
2022-03-26T17:05:25.306000,6.411863,54.944669,0.207,0
2022-03-26T17:05:26.249000,6.40185,54.887693,0.233,0
2022-03-26T17:05:27.193000,6.391854,54.830716,0.24,0
2022-03-26T17:05:28.136000,6.381875,54.773739,0.236,0
2022-03-26T17:05:29.080000,6.371912,54.71676,0.255,0
2022-03-26T17:05:30.023000,6.361967,54.659781,0.268,0
2022-03-26T17:05:30.966000,6.352038,54.602801,0.282,0
2022-03-26T17:05:31.910000,6.342126,54.545819,0.258,0
2022-03-26T17:05:32.853000,6.332231,54.488837,0.279,0
2022-03-26T17:05:33.797000,6.322352,54.431854,0.263,0
2022-03-26T17:05:34.740000,6.312489,54.37487,0.301,0
2022-03-26T17:05:35.684000,6.302643,54.317885,0.284,0
2022-03-26T17:05:36.627000,6.292813,54.260899,0.268,0
2022-03-26T17:05:37.571000,6.283,54.203912,0.26,0
2022-03-26T17:05:38.514000,6.273202,54.146925,0.302,0
2022-03-26T17:05:39.457000,6.263421,54.089936,0.274,0
2022-03-26T17:05:40.401000,6.253655,54.032947,0.284,0
2022-03-26T17:05:41.344000,6.243906,53.975956,0.263,0
2022-03-26T17:05:42.288000,6.234172,53.918965,0.263,0
2022-03-26T17:05:43.231000,6.224454,53.861973,0.262,0
2022-03-26T17:05:44.175000,6.214751,53.804979,0.24,0
2022-03-26T17:05:45.118000,6.205064,53.747985,0.221,0
2022-03-26T17:05:46.061000,6.195393,53.69099,0.218,0
2022-03-26T17:05:47.005000,6.185737,53.633995,0.188,1
2022-03-26T17:05:47.948000,6.176097,53.576998,0.214,1
2022-03-28T05:08:01.857000,-0.612211,49.737793,1.187,0
2022-03-28T05:08:02.800000,-0.620958,49.794773,1.081,0
2022-03-28T05:08:03.744000,-0.629717,49.851753,1.018,0
2022-03-28T05:08:04.687000,-0.638487,49.908733,0.957,0
2022-03-28T05:08:05.631000,-0.647269,49.965711,0.888,0
2022-03-28T05:08:06.574000,-0.656062,50.022689,0.823,0
2022-03-28T05:08:07.518000,-0.664866,50.079665,0.733,0
2022-03-28T05:08:08.461000,-0.673682,50.136642,0.697,0
2022-03-28T05:08:09.405000,-0.68251,50.193617,0.604,0
2022-03-28T05:08:10.348000,-0.691349,50.250592,0.524,0
2022-03-28T05:08:11.291000,-0.7002,50.307566,0.422,0
2022-03-28T05:08:12.235000,-0.709062,50.364539,0.348,0
2022-03-28T05:08:13.178000,-0.717937,50.421511,0.255,0
2022-03-28T05:08:14.122000,-0.726823,50.478483,0.161,0
2022-03-28T05:08:15.065000,-0.735721,50.535454,0.114,0
2022-03-28T05:08:16.009000,-0.744631,50.592424,0.015,0
2022-03-28T05:08:16.952000,-0.753553,50.649393,-0.039,1
2022-03-28T05:09:40.918000,-1.603091,55.716549,-0.963,1
2022-03-28T05:09:41.861000,-1.613356,55.773447,-0.978,1
2022-03-28T05:09:42.805000,-1.623639,55.830344,-0.949,0
2022-03-28T05:09:43.748000,-1.633941,55.88724,-0.963,0
2022-03-28T05:09:44.692000,-1.644261,55.944135,-0.965,0
2022-03-28T17:03:15.032000,5.575643,55.929875,0.04,0
2022-03-28T17:03:15.976000,5.565321,55.87291,0.011,0
2022-03-28T17:03:16.919000,5.555018,55.815945,0.026,0
2022-03-28T17:03:17.863000,5.544733,55.758978,0.03,0
2022-03-28T17:03:18.806000,5.534466,55.702011,0.032,0
2022-03-28T17:03:19.750000,5.524218,55.645043,0.048,0
2022-03-28T17:03:20.693000,5.513988,55.588074,0.082,0
2022-03-28T17:03:21.637000,5.503776,55.531103,0.067,0
2022-03-28T17:03:22.580000,5.493583,55.474132,0.093,0
2022-03-28T17:03:23.523000,5.483407,55.41716,0.102,0
2022-03-28T17:03:24.467000,5.473249,55.360187,0.114,0
2022-03-28T17:03:25.410000,5.463109,55.303213,0.13,0
2022-03-28T17:03:26.354000,5.452987,55.246238,0.15,0
2022-03-28T17:03:27.297000,5.442882,55.189263,0.151,0
2022-03-28T17:03:28.241000,5.432795,55.132286,0.166,0
2022-03-28T17:03:29.184000,5.422726,55.075308,0.189,0
2022-03-28T17:03:30.127000,5.412673,55.01833,0.204,0
2022-03-28T17:03:31.071000,5.402638,54.96135,0.219,0
2022-03-28T17:03:32.014000,5.392621,54.90437,0.25,0
2022-03-28T17:03:32.958000,5.38262,54.847389,0.277,0
2022-03-28T17:03:33.901000,5.372636,54.790406,0.294,0
2022-03-28T17:03:34.845000,5.36267,54.733423,0.308,0
2022-03-28T17:03:35.788000,5.35272,54.676439,0.327,0
2022-03-28T17:03:36.731000,5.342787,54.619454,0.342,0
2022-03-28T17:03:37.675000,5.33287,54.562468,0.354,0
2022-03-28T17:03:38.618000,5.322971,54.505481,0.365,0
2022-03-28T17:03:39.562000,5.313087,54.448493,0.398,0
2022-03-28T17:03:40.505000,5.303221,54.391505,0.422,0
2022-03-28T17:03:41.449000,5.29337,54.334515,0.413,0
2022-03-28T17:03:42.392000,5.283536,54.277524,0.462,0
2022-03-28T17:03:43.336000,5.273719,54.220533,0.483,0
2022-03-28T17:03:44.279000,5.263917,54.163541,0.473,0
2022-03-28T17:03:45.222000,5.254131,54.106548,0.517,0
2022-03-28T17:03:46.166000,5.244362,54.049553,0.556,0
2022-03-28T17:03:47.109000,5.234608,53.992558,0.573,0
2022-03-28T17:03:48.053000,5.22487,53.935562,0.6,0
2022-03-28T17:03:48.996000,5.215148,53.878566,0.634,0
2022-03-28T17:03:49.940000,5.205441,53.821568,0.684,0
2022-03-28T17:03:50.883000,5.19575,53.764569,0.7,0
2022-03-28T17:03:51.826000,5.186075,53.707569,0.702,0
2022-03-28T17:03:52.770000,5.176415,53.650569,0.719,0
2022-03-28T17:03:53.713000,5.166771,53.593568,0.759,0
2022-03-28T17:03:54.657000,5.157141,53.536565,0.749,0
2022-03-28T17:03:55.600000,5.147527,53.479562,0.766,1
2022-03-28T17:03:56.544000,5.137929,53.422558,0.767,1
2022-03-28T17:04:02.204000,5.08065,53.080515,0.64,1
2022-03-28T17:04:03.148000,5.071156,53.023505,0.724,1
2022-03-30T05:06:08.566000,-1.629658,49.776124,1.38,1
2022-03-30T05:06:09.509000,-1.638413,49.833111,1.307,0
2022-03-30T05:06:10.452000,-1.64718,49.890097,1.261,0
2022-03-30T05:06:11.396000,-1.655958,49.947083,1.199,0
2022-03-30T05:06:12.339000,-1.664747,50.004068,1.114,0
2022-03-30T05:06:13.283000,-1.673548,50.061052,1.029,0
2022-03-30T05:06:14.226000,-1.68236,50.118036,0.947,0
2022-03-30T05:06:15.170000,-1.691184,50.175018,0.85,0
2022-03-30T05:06:16.113000,-1.700019,50.232,0.801,0
2022-03-30T05:06:17.056000,-1.708867,50.288982,0.746,0
2022-03-30T05:06:18.000000,-1.717725,50.345962,0.673,0
2022-03-30T05:06:18.943000,-1.726596,50.402942,0.611,0
2022-03-30T05:06:19.887000,-1.735478,50.459921,0.561,0
2022-03-30T05:06:20.830000,-1.744373,50.516899,0.498,0
2022-03-30T05:06:21.774000,-1.753279,50.573877,0.419,1
2022-03-30T05:06:22.717000,-1.762197,50.630854,0.404,1
2022-03-30T17:01:20.797000,4.565779,55.937904,0.078,0
2022-03-30T17:01:21.741000,4.555454,55.880935,0.098,0
2022-03-30T17:01:22.684000,4.545147,55.823965,0.132,0
2022-03-30T17:01:23.628000,4.53486,55.766994,0.119,0
2022-03-30T17:01:24.571000,4.52459,55.710023,0.153,0
2022-03-30T17:01:25.515000,4.514339,55.65305,0.17,0
2022-03-30T17:01:26.458000,4.504107,55.596077,0.196,0
2022-03-30T17:01:27.402000,4.493892,55.539102,0.215,0
2022-03-30T17:01:28.345000,4.483696,55.482127,0.233,0
2022-03-30T17:01:29.288000,4.473517,55.425151,0.266,0
2022-03-30T17:01:30.232000,4.463357,55.368174,0.29,0
2022-03-30T17:01:31.175000,4.453214,55.311195,0.308,0
2022-03-30T17:01:32.119000,4.443089,55.254216,0.312,0
2022-03-30T17:01:33.062000,4.432982,55.197236,0.338,0
2022-03-30T17:01:34.006000,4.422892,55.140256,0.347,0
2022-03-30T17:01:34.949000,4.41282,55.083274,0.375,0
2022-03-30T17:01:35.892000,4.402765,55.026291,0.402,0
2022-03-30T17:01:36.836000,4.392727,54.969307,0.441,0
2022-03-30T17:01:37.779000,4.382707,54.912323,0.461,0
2022-03-30T17:01:38.723000,4.372704,54.855337,0.469,0
2022-03-30T17:01:39.666000,4.362717,54.798351,0.494,0
2022-03-30T17:01:40.610000,4.352748,54.741364,0.5,0
2022-03-30T17:01:41.553000,4.342796,54.684375,0.51,0
2022-03-30T17:01:42.497000,4.33286,54.627386,0.521,0
2022-03-30T17:01:43.440000,4.322941,54.570396,0.56,0
2022-03-30T17:01:44.383000,4.313039,54.513405,0.592,0
2022-03-30T17:01:45.327000,4.303153,54.456413,0.598,0
2022-03-30T17:01:46.270000,4.293284,54.399421,0.624,0
2022-03-30T17:01:47.214000,4.283431,54.342427,0.629,0
2022-03-30T17:01:48.157000,4.273595,54.285432,0.648,0
2022-03-30T17:01:49.101000,4.263775,54.228437,0.674,0
2022-03-30T17:01:50.044000,4.253971,54.17144,0.713,0
2022-03-30T17:01:50.987000,4.244182,54.114443,0.729,0
2022-03-30T17:01:51.931000,4.234411,54.057445,0.729,0
2022-03-30T17:01:52.874000,4.224654,54.000446,0.684,0
2022-03-30T17:01:53.818000,4.214914,53.943446,0.746,0
2022-03-30T17:01:54.761000,4.20519,53.886445,0.706,0
2022-03-30T17:01:55.705000,4.195481,53.829443,0.766,0
2022-03-30T17:01:56.648000,4.185788,53.77244,0.768,0
2022-03-30T17:01:57.592000,4.17611,53.715437,0.789,0
2022-03-30T17:01:58.535000,4.166448,53.658432,0.796,0
2022-03-30T17:01:59.478000,4.156801,53.601427,0.823,0
2022-03-30T17:02:00.422000,4.147169,53.544421,0.784,0
2022-03-30T17:02:01.365000,4.137553,53.487413,0.785,0
2022-03-30T17:02:02.309000,4.127952,53.430405,0.783,0
2022-03-30T17:02:03.252000,4.118366,53.373396,0.764,0
2022-03-30T17:02:04.196000,4.108795,53.316387,0.763,0
2022-03-30T17:02:05.139000,4.099239,53.259376,0.762,0
2022-03-30T17:02:06.082000,4.089698,53.202364,0.73,0
2022-03-30T17:02:07.026000,4.080172,53.145352,0.753,0
2022-03-30T17:02:07.969000,4.070661,53.088338,0.758,0
2022-03-30T17:02:08.913000,4.061164,53.031324,0.722,0
2022-03-30T17:02:09.856000,4.051682,52.974309,0.691,0
2022-03-30T17:02:10.800000,4.042214,52.917293,0.645,0
2022-03-30T17:02:11.743000,4.032761,52.860276,0.638,0
2022-03-30T17:02:12.687000,4.023322,52.803258,0.582,0
2022-03-30T17:02:13.630000,4.013898,52.74624,0.54,0
2022-03-30T17:02:14.573000,4.004488,52.68922,0.503,0
2022-03-30T17:02:15.517000,3.995092,52.6322,0.446,0
2022-03-30T17:02:16.460000,3.98571,52.575178,0.405,0
2022-03-30T17:02:17.404000,3.976342,52.518156,0.345,0
2022-03-30T17:02:18.347000,3.966989,52.461133,0.286,0
2022-03-30T17:02:19.291000,3.957649,52.404109,0.261,0
2022-03-30T17:02:20.234000,3.948323,52.347085,0.194,0
2022-03-30T17:02:21.177000,3.939011,52.290059,0.13,0
2022-03-30T17:02:22.121000,3.929713,52.233032,0.091,0
2022-03-30T17:02:23.064000,3.920428,52.176005,0.018,0
2022-03-30T17:02:24.008000,3.911157,52.118977,-0.076,0
2022-03-30T17:02:24.951000,3.9019,52.061947,-0.145,1
2022-03-30T17:02:25.895000,3.892656,52.004917,-0.204,1
2022-03-30T17:02:26.838000,3.883426,51.947887,-0.255,1
2022-03-30T17:02:27.782000,3.874208,51.890855,-0.316,1
2022-04-01T16:59:26.563000,3.555498,55.937383,0.31,0
2022-04-01T16:59:27.506000,3.545171,55.880411,0.296,0
2022-04-01T16:59:28.449000,3.534863,55.823438,0.311,0
2022-04-01T16:59:29.393000,3.524574,55.766464,0.326,0
2022-04-01T16:59:30.336000,3.514303,55.709488,0.329,0
2022-04-01T16:59:31.280000,3.50405,55.652512,0.379,0
2022-04-01T16:59:32.223000,3.493816,55.595535,0.393,0
2022-04-01T16:59:33.167000,3.4836,55.538557,0.396,0
2022-04-01T16:59:34.110000,3.473402,55.481578,0.413,0
2022-04-01T16:59:35.053000,3.463222,55.424598,0.467,0
2022-04-01T16:59:35.997000,3.453059,55.367618,0.489,0
2022-04-01T16:59:36.940000,3.442915,55.310636,0.508,0
2022-04-01T16:59:37.884000,3.432789,55.253653,0.541,0
2022-04-01T16:59:38.827000,3.42268,55.19667,0.56,0
2022-04-01T16:59:39.771000,3.412589,55.139685,0.588,0
2022-04-01T16:59:40.714000,3.402515,55.0827,0.594,0
2022-04-01T16:59:41.658000,3.392458,55.025714,0.623,0
2022-04-01T16:59:42.601000,3.382419,54.968727,0.618,0
2022-04-01T16:59:43.544000,3.372397,54.911739,0.642,0
2022-04-01T16:59:44.488000,3.362392,54.85475,0.681,0
2022-04-01T16:59:45.431000,3.352405,54.79776,0.677,0
2022-04-01T16:59:46.375000,3.342434,54.740769,0.701,0
2022-04-01T16:59:47.318000,3.33248,54.683777,0.72,0
2022-04-01T16:59:48.262000,3.322543,54.626785,0.742,0
2022-04-01T16:59:49.205000,3.312622,54.569791,0.709,0
2022-04-01T16:59:50.148000,3.302719,54.512797,0.743,0
2022-04-01T16:59:51.092000,3.292832,54.455801,0.767,0
2022-04-01T16:59:52.035000,3.282961,54.398805,0.758,0
2022-04-01T16:59:52.979000,3.273107,54.341808,0.778,0
2022-04-01T16:59:53.922000,3.263269,54.28481,0.816,0
2022-04-01T16:59:54.866000,3.253447,54.227811,0.808,0
2022-04-01T16:59:55.809000,3.243641,54.170811,0.81,0
2022-04-01T16:59:56.753000,3.233852,54.11381,0.831,0
2022-04-01T16:59:57.696000,3.224078,54.056809,0.842,0
2022-04-01T16:59:58.639000,3.214321,53.999806,0.869,0
2022-04-01T16:59:59.583000,3.204579,53.942803,0.86,0
2022-04-01T17:00:00.526000,3.194853,53.885798,0.871,0
2022-04-01T17:00:01.470000,3.185143,53.828793,0.856,0
2022-04-01T17:00:02.413000,3.175448,53.771787,0.882,0
2022-04-01T17:00:03.357000,3.165769,53.71478,0.889,0
2022-04-01T17:00:04.300000,3.156105,53.657772,0.912,0
2022-04-01T17:00:05.243000,3.146457,53.600764,0.853,0
2022-04-01T17:00:06.187000,3.136824,53.543754,0.818,0
2022-04-01T17:00:07.130000,3.127207,53.486743,0.796,0
2022-04-01T17:00:08.074000,3.117604,53.429732,0.794,0
2022-04-01T17:00:09.017000,3.108017,53.37272,0.779,0
2022-04-01T17:00:09.961000,3.098445,53.315707,0.735,0
2022-04-01T17:00:10.904000,3.088887,53.258693,0.692,0
2022-04-01T17:00:11.848000,3.079345,53.201678,0.664,0
2022-04-01T17:00:12.791000,3.069817,53.144662,0.628,0
2022-04-01T17:00:13.734000,3.060304,53.087645,0.628,0
2022-04-01T17:00:14.678000,3.050806,53.030628,0.593,0
2022-04-01T17:00:15.621000,3.041323,52.973609,0.531,0
2022-04-01T17:00:16.565000,3.031854,52.91659,0.46,0
2022-04-01T17:00:17.508000,3.022399,52.85957,0.444,0
2022-04-01T17:00:18.452000,3.012959,52.802549,0.378,0
2022-04-01T17:00:19.395000,3.003534,52.745527,0.34,0
2022-04-01T17:00:20.338000,2.994122,52.688504,0.3,0
2022-04-01T17:00:21.282000,2.984725,52.63148,0.249,0
2022-04-01T17:00:22.225000,2.975342,52.574456,0.213,0
2022-04-01T17:00:23.169000,2.965973,52.51743,0.153,0
2022-04-01T17:00:24.112000,2.956618,52.460404,0.103,0
2022-04-01T17:00:25.056000,2.947277,52.403377,0.057,0
2022-04-01T17:00:25.999000,2.937949,52.346349,0.02,0
2022-04-01T17:00:26.942000,2.928636,52.28932,-0.054,0
2022-04-01T17:00:27.886000,2.919337,52.23229,-0.107,0
2022-04-01T17:00:28.829000,2.910051,52.17526,-0.147,0
2022-04-01T17:00:29.773000,2.900778,52.118228,-0.216,0
2022-04-01T17:00:30.716000,2.89152,52.061196,-0.251,0
2022-04-01T17:00:31.660000,2.882274,52.004163,-0.312,0
2022-04-01T17:00:32.603000,2.873043,51.947129,-0.331,0
2022-04-01T17:00:33.547000,2.863824,51.890094,-0.359,0
2022-04-01T17:00:34.490000,2.85462,51.833058,-0.44,0
2022-04-01T17:00:35.433000,2.845428,51.776021,-0.489,0
2022-04-01T17:00:36.377000,2.836249,51.718984,-0.481,0
2022-04-01T17:00:37.320000,2.827084,51.661945,-0.602,0
2022-04-01T17:00:38.264000,2.817931,51.604906,-0.675,0
2022-04-01T17:00:39.207000,2.808792,51.547866,-0.69,0
2022-04-01T17:00:40.151000,2.799666,51.490825,-0.73,0
2022-04-01T17:00:41.094000,2.790552,51.433784,-0.82,0
2022-04-01T17:00:42.037000,2.781452,51.376741,-0.869,0
2022-04-01T17:00:42.981000,2.772364,51.319698,-0.955,1
2022-04-01T17:00:43.924000,2.763289,51.262653,-0.975,1
2022-04-02T04:14:50.012000,8.600139,53.99878,-0.79,1
2022-04-02T04:14:51.899000,8.58062,54.112662,-0.941,1
2022-04-02T04:14:52.842000,8.570837,54.169603,-0.947,1
2022-04-02T04:14:53.786000,8.561037,54.226542,-0.929,1
2022-04-02T04:15:03.220000,8.462143,54.795889,0.44,1
2022-04-03T16:57:31.384000,2.554986,55.985178,0.553,0
2022-04-03T16:57:32.328000,2.544641,55.928204,0.584,0
2022-04-03T16:57:33.271000,2.534314,55.871229,0.585,0
2022-04-03T16:57:34.214000,2.524007,55.814252,0.577,0
2022-04-03T16:57:35.158000,2.513717,55.757275,0.613,0
2022-04-03T16:57:36.101000,2.503447,55.700297,0.595,0
2022-04-03T16:57:37.045000,2.493194,55.643318,0.628,0
2022-04-03T16:57:37.988000,2.48296,55.586338,0.614,0
2022-04-03T16:57:38.932000,2.472744,55.529357,0.643,0
2022-04-03T16:57:39.875000,2.462546,55.472375,0.632,0
2022-04-03T16:57:40.819000,2.452367,55.415392,0.64,0
2022-04-03T16:57:41.762000,2.442205,55.358409,0.624,0
2022-04-03T16:57:42.705000,2.43206,55.301424,0.668,0
2022-04-03T16:57:43.649000,2.421934,55.244438,0.639,0
2022-04-03T16:57:44.592000,2.411825,55.187452,0.615,0
2022-04-03T16:57:45.536000,2.401734,55.130465,0.621,0
2022-04-03T16:57:46.479000,2.391661,55.073476,0.602,0
2022-04-03T16:57:47.423000,2.381604,55.016487,0.601,0
2022-04-03T16:57:48.366000,2.371565,54.959497,0.637,0
2022-04-03T16:57:49.309000,2.361543,54.902506,0.642,0
2022-04-03T16:57:50.253000,2.351539,54.845515,0.658,0
2022-04-03T16:57:51.196000,2.341551,54.788522,0.668,0
2022-04-03T16:57:52.140000,2.33158,54.731528,0.682,0
2022-04-03T16:57:53.083000,2.321627,54.674534,0.658,0
2022-04-03T16:57:54.027000,2.31169,54.617538,0.676,0
2022-04-03T16:57:54.970000,2.301769,54.560542,0.674,0
2022-04-03T16:57:55.913000,2.291866,54.503545,0.714,0
2022-04-03T16:57:56.857000,2.281979,54.446546,0.715,0
2022-04-03T16:57:57.800000,2.272108,54.389547,0.7,0
2022-04-03T16:57:58.744000,2.262254,54.332547,0.713,0
2022-04-03T16:57:59.687000,2.252416,54.275547,0.699,0
2022-04-03T16:58:00.631000,2.242594,54.218545,0.677,0
2022-04-03T16:58:01.574000,2.232789,54.161542,0.663,0
2022-04-03T16:58:02.518000,2.222999,54.104539,0.632,0
2022-04-03T16:58:03.461000,2.213226,54.047534,0.623,0
2022-04-03T16:58:04.404000,2.203468,53.990529,0.588,0
2022-04-03T16:58:05.348000,2.193727,53.933523,0.592,0
2022-04-03T16:58:06.291000,2.184001,53.876516,0.536,0
2022-04-03T16:58:07.235000,2.174291,53.819508,0.518,0
2022-04-03T16:58:08.178000,2.164596,53.762499,0.469,0
2022-04-03T16:58:09.122000,2.154917,53.705489,0.419,0
2022-04-03T16:58:10.065000,2.145253,53.648479,0.383,0
2022-04-03T16:58:11.008000,2.135605,53.591468,0.359,0
2022-04-03T16:58:11.952000,2.125972,53.534455,0.276,0
2022-04-03T16:58:12.895000,2.116355,53.477442,0.195,0
2022-04-03T16:58:13.839000,2.106752,53.420428,0.149,0
2022-04-03T16:58:14.782000,2.097165,53.363413,0.067,0
2022-04-03T16:58:15.726000,2.087593,53.306397,-0.008,0
2022-04-03T16:58:16.669000,2.078035,53.24938,-0.038,0
2022-04-03T16:58:17.613000,2.068493,53.192363,-0.143,0
2022-04-03T16:58:18.556000,2.058965,53.135344,-0.202,0
2022-04-03T16:58:19.499000,2.049453,53.078325,-0.259,0
2022-04-03T16:58:20.443000,2.039954,53.021305,-0.331,0
2022-04-03T16:58:21.386000,2.030471,52.964284,-0.375,0
2022-04-03T16:58:22.330000,2.021002,52.907262,-0.474,0
2022-04-03T16:58:23.273000,2.011547,52.850239,-0.544,0
2022-04-03T16:58:24.217000,2.002107,52.793215,-0.572,0
2022-04-03T16:58:25.160000,1.992681,52.736191,-0.678,0
2022-04-03T16:58:26.103000,1.98327,52.679165,-0.731,0
2022-04-03T16:58:27.047000,1.973873,52.622139,-0.76,0
2022-04-03T16:58:28.934000,1.95512,52.508084,-0.745,1
2022-04-03T16:58:29.877000,1.945765,52.451055,-0.766,1
2022-04-03T16:58:30.821000,1.936424,52.394026,-0.845,1
2022-04-03T16:58:31.764000,1.927097,52.336995,-0.858,0
2022-04-03T16:58:32.708000,1.917784,52.279964,-0.79,0
2022-04-03T16:58:33.651000,1.908484,52.222931,-0.759,0
2022-04-03T16:58:34.594000,1.899198,52.165898,-0.755,0
2022-04-03T16:58:35.538000,1.889926,52.108864,-0.749,0
2022-04-03T16:58:36.481000,1.880667,52.051829,-0.729,0
2022-04-03T16:58:37.425000,1.871422,51.994794,-0.694,0
2022-04-03T16:58:38.368000,1.86219,51.937757,-0.661,0
2022-04-03T16:58:39.312000,1.852972,51.88072,-0.66,0
2022-04-03T16:58:40.255000,1.843767,51.823681,-0.647,0
2022-04-03T16:58:41.198000,1.834575,51.766642,-0.66,0
2022-04-03T16:58:42.142000,1.825396,51.709602,-0.663,0
2022-04-03T16:58:43.085000,1.816231,51.652562,-0.671,0
2022-04-03T16:58:44.029000,1.807078,51.59552,-0.705,0
2022-04-03T16:58:44.972000,1.797939,51.538478,-0.686,0
2022-04-03T16:58:45.916000,1.788812,51.481434,-0.709,0
2022-04-03T16:58:46.859000,1.779699,51.42439,-0.71,0
2022-04-03T16:58:47.803000,1.770598,51.367345,-0.675,0
2022-04-03T16:58:48.746000,1.76151,51.310299,-0.759,0
2022-04-03T16:58:49.689000,1.752435,51.253252,-0.907,0
2022-04-03T16:58:50.633000,1.743373,51.196205,-0.806,0
2022-04-03T16:58:51.576000,1.734323,51.139157,-0.855,0
2022-04-03T16:58:52.520000,1.725286,51.082107,-0.853,1
2022-04-03T16:58:53.463000,1.716261,51.025057,-0.955,1
2022-04-04T04:12:53.890000,7.607243,53.888637,-0.129,1
2022-04-04T04:12:54.834000,7.597519,53.945587,0.017,0
2022-04-04T04:12:55.777000,7.587779,54.002537,0.059,0
2022-04-04T04:12:56.720000,7.578024,54.059486,0.107,0
2022-04-04T04:12:57.664000,7.568252,54.116434,0.145,0
2022-04-04T04:12:58.607000,7.558465,54.173381,0.154,0
2022-04-04T04:12:59.551000,7.548661,54.230328,0.23,0
2022-04-04T04:13:00.494000,7.538842,54.287274,0.262,0
2022-04-04T04:13:01.438000,7.529006,54.344219,0.265,0
2022-04-04T04:13:02.381000,7.519154,54.401163,0.358,0
2022-04-04T04:13:03.325000,7.509285,54.458106,0.395,0
2022-04-04T04:13:04.268000,7.4994,54.515048,0.417,0
2022-04-04T04:13:05.211000,7.489499,54.57199,0.453,0
2022-04-04T04:13:06.155000,7.479581,54.628931,0.483,0
2022-04-04T04:13:07.098000,7.469646,54.685871,0.507,0
2022-04-04T04:13:08.042000,7.459694,54.74281,0.5,0
2022-04-04T04:13:08.985000,7.449726,54.799749,0.595,0
2022-04-04T04:13:09.929000,7.43974,54.856686,0.567,0
2022-04-04T04:13:10.872000,7.429738,54.913623,0.594,0
2022-04-04T04:13:11.815000,7.419718,54.970559,0.62,0
2022-04-04T04:13:12.759000,7.409681,55.027494,0.655,0
2022-04-04T04:13:13.702000,7.399627,55.084429,0.669,0
2022-04-04T04:13:14.646000,7.389555,55.141362,0.675,0
2022-04-04T04:13:15.589000,7.379466,55.198295,0.712,0
2022-04-04T04:13:16.533000,7.36936,55.255227,0.711,0
2022-04-04T04:13:17.476000,7.359236,55.312158,0.696,0
2022-04-04T04:13:18.420000,7.349094,55.369088,0.715,0
2022-04-04T04:13:19.363000,7.338934,55.426017,0.694,0
2022-04-04T04:13:20.306000,7.328756,55.482946,0.71,0
2022-04-04T04:13:21.250000,7.318561,55.539873,0.722,0
2022-04-04T04:13:22.193000,7.308347,55.5968,0.685,0
2022-04-04T04:13:23.137000,7.298115,55.653726,0.663,0
2022-04-04T04:13:24.080000,7.287865,55.710652,0.661,0
2022-04-04T04:13:25.024000,7.277596,55.767576,0.659,0
2022-04-04T04:13:25.967000,7.267309,55.824499,0.645,0
2022-04-04T04:13:26.910000,7.257004,55.881422,0.629,0
2022-04-04T04:13:27.854000,7.246679,55.938344,0.659,0
2022-04-05T16:55:37.149000,1.543463,55.969802,0.705,0
2022-04-05T16:55:38.093000,1.53312,55.912825,0.693,0
2022-04-05T16:55:39.036000,1.522796,55.855847,0.715,0
2022-04-05T16:55:39.979000,1.512491,55.798869,0.715,0
2022-04-05T16:55:40.923000,1.502204,55.741889,0.709,0
2022-04-05T16:55:41.866000,1.491936,55.684909,0.685,0
2022-04-05T16:55:42.810000,1.481686,55.627928,0.689,0
2022-04-05T16:55:43.753000,1.471454,55.570945,0.69,0
2022-04-05T16:55:44.697000,1.461241,55.513962,0.677,0
2022-04-05T16:55:45.640000,1.451045,55.456978,0.684,0
2022-04-05T16:55:46.584000,1.440868,55.399993,0.67,0
2022-04-05T16:55:47.527000,1.430708,55.343007,0.659,0
2022-04-05T16:55:48.470000,1.420567,55.28602,0.64,0
2022-04-05T16:55:49.414000,1.410443,55.229033,0.627,0
2022-04-05T16:55:50.357000,1.400336,55.172044,0.638,0
2022-04-05T16:55:51.301000,1.390247,55.115054,0.636,0
2022-04-05T16:55:52.244000,1.380176,55.058064,0.623,0
2022-04-05T16:55:53.188000,1.370122,55.001073,0.604,0
2022-04-05T16:55:54.131000,1.360085,54.94408,0.594,0
2022-04-05T16:55:55.074000,1.350065,54.887087,0.573,0
2022-04-05T16:55:56.018000,1.340063,54.830093,0.595,0
2022-04-05T16:55:56.961000,1.330078,54.773098,0.565,0
2022-04-05T16:55:57.905000,1.320109,54.716103,0.547,0
2022-04-05T16:55:58.848000,1.310157,54.659106,0.523,0
2022-04-05T16:55:59.792000,1.300223,54.602108,0.523,0
2022-04-05T16:56:00.735000,1.290304,54.54511,0.507,0
2022-04-05T16:56:01.679000,1.280403,54.48811,0.482,0
2022-04-05T16:56:02.622000,1.270518,54.43111,0.429,0
2022-04-05T16:56:03.565000,1.260649,54.374109,0.405,0
2022-04-05T16:56:04.509000,1.250797,54.317107,0.378,0
2022-04-05T16:56:05.452000,1.240962,54.260104,0.351,0
2022-04-05T16:56:06.396000,1.231142,54.2031,0.295,0
2022-04-05T16:56:07.339000,1.221338,54.146095,0.256,0
2022-04-05T16:56:08.283000,1.211551,54.08909,0.223,0
2022-04-05T16:56:09.226000,1.20178,54.032083,0.154,0
2022-04-05T16:56:10.169000,1.192024,53.975076,0.141,0
2022-04-05T16:56:11.113000,1.182284,53.918068,0.092,0
2022-04-05T16:56:12.056000,1.17256,53.861059,0.02,0
2022-04-05T16:56:13.000000,1.162852,53.804049,-0.064,0
2022-04-05T16:56:13.943000,1.15316,53.747038,-0.113,0
2022-04-05T16:56:14.887000,1.143482,53.690026,-0.169,0
2022-04-05T16:56:15.830000,1.133821,53.633014,-0.199,0
2022-04-05T16:56:16.774000,1.124175,53.576,-0.317,0
2022-04-05T16:56:17.717000,1.114544,53.518986,-0.41,0
2022-04-05T16:56:18.660000,1.104928,53.46197,-0.495,0
2022-04-05T16:56:19.604000,1.095327,53.404954,-0.523,0
2022-04-05T16:56:20.547000,1.085742,53.347938,-0.631,0
2022-04-05T16:56:21.491000,1.076172,53.29092,-0.696,0
2022-04-05T16:56:22.434000,1.066616,53.233901,-0.797,0
2022-04-05T16:56:23.378000,1.057075,53.176882,-0.84,0
2022-04-05T16:56:24.321000,1.04755,53.119861,-0.929,0
2022-04-05T16:56:25.264000,1.038039,53.06284,-1.019,1
2022-04-05T16:57:03.002000,0.668935,50.781291,-0.218,1
2022-04-05T16:57:03.945000,0.659973,50.724235,-0.219,0
2022-04-05T16:57:04.889000,0.651023,50.667179,-0.27,0
2022-04-05T16:57:05.832000,0.642086,50.610121,-0.293,0
2022-04-05T16:57:06.776000,0.633161,50.553063,-0.327,0
2022-04-05T16:57:07.719000,0.624247,50.496004,-0.38,0
2022-04-05T16:57:08.663000,0.615346,50.438944,-0.448,0
2022-04-05T16:57:09.606000,0.606456,50.381883,-0.483,0
2022-04-05T16:57:10.549000,0.597579,50.324821,-0.555,0
2022-04-05T16:57:11.493000,0.588712,50.267759,-0.61,0
2022-04-05T16:57:12.436000,0.579858,50.210695,-0.646,0
2022-04-05T16:57:13.380000,0.571016,50.153631,-0.707,0
2022-04-05T16:57:14.323000,0.562185,50.096567,-0.769,0
2022-04-05T16:57:15.267000,0.553366,50.039501,-0.88,0
2022-04-05T16:57:16.210000,0.544558,49.982434,-0.963,0
2022-04-05T16:57:17.153000,0.535762,49.925367,-1.085,1
2022-04-06T04:10:55.881000,6.63334,53.670972,-0.269,1
2022-04-06T04:10:56.825000,6.623673,53.727933,-0.234,1
2022-04-06T04:10:57.768000,6.613991,53.784894,-0.192,0
2022-04-06T04:10:58.712000,6.604293,53.841853,-0.132,0
2022-04-06T04:10:59.655000,6.59458,53.898812,-0.119,0
2022-04-06T04:11:00.599000,6.58485,53.95577,-0.115,0
2022-04-06T04:11:01.542000,6.575105,54.012727,-0.077,0
2022-04-06T04:11:02.486000,6.565345,54.069683,-0.043,0
2022-04-06T04:11:03.429000,6.555568,54.126638,-0.022,0
2022-04-06T04:11:04.372000,6.545775,54.183593,0.001,0
2022-04-06T04:11:05.316000,6.535966,54.240547,0.033,0
2022-04-06T04:11:06.259000,6.526141,54.2975,0.084,0
2022-04-06T04:11:07.203000,6.516299,54.354452,0.068,0
2022-04-06T04:11:08.146000,6.506442,54.411403,0.096,0
2022-04-06T04:11:09.090000,6.496567,54.468354,0.132,0
2022-04-06T04:11:10.033000,6.486677,54.525304,0.152,0
2022-04-06T04:11:10.976000,6.47677,54.582253,0.208,0
2022-04-06T04:11:11.920000,6.466846,54.639201,0.226,0
2022-04-06T04:11:12.863000,6.456905,54.696148,0.254,0
2022-04-06T04:11:13.807000,6.446948,54.753095,0.276,0
2022-04-06T04:11:14.750000,6.436973,54.81004,0.249,0
2022-04-06T04:11:15.694000,6.426982,54.866985,0.266,0
2022-04-06T04:11:16.637000,6.416974,54.923929,0.294,0
2022-04-06T04:11:17.581000,6.406948,54.980872,0.302,0
2022-04-06T04:11:18.524000,6.396906,55.037815,0.315,0
2022-04-06T04:11:19.467000,6.386846,55.094756,0.306,0
2022-04-06T04:11:20.411000,6.376768,55.151697,0.33,0
2022-04-06T04:11:21.354000,6.366673,55.208637,0.336,0
2022-04-06T04:11:22.298000,6.356561,55.265576,0.318,0
2022-04-06T04:11:23.241000,6.346431,55.322514,0.331,0
2022-04-06T04:11:24.185000,6.336283,55.379452,0.322,0
2022-04-06T04:11:25.128000,6.326117,55.436388,0.322,0
2022-04-06T04:11:26.071000,6.315933,55.493324,0.33,0
2022-04-06T04:11:27.015000,6.305731,55.550259,0.336,0
2022-04-06T04:11:27.958000,6.295511,55.607193,0.354,0
2022-04-06T04:11:28.902000,6.285273,55.664126,0.332,0
2022-04-06T04:11:29.845000,6.275017,55.721059,0.312,0
2022-04-06T04:11:30.789000,6.264742,55.77799,0.322,0
2022-04-06T04:11:31.732000,6.254449,55.834921,0.329,0
2022-04-06T04:11:32.675000,6.244137,55.891851,0.346,0
2022-04-06T04:11:33.619000,6.233807,55.94878,0.341,0
2022-04-07T16:53:42.914000,0.531103,55.949321,0.43,0
2022-04-07T16:53:43.858000,0.520766,55.892342,0.436,0
2022-04-07T16:53:44.801000,0.510447,55.835363,0.447,0
2022-04-07T16:53:45.745000,0.500147,55.778383,0.404,0
2022-04-07T16:53:46.688000,0.489866,55.721402,0.415,0
2022-04-07T16:53:47.631000,0.479603,55.66442,0.432,0
2022-04-07T16:53:48.575000,0.469358,55.607437,0.428,0
2022-04-07T16:53:49.518000,0.459132,55.550453,0.386,0
2022-04-07T16:53:50.462000,0.448923,55.493468,0.435,0
2022-04-07T16:53:51.405000,0.438733,55.436482,0.438,0
2022-04-07T16:53:52.349000,0.42856,55.379496,0.391,0
2022-04-07T16:53:53.292000,0.418406,55.322508,0.402,0
2022-04-07T16:53:54.235000,0.408269,55.26552,0.405,0
2022-04-07T16:53:55.179000,0.39815,55.208531,0.396,0
2022-04-07T16:53:56.122000,0.388049,55.151541,0.356,0
2022-04-07T16:53:57.066000,0.377965,55.09455,0.316,0
2022-04-07T16:53:58.009000,0.367898,55.037558,0.318,0
2022-04-07T16:53:58.953000,0.357849,54.980565,0.317,0
2022-04-07T16:53:59.896000,0.347817,54.923571,0.294,0
2022-04-07T16:54:00.840000,0.337803,54.866577,0.323,0
2022-04-07T16:54:01.783000,0.327805,54.809581,0.288,0
2022-04-07T16:54:02.726000,0.317824,54.752585,0.331,0
2022-04-07T16:54:03.670000,0.307861,54.695587,0.341,0
2022-04-07T16:54:04.613000,0.297914,54.638589,0.289,0
2022-04-07T16:54:05.557000,0.287984,54.58159,0.258,0
2022-04-07T16:54:06.500000,0.27807,54.52459,0.237,0
2022-04-07T16:54:07.444000,0.268174,54.46759,0.247,0
2022-04-07T16:54:08.387000,0.258293,54.410588,0.284,0
2022-04-07T16:54:09.330000,0.248429,54.353585,0.247,0
2022-04-07T16:54:10.274000,0.238582,54.296582,0.225,0
2022-04-07T16:54:11.217000,0.22875,54.239578,0.205,0
2022-04-07T16:54:12.161000,0.218935,54.182572,0.212,0
2022-04-07T16:54:13.104000,0.209137,54.125566,0.201,0
2022-04-07T16:54:14.048000,0.199354,54.068559,0.171,0
2022-04-07T16:54:14.991000,0.189587,54.011551,0.123,0
2022-04-07T16:54:15.935000,0.179836,53.954543,0.12,0
2022-04-07T16:54:16.878000,0.1701,53.897533,0.129,0
2022-04-07T16:54:17.821000,0.160381,53.840523,0.089,1
2022-04-07T16:54:18.765000,0.150677,53.783511,0.025,1
2022-04-07T16:54:19.708000,0.140989,53.726499,0.021,1
2022-04-07T16:55:08.767000,-0.343036,50.760695,0.893,1
2022-04-07T16:55:09.710000,-0.351994,50.703638,0.872,1
2022-04-07T16:55:10.654000,-0.360941,50.64658,0.82,0
2022-04-07T16:55:11.597000,-0.369875,50.589522,0.793,0
2022-04-07T16:55:12.541000,-0.378797,50.532463,0.724,0
2022-04-07T16:55:13.484000,-0.387707,50.475403,0.673,0
2022-04-07T16:55:14.428000,-0.396605,50.418342,0.616,0
2022-04-07T16:55:15.371000,-0.405492,50.36128,0.561,0
2022-04-07T16:55:16.314000,-0.414366,50.304218,0.494,0
2022-04-07T16:55:17.258000,-0.423229,50.247154,0.402,0
2022-04-07T16:55:18.201000,-0.43208,50.19009,0.362,0
2022-04-07T16:55:19.145000,-0.440919,50.133025,0.336,0
2022-04-07T16:55:20.088000,-0.449746,50.075959,0.189,0
2022-04-07T16:55:21.032000,-0.458563,50.018893,0.137,0
2022-04-07T16:55:21.975000,-0.467367,49.961826,0.111,0
2022-04-07T16:55:22.919000,-0.47616,49.904757,0.056,0
2022-04-07T16:55:23.862000,-0.484942,49.847688,-0.0,0
2022-04-07T16:55:24.805000,-0.493712,49.790619,-0.044,0
2022-04-07T16:55:25.749000,-0.502471,49.733548,-0.071,0
2022-04-08T04:08:58.816000,5.649817,53.515831,0.221,1
2022-04-08T04:08:59.760000,5.64019,53.572801,0.224,1
2022-04-08T04:09:00.703000,5.630548,53.629771,0.241,0
2022-04-08T04:09:01.646000,5.620891,53.68674,0.264,0
2022-04-08T04:09:02.590000,5.611218,53.743708,0.253,0
2022-04-08T04:09:03.533000,5.60153,53.800676,0.303,0
2022-04-08T04:09:04.477000,5.591827,53.857642,0.262,0
2022-04-08T04:09:05.420000,5.582107,53.914608,0.274,0
2022-04-08T04:09:06.364000,5.572372,53.971573,0.309,0
2022-04-08T04:09:07.307000,5.562621,54.028537,0.31,0
2022-04-08T04:09:08.251000,5.552854,54.085501,0.321,0
2022-04-08T04:09:09.194000,5.543072,54.142463,0.36,0
2022-04-08T04:09:10.137000,5.533273,54.199425,0.358,0
2022-04-08T04:09:11.081000,5.523458,54.256386,0.349,0
2022-04-08T04:09:12.024000,5.513626,54.313346,0.356,0
2022-04-08T04:09:12.968000,5.503779,54.370306,0.366,0
2022-04-08T04:09:13.911000,5.493915,54.427264,0.38,0
2022-04-08T04:09:14.855000,5.484035,54.484222,0.4,0
2022-04-08T04:09:15.798000,5.474138,54.541179,0.423,0
2022-04-08T04:09:16.741000,5.464225,54.598135,0.426,0
2022-04-08T04:09:17.685000,5.454295,54.65509,0.419,0
2022-04-08T04:09:18.628000,5.444348,54.712044,0.422,0
2022-04-08T04:09:19.572000,5.434384,54.768998,0.442,0
2022-04-08T04:09:20.515000,5.424404,54.825951,0.433,0
2022-04-08T04:09:21.459000,5.414406,54.882903,0.445,0
2022-04-08T04:09:22.402000,5.404391,54.939854,0.438,0
2022-04-08T04:09:23.346000,5.39436,54.996804,0.422,0
2022-04-08T04:09:24.289000,5.38431,55.053754,0.404,0
2022-04-08T04:09:25.232000,5.374244,55.110702,0.433,0
2022-04-08T04:09:26.176000,5.36416,55.16765,0.427,0
2022-04-08T04:09:27.119000,5.354058,55.224597,0.366,0
2022-04-08T04:09:28.063000,5.343939,55.281543,0.402,0
2022-04-08T04:09:29.006000,5.333803,55.338489,0.39,0
2022-04-08T04:09:29.950000,5.323648,55.395433,0.396,0
2022-04-08T04:09:30.893000,5.313476,55.452377,0.38,0
2022-04-08T04:09:31.836000,5.303285,55.50932,0.395,0
2022-04-08T04:09:32.780000,5.293077,55.566262,0.382,0
2022-04-08T04:09:33.723000,5.28285,55.623203,0.379,0
2022-04-08T04:09:34.667000,5.272605,55.680143,0.402,0
2022-04-08T04:09:35.610000,5.262342,55.737083,0.39,0
2022-04-08T04:09:36.554000,5.25206,55.794021,0.348,0
2022-04-08T04:09:37.497000,5.24176,55.850959,0.342,0
2022-04-08T04:09:38.441000,5.231442,55.907896,0.389,0
2022-04-08T04:09:39.384000,5.221104,55.964832,0.425,0
2022-04-09T16:51:47.736000,-0.471863,55.980481,-0.102,0
2022-04-09T16:51:48.679000,-0.48221,55.923503,-0.131,0
2022-04-09T16:51:49.623000,-0.492539,55.866524,-0.121,0
2022-04-09T16:51:50.566000,-0.502849,55.809544,-0.166,0
2022-04-09T16:51:51.510000,-0.513141,55.752563,-0.154,0
2022-04-09T16:51:52.453000,-0.523414,55.695581,-0.172,0
2022-04-09T16:51:53.396000,-0.533669,55.638598,-0.168,0
2022-04-09T16:51:54.340000,-0.543906,55.581614,-0.207,0
2022-04-09T16:51:55.283000,-0.554124,55.524629,-0.248,0
2022-04-09T16:51:56.227000,-0.564324,55.467644,-0.258,0
2022-04-09T16:51:57.170000,-0.574506,55.410657,-0.299,0
2022-04-09T16:51:58.114000,-0.584671,55.35367,-0.275,0
2022-04-09T16:51:59.057000,-0.594817,55.296682,-0.295,0
2022-04-09T16:52:00.001000,-0.604946,55.239692,-0.345,0
2022-04-09T16:52:00.944000,-0.615057,55.182702,-0.381,0
2022-04-09T16:52:01.887000,-0.62515,55.125712,-0.389,0
2022-04-09T16:52:02.831000,-0.635226,55.06872,-0.407,0
2022-04-09T16:52:03.774000,-0.645285,55.011727,-0.425,0
2022-04-09T16:52:04.718000,-0.655326,54.954733,-0.454,0
2022-04-09T16:52:05.661000,-0.665351,54.897739,-0.459,0
2022-04-09T16:52:06.605000,-0.675357,54.840744,-0.512,0
2022-04-09T16:52:07.548000,-0.685347,54.783748,-0.508,0
2022-04-09T16:52:08.491000,-0.69532,54.72675,-0.542,0
2022-04-09T16:52:09.435000,-0.705276,54.669752,-0.554,1
2022-04-09T16:52:10.378000,-0.715216,54.612754,-0.576,1
2022-04-09T16:53:17.362000,-1.382546,50.563658,0.66,1
2022-04-09T16:53:18.306000,-1.391462,50.506599,0.597,1
2022-04-09T16:53:19.249000,-1.400367,50.449538,0.547,0
2022-04-09T16:53:20.193000,-1.40926,50.392477,0.509,0
2022-04-09T16:53:21.136000,-1.418141,50.335416,0.469,0
2022-04-09T16:53:22.080000,-1.42701,50.278353,0.461,0
2022-04-09T16:53:23.023000,-1.435867,50.22129,0.403,0
2022-04-09T16:53:23.966000,-1.444712,50.164226,0.317,0
2022-04-09T16:53:24.910000,-1.453546,50.107161,0.292,0
2022-04-09T16:53:25.853000,-1.462369,50.050095,0.282,0
2022-04-09T16:53:26.797000,-1.47118,49.993028,0.206,0
2022-04-09T16:53:27.740000,-1.479979,49.935961,0.158,0
2022-04-09T16:53:28.684000,-1.488767,49.878893,0.122,0
2022-04-09T16:53:29.627000,-1.497543,49.821824,0.093,1
2022-04-09T16:53:30.570000,-1.506308,49.764754,0.056,1
2022-04-10T04:06:58.921000,4.694975,53.195885,-0.215,1
2022-04-10T04:06:59.864000,4.685433,53.252868,-0.163,1
2022-04-10T04:07:00.807000,4.675876,53.309849,-0.122,0
2022-04-10T04:07:01.751000,4.666304,53.36683,-0.054,0
2022-04-10T04:07:02.694000,4.656716,53.42381,-0.033,0
2022-04-10T04:07:03.638000,4.647114,53.480789,-0.005,0
2022-04-10T04:07:04.581000,4.637496,53.537767,0.018,0
2022-04-10T04:07:05.525000,4.627864,53.594744,0.029,0
2022-04-10T04:07:06.468000,4.618215,53.651721,0.083,0
2022-04-10T04:07:07.412000,4.608552,53.708697,0.084,0
2022-04-10T04:07:08.355000,4.598873,53.765672,0.103,0
2022-04-10T04:07:09.298000,4.589178,53.822646,0.134,0
2022-04-10T04:07:10.242000,4.579468,53.87962,0.146,0
2022-04-10T04:07:11.185000,4.569742,53.936593,0.125,0
2022-04-10T04:07:12.129000,4.560001,53.993564,0.146,0
2022-04-10T04:07:13.072000,4.550243,54.050535,0.151,0
2022-04-10T04:07:14.016000,4.54047,54.107506,0.193,0
2022-04-10T04:07:14.959000,4.53068,54.164475,0.168,0
2022-04-10T04:07:15.902000,4.520875,54.221444,0.212,0
2022-04-10T04:07:16.846000,4.511053,54.278411,0.241,0
2022-04-10T04:07:17.789000,4.501215,54.335378,0.175,0
2022-04-10T04:07:18.733000,4.491361,54.392345,0.195,0
2022-04-10T04:07:19.676000,4.481491,54.44931,0.202,0
2022-04-10T04:07:20.620000,4.471604,54.506275,0.217,0
2022-04-10T04:07:21.563000,4.4617,54.563238,0.147,0
2022-04-10T04:07:22.507000,4.45178,54.620201,0.183,0
2022-04-10T04:07:23.450000,4.441843,54.677163,0.167,0
2022-04-10T04:07:24.393000,4.431889,54.734124,0.181,0
2022-04-10T04:07:25.337000,4.421918,54.791085,0.206,0
2022-04-10T04:07:26.280000,4.411931,54.848045,0.159,0
2022-04-10T04:07:27.224000,4.401926,54.905003,0.172,0
2022-04-10T04:07:28.167000,4.391904,54.961961,0.211,0
2022-04-10T04:07:29.111000,4.381865,55.018918,0.183,0
2022-04-10T04:07:30.054000,4.371809,55.075875,0.184,0
2022-04-10T04:07:30.997000,4.361735,55.13283,0.215,0
2022-04-10T04:07:31.941000,4.351644,55.189785,0.211,0
2022-04-10T04:07:32.884000,4.341535,55.246739,0.194,0
2022-04-10T04:07:33.828000,4.331409,55.303692,0.206,0
2022-04-10T04:07:34.771000,4.321265,55.360644,0.213,0
2022-04-10T04:07:35.715000,4.311103,55.417595,0.179,0
2022-04-10T04:07:36.658000,4.300923,55.474545,0.212,0
2022-04-10T04:07:37.602000,4.290725,55.531495,0.164,0
2022-04-10T04:07:38.545000,4.280509,55.588444,0.194,0
2022-04-10T04:07:39.488000,4.270275,55.645392,0.175,0
2022-04-10T04:07:40.432000,4.260023,55.702339,0.144,0
2022-04-10T04:07:41.375000,4.249752,55.759285,0.119,0
2022-04-10T04:07:42.319000,4.239463,55.816231,0.107,0
2022-04-10T04:07:43.262000,4.229155,55.873175,0.107,0
2022-04-10T04:07:44.206000,4.218829,55.930119,0.161,0
2022-04-11T16:49:53.501000,-1.486091,55.948623,-0.803,0
2022-04-11T16:49:54.444000,-1.496427,55.891644,-0.799,0
2022-04-11T16:49:55.388000,-1.506745,55.834665,-0.798,0
2022-04-11T16:49:56.331000,-1.517044,55.777685,-0.8,0
2022-04-11T16:49:57.275000,-1.527324,55.720703,-0.815,1
2022-04-11T16:49:58.218000,-1.537586,55.663721,-0.841,1
2022-04-11T16:49:59.161000,-1.54783,55.606739,-0.838,1
2022-04-11T16:51:24.071000,-2.404809,50.474771,0.344,1
2022-04-11T16:51:25.014000,-2.413706,50.417711,0.385,1
2022-04-12T04:04:43.930000,3.888777,51.970851,-0.501,1
2022-04-12T04:04:44.873000,3.879539,52.027857,-0.506,1
2022-04-12T04:04:45.817000,3.870287,52.084862,-0.459,1
2022-04-12T04:04:46.760000,3.861021,52.141867,-0.42,0
2022-04-12T04:04:47.704000,3.851742,52.198871,-0.377,0
2022-04-12T04:04:48.647000,3.84245,52.255873,-0.359,0
2022-04-12T04:04:49.591000,3.833143,52.312876,-0.317,0
2022-04-12T04:04:50.534000,3.823823,52.369877,-0.278,0
2022-04-12T04:04:51.478000,3.814489,52.426878,-0.24,0
2022-04-12T04:04:52.421000,3.805141,52.483877,-0.211,0
2022-04-12T04:04:53.364000,3.795779,52.540876,-0.172,0
2022-04-12T04:04:54.308000,3.786403,52.597875,-0.109,0
2022-04-12T04:04:55.251000,3.777013,52.654872,-0.069,0
2022-04-12T04:04:56.195000,3.767609,52.711869,-0.039,0
2022-04-12T04:04:57.138000,3.75819,52.768865,-0.007,0
2022-04-12T04:04:58.082000,3.748757,52.82586,0.038,0
2022-04-12T04:04:59.025000,3.73931,52.882854,0.059,0
2022-04-12T04:04:59.968000,3.729848,52.939848,0.069,0
2022-04-12T04:05:00.912000,3.720372,52.99684,0.112,0
2022-04-12T04:05:01.855000,3.710882,53.053832,0.147,0
2022-04-12T04:05:02.799000,3.701376,53.110823,0.145,0
2022-04-12T04:05:03.742000,3.691856,53.167814,0.166,0
2022-04-12T04:05:04.686000,3.682321,53.224803,0.202,0
2022-04-12T04:05:05.629000,3.672771,53.281792,0.199,0
2022-04-12T04:05:06.573000,3.663206,53.33878,0.226,0
2022-04-12T04:05:07.516000,3.653627,53.395767,0.234,0
2022-04-12T04:05:08.459000,3.644032,53.452753,0.275,0
2022-04-12T04:05:09.403000,3.634422,53.509739,0.284,0
2022-04-12T04:05:10.346000,3.624797,53.566723,0.294,0
2022-04-12T04:05:11.290000,3.615156,53.623707,0.318,0
2022-04-12T04:05:12.233000,3.6055,53.68069,0.302,0
2022-04-12T04:05:13.177000,3.595829,53.737673,0.314,0
2022-04-12T04:05:14.120000,3.586142,53.794654,0.308,0
2022-04-12T04:05:15.063000,3.57644,53.851635,0.326,0
2022-04-12T04:05:16.007000,3.566722,53.908615,0.333,0
2022-04-12T04:05:16.950000,3.556988,53.965594,0.312,0
2022-04-12T04:05:17.894000,3.547239,54.022572,0.336,0
2022-04-12T04:05:18.837000,3.537473,54.07955,0.336,0
2022-04-12T04:05:19.781000,3.527692,54.136526,0.315,0
2022-04-12T04:05:20.724000,3.517894,54.193502,0.339,0
2022-04-12T04:05:21.668000,3.508081,54.250477,0.302,0
2022-04-12T04:05:22.611000,3.498251,54.307451,0.351,0
2022-04-12T04:05:23.554000,3.488405,54.364425,0.308,0
2022-04-12T04:05:24.498000,3.478542,54.421397,0.309,0
2022-04-12T04:05:25.441000,3.468664,54.478369,0.298,0
2022-04-12T04:05:26.385000,3.458768,54.53534,0.285,0
2022-04-12T04:05:27.328000,3.448856,54.59231,0.283,0
2022-04-12T04:05:28.272000,3.438928,54.649279,0.291,0
2022-04-12T04:05:29.215000,3.428982,54.706247,0.269,0
2022-04-12T04:05:30.158000,3.41902,54.763215,0.268,0
2022-04-12T04:05:31.102000,3.409041,54.820182,0.224,0
2022-04-12T04:05:32.045000,3.399045,54.877148,0.243,0
2022-04-12T04:05:32.989000,3.389031,54.934113,0.222,0
2022-04-12T04:05:33.932000,3.379001,54.991077,0.216,0
2022-04-12T04:05:34.876000,3.368953,55.048041,0.221,0
2022-04-12T04:05:35.819000,3.358888,55.105003,0.226,0
2022-04-12T04:05:36.763000,3.348806,55.161965,0.201,0
2022-04-12T04:05:37.706000,3.338706,55.218926,0.201,0
2022-04-12T04:05:38.649000,3.328588,55.275886,0.188,0
2022-04-12T04:05:39.593000,3.318453,55.332845,0.18,0
2022-04-12T04:05:40.536000,3.3083,55.389804,0.158,0
2022-04-12T04:05:41.480000,3.298129,55.446761,0.153,0
2022-04-12T04:05:42.423000,3.28794,55.503718,0.177,0
2022-04-12T04:05:43.367000,3.277733,55.560674,0.137,0
2022-04-12T04:05:44.310000,3.267508,55.617629,0.136,0
2022-04-12T04:05:45.253000,3.257264,55.674583,0.14,0
2022-04-12T04:05:46.197000,3.247003,55.731537,0.138,0
2022-04-12T04:05:47.140000,3.236723,55.788489,0.122,0
2022-04-12T04:05:48.084000,3.226424,55.845441,0.083,0
2022-04-12T04:05:49.027000,3.216107,55.902392,0.119,0
2022-04-12T04:05:49.971000,3.205771,55.959342,0.1,0
2022-04-14T04:02:39.317000,2.977899,51.359994,-1.349,1
2022-04-14T04:02:40.261000,2.968801,51.417014,-1.271,0
2022-04-14T04:02:41.204000,2.95969,51.474033,-1.218,0
2022-04-14T04:02:42.148000,2.950566,51.531052,-1.191,0
2022-04-14T04:02:43.091000,2.94143,51.588069,-1.118,0
2022-04-14T04:02:44.034000,2.93228,51.645086,-1.062,0
2022-04-14T04:02:44.978000,2.923117,51.702103,-0.993,0
2022-04-14T04:02:45.921000,2.913941,51.759118,-0.95,0
2022-04-14T04:02:46.865000,2.904752,51.816133,-0.881,0
2022-04-14T04:02:47.808000,2.895549,51.873147,-0.837,0
2022-04-14T04:02:48.752000,2.886334,51.93016,-0.748,0
2022-04-14T04:02:49.695000,2.877105,51.987172,-0.666,0
2022-04-14T04:02:50.639000,2.867862,52.044184,-0.625,0
2022-04-14T04:02:51.582000,2.858606,52.101194,-0.55,0
2022-04-14T04:02:52.525000,2.849336,52.158204,-0.484,0
2022-04-14T04:02:53.469000,2.840053,52.215214,-0.384,0
2022-04-14T04:02:54.412000,2.830756,52.272222,-0.345,0
2022-04-14T04:02:55.356000,2.821446,52.32923,-0.277,0
2022-04-14T04:02:56.299000,2.812121,52.386237,-0.186,0
2022-04-14T04:02:57.243000,2.802783,52.443243,-0.139,0
2022-04-14T04:02:58.186000,2.793431,52.500248,-0.053,0
2022-04-14T04:02:59.129000,2.784064,52.557252,0.017,0
2022-04-14T04:03:00.073000,2.774684,52.614256,0.094,0
2022-04-14T04:03:01.016000,2.765289,52.671259,0.154,0
2022-04-14T04:03:01.960000,2.755881,52.728261,0.196,0
2022-04-14T04:03:02.903000,2.746458,52.785262,0.237,0
2022-04-14T04:03:03.847000,2.737021,52.842263,0.321,0
2022-04-14T04:03:04.790000,2.727569,52.899262,0.39,0
2022-04-14T04:03:05.734000,2.718103,52.956261,0.38,0
2022-04-14T04:03:06.677000,2.708622,53.013259,0.427,0
2022-04-14T04:03:08.564000,2.689617,53.127253,0.569,0
2022-04-14T04:03:09.507000,2.680092,53.184249,0.62,0
2022-04-14T04:03:10.451000,2.670552,53.241244,0.621,0
2022-04-14T04:03:11.394000,2.660998,53.298238,0.658,0
2022-04-14T04:03:12.338000,2.651429,53.355231,0.704,0
2022-04-14T04:03:13.281000,2.641844,53.412224,0.763,0
2022-04-14T04:03:14.224000,2.632245,53.469215,0.775,0
2022-04-14T04:03:15.168000,2.62263,53.526206,0.778,0
2022-04-14T04:03:16.111000,2.613,53.583196,0.817,0
2022-04-14T04:03:17.055000,2.603355,53.640186,0.837,0
2022-04-14T04:03:17.998000,2.593694,53.697174,0.844,0
2022-04-14T04:03:18.942000,2.584018,53.754162,0.879,0
2022-04-14T04:03:19.885000,2.574327,53.811149,0.884,0
2022-04-14T04:03:20.828000,2.56462,53.868135,0.858,0
2022-04-14T04:03:21.772000,2.554897,53.92512,0.906,0
2022-04-14T04:03:22.715000,2.545158,53.982104,0.894,0
2022-04-14T04:03:23.659000,2.535403,54.039088,0.871,0
2022-04-14T04:03:24.602000,2.525633,54.09607,0.863,0
2022-04-14T04:03:25.546000,2.515847,54.153052,0.881,0
2022-04-14T04:03:26.489000,2.506044,54.210033,0.852,0
2022-04-14T04:03:27.433000,2.496226,54.267014,0.871,0
2022-04-14T04:03:28.376000,2.486391,54.323993,0.847,0
2022-04-14T04:03:29.319000,2.47654,54.380972,0.842,0
2022-04-14T04:03:30.263000,2.466672,54.43795,0.842,0
2022-04-14T04:03:31.206000,2.456788,54.494927,0.816,0
2022-04-14T04:03:32.150000,2.446888,54.551903,0.836,0
2022-04-14T04:03:33.093000,2.436971,54.608878,0.794,0
2022-04-14T04:03:34.037000,2.427037,54.665853,0.77,0
2022-04-14T04:03:34.980000,2.417086,54.722826,0.752,0
2022-04-14T04:03:35.923000,2.407119,54.779799,0.741,0
2022-04-14T04:03:36.867000,2.397134,54.836771,0.711,0
2022-04-14T04:03:37.810000,2.387133,54.893742,0.68,0
2022-04-14T04:03:38.754000,2.377114,54.950713,0.664,0
2022-04-14T04:03:39.697000,2.367078,55.007682,0.624,0
2022-04-14T04:03:40.641000,2.357025,55.064651,0.612,0
2022-04-14T04:03:41.584000,2.346955,55.121619,0.586,0
2022-04-14T04:03:42.528000,2.336867,55.178586,0.559,0
2022-04-14T04:03:43.471000,2.326762,55.235552,0.545,0
2022-04-14T04:03:44.414000,2.316638,55.292517,0.549,0
2022-04-14T04:03:45.358000,2.306498,55.349482,0.525,0
2022-04-14T04:03:46.301000,2.296339,55.406445,0.499,0
2022-04-14T04:03:47.245000,2.286163,55.463408,0.461,0
2022-04-14T04:03:48.188000,2.275968,55.52037,0.451,0
2022-04-14T04:03:49.132000,2.265756,55.577331,0.422,0
2022-04-14T04:03:50.075000,2.255525,55.634291,0.408,0
2022-04-14T04:03:51.018000,2.245276,55.691251,0.417,0
2022-04-14T04:03:51.962000,2.235008,55.748209,0.402,0
2022-04-14T04:03:52.905000,2.224722,55.805167,0.392,0
2022-04-14T04:03:53.849000,2.214418,55.862124,0.336,0
2022-04-14T04:03:54.792000,2.204095,55.91908,0.363,0
2022-04-14T04:03:55.736000,2.193753,55.976035,0.331,0
2022-04-16T04:00:41.309000,2.006175,51.097865,-1.78,1
2022-04-16T04:00:42.252000,1.997134,51.154895,-1.666,0
2022-04-16T04:00:43.195000,1.988079,51.211923,-1.601,0
2022-04-16T04:00:44.139000,1.979013,51.268952,-1.585,0
2022-04-16T04:00:45.082000,1.969933,51.325979,-1.518,0
2022-04-16T04:00:46.026000,1.960841,51.383005,-1.506,0
2022-04-16T04:00:46.969000,1.951736,51.440031,-1.474,0
2022-04-16T04:00:47.913000,1.942618,51.497056,-1.466,0
2022-04-16T04:00:48.856000,1.933488,51.55408,-1.45,0
2022-04-16T04:00:49.799000,1.924344,51.611103,-1.454,0
2022-04-16T04:00:50.743000,1.915187,51.668126,-1.415,0
2022-04-16T04:00:51.686000,1.906017,51.725148,-1.406,0
2022-04-16T04:00:52.630000,1.896834,51.782169,-1.393,0
2022-04-16T04:00:53.573000,1.887638,51.839189,-1.393,0
2022-04-16T04:00:54.517000,1.878429,51.896208,-1.365,0
2022-04-16T04:00:55.460000,1.869206,51.953227,-1.348,0
2022-04-16T04:00:56.404000,1.859969,52.010245,-1.368,0
2022-04-16T04:00:57.347000,1.85072,52.067262,-1.348,0
2022-04-16T04:00:58.290000,1.841456,52.124278,-1.331,0
2022-04-16T04:00:59.234000,1.83218,52.181294,-1.312,1
2022-04-16T04:01:00.177000,1.822889,52.238308,-1.331,1
2022-04-16T04:01:01.121000,1.813585,52.295322,-1.289,1
2022-04-16T04:01:02.064000,1.804267,52.352335,-1.286,1
2022-04-16T04:01:09.612000,1.729219,52.808412,-0.434,1
2022-04-16T04:01:10.555000,1.719774,52.865418,-0.309,1
2022-04-16T04:01:11.499000,1.710314,52.922423,-0.226,0
2022-04-16T04:01:12.442000,1.700841,52.979427,-0.074,0
2022-04-16T04:01:13.385000,1.691352,53.036431,0.03,0
2022-04-16T04:01:14.329000,1.681849,53.093434,0.095,0
2022-04-16T04:01:15.272000,1.672331,53.150436,0.168,0
2022-04-16T04:01:16.216000,1.662799,53.207437,0.22,0
2022-04-16T04:01:17.159000,1.653251,53.264437,0.298,0
2022-04-16T04:01:18.103000,1.643689,53.321436,0.341,0
2022-04-16T04:01:19.046000,1.634112,53.378435,0.397,0
2022-04-16T04:01:19.989000,1.624519,53.435433,0.467,0
2022-04-16T04:01:20.933000,1.614912,53.49243,0.522,0
2022-04-16T04:01:21.876000,1.605289,53.549426,0.568,0
2022-04-16T04:01:22.820000,1.595651,53.606422,0.613,0
2022-04-16T04:01:23.763000,1.585998,53.663416,0.661,0
2022-04-16T04:01:24.707000,1.576329,53.72041,0.729,0
2022-04-16T04:01:25.650000,1.566644,53.777403,0.751,0
2022-04-16T04:01:26.594000,1.556945,53.834395,0.775,0
2022-04-16T04:01:27.537000,1.547229,53.891387,0.805,0
2022-04-16T04:01:28.480000,1.537498,53.948377,0.826,0
2022-04-16T04:01:29.424000,1.527751,54.005367,0.866,0
2022-04-16T04:01:30.367000,1.517988,54.062356,0.892,0
2022-04-16T04:01:31.311000,1.508209,54.119344,0.897,0
2022-04-16T04:01:32.254000,1.498414,54.176331,0.932,0
2022-04-16T04:01:33.198000,1.488603,54.233317,0.944,0
2022-04-16T04:01:34.141000,1.478776,54.290303,0.962,0
2022-04-16T04:01:35.084000,1.468933,54.347288,0.965,0
2022-04-16T04:01:36.028000,1.459073,54.404272,0.971,0
2022-04-16T04:01:36.971000,1.449197,54.461255,0.965,0
2022-04-16T04:01:37.915000,1.439304,54.518237,0.973,0
2022-04-16T04:01:38.858000,1.429395,54.575219,0.948,0
2022-04-16T04:01:39.802000,1.419469,54.632199,0.977,0
2022-04-16T04:01:40.745000,1.409526,54.689179,0.977,0
2022-04-16T04:01:41.689000,1.399567,54.746158,0.987,0
2022-04-16T04:01:42.632000,1.389591,54.803136,0.945,0
2022-04-16T04:01:43.575000,1.379597,54.860113,0.917,0
2022-04-16T04:01:44.519000,1.369587,54.91709,0.908,0
2022-04-16T04:01:45.462000,1.359559,54.974065,0.901,0
2022-04-16T04:01:46.406000,1.349514,55.03104,0.887,0
2022-04-16T04:01:47.349000,1.339452,55.088014,0.845,0
2022-04-16T04:01:48.293000,1.329372,55.144987,0.831,0
2022-04-16T04:01:49.236000,1.319275,55.201959,0.808,0
2022-04-16T04:01:50.179000,1.309161,55.258931,0.79,0
2022-04-16T04:01:51.123000,1.299028,55.315901,0.783,0
2022-04-16T04:01:52.066000,1.288878,55.372871,0.763,0
2022-04-16T04:01:53.010000,1.27871,55.42984,0.73,0
2022-04-16T04:01:53.953000,1.268524,55.486808,0.703,0
2022-04-16T04:01:54.897000,1.25832,55.543775,0.684,0
2022-04-16T04:01:55.840000,1.248098,55.600741,0.668,0
2022-04-16T04:01:56.784000,1.237858,55.657706,0.627,0
2022-04-16T04:01:57.727000,1.227599,55.714671,0.624,0
2022-04-16T04:01:58.670000,1.217322,55.771635,0.623,0
2022-04-16T04:01:59.614000,1.207027,55.828598,0.593,0
2022-04-16T04:02:00.557000,1.196713,55.885559,0.563,0
2022-04-16T04:02:01.501000,1.18638,55.942521,0.562,0
2022-04-16T15:55:41.276000,8.304358,55.313353,-0.203,1
2022-04-16T15:55:42.219000,8.294226,55.256371,-0.229,1
2022-04-16T15:55:43.163000,8.284111,55.199389,-0.278,1
2022-04-16T15:55:44.106000,8.274014,55.142406,-0.346,1
2022-04-16T15:55:45.050000,8.263934,55.085422,-0.422,1
2022-04-16T15:55:45.993000,8.253872,55.028437,-0.443,1
2022-04-16T15:55:46.936000,8.243828,54.971451,-0.476,1
2022-04-16T15:55:54.484000,8.164083,54.515535,-1.01,0
2022-04-16T15:55:55.427000,8.15419,54.458542,-1.056,0
2022-04-16T15:55:57.314000,8.134455,54.344553,-1.167,0
2022-04-16T15:55:58.258000,8.124611,54.287557,-1.193,0
2022-04-16T15:56:00.145000,8.104973,54.173562,-1.307,1
2022-04-16T15:56:01.088000,8.095178,54.116564,-1.384,1
2022-04-16T15:56:02.031000,8.0854,54.059565,-1.411,0
2022-04-16T15:56:02.975000,8.075637,54.002565,-1.47,0
2022-04-16T15:56:03.918000,8.06589,53.945564,-1.508,0
2022-04-18T03:58:31.035000,1.148535,50.101512,-1.917,1
2022-04-18T03:58:31.979000,1.139702,50.15856,-1.875,0
2022-04-18T03:58:32.922000,1.130857,50.215607,-1.823,0
2022-04-18T03:58:33.865000,1.122,50.272654,-1.753,0
2022-04-18T03:58:34.809000,1.113131,50.3297,-1.703,0
2022-04-18T03:58:35.752000,1.104251,50.386746,-1.631,0
2022-04-18T03:58:36.696000,1.095359,50.44379,-1.555,0
2022-04-18T03:58:37.639000,1.086455,50.500834,-1.498,0
2022-04-18T03:58:38.583000,1.077539,50.557877,-1.442,0
2022-04-18T03:58:39.526000,1.068611,50.614919,-1.414,0
2022-04-18T03:58:40.470000,1.059671,50.67196,-1.355,0
2022-04-18T03:58:41.413000,1.050718,50.729001,-1.299,0
2022-04-18T03:58:42.356000,1.041754,50.786041,-1.25,0
2022-04-18T03:58:43.300000,1.032777,50.84308,-1.267,1
2022-04-18T03:59:20.094000,0.672534,53.066991,-0.684,1
2022-04-18T03:59:21.037000,0.66302,53.123998,-0.564,0
2022-04-18T03:59:21.981000,0.653491,53.181005,-0.418,0
2022-04-18T03:59:22.924000,0.643947,53.23801,-0.249,0
2022-04-18T03:59:23.868000,0.634388,53.295015,-0.059,0
2022-04-18T03:59:24.811000,0.624815,53.352019,0.076,0
2022-04-18T03:59:25.755000,0.615226,53.409023,0.2,0
2022-04-18T03:59:26.698000,0.605622,53.466025,0.295,0
2022-04-18T03:59:27.641000,0.596003,53.523027,0.396,0
2022-04-18T03:59:28.585000,0.586369,53.580028,0.556,0
2022-04-18T03:59:29.528000,0.576719,53.637028,0.68,0
2022-04-18T03:59:30.472000,0.567055,53.694027,0.832,0
2022-04-18T03:59:31.415000,0.557374,53.751025,0.923,0
2022-04-18T03:59:32.359000,0.547678,53.808023,0.993,0
2022-04-18T03:59:33.302000,0.537967,53.865019,1.045,0
2022-04-18T03:59:34.245000,0.528239,53.922015,1.106,0
2022-04-18T03:59:35.189000,0.518496,53.97901,1.117,0
2022-04-18T03:59:36.132000,0.508737,54.036005,1.144,0
2022-04-18T03:59:37.076000,0.498962,54.092998,1.174,0
2022-04-18T03:59:38.019000,0.489172,54.149991,1.23,0
2022-04-18T03:59:38.963000,0.479365,54.206982,1.21,0
2022-04-18T03:59:39.906000,0.469542,54.263973,1.261,0
2022-04-18T03:59:40.850000,0.459702,54.320963,1.27,0
2022-04-18T03:59:41.793000,0.449847,54.377953,1.29,0
2022-04-18T03:59:42.736000,0.439975,54.434941,1.302,0
2022-04-18T03:59:43.680000,0.430086,54.491929,1.298,0
2022-04-18T03:59:44.623000,0.420181,54.548915,1.31,0
2022-04-18T03:59:45.567000,0.410259,54.605901,1.285,0
2022-04-18T03:59:46.510000,0.400321,54.662886,1.312,0
2022-04-18T03:59:47.454000,0.390366,54.719871,1.321,0
2022-04-18T03:59:48.397000,0.380394,54.776854,1.318,0
2022-04-18T03:59:49.340000,0.370405,54.833836,1.323,0
2022-04-18T03:59:50.284000,0.360399,54.890818,1.322,0
2022-04-18T03:59:51.227000,0.350376,54.947799,1.321,0
2022-04-18T03:59:52.171000,0.340335,55.004779,1.297,0
2022-04-18T03:59:53.114000,0.330277,55.061758,1.313,0
2022-04-18T03:59:54.058000,0.320202,55.118736,1.324,0
2022-04-18T03:59:55.001000,0.31011,55.175714,1.344,0
2022-04-18T03:59:55.945000,0.3,55.23269,1.324,0
2022-04-18T03:59:56.888000,0.289872,55.289666,1.322,0
2022-04-18T03:59:57.831000,0.279726,55.346641,1.297,0
2022-04-18T03:59:58.775000,0.269563,55.403615,1.291,0
2022-04-18T03:59:59.718000,0.259382,55.460589,1.313,0
2022-04-18T04:00:00.662000,0.249182,55.517561,1.274,0
2022-04-18T04:00:01.605000,0.238965,55.574532,1.252,0
2022-04-18T04:00:02.549000,0.22873,55.631503,1.247,0
2022-04-18T04:00:03.492000,0.218476,55.688472,1.241,0
2022-04-18T04:00:04.435000,0.208203,55.745441,1.244,0
2022-04-18T04:00:05.379000,0.197913,55.802409,1.233,0
2022-04-18T04:00:06.322000,0.187604,55.859377,1.198,0
2022-04-18T04:00:07.266000,0.177276,55.916343,1.185,0
2022-04-18T04:00:08.209000,0.166929,55.973308,1.185,0
2022-04-18T15:53:36.663000,7.410659,55.963982,0.17,0
2022-04-18T15:53:37.607000,7.400316,55.907014,0.165,0
2022-04-18T15:53:38.550000,7.389991,55.850046,0.163,0
2022-04-18T15:53:39.493000,7.379685,55.793076,0.128,0
2022-04-18T15:53:40.437000,7.369397,55.736106,0.136,0
2022-04-18T15:53:41.380000,7.359128,55.679135,0.125,0
2022-04-18T15:53:42.324000,7.348877,55.622163,0.141,0
2022-04-18T15:53:43.267000,7.338645,55.56519,0.122,0
2022-04-18T15:53:44.211000,7.32843,55.508217,0.133,0
2022-04-18T15:53:45.154000,7.318234,55.451242,0.094,0
2022-04-18T15:53:46.097000,7.308055,55.394267,0.079,0
2022-04-18T15:53:47.041000,7.297895,55.33729,0.089,0
2022-04-18T15:53:47.984000,7.287752,55.280313,0.067,0
2022-04-18T15:53:48.928000,7.277627,55.223335,0.031,0
2022-04-18T15:53:49.871000,7.26752,55.166356,-0.008,0
2022-04-18T15:53:50.815000,7.25743,55.109377,-0.015,0
2022-04-18T15:53:51.758000,7.247358,55.052396,-0.086,0
2022-04-18T15:53:52.701000,7.237303,54.995415,-0.102,0
2022-04-18T15:53:53.645000,7.227265,54.938432,-0.152,0
2022-04-18T15:53:54.588000,7.217245,54.881449,-0.192,0
2022-04-18T15:53:55.532000,7.207241,54.824465,-0.214,0
2022-04-18T15:53:56.475000,7.197255,54.767481,-0.247,0
2022-04-18T15:53:57.419000,7.187286,54.710495,-0.314,0
2022-04-18T15:53:58.362000,7.177333,54.653508,-0.324,0
2022-04-18T15:53:59.306000,7.167398,54.596521,-0.366,0
2022-04-18T15:54:00.249000,7.157479,54.539533,-0.406,0
2022-04-18T15:54:01.192000,7.147576,54.482544,-0.449,0
2022-04-18T15:54:02.136000,7.13769,54.425554,-0.52,0
2022-04-18T15:54:03.079000,7.127821,54.368563,-0.575,0
2022-04-18T15:54:04.023000,7.117968,54.311572,-0.591,0
2022-04-18T15:54:04.966000,7.108131,54.254579,-0.637,0
2022-04-18T15:54:05.910000,7.098311,54.197586,-0.682,0
2022-04-18T15:54:06.853000,7.088506,54.140592,-0.735,0
2022-04-18T15:54:07.796000,7.078718,54.083597,-0.775,0
2022-04-18T15:54:08.740000,7.068946,54.026601,-0.811,0
2022-04-18T15:54:09.683000,7.059189,53.969605,-0.866,0
2022-04-18T15:54:10.627000,7.049449,53.912607,-0.902,0
2022-04-18T15:54:11.570000,7.039724,53.855609,-0.952,0
2022-04-18T15:54:12.514000,7.030015,53.79861,-0.983,1
2022-04-18T15:54:13.457000,7.020322,53.74161,-1.061,1
2022-04-20T03:56:32.083000,0.182628,49.796565,-0.806,1
2022-04-20T03:56:33.026000,0.173853,49.853622,-0.723,0
2022-04-20T03:56:33.970000,0.165067,49.910679,-0.599,0
2022-04-20T03:56:34.913000,0.15627,49.967734,-0.478,0
2022-04-20T03:56:35.857000,0.14746,50.024789,-0.399,0
2022-04-20T03:56:36.800000,0.13864,50.081843,-0.279,0
2022-04-20T03:56:37.744000,0.129808,50.138896,-0.156,0
2022-04-20T03:56:38.687000,0.120964,50.195949,-0.088,0
2022-04-20T03:56:39.631000,0.112108,50.253,0.005,0
2022-04-20T03:56:40.574000,0.103241,50.310052,0.091,0
2022-04-20T03:56:41.517000,0.094362,50.367102,0.138,0
2022-04-20T03:56:42.461000,0.085471,50.424151,0.21,0
2022-04-20T03:56:43.404000,0.076568,50.4812,0.289,0
2022-04-20T03:56:44.348000,0.067653,50.538247,0.35,0
2022-04-20T03:56:45.291000,0.058727,50.595294,0.402,0
2022-04-20T03:56:46.235000,0.049788,50.652341,0.458,1
2022-04-20T03:56:47.178000,0.040837,50.709386,0.528,1
2022-04-20T03:57:51.332000,-0.5995,54.586601,0.963,1
2022-04-20T03:57:52.275000,-0.609437,54.643591,0.998,1
2022-04-20T03:57:53.219000,-0.619389,54.70058,1.033,0
2022-04-20T03:57:54.162000,-0.629359,54.757567,1.047,0
2022-04-20T03:57:55.105000,-0.639346,54.814554,1.007,0
2022-04-20T03:57:56.049000,-0.64935,54.87154,1.083,0
2022-04-20T03:57:56.992000,-0.65937,54.928526,1.125,0
2022-04-20T03:57:57.936000,-0.669408,54.98551,1.169,0
2022-04-20T03:57:58.879000,-0.679464,55.042494,1.118,0
2022-04-20T03:57:59.823000,-0.689536,55.099476,1.207,0
2022-04-20T03:58:00.766000,-0.699626,55.156458,1.183,0
2022-04-20T03:58:01.710000,-0.709734,55.213439,1.201,0
2022-04-20T03:58:02.653000,-0.719859,55.270419,1.164,0
2022-04-20T03:58:03.596000,-0.730002,55.327398,1.289,0
2022-04-20T03:58:04.540000,-0.740163,55.384377,1.28,0
2022-04-20T03:58:05.483000,-0.750342,55.441354,1.175,0
2022-04-20T03:58:06.427000,-0.760538,55.498331,1.258,0
2022-04-20T03:58:07.370000,-0.770753,55.555307,1.23,0
2022-04-20T03:58:08.314000,-0.780986,55.612282,1.224,0
2022-04-20T03:58:09.257000,-0.791237,55.669256,1.185,0
2022-04-20T03:58:10.200000,-0.801507,55.726229,1.327,0
2022-04-20T03:58:11.144000,-0.811795,55.783201,1.385,0
2022-04-20T03:58:12.087000,-0.822101,55.840173,1.393,0
2022-04-20T03:58:13.031000,-0.832426,55.897143,1.344,0
2022-04-20T15:51:42.428000,6.403631,55.981855,0.196,0
2022-04-20T15:51:43.372000,6.393279,55.924892,0.192,0
2022-04-20T15:51:44.315000,6.382946,55.867929,0.2,0
2022-04-20T15:51:45.258000,6.372632,55.810964,0.212,0
2022-04-20T15:51:46.202000,6.362336,55.753999,0.197,0
2022-04-20T15:51:47.145000,6.352059,55.697033,0.205,0
2022-04-20T15:51:48.089000,6.3418,55.640066,0.185,0
2022-04-20T15:51:49.032000,6.331559,55.583098,0.196,0
2022-04-20T15:51:49.976000,6.321337,55.526129,0.19,0
2022-04-20T15:51:50.919000,6.311132,55.469159,0.186,0
2022-04-20T15:51:51.862000,6.300946,55.412189,0.159,0
2022-04-20T15:51:52.806000,6.290778,55.355217,0.148,0
2022-04-20T15:51:53.749000,6.280627,55.298245,0.156,0
2022-04-20T15:51:54.693000,6.270494,55.241272,0.134,0
2022-04-20T15:51:55.636000,6.260379,55.184298,0.121,0
2022-04-20T15:51:56.580000,6.250282,55.127323,0.109,0
2022-04-20T15:51:57.523000,6.240202,55.070348,0.108,0
2022-04-20T15:51:58.467000,6.230139,55.013371,0.053,0
2022-04-20T15:51:59.410000,6.220094,54.956394,0.051,0
2022-04-20T15:52:00.353000,6.210065,54.899416,0.047,0
2022-04-20T15:52:01.297000,6.200055,54.842437,0.029,0
2022-04-20T15:52:02.240000,6.190061,54.785457,0.01,0
2022-04-20T15:52:03.184000,6.180084,54.728476,-0.023,0
2022-04-20T15:52:04.127000,6.170124,54.671495,-0.076,0
2022-04-20T15:52:06.014000,6.150254,54.557529,-0.133,0
2022-04-20T15:52:06.957000,6.140344,54.500545,-0.181,0
2022-04-20T15:52:07.901000,6.130451,54.44356,-0.199,0
2022-04-20T15:52:08.844000,6.120574,54.386574,-0.234,0
2022-04-20T15:52:09.788000,6.110714,54.329588,-0.293,0
2022-04-20T15:52:10.731000,6.10087,54.2726,-0.326,0
2022-04-20T15:52:11.675000,6.091042,54.215612,-0.407,0
2022-04-20T15:52:12.618000,6.081231,54.158623,-0.464,0
2022-04-20T15:52:13.562000,6.071435,54.101633,-0.532,0
2022-04-20T15:52:14.505000,6.061656,54.044643,-0.543,0
2022-04-20T15:52:15.448000,6.051892,53.987651,-0.618,0
2022-04-20T15:52:16.392000,6.042144,53.930659,-0.639,0
2022-04-20T15:52:17.335000,6.032412,53.873665,-0.706,0
2022-04-20T15:52:18.279000,6.022696,53.816671,-0.792,0
2022-04-20T15:52:19.222000,6.012996,53.759677,-0.816,0
2022-04-20T15:52:20.166000,6.003311,53.702681,-0.923,0
2022-04-20T15:52:21.109000,5.993641,53.645685,-0.966,0
2022-04-20T15:52:22.052000,5.983987,53.588687,-1.015,1
2022-04-20T15:52:22.996000,5.974348,53.531689,-1.06,1
2022-04-22T03:54:36.905000,-0.818068,49.727511,0.616,0
2022-04-22T03:54:37.848000,-0.826831,49.784573,0.612,0
2022-04-22T03:54:38.792000,-0.835604,49.841634,0.622,0
2022-04-22T03:54:39.735000,-0.844389,49.898695,0.634,0
2022-04-22T03:54:40.678000,-0.853186,49.955754,0.658,0
2022-04-22T03:54:41.622000,-0.861994,50.012813,0.724,0
2022-04-22T03:54:42.565000,-0.870813,50.069871,0.758,0
2022-04-22T03:54:43.509000,-0.879644,50.126929,0.848,0
2022-04-22T03:54:44.452000,-0.888487,50.183985,0.869,0
2022-04-22T03:54:45.396000,-0.897341,50.241041,0.947,0
2022-04-22T03:54:46.339000,-0.906207,50.298096,0.975,0
2022-04-22T03:54:47.282000,-0.915085,50.35515,1.057,0
2022-04-22T03:54:48.226000,-0.923975,50.412204,1.148,0
2022-04-22T03:54:49.169000,-0.932877,50.469256,1.261,0
2022-04-22T03:54:50.113000,-0.94179,50.526308,1.293,0
2022-04-22T03:54:51.056000,-0.950716,50.583359,1.395,1
2022-04-22T03:54:52.000000,-0.959653,50.640409,1.49,1
2022-04-22T03:54:52.943000,-0.968603,50.697459,1.568,1
2022-04-22T03:56:16.909000,-1.82109,55.771606,0.53,1
2022-04-22T03:56:17.852000,-1.831394,55.828581,0.555,1
2022-04-22T03:56:18.796000,-1.841717,55.885555,0.576,1
2022-04-22T03:56:19.739000,-1.852059,55.942528,0.563,0
2022-04-22T15:49:49.137000,5.384948,55.936006,-0.118,0
2022-04-22T15:49:50.080000,5.374611,55.879048,-0.111,0
2022-04-22T15:49:51.023000,5.364292,55.822089,-0.117,0
2022-04-22T15:49:51.967000,5.353993,55.765129,-0.108,0
2022-04-22T15:49:52.910000,5.343712,55.708168,-0.078,0
2022-04-22T15:49:53.854000,5.333449,55.651206,-0.085,0
2022-04-22T15:49:54.797000,5.323204,55.594244,-0.071,0
2022-04-22T15:49:55.741000,5.312978,55.53728,-0.1,0
2022-04-22T15:49:56.684000,5.30277,55.480316,-0.093,0
2022-04-22T15:49:57.628000,5.29258,55.423351,-0.093,0
2022-04-22T15:49:58.571000,5.282408,55.366385,-0.094,0
2022-04-22T15:49:59.514000,5.272254,55.309418,-0.087,0
2022-04-22T15:50:00.458000,5.262117,55.252451,-0.083,0
2022-04-22T15:50:01.401000,5.251998,55.195482,-0.092,0
2022-04-22T15:50:02.345000,5.241897,55.138513,-0.08,0
2022-04-22T15:50:03.288000,5.231813,55.081542,-0.072,0
2022-04-22T15:50:04.232000,5.221747,55.024572,-0.084,0
2022-04-22T15:50:05.175000,5.211698,54.9676,-0.076,0
2022-04-22T15:50:06.118000,5.201666,54.910627,-0.103,0
2022-04-22T15:50:07.062000,5.191652,54.853653,-0.106,0
2022-04-22T15:50:08.005000,5.181654,54.796679,-0.118,0
2022-04-22T15:50:08.949000,5.171674,54.739704,-0.134,0
2022-04-22T15:50:09.892000,5.16171,54.682728,-0.137,0
2022-04-22T15:50:10.836000,5.151764,54.625751,-0.155,0
2022-04-22T15:50:11.779000,5.141834,54.568773,-0.142,0
2022-04-22T15:50:12.723000,5.13192,54.511794,-0.169,0
2022-04-22T15:50:13.666000,5.122024,54.454815,-0.203,0
2022-04-22T15:50:14.609000,5.112143,54.397835,-0.178,0
2022-04-22T15:50:15.553000,5.10228,54.340854,-0.211,0
2022-04-22T15:50:16.496000,5.092432,54.283872,-0.228,0
2022-04-22T15:50:17.440000,5.082601,54.226889,-0.277,0
2022-04-22T15:50:18.383000,5.072786,54.169905,-0.311,0
2022-04-22T15:50:19.327000,5.062987,54.112921,-0.331,0
2022-04-22T15:50:20.270000,5.053204,54.055936,-0.358,0
2022-04-22T15:50:21.213000,5.043437,53.99895,-0.367,0
2022-04-22T15:50:22.157000,5.033686,53.941963,-0.405,0
2022-04-22T15:50:23.100000,5.023951,53.884975,-0.414,0
2022-04-22T15:50:24.044000,5.014232,53.827987,-0.45,0
2022-04-22T15:50:24.987000,5.004528,53.770998,-0.519,0
2022-04-22T15:50:25.931000,4.994839,53.714007,-0.553,0
2022-04-22T15:50:26.874000,4.985167,53.657016,-0.601,0
2022-04-22T15:50:27.818000,4.975509,53.600025,-0.643,0
2022-04-22T15:50:28.761000,4.965867,53.543032,-0.693,0
2022-04-22T15:50:29.704000,4.956241,53.486039,-0.754,0
2022-04-22T15:50:30.648000,4.946629,53.429045,-0.821,0
2022-04-22T15:50:31.591000,4.937033,53.37205,-0.875,1
2022-04-22T15:50:32.535000,4.927452,53.315054,-0.942,1
2022-04-24T03:52:43.613000,-1.836024,49.781161,0.342,1
2022-04-24T03:52:44.557000,-1.844797,49.838226,0.309,1
2022-04-24T03:52:45.500000,-1.853581,49.895289,0.376,0
2022-04-24T03:52:46.443000,-1.862377,49.952352,0.362,0
2022-04-24T03:52:47.387000,-1.871184,50.009415,0.335,0
2022-04-24T03:52:48.330000,-1.880002,50.066476,0.323,0
2022-04-24T03:52:49.274000,-1.888833,50.123537,0.297,0
2022-04-24T03:52:50.217000,-1.897674,50.180597,0.275,0
2022-04-24T03:52:51.161000,-1.906528,50.237656,0.263,0
2022-04-24T03:52:52.104000,-1.915393,50.294714,0.232,0
2022-04-24T03:52:53.047000,-1.92427,50.351771,0.227,0
2022-04-24T03:52:53.991000,-1.933159,50.408828,0.168,0
2022-04-24T03:52:54.934000,-1.94206,50.465884,0.164,1
2022-04-24T03:52:55.878000,-1.950973,50.522939,0.148,1
2022-04-24T15:47:54.902000,4.375291,55.939465,-0.235,0
2022-04-24T15:47:55.845000,4.364955,55.882512,-0.192,0
2022-04-24T15:47:56.789000,4.354637,55.825559,-0.206,0
2022-04-24T15:47:57.732000,4.344337,55.768605,-0.204,0
2022-04-24T15:47:58.675000,4.334056,55.71165,-0.207,0
2022-04-24T15:47:59.619000,4.323794,55.654694,-0.198,0
2022-04-24T15:48:00.562000,4.313549,55.597737,-0.178,0
2022-04-24T15:48:01.506000,4.303323,55.540779,-0.198,0
2022-04-24T15:48:02.449000,4.293115,55.483821,-0.178,0
2022-04-24T15:48:03.393000,4.282926,55.426861,-0.165,0
2022-04-24T15:48:04.336000,4.272754,55.369901,-0.166,0
2022-04-24T15:48:05.279000,4.2626,55.31294,-0.193,0
2022-04-24T15:48:06.223000,4.252463,55.255978,-0.179,0
2022-04-24T15:48:07.166000,4.242345,55.199015,-0.18,0
2022-04-24T15:48:08.110000,4.232244,55.142052,-0.158,0
2022-04-24T15:48:09.053000,4.22216,55.085087,-0.158,0
2022-04-24T15:48:09.997000,4.212094,55.028122,-0.141,0
2022-04-24T15:48:10.940000,4.202045,54.971156,-0.137,0
2022-04-24T15:48:11.883000,4.192014,54.914189,-0.117,0
2022-04-24T15:48:12.827000,4.182,54.857221,-0.104,0
2022-04-24T15:48:13.770000,4.172002,54.800253,-0.104,0
2022-04-24T15:48:14.714000,4.162022,54.743283,-0.074,0
2022-04-24T15:48:15.657000,4.152059,54.686313,-0.046,0
2022-04-24T15:48:16.601000,4.142112,54.629342,-0.037,0
2022-04-24T15:48:17.544000,4.132182,54.57237,-0.025,0
2022-04-24T15:48:18.488000,4.122269,54.515397,-0.02,0
2022-04-24T15:48:19.431000,4.112373,54.458424,-0.004,0
2022-04-24T15:48:20.374000,4.102493,54.401449,0.005,0
2022-04-24T15:48:21.318000,4.092629,54.344474,0.032,0
2022-04-24T15:48:22.261000,4.082782,54.287498,0.012,0
2022-04-24T15:48:23.205000,4.072951,54.230521,0.038,0
2022-04-24T15:48:24.148000,4.063136,54.173544,0.043,0
2022-04-24T15:48:25.092000,4.053338,54.116565,0.043,0
2022-04-24T15:48:26.035000,4.043555,54.059586,0.052,0
2022-04-24T15:48:26.978000,4.033788,54.002606,0.055,0
2022-04-24T15:48:27.922000,4.024038,53.945625,0.047,0
2022-04-24T15:48:28.865000,4.014303,53.888643,0.074,0
2022-04-24T15:48:29.809000,4.004583,53.83166,0.081,0
2022-04-24T15:48:30.752000,3.99488,53.774677,0.064,0
2022-04-24T15:48:31.696000,3.985192,53.717693,0.052,0
2022-04-24T15:48:32.639000,3.975519,53.660708,0.015,0
2022-04-24T15:48:33.583000,3.965862,53.603722,0.006,0
2022-04-24T15:48:34.526000,3.95622,53.546735,-0.011,0
2022-04-24T15:48:35.469000,3.946594,53.489748,-0.011,0
2022-04-24T15:48:36.413000,3.936982,53.432759,-0.037,0
2022-04-24T15:48:37.356000,3.927386,53.37577,-0.032,0
2022-04-24T15:48:38.300000,3.917805,53.31878,-0.049,0
2022-04-24T15:48:39.243000,3.908239,53.26179,-0.079,0
2022-04-24T15:48:40.187000,3.898688,53.204798,-0.097,0
2022-04-24T15:48:41.130000,3.889152,53.147806,-0.104,0
2022-04-24T15:48:42.073000,3.87963,53.090813,-0.131,0
2022-04-24T15:48:43.017000,3.870123,53.033819,-0.132,0
2022-04-24T15:48:43.960000,3.860631,52.976824,-0.139,0
2022-04-24T15:48:44.904000,3.851154,52.919829,-0.188,0
2022-04-24T15:48:45.847000,3.841691,52.862832,-0.183,0
2022-04-24T15:48:46.791000,3.832242,52.805835,-0.186,0
2022-04-24T15:48:47.734000,3.822808,52.748838,-0.193,0
2022-04-24T15:48:48.678000,3.813388,52.691839,-0.24,0
2022-04-24T15:48:49.621000,3.803982,52.634839,-0.237,0
2022-04-24T15:48:50.564000,3.794591,52.577839,-0.234,0
2022-04-24T15:48:51.508000,3.785213,52.520838,-0.281,0
2022-04-24T15:48:52.451000,3.77585,52.463836,-0.27,0
2022-04-24T15:48:53.395000,3.7665,52.406833,-0.3,0
2022-04-24T15:48:54.338000,3.757165,52.34983,-0.272,0
2022-04-24T15:48:55.282000,3.747843,52.292826,-0.296,0
2022-04-24T15:48:56.225000,3.738535,52.235821,-0.311,0
2022-04-24T15:48:57.168000,3.729241,52.178815,-0.314,0
2022-04-24T15:48:58.112000,3.719961,52.121809,-0.317,0
2022-04-24T15:48:59.055000,3.710694,52.064801,-0.328,0
2022-04-24T15:48:59.999000,3.70144,52.007793,-0.34,0
2022-04-24T15:49:00.942000,3.6922,51.950784,-0.342,0
2022-04-24T15:49:01.886000,3.682974,51.893774,-0.386,0
2022-04-24T15:49:02.829000,3.673761,51.836764,-0.42,1
2022-04-26T15:46:00.667000,3.364852,55.935747,0.042,0
2022-04-26T15:46:01.610000,3.354518,55.8788,0.094,0
2022-04-26T15:46:02.554000,3.344202,55.821853,0.098,0
2022-04-26T15:46:03.497000,3.333905,55.764905,0.143,0
2022-04-26T15:46:04.440000,3.323626,55.707956,0.095,0
2022-04-26T15:46:05.384000,3.313366,55.651006,0.131,0
2022-04-26T15:46:06.327000,3.303124,55.594055,0.178,0
2022-04-26T15:46:07.271000,3.292901,55.537104,0.18,0
2022-04-26T15:46:08.214000,3.282695,55.480151,0.174,0
2022-04-26T15:46:09.158000,3.272507,55.423198,0.176,0
2022-04-26T15:46:10.101000,3.262338,55.366244,0.235,0
2022-04-26T15:46:11.044000,3.252186,55.309289,0.276,0
2022-04-26T15:46:11.988000,3.242052,55.252333,0.265,0
2022-04-26T15:46:12.931000,3.231936,55.195377,0.305,0
2022-04-26T15:46:13.875000,3.221837,55.138419,0.301,0
2022-04-26T15:46:14.818000,3.211756,55.081461,0.32,0
2022-04-26T15:46:15.762000,3.201692,55.024502,0.336,0
2022-04-26T15:46:16.705000,3.191646,54.967542,0.342,0
2022-04-26T15:46:17.649000,3.181617,54.910581,0.368,0
2022-04-26T15:46:18.592000,3.171604,54.85362,0.396,0
2022-04-26T15:46:19.535000,3.161609,54.796657,0.412,0
2022-04-26T15:46:20.479000,3.151631,54.739694,0.421,0
2022-04-26T15:46:21.422000,3.14167,54.68273,0.459,0
2022-04-26T15:46:22.366000,3.131726,54.625765,0.478,0
2022-04-26T15:46:23.309000,3.121798,54.568799,0.482,0
2022-04-26T15:46:24.253000,3.111887,54.511832,0.51,0
2022-04-26T15:46:25.196000,3.101993,54.454865,0.519,0
2022-04-26T15:46:26.139000,3.092115,54.397897,0.571,0
2022-04-26T15:46:27.083000,3.082254,54.340928,0.581,0
2022-04-26T15:46:28.026000,3.072409,54.283958,0.611,0
2022-04-26T15:46:28.970000,3.06258,54.226987,0.645,0
2022-04-26T15:46:29.913000,3.052767,54.170016,0.654,0
2022-04-26T15:46:30.857000,3.042971,54.113044,0.687,0
2022-04-26T15:46:31.800000,3.03319,54.05607,0.686,0
2022-04-26T15:46:32.744000,3.023426,53.999097,0.701,0
2022-04-26T15:46:33.687000,3.013677,53.942122,0.725,0
2022-04-26T15:46:34.630000,3.003944,53.885146,0.74,0
2022-04-26T15:46:35.574000,2.994227,53.82817,0.743,0
2022-04-26T15:46:36.517000,2.984525,53.771193,0.756,0
2022-04-26T15:46:37.461000,2.974839,53.714215,0.782,0
2022-04-26T15:46:38.404000,2.965169,53.657236,0.779,0
2022-04-26T15:46:39.348000,2.955514,53.600256,0.777,0
2022-04-26T15:46:40.291000,2.945874,53.543276,0.757,0
2022-04-26T15:46:41.234000,2.936249,53.486295,0.763,0
2022-04-26T15:46:42.178000,2.92664,53.429313,0.748,0
2022-04-26T15:46:43.121000,2.917046,53.37233,0.752,0
2022-04-26T15:46:44.065000,2.907467,53.315346,0.705,0
2022-04-26T15:46:45.008000,2.897903,53.258362,0.685,0
2022-04-26T15:46:45.952000,2.888354,53.201377,0.651,0
2022-04-26T15:46:46.895000,2.878819,53.144391,0.607,0
2022-04-26T15:46:47.839000,2.8693,53.087404,0.608,0
2022-04-26T15:46:48.782000,2.859795,53.030416,0.574,0
2022-04-26T15:46:49.725000,2.850305,52.973428,0.529,0
2022-04-26T15:46:50.669000,2.840829,52.916439,0.524,0
2022-04-26T15:46:51.612000,2.831368,52.859449,0.452,0
2022-04-26T15:46:52.556000,2.821921,52.802458,0.396,0
2022-04-26T15:46:53.499000,2.812489,52.745466,0.343,0
2022-04-26T15:46:54.443000,2.803071,52.688474,0.333,0
2022-04-26T15:46:55.386000,2.793667,52.631481,0.275,0
2022-04-26T15:46:56.329000,2.784277,52.574487,0.239,0
2022-04-26T15:46:57.273000,2.774902,52.517492,0.162,0
2022-04-26T15:46:58.216000,2.76554,52.460497,0.116,0
2022-04-26T15:46:59.160000,2.756193,52.4035,0.049,0
2022-04-26T15:47:00.103000,2.746859,52.346503,-0.023,0
2022-04-26T15:47:01.047000,2.737539,52.289505,-0.087,0
2022-04-26T15:47:01.990000,2.728233,52.232507,-0.176,0
2022-04-26T15:47:02.934000,2.718941,52.175507,-0.263,0
2022-04-26T15:47:03.877000,2.709662,52.118507,-0.317,0
2022-04-26T15:47:04.820000,2.700397,52.061506,-0.4,0
2022-04-26T15:47:05.764000,2.691146,52.004504,-0.469,0
2022-04-26T15:47:06.707000,2.681908,51.947502,-0.551,0
2022-04-26T15:47:07.651000,2.672683,51.890498,-0.634,0
2022-04-26T15:47:08.594000,2.663472,51.833494,-0.696,0
2022-04-26T15:47:09.538000,2.654273,51.776489,-0.777,0
2022-04-26T15:47:10.481000,2.645089,51.719484,-0.855,0
2022-04-26T15:47:11.424000,2.635917,51.662477,-0.94,0
2022-04-26T15:47:12.368000,2.626758,51.60547,-1.027,0
2022-04-26T15:47:13.311000,2.617613,51.548462,-1.097,0
2022-04-26T15:47:14.255000,2.60848,51.491453,-1.2,0
2022-04-26T15:47:15.198000,2.599361,51.434444,-1.227,0
2022-04-26T15:47:16.142000,2.590254,51.377433,-1.331,0
2022-04-26T15:47:17.085000,2.58116,51.320422,-1.417,0
2022-04-26T15:47:18.029000,2.572079,51.26341,-1.451,0
2022-04-26T15:47:18.972000,2.56301,51.206398,-1.527,1
2022-04-26T15:47:19.915000,2.553954,51.149384,-1.553,1
2022-04-27T03:01:25.060000,8.39296,54.030251,-1.539,1
2022-04-27T03:01:26.003000,8.383183,54.087258,-1.521,0
2022-04-27T03:01:26.946000,8.37339,54.144264,-1.526,0
2022-04-27T03:01:27.890000,8.363582,54.20127,-1.506,0
2022-04-27T03:01:28.833000,8.353757,54.258274,-1.491,0
2022-04-27T03:01:29.777000,8.343916,54.315278,-1.513,0
2022-04-27T03:01:30.720000,8.334058,54.372281,-1.453,1
2022-04-27T03:01:31.664000,8.324184,54.429283,-1.491,1
2022-04-27T03:01:32.607000,8.314294,54.486284,-1.498,1
2022-04-27T03:01:33.551000,8.304387,54.543285,-1.416,1
2022-04-27T03:01:40.155000,8.234568,54.942262,-1.016,1
2022-04-27T03:01:41.098000,8.224526,54.999256,-0.97,1
2022-04-27T03:01:42.041000,8.214466,55.056248,-0.913,1
2022-04-27T03:01:42.985000,8.204389,55.11324,-0.896,1
2022-04-27T03:01:43.928000,8.194294,55.17023,-0.817,0
2022-04-27T03:01:45.815000,8.174053,55.284209,-0.795,0
2022-04-27T03:01:47.702000,8.15374,55.398184,-0.732,1
2022-04-27T03:01:53.363000,8.092369,55.740088,-0.21,1
2022-04-27T03:01:54.306000,8.082076,55.797069,-0.189,1
2022-04-27T03:01:55.250000,8.071765,55.854049,-0.156,1
2022-04-27T03:01:56.193000,8.061435,55.911028,-0.125,1
2022-04-27T03:01:57.136000,8.051087,55.968006,-0.091,1
2022-04-28T15:44:05.488000,2.364837,55.98563,0.217,0
2022-04-28T15:44:06.432000,2.354486,55.928691,0.239,0
2022-04-28T15:44:07.375000,2.344154,55.871751,0.246,0
2022-04-28T15:44:08.319000,2.33384,55.81481,0.265,0
2022-04-28T15:44:09.262000,2.323545,55.757869,0.317,0
2022-04-28T15:44:10.205000,2.313269,55.700926,0.311,0
2022-04-28T15:44:11.149000,2.303011,55.643983,0.364,0
2022-04-28T15:44:12.092000,2.292771,55.587038,0.331,0
2022-04-28T15:44:13.036000,2.282549,55.530093,0.425,0
2022-04-28T15:44:13.979000,2.272346,55.473147,0.38,0
2022-04-28T15:44:14.923000,2.26216,55.416201,0.515,0
2022-04-28T15:44:15.866000,2.251993,55.359253,0.502,0
2022-04-28T15:44:16.810000,2.241843,55.302305,0.548,0
2022-04-28T15:44:17.753000,2.231711,55.245355,0.585,0
2022-04-28T15:44:18.696000,2.221597,55.188405,0.613,0
2022-04-28T15:44:19.640000,2.2115,55.131454,0.603,0
2022-04-28T15:44:20.583000,2.201421,55.074503,0.59,0
2022-04-28T15:44:21.527000,2.191359,55.01755,0.674,0
2022-04-28T15:44:22.470000,2.181314,54.960596,0.674,0
2022-04-28T15:44:23.414000,2.171287,54.903642,0.699,0
2022-04-28T15:44:24.357000,2.161277,54.846687,0.707,0
2022-04-28T15:44:25.300000,2.151284,54.789731,0.776,0
2022-04-28T15:44:26.244000,2.141307,54.732775,0.821,0
2022-04-28T15:44:27.187000,2.131348,54.675817,0.792,0
2022-04-28T15:44:28.131000,2.121406,54.618859,0.802,0
2022-04-28T15:44:29.074000,2.11148,54.561899,0.81,0
2022-04-28T15:44:30.018000,2.101571,54.504939,0.852,0
2022-04-28T15:44:30.961000,2.091679,54.447979,0.854,0
2022-04-28T15:44:31.905000,2.081803,54.391017,0.858,0
2022-04-28T15:44:32.848000,2.071943,54.334054,0.927,0
2022-04-28T15:44:33.791000,2.0621,54.277091,0.932,0
2022-04-28T15:44:34.735000,2.052273,54.220127,0.966,0
2022-04-28T15:44:35.678000,2.042462,54.163162,0.976,0
2022-04-28T15:44:36.622000,2.032667,54.106196,1.002,0
2022-04-28T15:44:37.565000,2.022888,54.04923,1.026,0
2022-04-28T15:44:38.509000,2.013126,53.992262,1.05,0
2022-04-28T15:44:39.452000,2.003378,53.935294,1.053,0
2022-04-28T15:44:40.395000,1.993647,53.878325,1.073,0
2022-04-28T15:44:41.339000,1.983932,53.821356,1.09,0
2022-04-28T15:44:42.282000,1.974232,53.764385,1.076,0
2022-04-28T15:44:43.226000,1.964548,53.707414,1.078,0
2022-04-28T15:44:44.169000,1.954879,53.650441,1.069,0
2022-04-28T15:44:45.113000,1.945225,53.593468,1.076,0
2022-04-28T15:44:46.056000,1.935588,53.536495,1.046,0
2022-04-28T15:44:47.000000,1.925965,53.47952,1.024,0
2022-04-28T15:44:47.943000,1.916357,53.422545,1.036,0
2022-04-28T15:44:48.886000,1.906765,53.365568,1.029,0
2022-04-28T15:44:49.830000,1.897187,53.308591,0.999,0
2022-04-28T15:44:50.773000,1.887625,53.251614,0.972,0
2022-04-28T15:44:51.717000,1.878077,53.194635,0.952,0
2022-04-28T15:44:52.660000,1.868544,53.137656,0.933,0
2022-04-28T15:44:53.604000,1.859026,53.080675,0.911,0
2022-04-28T15:44:54.547000,1.849523,53.023694,0.872,0
2022-04-28T15:44:55.490000,1.840035,52.966713,0.815,0
2022-04-28T15:44:56.434000,1.83056,52.90973,0.759,0
2022-04-28T15:44:57.377000,1.821101,52.852747,0.686,0
2022-04-28T15:44:58.321000,1.811656,52.795763,0.625,1
2022-04-28T15:44:59.264000,1.802225,52.738778,0.514,1
2022-04-28T15:45:06.812000,1.727287,52.28287,-0.604,1
2022-04-28T15:45:07.755000,1.717983,52.225878,-0.704,1
2022-04-28T15:45:08.699000,1.708692,52.168885,-0.773,1
2022-04-28T15:45:09.642000,1.699415,52.111892,-0.9,1
2022-04-28T15:45:10.585000,1.690151,52.054897,-1.025,1
2022-04-28T15:45:11.529000,1.680901,51.997902,-1.115,1
2022-04-28T15:45:12.472000,1.671664,51.940906,-1.207,0
2022-04-28T15:45:13.416000,1.662441,51.88391,-1.276,0
2022-04-28T15:45:14.359000,1.653231,51.826912,-1.338,0
2022-04-28T15:45:15.303000,1.644034,51.769914,-1.413,0
2022-04-28T15:45:16.246000,1.634851,51.712915,-1.467,0
2022-04-28T15:45:17.189000,1.625681,51.655915,-1.498,0
2022-04-28T15:45:18.133000,1.616524,51.598915,-1.592,0
2022-04-28T15:45:19.076000,1.607379,51.541914,-1.658,0
2022-04-28T15:45:20.020000,1.598248,51.484912,-1.71,0
2022-04-28T15:45:20.963000,1.58913,51.427909,-1.726,1
2022-04-28T15:45:21.907000,1.580024,51.370905,-1.776,1
2022-04-28T15:45:22.850000,1.570932,51.313901,-1.856,1
2022-04-28T15:45:24.737000,1.552785,51.19989,-2.059,1
2022-04-28T15:45:25.680000,1.54373,51.142883,-2.233,1
2022-04-28T15:45:26.624000,1.534688,51.085876,-2.372,1
2022-04-28T15:45:27.567000,1.525659,51.028868,-2.538,0
2022-04-28T15:45:28.511000,1.516642,50.971859,-2.683,1
2022-04-28T15:45:29.454000,1.507637,50.914849,-2.816,1
2022-04-28T15:45:30.398000,1.498645,50.857839,-2.972,1
2022-04-28T15:45:31.341000,1.489665,50.800827,-3.083,1
2022-04-28T15:45:32.284000,1.480697,50.743815,-3.164,1
2022-04-28T15:45:34.171000,1.462798,50.629789,-3.296,1
2022-04-28T15:45:35.115000,1.453866,50.572775,-3.348,1
2022-04-28T15:45:36.058000,1.444947,50.51576,-3.433,1
2022-04-28T15:45:37.002000,1.43604,50.458744,-3.491,1
2022-04-28T15:45:37.945000,1.427144,50.401728,-3.56,1
2022-04-28T15:45:38.889000,1.418261,50.34471,-3.583,1
2022-04-28T15:45:39.832000,1.409389,50.287692,-3.646,1
2022-04-28T15:45:40.775000,1.400529,50.230674,-3.694,1
2022-04-29T02:59:27.051000,7.420107,53.815118,-1.408,1
2022-04-29T02:59:27.994000,7.410389,53.872129,-1.385,1
2022-04-29T02:59:28.938000,7.400655,53.929139,-1.34,0
2022-04-29T02:59:29.881000,7.390906,53.986149,-1.295,0
2022-04-29T02:59:30.825000,7.38114,54.043157,-1.275,0
2022-04-29T02:59:31.768000,7.371359,54.100165,-1.2,0
2022-04-29T02:59:32.711000,7.361561,54.157171,-1.146,0
2022-04-29T02:59:33.655000,7.351748,54.214177,-1.137,0
2022-04-29T02:59:34.598000,7.341918,54.271182,-1.067,0
2022-04-29T02:59:35.542000,7.332072,54.328187,-1.011,0
2022-04-29T02:59:36.485000,7.322209,54.38519,-0.947,0
2022-04-29T02:59:37.429000,7.31233,54.442192,-0.891,0
2022-04-29T02:59:38.372000,7.302435,54.499194,-0.839,0
2022-04-29T02:59:39.316000,7.292523,54.556194,-0.796,0
2022-04-29T02:59:40.259000,7.282595,54.613194,-0.732,0
2022-04-29T02:59:41.202000,7.27265,54.670193,-0.687,0
2022-04-29T02:59:42.146000,7.262687,54.727191,-0.644,0
2022-04-29T02:59:43.089000,7.252708,54.784188,-0.576,0
2022-04-29T02:59:44.033000,7.242712,54.841184,-0.552,0
2022-04-29T02:59:44.976000,7.232699,54.89818,-0.495,0
2022-04-29T02:59:45.920000,7.222669,54.955174,-0.434,0
2022-04-29T02:59:46.863000,7.212622,55.012168,-0.381,0
2022-04-29T02:59:47.806000,7.202557,55.069161,-0.331,0
2022-04-29T02:59:48.750000,7.192475,55.126152,-0.315,0
2022-04-29T02:59:49.693000,7.182375,55.183143,-0.257,0
2022-04-29T02:59:50.637000,7.172258,55.240133,-0.216,0
2022-04-29T02:59:51.580000,7.162123,55.297123,-0.204,0
2022-04-29T02:59:52.524000,7.15197,55.354111,-0.159,0
2022-04-29T02:59:53.467000,7.1418,55.411098,-0.151,0
2022-04-29T02:59:54.411000,7.131611,55.468085,-0.126,0
2022-04-29T02:59:55.354000,7.121405,55.52507,-0.098,0
2022-04-29T02:59:56.297000,7.11118,55.582055,-0.08,0
2022-04-29T02:59:57.241000,7.100937,55.639039,-0.096,0
2022-04-29T02:59:58.184000,7.090676,55.696022,-0.051,0
2022-04-29T02:59:59.128000,7.080396,55.753004,-0.079,0
2022-04-29T03:00:00.071000,7.070098,55.809985,-0.064,0
2022-04-29T03:00:01.015000,7.059782,55.866965,-0.048,0
2022-04-29T03:00:01.958000,7.049446,55.923944,-0.044,0
2022-04-29T03:00:02.901000,7.039092,55.980922,-0.054,0
2022-04-30T15:42:12.197000,1.343632,55.912805,0.688,0
2022-04-30T15:42:13.140000,1.333304,55.855872,0.705,0
2022-04-30T15:42:14.084000,1.322994,55.798937,0.704,0
2022-04-30T15:42:15.027000,1.312703,55.742002,0.737,0
2022-04-30T15:42:16.914000,1.292175,55.62813,0.757,0
2022-04-30T15:42:18.801000,1.271721,55.514254,0.829,0
2022-04-30T15:42:19.744000,1.261521,55.457315,0.85,0
2022-04-30T15:42:20.688000,1.251339,55.400375,0.86,0
2022-04-30T15:42:21.631000,1.241175,55.343434,0.914,0
2022-04-30T15:42:22.575000,1.231029,55.286492,0.895,0
2022-04-30T15:42:23.518000,1.2209,55.229549,0.928,0
2022-04-30T15:42:24.461000,1.210789,55.172606,0.935,0
2022-04-30T15:42:25.405000,1.200696,55.115662,0.953,0
2022-04-30T15:42:26.348000,1.19062,55.058717,0.999,0
2022-04-30T15:42:27.292000,1.180561,55.001771,1.036,0
2022-04-30T15:42:28.235000,1.17052,54.944824,1.049,0
2022-04-30T15:42:29.179000,1.160496,54.887877,1.064,0
2022-04-30T15:42:30.122000,1.150489,54.830928,1.089,0
2022-04-30T15:42:31.066000,1.140499,54.773979,1.108,0
2022-04-30T15:42:32.009000,1.130526,54.717029,1.154,0
2022-04-30T15:42:32.952000,1.12057,54.660078,1.154,0
2022-04-30T15:42:33.896000,1.110631,54.603127,1.193,0
2022-04-30T15:42:34.839000,1.100709,54.546174,1.18,0
2022-04-30T15:42:35.783000,1.090803,54.489221,1.183,0
2022-04-30T15:42:36.726000,1.080913,54.432267,1.211,0
2022-04-30T15:42:37.670000,1.071041,54.375312,1.197,0
2022-04-30T15:42:38.613000,1.061184,54.318356,1.238,0
2022-04-30T15:42:39.556000,1.051344,54.2614,1.236,0
2022-04-30T15:42:40.500000,1.04152,54.204442,1.254,0
2022-04-30T15:42:41.443000,1.031712,54.147484,1.275,0
2022-04-30T15:42:42.387000,1.02192,54.090525,1.276,0
2022-04-30T15:42:43.330000,1.012145,54.033566,1.306,0
2022-04-30T15:42:44.274000,1.002385,53.976605,1.294,0
2022-04-30T15:42:45.217000,0.992641,53.919644,1.275,0
2022-04-30T15:42:46.160000,0.982912,53.862682,1.286,0
2022-04-30T15:42:47.104000,0.9732,53.805719,1.271,0
2022-04-30T15:42:48.047000,0.963503,53.748755,1.25,0
2022-04-30T15:42:48.991000,0.953821,53.69179,1.214,0
2022-04-30T15:42:49.934000,0.944155,53.634825,1.185,0
2022-04-30T15:42:50.878000,0.934505,53.577858,1.15,0
2022-04-30T15:42:51.821000,0.92487,53.520892,1.132,0
2022-04-30T15:42:52.765000,0.91525,53.463924,1.095,0
2022-04-30T15:42:53.708000,0.905645,53.406955,1.087,0
2022-04-30T15:42:54.651000,0.896055,53.349986,1.072,0
2022-04-30T15:42:55.595000,0.886481,53.293016,1.016,0
2022-04-30T15:42:56.538000,0.876921,53.236045,1.024,0
2022-04-30T15:42:57.482000,0.867376,53.179073,0.98,0
2022-04-30T15:42:58.425000,0.857846,53.1221,0.939,0
2022-04-30T15:42:59.369000,0.848331,53.065127,0.895,1
2022-04-30T15:43:37.106000,0.479064,50.785554,-2.097,1
2022-04-30T15:43:38.050000,0.470098,50.728549,-2.155,1
2022-04-30T15:43:38.993000,0.461144,50.671543,-2.21,0
2022-04-30T15:43:39.936000,0.452203,50.614536,-2.272,0
2022-04-30T15:43:40.880000,0.443274,50.557529,-2.296,0
2022-04-30T15:43:41.823000,0.434356,50.500521,-2.375,0
2022-04-30T15:43:42.767000,0.425451,50.443512,-2.437,0
2022-04-30T15:43:43.710000,0.416558,50.386502,-2.489,0
2022-04-30T15:43:44.654000,0.407676,50.329492,-2.56,0
2022-04-30T15:43:45.597000,0.398806,50.272481,-2.621,0
2022-04-30T15:43:46.540000,0.389948,50.215469,-2.706,0
2022-04-30T15:43:47.484000,0.381102,50.158456,-2.762,0
2022-04-30T15:43:48.427000,0.372267,50.101443,-2.874,0
2022-04-30T15:43:49.371000,0.363444,50.044429,-2.99,0
2022-04-30T15:43:50.314000,0.354632,49.987414,-3.082,0
2022-04-30T15:43:51.258000,0.345832,49.930399,-3.209,0
2022-04-30T15:43:52.201000,0.337043,49.873382,-3.253,1
2022-04-30T15:43:53.145000,0.328266,49.816365,-3.286,1
2022-05-01T02:57:29.042000,6.445475,53.60935,-1.234,1
2022-05-01T02:57:29.986000,6.435811,53.666364,-1.229,1
2022-05-01T02:57:30.929000,6.426131,53.723377,-1.158,0
2022-05-01T02:57:31.872000,6.416436,53.780389,-1.17,0
2022-05-01T02:57:32.816000,6.406725,53.837401,-1.092,0
2022-05-01T02:57:33.759000,6.396999,53.894411,-0.966,0
2022-05-01T02:57:34.703000,6.387257,53.951421,-0.948,0
2022-05-01T02:57:35.646000,6.377498,54.008429,-0.926,0
2022-05-01T02:57:36.590000,6.367725,54.065437,-0.821,0
2022-05-01T02:57:37.533000,6.357935,54.122444,-0.793,0
2022-05-01T02:57:38.477000,6.348129,54.17945,-0.759,0
2022-05-01T02:57:39.420000,6.338307,54.236455,-0.681,0
2022-05-01T02:57:40.363000,6.328468,54.29346,-0.67,0
2022-05-01T02:57:41.307000,6.318614,54.350463,-0.624,0
2022-05-01T02:57:42.250000,6.308743,54.407466,-0.553,0
2022-05-01T02:57:43.194000,6.298855,54.464468,-0.538,0
2022-05-01T02:57:44.137000,6.288951,54.521468,-0.503,0
2022-05-01T02:57:45.081000,6.279031,54.578468,-0.465,0
2022-05-01T02:57:46.024000,6.269093,54.635467,-0.414,0
2022-05-01T02:57:46.967000,6.259139,54.692465,-0.386,0
2022-05-01T02:57:47.911000,6.249168,54.749463,-0.384,0
2022-05-01T02:57:48.854000,6.239181,54.806459,-0.325,0
2022-05-01T02:57:49.798000,6.229176,54.863455,-0.292,0
2022-05-01T02:57:50.741000,6.219154,54.920449,-0.248,0
2022-05-01T02:57:51.685000,6.209115,54.977443,-0.227,0
2022-05-01T02:57:52.628000,6.199058,55.034436,-0.206,0
2022-05-01T02:57:53.572000,6.188984,55.091428,-0.169,0
2022-05-01T02:57:54.515000,6.178893,55.148419,-0.18,0
2022-05-01T02:57:55.458000,6.168784,55.205409,-0.136,0
2022-05-01T02:57:56.402000,6.158658,55.262398,-0.071,0
2022-05-01T02:57:57.345000,6.148513,55.319387,-0.075,0
2022-05-01T02:57:58.289000,6.138351,55.376374,-0.053,0
2022-05-01T02:57:59.232000,6.128172,55.43336,-0.037,0
2022-05-01T02:58:00.176000,6.117974,55.490346,-0.032,0
2022-05-01T02:58:01.119000,6.107758,55.547331,0.015,0
2022-05-01T02:58:02.062000,6.097524,55.604315,0.001,0
2022-05-01T02:58:03.006000,6.087271,55.661297,0.013,0
2022-05-01T02:58:03.949000,6.077001,55.718279,0.062,0
2022-05-01T02:58:04.893000,6.066712,55.77526,0.048,0
2022-05-01T02:58:05.836000,6.056404,55.832241,0.065,0
2022-05-01T02:58:06.780000,6.046078,55.88922,0.069,0
2022-05-01T02:58:07.723000,6.035733,55.946198,0.064,0
2022-05-02T15:40:17.018000,0.342925,55.949747,1.032,0
2022-05-02T15:40:17.962000,0.332582,55.892821,1.048,0
2022-05-02T15:40:18.905000,0.322259,55.835895,1.055,0
2022-05-02T15:40:19.849000,0.311953,55.778968,1.072,0
2022-05-02T15:40:20.792000,0.301666,55.72204,1.067,0
2022-05-02T15:40:21.736000,0.291398,55.665111,1.086,0
2022-05-02T15:40:22.679000,0.281148,55.608181,1.1,0
2022-05-02T15:40:23.622000,0.270916,55.55125,1.121,0
2022-05-02T15:40:24.566000,0.260703,55.494318,1.13,0
2022-05-02T15:40:25.509000,0.250507,55.437386,1.133,0
2022-05-02T15:40:26.453000,0.24033,55.380453,1.17,0
2022-05-02T15:40:27.396000,0.23017,55.323519,1.167,0
2022-05-02T15:40:28.340000,0.220028,55.266584,1.148,0
2022-05-02T15:40:29.283000,0.209904,55.209649,1.163,0
2022-05-02T15:40:30.226000,0.199797,55.152712,1.168,0
2022-05-02T15:40:31.170000,0.189708,55.095775,1.177,0
2022-05-02T15:40:32.113000,0.179636,55.038836,1.162,0
2022-05-02T15:40:33.057000,0.169582,54.981897,1.157,0
2022-05-02T15:40:34.000000,0.159545,54.924958,1.167,0
2022-05-02T15:40:34.944000,0.149525,54.868017,1.174,0
2022-05-02T15:40:35.887000,0.139522,54.811075,1.169,0
2022-05-02T15:40:36.831000,0.129536,54.754133,1.176,0
2022-05-02T15:40:37.774000,0.119568,54.69719,1.17,0
2022-05-02T15:40:38.717000,0.109616,54.640246,1.155,0
2022-05-02T15:40:39.661000,0.09968,54.583302,1.176,0
2022-05-02T15:40:40.604000,0.089762,54.526356,1.174,0
2022-05-02T15:40:41.548000,0.07986,54.46941,1.183,0
2022-05-02T15:40:42.491000,0.069975,54.412462,1.214,0
2022-05-02T15:40:43.435000,0.060106,54.355514,1.185,0
2022-05-02T15:40:44.378000,0.050253,54.298566,1.199,0
2022-05-02T15:40:45.321000,0.040417,54.241616,1.209,0
2022-05-02T15:40:46.265000,0.030596,54.184666,1.221,1
2022-05-02T15:40:47.208000,0.020792,54.127714,1.175,1
2022-05-02T15:40:48.152000,0.011005,54.070762,1.22,1
2022-05-02T15:40:49.095000,0.001233,54.01381,1.166,1
2022-05-02T15:40:50.039000,-0.008523,53.956856,1.14,1
2022-05-02T15:40:50.982000,-0.018264,53.899901,1.118,1
2022-05-02T15:41:43.815000,-0.540631,50.709196,-0.729,1
2022-05-02T15:41:44.758000,-0.549582,50.652197,-0.688,0
2022-05-02T15:41:45.701000,-0.558521,50.595198,-0.909,1
2022-05-02T15:41:48.532000,-0.585265,50.424195,-1.01,0
2022-05-02T15:41:49.475000,-0.594156,50.367192,-1.06,0
2022-05-02T15:41:50.419000,-0.603035,50.310189,-1.171,0
2022-05-02T15:41:51.362000,-0.611902,50.253185,-1.271,0
2022-05-02T15:41:52.306000,-0.620758,50.19618,-1.355,0
2022-05-02T15:41:53.249000,-0.629602,50.139174,-1.435,0
2022-05-02T15:41:54.192000,-0.638434,50.082168,-1.546,0
2022-05-02T15:41:55.136000,-0.647255,50.025161,-1.642,0
2022-05-02T15:41:56.079000,-0.656064,49.968153,-1.743,0
2022-05-02T15:41:57.023000,-0.664861,49.911145,-1.831,0
2022-05-02T15:41:57.966000,-0.673648,49.854136,-1.925,0
2022-05-02T15:41:58.910000,-0.682423,49.797126,-2.025,0
2022-05-02T15:41:59.853000,-0.691186,49.740115,-2.089,0
2022-05-03T02:55:32.920000,5.451071,53.521688,-0.979,1
2022-05-03T02:55:33.864000,5.441429,53.578702,-0.92,0
2022-05-03T02:55:34.807000,5.431771,53.635715,-0.852,0
2022-05-03T02:55:35.751000,5.422097,53.692728,-0.814,0
2022-05-03T02:55:36.694000,5.412408,53.749739,-0.742,0
2022-05-03T02:55:37.638000,5.402704,53.80675,-0.695,0
2022-05-03T02:55:38.581000,5.392983,53.86376,-0.652,0
2022-05-03T02:55:39.524000,5.383247,53.920769,-0.599,0
2022-05-03T02:55:40.468000,5.373496,53.977777,-0.561,0
2022-05-03T02:55:41.411000,5.363728,54.034784,-0.531,0
2022-05-03T02:55:42.355000,5.353945,54.09179,-0.484,0
2022-05-03T02:55:43.298000,5.344145,54.148796,-0.464,0
2022-05-03T02:55:44.242000,5.334329,54.2058,-0.423,0
2022-05-03T02:55:45.185000,5.324497,54.262804,-0.393,0
2022-05-03T02:55:46.128000,5.314649,54.319807,-0.324,0
2022-05-03T02:55:47.072000,5.304785,54.376808,-0.31,0
2022-05-03T02:55:48.015000,5.294904,54.433809,-0.257,0
2022-05-03T02:55:48.959000,5.285007,54.490809,-0.248,0
2022-05-03T02:55:49.902000,5.275093,54.547809,-0.203,0
2022-05-03T02:55:50.846000,5.265162,54.604807,-0.201,0
2022-05-03T02:55:51.789000,5.255215,54.661804,-0.159,0
2022-05-03T02:55:52.733000,5.245251,54.718801,-0.121,0
2022-05-03T02:55:53.676000,5.23527,54.775796,-0.097,0
2022-05-03T02:55:54.619000,5.225272,54.832791,-0.094,0
2022-05-03T02:55:55.563000,5.215257,54.889785,-0.087,0
2022-05-03T02:55:56.506000,5.205225,54.946778,-0.065,0
2022-05-03T02:55:57.450000,5.195175,55.00377,-0.04,0
2022-05-03T02:55:58.393000,5.185108,55.060761,-0.024,0
2022-05-03T02:55:59.337000,5.175024,55.117751,-0.053,0
2022-05-03T02:56:00.280000,5.164922,55.174741,-0.005,0
2022-05-03T02:56:01.223000,5.154803,55.231729,0.016,0
2022-05-03T02:56:02.167000,5.144666,55.288716,0.033,0
2022-05-03T02:56:03.110000,5.134511,55.345703,0.037,0
2022-05-03T02:56:04.054000,5.124339,55.402689,0.043,0
2022-05-03T02:56:04.997000,5.114148,55.459674,0.06,0
2022-05-03T02:56:05.941000,5.10394,55.516657,0.08,0
2022-05-03T02:56:06.884000,5.093713,55.57364,0.084,0
2022-05-03T02:56:07.828000,5.083468,55.630622,0.077,0
2022-05-03T02:56:08.771000,5.073205,55.687603,0.081,0
2022-05-03T02:56:09.714000,5.062924,55.744584,0.095,0
2022-05-03T02:56:10.658000,5.052623,55.801563,0.125,0
2022-05-03T02:56:11.601000,5.042305,55.858541,0.118,0
2022-05-03T02:56:12.545000,5.031967,55.915519,0.117,0
2022-05-03T02:56:13.488000,5.021611,55.972495,0.151,0
2022-05-04T15:38:21.840000,-0.658095,55.984422,0.882,0
2022-05-04T15:38:22.783000,-0.66845,55.927504,0.903,0
2022-05-04T15:38:23.727000,-0.678786,55.870585,0.897,0
2022-05-04T15:38:24.670000,-0.689104,55.813666,0.883,0
2022-05-04T15:38:25.614000,-0.699404,55.756745,0.908,0
2022-05-04T15:38:26.557000,-0.709684,55.699824,0.888,0
2022-05-04T15:38:27.501000,-0.719947,55.642902,0.873,0
2022-05-04T15:38:28.444000,-0.730191,55.585979,0.86,0
2022-05-04T15:38:29.387000,-0.740417,55.529055,0.819,0
2022-05-04T15:38:30.331000,-0.750625,55.472131,0.824,0
2022-05-04T15:38:31.274000,-0.760814,55.415205,0.828,0
2022-05-04T15:38:32.218000,-0.770986,55.358279,0.823,0
2022-05-04T15:38:33.161000,-0.78114,55.301352,0.806,0
2022-05-04T15:38:34.105000,-0.791276,55.244424,0.782,0
2022-05-04T15:38:35.048000,-0.801395,55.187495,0.811,0
2022-05-04T15:38:35.992000,-0.811496,55.130566,0.773,0
2022-05-04T15:38:36.935000,-0.82158,55.073635,0.811,0
2022-05-04T15:38:37.878000,-0.831646,55.016704,0.763,0
2022-05-04T15:38:38.822000,-0.841695,54.959772,0.769,0
2022-05-04T15:38:41.652000,-0.871738,54.788971,0.775,0
2022-05-04T15:38:42.596000,-0.881718,54.732036,0.83,0
2022-05-04T15:38:43.539000,-0.891682,54.675099,0.768,1
2022-05-04T15:39:51.466000,-1.569453,50.57361,-0.019,1
2022-05-04T15:39:52.410000,-1.578376,50.516617,-0.164,0
2022-05-04T15:39:53.353000,-1.587287,50.459623,-0.248,0
2022-05-04T15:39:54.297000,-1.596186,50.402628,-0.373,0
2022-05-04T15:39:55.240000,-1.605074,50.345632,-0.514,0
2022-05-04T15:39:56.184000,-1.613949,50.288636,-0.627,0
2022-05-04T15:39:57.127000,-1.622813,50.231639,-0.75,0
2022-05-04T15:39:58.071000,-1.631665,50.174641,-0.882,0
2022-05-04T15:39:59.014000,-1.640506,50.117643,-0.999,0
2022-05-04T15:39:59.957000,-1.649334,50.060643,-1.126,0
2022-05-04T15:40:00.901000,-1.658152,50.003643,-1.272,0
2022-05-04T15:40:01.844000,-1.666958,49.946643,-1.395,0
2022-05-04T15:40:02.788000,-1.675752,49.889641,-1.554,0
2022-05-04T15:40:03.731000,-1.684535,49.832639,-1.739,0
2022-05-04T15:40:04.675000,-1.693306,49.775636,-1.869,1
2022-05-05T02:53:26.421000,4.561832,52.809749,-0.682,1
2022-05-05T02:53:27.364000,4.552374,52.866772,-0.614,1
2022-05-05T02:53:28.308000,4.542901,52.923795,-0.686,1
2022-05-05T02:53:29.251000,4.533413,52.980816,-0.708,1
2022-05-05T02:53:30.194000,4.523911,53.037837,-0.711,1
2022-05-05T02:53:31.138000,4.514394,53.094857,-0.75,1
2022-05-05T02:53:32.081000,4.504863,53.151875,-0.728,0
2022-05-05T02:53:33.025000,4.495317,53.208894,-0.771,0
2022-05-05T02:53:33.968000,4.485756,53.265911,-0.742,0
2022-05-05T02:53:34.912000,4.476179,53.322927,-0.72,0
2022-05-05T02:53:35.855000,4.466588,53.379942,-0.686,0
2022-05-05T02:53:36.799000,4.456982,53.436957,-0.673,0
2022-05-05T02:53:37.742000,4.447361,53.49397,-0.66,0
2022-05-05T02:53:38.685000,4.437724,53.550983,-0.622,0
2022-05-05T02:53:39.629000,4.428072,53.607995,-0.594,0
2022-05-05T02:53:40.572000,4.418405,53.665006,-0.581,0
2022-05-05T02:53:41.516000,4.408722,53.722016,-0.551,0
2022-05-05T02:53:42.459000,4.399024,53.779025,-0.528,0
2022-05-05T02:53:43.403000,4.38931,53.836034,-0.481,0
2022-05-05T02:53:44.346000,4.37958,53.893041,-0.467,0
2022-05-05T02:53:45.289000,4.369835,53.950048,-0.439,0
2022-05-05T02:53:46.233000,4.360073,54.007053,-0.427,0
2022-05-05T02:53:47.176000,4.350296,54.064058,-0.391,0
2022-05-05T02:53:48.120000,4.340503,54.121062,-0.38,0
2022-05-05T02:53:49.063000,4.330694,54.178065,-0.345,0
2022-05-05T02:53:50.007000,4.320869,54.235067,-0.322,0
2022-05-05T02:53:50.950000,4.311027,54.292068,-0.313,0
2022-05-05T02:53:51.893000,4.301169,54.349069,-0.29,0
2022-05-05T02:53:52.837000,4.291295,54.406068,-0.296,0
2022-05-05T02:53:53.780000,4.281404,54.463067,-0.248,0
2022-05-05T02:53:54.724000,4.271497,54.520064,-0.217,0
2022-05-05T02:53:55.667000,4.261573,54.577061,-0.192,0
2022-05-05T02:53:56.611000,4.251633,54.634057,-0.202,0
2022-05-05T02:53:57.554000,4.241675,54.691052,-0.176,0
2022-05-05T02:53:58.498000,4.231701,54.748046,-0.147,0
2022-05-05T02:53:59.441000,4.22171,54.805039,-0.178,0
2022-05-05T02:54:00.384000,4.211702,54.862031,-0.144,0
2022-05-05T02:54:01.328000,4.201677,54.919022,-0.137,0
2022-05-05T02:54:02.271000,4.191634,54.976013,-0.12,0
2022-05-05T02:54:03.215000,4.181574,55.033002,-0.109,0
2022-05-05T02:54:04.158000,4.171497,55.089991,-0.102,0
2022-05-05T02:54:05.102000,4.161403,55.146978,-0.106,0
2022-05-05T02:54:06.045000,4.151291,55.203965,-0.092,0
2022-05-05T02:54:06.988000,4.141161,55.260951,-0.073,0
2022-05-05T02:54:07.932000,4.131013,55.317936,-0.089,0
2022-05-05T02:54:08.875000,4.120848,55.37492,-0.079,0
2022-05-05T02:54:09.819000,4.110665,55.431903,-0.08,0
2022-05-05T02:54:10.762000,4.100464,55.488885,-0.081,0
2022-05-05T02:54:11.706000,4.090244,55.545866,-0.076,0
2022-05-05T02:54:12.649000,4.080007,55.602847,-0.055,0
2022-05-05T02:54:13.593000,4.069751,55.659826,-0.066,0
2022-05-05T02:54:14.536000,4.059477,55.716805,-0.062,0
2022-05-05T02:54:15.479000,4.049185,55.773782,-0.062,0
2022-05-05T02:54:16.423000,4.038874,55.830759,-0.065,0
2022-05-05T02:54:17.366000,4.028544,55.887735,-0.088,0
2022-05-05T02:54:18.310000,4.018196,55.944709,-0.054,0
2022-05-06T15:36:28.548000,-1.674561,55.95456,0.37,0
2022-05-06T15:36:29.492000,-1.684906,55.897649,0.356,0
2022-05-06T15:36:30.435000,-1.695233,55.840737,0.35,0
2022-05-06T15:36:32.322000,-1.715831,55.726911,0.359,1
2022-05-07T02:51:16.147000,3.714885,51.796848,0.336,1
2022-05-07T02:51:17.091000,3.705673,51.853883,0.29,1
2022-05-07T02:51:18.034000,3.696447,51.910918,0.2,0
2022-05-07T02:51:18.978000,3.687208,51.967952,0.139,0
2022-05-07T02:51:19.921000,3.677955,52.024984,0.13,0
2022-05-07T02:51:20.864000,3.668689,52.082016,0.053,0
2022-05-07T02:51:21.808000,3.65941,52.139047,0.007,0
2022-05-07T02:51:22.751000,3.650116,52.196077,-0.023,0
2022-05-07T02:51:23.695000,3.640809,52.253107,-0.061,0
2022-05-07T02:51:24.638000,3.631489,52.310135,-0.109,0
2022-05-07T02:51:25.582000,3.622154,52.367163,-0.112,0
2022-05-07T02:51:26.525000,3.612805,52.424189,-0.175,0
2022-05-07T02:51:27.469000,3.603443,52.481215,-0.195,0
2022-05-07T02:51:28.412000,3.594067,52.53824,-0.212,0
2022-05-07T02:51:29.355000,3.584676,52.595264,-0.188,0
2022-05-07T02:51:30.299000,3.575271,52.652288,-0.256,0
2022-05-07T02:51:31.242000,3.565852,52.70931,-0.261,0
2022-05-07T02:51:32.186000,3.556419,52.766332,-0.272,0
2022-05-07T02:51:33.129000,3.546972,52.823352,-0.278,0
2022-05-07T02:51:34.073000,3.53751,52.880372,-0.297,0
2022-05-07T02:51:35.016000,3.528033,52.937391,-0.282,0
2022-05-07T02:51:35.959000,3.518542,52.994409,-0.285,0
2022-05-07T02:51:36.903000,3.509037,53.051426,-0.28,0
2022-05-07T02:51:37.846000,3.499516,53.108442,-0.297,0
2022-05-07T02:51:38.790000,3.489981,53.165457,-0.317,0
2022-05-07T02:51:39.733000,3.480431,53.222472,-0.314,0
2022-05-07T02:51:40.677000,3.470866,53.279485,-0.322,0
2022-05-07T02:51:41.620000,3.461287,53.336498,-0.281,0
2022-05-07T02:51:42.564000,3.451692,53.39351,-0.309,0
2022-05-07T02:51:43.507000,3.442082,53.450521,-0.329,0
2022-05-07T02:51:44.450000,3.432457,53.507531,-0.277,0
2022-05-07T02:51:45.394000,3.422817,53.56454,-0.286,0
2022-05-07T02:51:47.281000,3.40349,53.678556,-0.347,0
2022-05-07T02:51:48.224000,3.393803,53.735563,-0.314,0
2022-05-07T02:51:49.168000,3.384101,53.792568,-0.305,0
2022-05-07T02:51:50.111000,3.374383,53.849573,-0.31,0
2022-05-07T02:51:51.054000,3.36465,53.906577,-0.355,0
2022-05-07T02:51:51.998000,3.354901,53.96358,-0.335,0
2022-05-07T02:51:52.941000,3.345136,54.020582,-0.341,0
2022-05-07T02:51:53.885000,3.335355,54.077583,-0.309,0
2022-05-07T02:51:54.828000,3.325558,54.134583,-0.306,0
2022-05-07T02:51:55.772000,3.315745,54.191583,-0.301,0
2022-05-07T02:51:56.715000,3.305915,54.248581,-0.317,0
2022-05-07T02:51:57.659000,3.29607,54.305578,-0.3,0
2022-05-07T02:51:58.602000,3.286208,54.362575,-0.296,0
2022-05-07T02:51:59.545000,3.27633,54.419571,-0.323,0
2022-05-07T02:52:00.489000,3.266435,54.476566,-0.332,0
2022-05-07T02:52:01.432000,3.256524,54.53356,-0.268,0
2022-05-07T02:52:02.376000,3.246596,54.590553,-0.227,0
2022-05-07T02:52:03.319000,3.236652,54.647545,-0.29,0
2022-05-07T02:52:04.263000,3.22669,54.704536,-0.307,0
2022-05-07T02:52:05.206000,3.216712,54.761526,-0.284,0
2022-05-07T02:52:06.149000,3.206717,54.818516,-0.296,0
2022-05-07T02:52:07.093000,3.196705,54.875504,-0.28,0
2022-05-07T02:52:08.036000,3.186675,54.932492,-0.276,0
2022-05-07T02:52:08.980000,3.176629,54.989479,-0.265,0
2022-05-07T02:52:09.923000,3.166564,55.046464,-0.228,0
2022-05-07T02:52:10.867000,3.156483,55.103449,-0.244,0
2022-05-07T02:52:11.810000,3.146384,55.160433,-0.224,0
2022-05-07T02:52:12.754000,3.136268,55.217416,-0.206,0
2022-05-07T02:52:13.697000,3.126134,55.274398,-0.211,0
2022-05-07T02:52:14.640000,3.115982,55.331379,-0.209,0
2022-05-07T02:52:15.584000,3.105813,55.38836,-0.192,0
2022-05-07T02:52:16.527000,3.095625,55.445339,-0.182,0
2022-05-07T02:52:17.471000,3.08542,55.502317,-0.174,0
2022-05-07T02:52:18.414000,3.075196,55.559295,-0.195,0
2022-05-07T02:52:19.358000,3.064954,55.616271,-0.178,0
2022-05-07T02:52:20.301000,3.054694,55.673247,-0.175,0
2022-05-07T02:52:21.244000,3.044416,55.730222,-0.128,0
2022-05-07T02:52:22.188000,3.034119,55.787195,-0.146,0
2022-05-07T02:52:23.131000,3.023803,55.844168,-0.14,0
2022-05-07T02:52:24.075000,3.013469,55.90114,-0.119,0
2022-05-07T02:52:25.018000,3.003116,55.958111,-0.126,0
2022-05-09T02:49:14.365000,2.784796,51.276931,-0.204,1
2022-05-09T02:49:15.308000,2.775703,51.333971,-0.269,1
2022-05-09T02:49:16.252000,2.766597,51.39101,-0.264,0
2022-05-09T02:49:17.195000,2.757479,51.448048,-0.285,0
2022-05-09T02:49:18.139000,2.748347,51.505085,-0.301,0
2022-05-09T02:49:19.082000,2.739203,51.562122,-0.317,0
2022-05-09T02:49:20.025000,2.730045,51.619158,-0.288,0
2022-05-09T02:49:20.969000,2.720874,51.676193,-0.319,0
2022-05-09T02:49:21.912000,2.711691,51.733227,-0.328,0
2022-05-09T02:49:22.856000,2.702494,51.79026,-0.324,0
2022-05-09T02:49:23.799000,2.693283,51.847292,-0.317,0
2022-05-09T02:49:24.743000,2.68406,51.904323,-0.286,0
2022-05-09T02:49:25.686000,2.674823,51.961354,-0.279,0
2022-05-09T02:49:26.630000,2.665573,52.018383,-0.296,0
2022-05-09T02:49:27.573000,2.656309,52.075412,-0.275,0
2022-05-09T02:49:28.516000,2.647031,52.13244,-0.271,0
2022-05-09T02:49:29.460000,2.63774,52.189467,-0.277,0
2022-05-09T02:49:30.403000,2.628435,52.246493,-0.25,0
2022-05-09T02:49:31.347000,2.619117,52.303518,-0.228,0
2022-05-09T02:49:32.290000,2.609785,52.360543,-0.221,0
2022-05-09T02:49:33.234000,2.600439,52.417566,-0.186,0
2022-05-09T02:49:34.177000,2.591078,52.474589,-0.203,0
2022-05-09T02:49:35.120000,2.581704,52.531611,-0.187,0
2022-05-09T02:49:36.064000,2.572316,52.588632,-0.201,0
2022-05-09T02:49:37.007000,2.562914,52.645652,-0.166,0
2022-05-09T02:49:37.951000,2.553497,52.702671,-0.162,0
2022-05-09T02:49:38.894000,2.544066,52.759689,-0.168,0
2022-05-09T02:49:39.838000,2.534621,52.816707,-0.181,0
2022-05-09T02:49:40.781000,2.525162,52.873723,-0.179,0
2022-05-09T02:49:41.725000,2.515687,52.930739,-0.137,0
2022-05-09T02:49:42.668000,2.506199,52.987753,-0.166,0
2022-05-09T02:49:43.611000,2.496696,53.044767,-0.182,0
2022-05-09T02:49:44.555000,2.487178,53.10178,-0.159,0
2022-05-09T02:49:45.498000,2.477645,53.158792,-0.166,0
2022-05-09T02:49:46.442000,2.468098,53.215804,-0.169,0
2022-05-09T02:49:47.385000,2.458535,53.272814,-0.161,0
2022-05-09T02:49:48.329000,2.448958,53.329823,-0.168,0
2022-05-09T02:49:49.272000,2.439366,53.386832,-0.193,0
2022-05-09T02:49:50.215000,2.429758,53.44384,-0.202,0
2022-05-09T02:49:51.159000,2.420136,53.500846,-0.207,0
2022-05-09T02:49:52.102000,2.410498,53.557852,-0.205,0
2022-05-09T02:49:53.046000,2.400845,53.614857,-0.217,0
2022-05-09T02:49:53.989000,2.391176,53.671861,-0.239,0
2022-05-09T02:49:54.933000,2.381492,53.728865,-0.27,0
2022-05-09T02:49:55.876000,2.371793,53.785867,-0.284,0
2022-05-09T02:49:56.820000,2.362078,53.842868,-0.293,0
2022-05-09T02:49:57.763000,2.352347,53.899869,-0.286,0
2022-05-09T02:49:58.706000,2.3426,53.956868,-0.31,0
2022-05-09T02:49:59.650000,2.332838,54.013867,-0.328,0
2022-05-09T02:50:00.593000,2.323059,54.070865,-0.311,0
2022-05-09T02:50:01.537000,2.313265,54.127862,-0.333,0
2022-05-09T02:50:02.480000,2.303455,54.184858,-0.334,0
2022-05-09T02:50:03.424000,2.293628,54.241853,-0.33,0
2022-05-09T02:50:04.367000,2.283786,54.298847,-0.326,0
2022-05-09T02:50:05.310000,2.273926,54.35584,-0.327,0
2022-05-09T02:50:06.254000,2.264051,54.412833,-0.357,0
2022-05-09T02:50:07.197000,2.254159,54.469824,-0.366,0
2022-05-09T02:50:08.141000,2.244251,54.526815,-0.364,0
2022-05-09T02:50:09.084000,2.234325,54.583804,-0.36,0
2022-05-09T02:50:10.028000,2.224384,54.640793,-0.381,0
2022-05-09T02:50:10.971000,2.214425,54.697781,-0.363,0
2022-05-09T02:50:11.915000,2.20445,54.754768,-0.373,0
2022-05-09T02:50:12.858000,2.194457,54.811754,-0.351,0
2022-05-09T02:50:13.801000,2.184448,54.868739,-0.361,0
2022-05-09T02:50:14.745000,2.174421,54.925723,-0.372,0
2022-05-09T02:50:15.688000,2.164378,54.982706,-0.384,0
2022-05-09T02:50:16.632000,2.154316,55.039688,-0.39,0
2022-05-09T02:50:17.575000,2.144238,55.09667,-0.378,0
2022-05-09T02:50:18.519000,2.134142,55.15365,-0.404,0
2022-05-09T02:50:19.462000,2.124029,55.21063,-0.406,0
2022-05-09T02:50:20.405000,2.113897,55.267608,-0.408,0
2022-05-09T02:50:21.349000,2.103749,55.324586,-0.399,0
2022-05-09T02:50:22.292000,2.093582,55.381563,-0.419,0
2022-05-09T02:50:23.236000,2.083398,55.438538,-0.401,0
2022-05-09T02:50:24.179000,2.073195,55.495513,-0.408,0
2022-05-09T02:50:25.123000,2.062974,55.552487,-0.394,0
2022-05-09T02:50:26.066000,2.052736,55.60946,-0.372,0
2022-05-09T02:50:27.010000,2.042479,55.666432,-0.363,0
2022-05-09T02:50:27.953000,2.032203,55.723404,-0.361,0
2022-05-09T02:50:28.896000,2.02191,55.780374,-0.348,0
2022-05-09T02:50:29.840000,2.011597,55.837343,-0.368,0
2022-05-09T02:50:30.783000,2.001266,55.894311,-0.366,0
2022-05-09T02:50:31.727000,1.990916,55.951279,-0.357,0
2022-05-11T02:47:17.300000,1.808121,51.047891,-1.441,1
2022-05-11T02:47:18.243000,1.799079,51.104931,-1.379,0
2022-05-11T02:47:19.186000,1.790025,51.161969,-1.344,0
2022-05-11T02:47:20.130000,1.780958,51.219007,-1.282,0
2022-05-11T02:47:21.073000,1.771879,51.276044,-1.259,0
2022-05-11T02:47:22.017000,1.762786,51.33308,-1.238,0
2022-05-11T02:47:22.960000,1.753681,51.390115,-1.203,0
2022-05-11T02:47:23.904000,1.744564,51.447149,-1.215,0
2022-05-11T02:47:24.847000,1.735433,51.504183,-1.158,0
2022-05-11T02:47:25.791000,1.72629,51.561215,-1.128,0
2022-05-11T02:47:26.734000,1.717133,51.618247,-1.046,0
2022-05-11T02:47:27.677000,1.707963,51.675278,-0.983,0
2022-05-11T02:47:28.621000,1.69878,51.732308,-0.907,0
2022-05-11T02:47:29.564000,1.689584,51.789337,-0.86,0
2022-05-11T02:47:30.508000,1.680375,51.846365,-0.8,0
2022-05-11T02:47:31.451000,1.671152,51.903392,-0.709,0
2022-05-11T02:47:32.395000,1.661917,51.960419,-0.665,0
2022-05-11T02:47:33.338000,1.652667,52.017444,-0.539,1
2022-05-11T02:47:48.433000,1.502798,52.929734,0.847,1
2022-05-11T02:47:49.376000,1.493311,52.986745,0.826,1
2022-05-11T02:47:50.320000,1.483809,53.043755,0.821,0
2022-05-11T02:47:51.263000,1.474292,53.100763,0.81,0
2022-05-11T02:47:52.207000,1.46476,53.157771,0.809,0
2022-05-11T02:47:53.150000,1.455214,53.214778,0.803,0
2022-05-11T02:47:54.094000,1.445653,53.271785,0.783,0
2022-05-11T02:47:55.037000,1.436076,53.32879,0.792,0
2022-05-11T02:47:55.981000,1.426485,53.385794,0.781,0
2022-05-11T02:47:56.924000,1.416879,53.442798,0.765,0
2022-05-11T02:47:57.867000,1.407257,53.4998,0.74,0
2022-05-11T02:47:58.811000,1.397621,53.556802,0.752,0
2022-05-11T02:47:59.754000,1.387969,53.613803,0.728,0
2022-05-11T02:48:00.698000,1.378301,53.670803,0.742,0
2022-05-11T02:48:01.641000,1.368618,53.727802,0.721,0
2022-05-11T02:48:02.585000,1.35892,53.7848,0.715,0
2022-05-11T02:48:03.528000,1.349206,53.841797,0.698,0
2022-05-11T02:48:04.471000,1.339476,53.898793,0.676,0
2022-05-11T02:48:05.415000,1.329731,53.955788,0.649,0
2022-05-11T02:48:06.358000,1.31997,54.012783,0.641,0
2022-05-11T02:48:07.302000,1.310192,54.069776,0.604,0
2022-05-11T02:48:08.245000,1.300399,54.126769,0.582,0
2022-05-11T02:48:09.189000,1.29059,54.183761,0.568,0
2022-05-11T02:48:10.132000,1.280764,54.240751,0.548,0
2022-05-11T02:48:11.075000,1.270923,54.297741,0.514,0
2022-05-11T02:48:12.019000,1.261065,54.35473,0.525,0
2022-05-11T02:48:12.962000,1.251191,54.411719,0.515,0
2022-05-11T02:48:13.906000,1.2413,54.468706,0.457,0
2022-05-11T02:48:14.849000,1.231393,54.525692,0.435,0
2022-05-11T02:48:15.793000,1.221469,54.582677,0.435,0
2022-05-11T02:48:16.736000,1.211528,54.639662,0.423,0
2022-05-11T02:48:17.680000,1.201571,54.696645,0.389,0
2022-05-11T02:48:18.623000,1.191597,54.753628,0.39,0
2022-05-11T02:48:19.566000,1.181605,54.810609,0.35,0
2022-05-11T02:48:20.510000,1.171597,54.86759,0.303,0
2022-05-11T02:48:21.453000,1.161572,54.92457,0.284,0
2022-05-11T02:48:22.397000,1.151529,54.981549,0.286,0
2022-05-11T02:48:23.340000,1.14147,55.038527,0.241,0
2022-05-11T02:48:24.284000,1.131393,55.095504,0.223,0
2022-05-11T02:48:25.227000,1.121298,55.15248,0.241,0
2022-05-11T02:48:26.170000,1.111186,55.209455,0.212,0
2022-05-11T02:48:27.114000,1.101056,55.266429,0.186,0
2022-05-11T02:48:28.057000,1.090908,55.323402,0.196,0
2022-05-11T02:48:29.001000,1.080743,55.380375,0.169,0
2022-05-11T02:48:29.944000,1.07056,55.437346,0.182,0
2022-05-11T02:48:30.888000,1.060359,55.494317,0.139,0
2022-05-11T02:48:31.831000,1.050139,55.551286,0.154,0
2022-05-11T02:48:32.775000,1.039902,55.608255,0.15,0
2022-05-11T02:48:33.718000,1.029646,55.665222,0.129,0
2022-05-11T02:48:34.661000,1.019372,55.722189,0.15,0
2022-05-11T02:48:35.605000,1.00908,55.779155,0.112,0
2022-05-11T02:48:36.548000,0.998769,55.83612,0.111,0
2022-05-11T02:48:37.492000,0.988439,55.893084,0.102,0
2022-05-11T02:48:38.435000,0.978091,55.950047,0.094,0
2022-05-11T14:42:16.323000,8.134881,55.479501,-0.195,1
2022-05-11T14:42:17.267000,8.124693,55.422602,-0.205,1
2022-05-11T14:42:18.210000,8.114524,55.365701,-0.226,0
2022-05-11T14:42:19.154000,8.104372,55.3088,-0.223,0
2022-05-11T14:42:20.097000,8.094238,55.251897,-0.22,0
2022-05-11T14:42:21.041000,8.084121,55.194994,-0.232,0
2022-05-11T14:42:21.984000,8.074022,55.13809,-0.247,0
2022-05-11T14:42:22.927000,8.063941,55.081185,-0.252,0
2022-05-11T14:42:23.871000,8.053877,55.02428,-0.235,0
2022-05-11T14:42:24.814000,8.04383,54.967373,-0.274,0
2022-05-11T14:42:25.758000,8.033801,54.910466,-0.247,0
2022-05-11T14:42:26.701000,8.023788,54.853558,-0.235,0
2022-05-11T14:42:27.645000,8.013793,54.796649,-0.259,0
2022-05-11T14:42:28.588000,8.003815,54.739739,-0.265,0
2022-05-11T14:42:29.532000,7.993853,54.682829,-0.27,0
2022-05-11T14:42:30.475000,7.983909,54.625918,-0.27,0
2022-05-11T14:42:31.418000,7.973981,54.569005,-0.29,0
2022-05-11T14:42:32.362000,7.964069,54.512092,-0.277,0
2022-05-11T14:42:33.305000,7.954175,54.455179,-0.273,0
2022-05-11T14:42:34.249000,7.944296,54.398264,-0.259,0
2022-05-11T14:42:35.192000,7.934435,54.341348,-0.208,0
2022-05-11T14:42:36.136000,7.924589,54.284432,-0.194,1
2022-05-11T14:42:38.966000,7.89515,54.113679,-0.119,1
2022-05-11T14:42:39.909000,7.885369,54.056759,-0.081,1
2022-05-11T14:42:40.853000,7.875604,53.999839,-0.079,0
2022-05-11T14:42:41.796000,7.865855,53.942918,-0.067,0
2022-05-11T14:42:42.740000,7.856121,53.885996,-0.01,1
2022-05-13T02:45:06.083000,0.963526,49.969389,-2.849,1
2022-05-13T02:45:07.026000,0.954711,50.026439,-2.792,1
2022-05-13T02:45:07.970000,0.945885,50.083489,-2.754,0
2022-05-13T02:45:08.913000,0.937047,50.140538,-2.729,0
2022-05-13T02:45:09.857000,0.928198,50.197587,-2.717,0
2022-05-13T02:45:10.800000,0.919336,50.254634,-2.692,0
2022-05-13T02:45:11.743000,0.910463,50.311681,-2.653,0
2022-05-13T02:45:12.687000,0.901579,50.368727,-2.647,0
2022-05-13T02:45:13.630000,0.892682,50.425772,-2.598,0
2022-05-13T02:45:14.574000,0.883774,50.482816,-2.564,0
2022-05-13T02:45:15.517000,0.874853,50.539859,-2.545,0
2022-05-13T02:45:16.461000,0.865921,50.596901,-2.52,0
2022-05-13T02:45:17.404000,0.856976,50.653943,-2.5,0
2022-05-13T02:45:18.347000,0.84802,50.710984,-2.481,0
2022-05-13T02:45:19.291000,0.839051,50.768023,-2.478,0
2022-05-13T02:45:20.234000,0.83007,50.825062,-2.45,1
2022-05-13T02:45:21.178000,0.821077,50.8821,-2.425,1
2022-05-13T02:45:57.028000,0.469661,53.0489,1.693,1
2022-05-13T02:45:57.972000,0.460143,53.105904,1.662,1
2022-05-13T02:45:58.915000,0.45061,53.162907,1.645,1
2022-05-13T02:45:59.859000,0.441062,53.219909,1.719,1
2022-05-13T02:46:00.802000,0.431499,53.27691,1.79,1
2022-05-13T02:46:01.746000,0.421922,53.33391,1.811,1
2022-05-13T02:46:02.689000,0.412329,53.39091,1.803,1
2022-05-13T02:46:03.632000,0.402721,53.447908,1.798,1
2022-05-13T02:46:04.576000,0.393098,53.504906,1.8,1
2022-05-13T02:46:05.519000,0.38346,53.561902,1.797,0
2022-05-13T02:46:06.463000,0.373806,53.618898,1.802,1
2022-05-13T02:46:07.406000,0.364137,53.675893,1.74,0
2022-05-13T02:46:08.350000,0.354453,53.732887,1.713,0
2022-05-13T02:46:09.293000,0.344753,53.78988,1.674,0
2022-05-13T02:46:10.236000,0.335037,53.846872,1.636,0
2022-05-13T02:46:11.180000,0.325306,53.903863,1.59,0
2022-05-13T02:46:12.123000,0.315559,53.960853,1.542,0
2022-05-13T02:46:13.067000,0.305796,54.017843,1.518,0
2022-05-13T02:46:14.010000,0.296017,54.074831,1.493,0
2022-05-13T02:46:14.954000,0.286222,54.131818,1.444,0
2022-05-13T02:46:15.897000,0.276412,54.188805,1.381,0
2022-05-13T02:46:16.841000,0.266585,54.245791,1.346,0
2022-05-13T02:46:17.784000,0.256741,54.302775,1.361,0
2022-05-13T02:46:18.727000,0.246882,54.359759,1.299,0
2022-05-13T02:46:19.671000,0.237006,54.416742,1.272,0
2022-05-13T02:46:20.614000,0.227114,54.473724,1.225,0
2022-05-13T02:46:21.558000,0.217205,54.530705,1.185,0
2022-05-13T02:46:22.501000,0.207279,54.587685,1.17,0
2022-05-13T02:46:23.445000,0.197337,54.644665,1.114,0
2022-05-13T02:46:24.388000,0.187378,54.701643,1.099,0
2022-05-13T02:46:25.331000,0.177402,54.75862,1.08,0
2022-05-13T02:46:26.275000,0.167409,54.815597,1.049,0
2022-05-13T02:46:27.218000,0.157399,54.872572,1.05,0
2022-05-13T02:46:28.162000,0.147372,54.929547,1.002,0
2022-05-13T02:46:29.105000,0.137328,54.986521,0.98,0
2022-05-13T02:46:30.049000,0.127267,55.043493,0.948,0
2022-05-13T02:46:30.992000,0.117188,55.100465,0.943,0
2022-05-13T02:46:31.936000,0.107091,55.157436,0.933,0
2022-05-13T02:46:32.879000,0.096978,55.214406,0.91,0
2022-05-13T02:46:33.822000,0.086846,55.271375,0.862,0
2022-05-13T02:46:34.766000,0.076697,55.328343,0.851,0
2022-05-13T02:46:35.709000,0.06653,55.38531,0.826,0
2022-05-13T02:46:36.653000,0.056345,55.442276,0.803,0
2022-05-13T02:46:37.596000,0.046142,55.499242,0.757,0
2022-05-13T02:46:38.540000,0.035921,55.556206,0.732,0
2022-05-13T02:46:39.483000,0.025682,55.613169,0.703,0
2022-05-13T02:46:40.426000,0.015424,55.670132,0.666,0
2022-05-13T02:46:41.370000,0.005148,55.727093,0.649,0
2022-05-13T02:46:42.313000,-0.005146,55.784054,0.641,0
2022-05-13T02:46:43.257000,-0.015459,55.841013,0.626,0
2022-05-13T02:46:44.200000,-0.02579,55.897972,0.58,0
2022-05-13T02:46:45.144000,-0.03614,55.954929,0.522,0
2022-05-13T14:40:15.484000,7.204409,55.936582,0.158,0
2022-05-13T14:40:16.428000,7.194073,55.879696,0.168,0
2022-05-13T14:40:17.371000,7.183756,55.822809,0.162,0
2022-05-13T14:40:18.315000,7.173458,55.765922,0.165,0
2022-05-13T14:40:19.258000,7.163178,55.709033,0.159,0
2022-05-13T14:40:20.202000,7.152917,55.652143,0.168,0
2022-05-13T14:40:21.145000,7.142674,55.595253,0.136,0
2022-05-13T14:40:22.088000,7.132449,55.538362,0.117,0
2022-05-13T14:40:23.032000,7.122242,55.48147,0.14,0
2022-05-13T14:40:23.975000,7.112054,55.424577,0.106,0
2022-05-13T14:40:24.919000,7.101883,55.367684,0.086,0
2022-05-13T14:40:25.862000,7.09173,55.310789,0.064,0
2022-05-13T14:40:26.806000,7.081594,55.253894,0.065,0
2022-05-13T14:40:27.749000,7.071477,55.196998,0.036,0
2022-05-13T14:40:28.693000,7.061377,55.1401,0.006,0
2022-05-13T14:40:29.636000,7.051294,55.083203,-0.009,0
2022-05-13T14:40:30.579000,7.041229,55.026304,-0.026,0
2022-05-13T14:40:31.523000,7.031181,54.969404,-0.051,0
2022-05-13T14:40:32.466000,7.021151,54.912504,-0.107,0
2022-05-13T14:40:33.410000,7.011137,54.855603,-0.132,0
2022-05-13T14:40:34.353000,7.001141,54.798701,-0.168,0
2022-05-13T14:40:35.297000,6.991161,54.741798,-0.15,0
2022-05-13T14:40:36.240000,6.981199,54.684894,-0.203,0
2022-05-13T14:40:37.183000,6.971253,54.62799,-0.212,0
2022-05-13T14:40:38.127000,6.961324,54.571085,-0.237,0
2022-05-13T14:40:39.070000,6.951412,54.514179,-0.283,0
2022-05-13T14:40:40.014000,6.941516,54.457272,-0.319,0
2022-05-13T14:40:40.957000,6.931636,54.400364,-0.316,0
2022-05-13T14:40:41.901000,6.921774,54.343455,-0.364,0
2022-05-13T14:40:42.844000,6.911927,54.286546,-0.401,0
2022-05-13T14:40:43.788000,6.902097,54.229636,-0.397,0
2022-05-13T14:40:44.731000,6.892282,54.172725,-0.433,0
2022-05-13T14:40:45.674000,6.882484,54.115813,-0.459,0
2022-05-13T14:40:46.618000,6.872702,54.0589,-0.48,0
2022-05-13T14:40:47.561000,6.862936,54.001987,-0.498,0
2022-05-13T14:40:48.505000,6.853186,53.945072,-0.523,0
2022-05-13T14:40:49.448000,6.843451,53.888157,-0.536,0
2022-05-13T14:40:50.392000,6.833732,53.831242,-0.529,0
2022-05-13T14:40:51.335000,6.824029,53.774325,-0.536,1
2022-05-13T14:40:52.278000,6.814342,53.717407,-0.516,1
2022-05-15T02:43:09.017000,-0.016855,49.753439,-2.996,1
2022-05-15T02:43:09.961000,-0.025628,49.810488,-2.938,0
2022-05-15T02:43:10.904000,-0.034412,49.867535,-2.894,0
2022-05-15T02:43:11.848000,-0.043208,49.924583,-2.818,0
2022-05-15T02:43:12.791000,-0.052015,49.981629,-2.726,0
2022-05-15T02:43:13.735000,-0.060834,50.038674,-2.657,0
2022-05-15T02:43:14.678000,-0.069664,50.095719,-2.586,0
2022-05-15T02:43:15.622000,-0.078506,50.152762,-2.496,0
2022-05-15T02:43:16.565000,-0.08736,50.209805,-2.467,0
2022-05-15T02:43:17.508000,-0.096225,50.266847,-2.396,0
2022-05-15T02:43:18.452000,-0.105102,50.323888,-2.319,0
2022-05-15T02:43:19.395000,-0.113991,50.380929,-2.25,0
2022-05-15T02:43:20.339000,-0.122892,50.437968,-2.161,0
2022-05-15T02:43:21.282000,-0.131804,50.495006,-2.127,0
2022-05-15T02:43:22.226000,-0.140729,50.552044,-2.08,0
2022-05-15T02:43:23.169000,-0.149665,50.609081,-2.013,0
2022-05-15T02:43:24.112000,-0.158614,50.666117,-1.967,0
2022-05-15T02:43:25.056000,-0.167575,50.723152,-1.938,1
2022-05-15T02:44:30.153000,-0.818584,54.656435,1.997,1
2022-05-15T02:44:31.097000,-0.828549,54.713407,1.949,0
2022-05-15T02:44:32.040000,-0.83853,54.770379,1.903,0
2022-05-15T02:44:32.983000,-0.848528,54.827349,1.869,0
2022-05-15T02:44:33.927000,-0.858543,54.884319,1.843,0
2022-05-15T02:44:34.870000,-0.868576,54.941287,1.791,0
2022-05-15T02:44:35.814000,-0.878625,54.998255,1.784,0
2022-05-15T02:44:36.757000,-0.888692,55.055222,1.76,0
2022-05-15T02:44:38.644000,-0.908879,55.169152,1.757,0
2022-05-15T02:44:40.531000,-0.929135,55.283079,1.675,0
2022-05-15T02:44:41.474000,-0.93929,55.340041,1.622,0
2022-05-15T02:44:42.418000,-0.949462,55.397003,1.594,0
2022-05-15T02:44:43.361000,-0.959653,55.453963,1.569,0
2022-05-15T02:44:44.305000,-0.969862,55.510922,1.526,0
2022-05-15T02:44:45.248000,-0.980088,55.56788,1.507,0
2022-05-15T02:44:46.192000,-0.990333,55.624837,1.489,0
2022-05-15T02:44:47.135000,-1.000596,55.681794,1.463,0
2022-05-15T02:44:48.078000,-1.010878,55.738749,1.431,0
2022-05-15T02:44:49.022000,-1.021178,55.795704,1.395,0
2022-05-15T02:44:49.965000,-1.031497,55.852657,1.332,0
2022-05-15T02:44:50.909000,-1.041834,55.90961,1.327,0
2022-05-15T02:44:51.852000,-1.05219,55.966561,1.305,0
2022-05-15T14:38:22.193000,6.191722,55.931704,0.101,0
2022-05-15T14:38:23.136000,6.181386,55.874825,0.075,0
2022-05-15T14:38:24.080000,6.171069,55.817944,0.032,0
2022-05-15T14:38:25.023000,6.16077,55.761063,0.017,0
2022-05-15T14:38:25.967000,6.150489,55.704181,-0.055,0
2022-05-15T14:38:26.910000,6.140227,55.647298,-0.029,0
2022-05-15T14:38:27.854000,6.129983,55.590414,-0.031,0
2022-05-15T14:38:28.797000,6.119757,55.533529,-0.059,0
2022-05-15T14:38:29.740000,6.10955,55.476644,-0.062,0
2022-05-15T14:38:30.684000,6.09936,55.419757,-0.099,0
2022-05-15T14:38:31.627000,6.089188,55.36287,-0.11,0
2022-05-15T14:38:32.571000,6.079035,55.305982,-0.151,0
2022-05-15T14:38:34.458000,6.05878,55.192204,-0.2,0
2022-05-15T14:38:35.401000,6.048679,55.135313,-0.183,0
2022-05-15T14:38:36.344000,6.038596,55.078422,-0.249,0
2022-05-15T14:38:37.288000,6.02853,55.021529,-0.288,0
2022-05-15T14:38:38.231000,6.018481,54.964636,-0.317,0
2022-05-15T14:38:39.175000,6.00845,54.907742,-0.338,0
2022-05-15T14:38:40.118000,5.998435,54.850848,-0.333,0
2022-05-15T14:38:41.062000,5.988438,54.793952,-0.354,0
2022-05-15T14:38:42.005000,5.978458,54.737056,-0.395,0
2022-05-15T14:38:42.948000,5.968494,54.680159,-0.442,0
2022-05-15T14:38:43.892000,5.958548,54.623261,-0.473,0
2022-05-15T14:38:44.835000,5.948618,54.566362,-0.509,0
2022-05-15T14:38:45.779000,5.938705,54.509462,-0.55,0
2022-05-15T14:38:46.722000,5.928808,54.452561,-0.589,0
2022-05-15T14:38:47.666000,5.918928,54.39566,-0.635,0
2022-05-15T14:38:48.609000,5.909064,54.338758,-0.687,0
2022-05-15T14:38:49.553000,5.899217,54.281855,-0.727,0
2022-05-15T14:38:50.496000,5.889386,54.224951,-0.768,0
2022-05-15T14:38:51.439000,5.87957,54.168046,-0.811,0
2022-05-15T14:38:52.383000,5.869771,54.111141,-0.851,0
2022-05-15T14:38:53.326000,5.859989,54.054235,-0.9,0
2022-05-15T14:38:54.270000,5.850222,53.997328,-0.905,0
2022-05-15T14:38:55.213000,5.84047,53.94042,-0.928,0
2022-05-15T14:38:56.157000,5.830735,53.883511,-0.965,0
2022-05-15T14:38:57.100000,5.821015,53.826602,-1.001,0
2022-05-15T14:38:58.043000,5.811311,53.769691,-1.024,0
2022-05-15T14:38:58.987000,5.801623,53.71278,-1.08,0
2022-05-15T14:38:59.930000,5.79195,53.655868,-1.122,0
2022-05-15T14:39:00.874000,5.782292,53.598955,-1.146,0
2022-05-15T14:39:01.817000,5.77265,53.542042,-1.166,1
2022-05-17T02:41:15.726000,-1.033264,49.772792,-2.256,0
2022-05-17T02:41:19.500000,-1.068448,50.000957,-1.797,0
2022-05-17T02:41:20.443000,-1.077273,50.057997,-1.561,0
2022-05-17T02:41:21.387000,-1.08611,50.115035,-1.428,0
2022-05-17T02:41:22.330000,-1.094958,50.172072,-1.383,0
2022-05-17T02:41:23.273000,-1.103817,50.229109,-1.269,0
2022-05-17T02:41:24.217000,-1.112689,50.286144,-1.016,0
2022-05-17T02:41:25.160000,-1.121572,50.343179,-0.933,0
2022-05-17T02:41:26.104000,-1.130467,50.400213,-0.788,0
2022-05-17T02:41:27.047000,-1.139374,50.457246,-0.687,0
2022-05-17T02:41:27.991000,-1.148293,50.514278,-0.587,1
2022-05-17T02:42:57.617000,-2.059035,55.928262,2.196,1
2022-05-17T02:42:58.561000,-2.0694,55.985206,2.142,1
2022-05-17T14:36:27.958000,5.18894,55.976801,0.015,0
2022-05-17T14:36:28.901000,5.178586,55.919928,-0.006,0
2022-05-17T14:36:29.845000,5.168251,55.863055,0.008,0
2022-05-17T14:36:30.788000,5.157934,55.80618,-0.01,0
2022-05-17T14:36:31.732000,5.147636,55.749305,-0.01,0
2022-05-17T14:36:32.675000,5.137357,55.692429,-0.04,0
2022-05-17T14:36:33.619000,5.127096,55.635551,-0.057,0
2022-05-17T14:36:34.562000,5.116853,55.578674,-0.063,0
2022-05-17T14:36:35.505000,5.106628,55.521795,-0.086,0
2022-05-17T14:36:36.449000,5.096421,55.464915,-0.088,0
2022-05-17T14:36:37.392000,5.086233,55.408035,-0.132,0
2022-05-17T14:36:38.336000,5.076062,55.351153,-0.131,0
2022-05-17T14:36:39.279000,5.065909,55.294271,-0.173,0
2022-05-17T14:36:40.223000,5.055774,55.237388,-0.164,0
2022-05-17T14:36:41.166000,5.045657,55.180504,-0.186,0
2022-05-17T14:36:42.109000,5.035557,55.12362,-0.205,0
2022-05-17T14:36:43.053000,5.025474,55.066734,-0.239,0
2022-05-17T14:36:43.996000,5.015409,55.009848,-0.252,0
2022-05-17T14:36:44.940000,5.005361,54.952961,-0.257,0
2022-05-17T14:36:45.883000,4.99533,54.896073,-0.272,0
2022-05-17T14:36:46.827000,4.985317,54.839184,-0.323,0
2022-05-17T14:36:47.770000,4.975321,54.782294,-0.34,0
2022-05-17T14:36:48.714000,4.965341,54.725404,-0.363,0
2022-05-17T14:36:49.657000,4.955379,54.668512,-0.371,0
2022-05-17T14:36:50.600000,4.945433,54.61162,-0.436,0
2022-05-17T14:36:51.544000,4.935504,54.554727,-0.46,0
2022-05-17T14:36:52.487000,4.925591,54.497833,-0.486,0
2022-05-17T14:36:53.431000,4.915695,54.440938,-0.498,0
2022-05-17T14:36:54.374000,4.905816,54.384043,-0.538,0
2022-05-17T14:36:55.318000,4.895953,54.327146,-0.564,0
2022-05-17T14:36:56.261000,4.886106,54.270249,-0.627,0
2022-05-17T14:36:57.204000,4.876276,54.213351,-0.658,0
2022-05-17T14:36:58.148000,4.866461,54.156452,-0.681,0
2022-05-17T14:36:59.091000,4.856663,54.099553,-0.739,0
2022-05-17T14:37:00.035000,4.846881,54.042652,-0.736,0
2022-05-17T14:37:00.978000,4.837114,53.985751,-0.805,0
2022-05-17T14:37:01.922000,4.827364,53.928849,-0.821,0
2022-05-17T14:37:02.865000,4.817629,53.871946,-0.838,0
2022-05-17T14:37:03.809000,4.80791,53.815042,-0.89,0
2022-05-17T14:37:04.752000,4.798206,53.758138,-0.907,0
2022-05-17T14:37:05.695000,4.788518,53.701232,-0.938,0
2022-05-17T14:37:06.639000,4.778846,53.644326,-0.972,0
2022-05-17T14:37:07.582000,4.769189,53.587419,-1.004,0
2022-05-17T14:37:08.526000,4.759547,53.530511,-1.038,0
2022-05-17T14:37:09.469000,4.749921,53.473602,-1.066,0
2022-05-17T14:37:10.413000,4.74031,53.416693,-1.066,0
2022-05-17T14:37:11.356000,4.730713,53.359783,-1.097,0
2022-05-17T14:37:12.299000,4.721132,53.302872,-1.134,1
2022-05-17T14:37:13.243000,4.711566,53.24596,-0.944,1
2022-05-17T14:37:14.186000,4.702015,53.189047,-0.916,1
2022-05-17T14:37:15.130000,4.692478,53.132134,-0.823,1
2022-05-19T02:39:22.434000,-2.049397,49.799301,-2.408,1
2022-05-19T02:39:23.378000,-2.058182,49.856337,-2.22,0
2022-05-19T02:39:24.321000,-2.066979,49.913372,-2.024,0
2022-05-19T02:39:25.265000,-2.075787,49.970406,-1.838,0
2022-05-19T02:39:26.208000,-2.084607,50.027439,-1.698,0
2022-05-19T02:39:27.152000,-2.093438,50.084471,-1.546,0
2022-05-19T02:39:28.095000,-2.102281,50.141503,-1.411,0
2022-05-19T02:39:29.039000,-2.111136,50.198533,-1.26,0
2022-05-19T02:39:29.982000,-2.120002,50.255563,-1.14,0
2022-05-19T02:39:30.925000,-2.12888,50.312592,-1.059,0
2022-05-19T02:39:31.869000,-2.13777,50.36962,-0.928,0
2022-05-19T02:39:32.812000,-2.146672,50.426647,-0.79,0
2022-05-19T02:39:33.756000,-2.155585,50.483673,-0.669,1
2022-05-19T02:39:34.699000,-2.164511,50.540698,-0.583,1
2022-05-19T14:34:34.666000,4.174579,55.957686,0.02,0
2022-05-19T14:34:35.610000,4.16423,55.900819,0.002,0
2022-05-19T14:34:36.553000,4.1539,55.84395,-0.085,0
2022-05-19T14:34:37.497000,4.143589,55.787081,0.043,0
2022-05-19T14:34:38.440000,4.133296,55.730211,0.022,0
2022-05-19T14:34:39.384000,4.123022,55.67334,-0.048,0
2022-05-19T14:34:40.327000,4.112766,55.616468,-0.041,0
2022-05-19T14:34:41.270000,4.102528,55.559595,-0.036,0
2022-05-19T14:34:42.214000,4.092308,55.502721,-0.083,0
2022-05-19T14:34:43.157000,4.082106,55.445847,-0.198,0
2022-05-19T14:34:44.101000,4.071923,55.388971,-0.007,0
2022-05-19T14:34:45.044000,4.061757,55.332095,-0.004,0
2022-05-19T14:34:45.988000,4.051609,55.275218,-0.169,0
2022-05-19T14:34:46.931000,4.041479,55.21834,-0.202,0
2022-05-19T14:34:47.875000,4.031366,55.161461,-0.169,0
2022-05-19T14:34:48.818000,4.021271,55.104582,-0.198,0
2022-05-19T14:34:49.761000,4.011193,55.047701,-0.222,0
2022-05-19T14:34:50.705000,4.001132,54.99082,-0.217,0
2022-05-19T14:34:51.648000,3.991089,54.933938,-0.246,0
2022-05-19T14:34:52.592000,3.981063,54.877055,-0.215,0
2022-05-19T14:34:53.535000,3.971055,54.820171,-0.244,0
2022-05-19T14:34:54.479000,3.961063,54.763286,-0.245,0
2022-05-19T14:34:55.422000,3.951088,54.706401,-0.277,0
2022-05-19T14:34:56.365000,3.94113,54.649515,-0.303,0
2022-05-19T14:34:57.309000,3.931189,54.592627,-0.341,0
2022-05-19T14:34:58.252000,3.921264,54.535739,-0.357,0
2022-05-19T14:34:59.196000,3.911356,54.478851,-0.373,0
2022-05-19T14:35:00.139000,3.901465,54.421961,-0.396,0
2022-05-19T14:35:01.083000,3.89159,54.36507,-0.436,0
2022-05-19T14:35:02.026000,3.881731,54.308179,-0.471,0
2022-05-19T14:35:02.970000,3.871889,54.251287,-0.509,0
2022-05-19T14:35:03.913000,3.862062,54.194394,-0.533,0
2022-05-19T14:35:04.856000,3.852252,54.1375,-0.569,0
2022-05-19T14:35:05.800000,3.842458,54.080605,-0.563,0
2022-05-19T14:35:06.743000,3.83268,54.02371,-0.606,0
2022-05-19T14:35:07.687000,3.822918,53.966814,-0.587,0
2022-05-19T14:35:08.630000,3.813172,53.909916,-0.624,0
2022-05-19T14:35:09.574000,3.803442,53.853018,-0.651,0
2022-05-19T14:35:10.517000,3.793727,53.79612,-0.683,0
2022-05-19T14:35:11.460000,3.784027,53.73922,-0.705,0
2022-05-19T14:35:12.404000,3.774344,53.682319,-0.713,0
2022-05-19T14:35:13.347000,3.764675,53.625418,-0.738,0
2022-05-19T14:35:14.291000,3.755022,53.568516,-0.751,0
2022-05-19T14:35:15.234000,3.745385,53.511613,-0.742,0
2022-05-19T14:35:16.178000,3.735762,53.45471,-0.761,0
2022-05-19T14:35:17.121000,3.726155,53.397805,-0.795,0
2022-05-19T14:35:18.065000,3.716563,53.3409,-0.805,0
2022-05-19T14:35:19.008000,3.706986,53.283994,-0.78,0
2022-05-19T14:35:19.951000,3.697424,53.227086,-0.771,0
2022-05-19T14:35:20.895000,3.687876,53.170179,-0.772,0
2022-05-19T14:35:21.838000,3.678344,53.11327,-0.726,0
2022-05-19T14:35:22.782000,3.668826,53.056361,-0.64,0
2022-05-19T14:35:23.725000,3.659323,52.99945,-0.645,0
2022-05-19T14:35:24.669000,3.649834,52.942539,-0.608,0
2022-05-19T14:35:25.612000,3.64036,52.885628,-0.546,0
2022-05-19T14:35:26.555000,3.630901,52.828715,-0.479,0
2022-05-19T14:35:27.499000,3.621455,52.771801,-0.45,0
2022-05-19T14:35:28.442000,3.612025,52.714887,-0.379,0
2022-05-19T14:35:29.386000,3.602608,52.657972,-0.299,0
2022-05-19T14:35:30.329000,3.593206,52.601056,-0.244,0
2022-05-19T14:35:31.273000,3.583817,52.54414,-0.17,0
2022-05-19T14:35:32.216000,3.574443,52.487222,-0.068,0
2022-05-19T14:35:33.159000,3.565083,52.430304,0.04,0
2022-05-19T14:35:34.103000,3.555737,52.373385,0.139,0
2022-05-19T14:35:35.046000,3.546404,52.316465,0.254,0
2022-05-19T14:35:35.990000,3.537085,52.259544,0.371,0
2022-05-19T14:35:36.933000,3.527781,52.202623,0.506,0
2022-05-19T14:35:37.877000,3.518489,52.1457,0.625,0
2022-05-19T14:35:38.820000,3.509212,52.088777,0.73,0
2022-05-19T14:35:39.764000,3.499948,52.031853,0.84,0
2022-05-19T14:35:40.707000,3.490697,51.974929,0.984,0
2022-05-19T14:35:41.650000,3.48146,51.918003,1.181,0
2022-05-19T14:35:42.594000,3.472236,51.861077,1.306,0
2022-05-19T14:35:44.481000,3.453829,51.747222,1.601,0
2022-05-19T14:35:45.424000,3.444645,51.690294,1.713,1
2022-05-19T14:35:46.368000,3.435474,51.633364,1.972,1
2022-05-19T14:35:49.198000,3.408039,51.462571,2.438,1
2022-05-21T14:32:41.375000,3.158662,55.930479,-0.243,0
2022-05-21T14:32:42.318000,3.148324,55.873616,-0.26,0
2022-05-21T14:32:43.262000,3.138003,55.816752,-0.296,0
2022-05-21T14:32:44.205000,3.127702,55.759887,-0.268,0
2022-05-21T14:32:45.149000,3.117419,55.703021,-0.293,0
2022-05-21T14:32:46.092000,3.107154,55.646154,-0.302,0
2022-05-21T14:32:47.036000,3.096907,55.589286,-0.288,0
2022-05-21T14:32:47.979000,3.086679,55.532417,-0.345,0
2022-05-21T14:32:48.922000,3.076469,55.475548,-0.345,0
2022-05-21T14:32:49.866000,3.066277,55.418677,-0.338,0
2022-05-21T14:32:50.809000,3.056103,55.361806,-0.346,0
2022-05-21T14:32:51.753000,3.045946,55.304934,-0.377,0
2022-05-21T14:32:52.696000,3.035808,55.248061,-0.364,0
2022-05-21T14:32:53.640000,3.025687,55.191188,-0.377,0
2022-05-21T14:32:54.583000,3.015583,55.134313,-0.386,0
2022-05-21T14:32:55.526000,3.005497,55.077437,-0.373,0
2022-05-21T14:32:56.470000,2.995429,55.020561,-0.419,0
2022-05-21T14:32:57.413000,2.985378,54.963684,-0.421,0
2022-05-21T14:32:58.357000,2.975344,54.906806,-0.413,0
2022-05-21T14:32:59.300000,2.965327,54.849927,-0.385,0
2022-05-21T14:33:00.244000,2.955327,54.793047,-0.423,0
2022-05-21T14:33:01.187000,2.945344,54.736167,-0.392,0
2022-05-21T14:33:02.130000,2.935378,54.679285,-0.398,0
2022-05-21T14:33:03.074000,2.925429,54.622403,-0.379,0
2022-05-21T14:33:04.017000,2.915497,54.56552,-0.406,0
2022-05-21T14:33:04.961000,2.905581,54.508636,-0.421,0
2022-05-21T14:33:05.904000,2.895682,54.451752,-0.406,0
2022-05-21T14:33:06.848000,2.885799,54.394866,-0.421,0
2022-05-21T14:33:07.791000,2.875933,54.337979,-0.394,0
2022-05-21T14:33:08.735000,2.866083,54.281092,-0.388,0
2022-05-21T14:33:09.678000,2.856249,54.224204,-0.41,0
2022-05-21T14:33:10.621000,2.846431,54.167315,-0.403,0
2022-05-21T14:33:11.565000,2.83663,54.110425,-0.381,0
2022-05-21T14:33:12.508000,2.826844,54.053535,-0.41,0
2022-05-21T14:33:13.452000,2.817075,53.996643,-0.409,0
2022-05-21T14:33:14.395000,2.807321,53.939751,-0.398,0
2022-05-21T14:33:15.339000,2.797583,53.882858,-0.352,0
2022-05-21T14:33:16.282000,2.787861,53.825964,-0.349,0
2022-05-21T14:33:17.225000,2.778154,53.769069,-0.319,0
2022-05-21T14:33:18.169000,2.768463,53.712173,-0.292,0
2022-05-21T14:33:19.112000,2.758788,53.655277,-0.295,0
2022-05-21T14:33:20.056000,2.749127,53.59838,-0.242,0
2022-05-21T14:33:20.999000,2.739483,53.541482,-0.236,0
2022-05-21T14:33:21.943000,2.729853,53.484583,-0.222,0
2022-05-21T14:33:22.886000,2.720239,53.427683,-0.193,0
2022-05-21T14:33:23.830000,2.710639,53.370782,-0.198,0
2022-05-21T14:33:24.773000,2.701055,53.313881,-0.188,0
2022-05-21T14:33:25.716000,2.691486,53.256979,-0.154,0
2022-05-21T14:33:26.660000,2.681932,53.200076,-0.132,0
2022-05-21T14:33:27.603000,2.672392,53.143172,-0.083,0
2022-05-21T14:33:28.547000,2.662867,53.086267,-0.089,0
2022-05-21T14:33:29.490000,2.653357,53.029362,-0.026,0
2022-05-21T14:33:30.434000,2.643862,52.972456,-0.005,0
2022-05-21T14:33:31.377000,2.634381,52.915548,0.03,0
2022-05-21T14:33:32.320000,2.624915,52.85864,0.059,0
2022-05-21T14:33:33.264000,2.615463,52.801732,0.085,0
2022-05-21T14:33:34.207000,2.606025,52.744822,0.095,0
2022-05-21T14:33:35.151000,2.596602,52.687912,0.146,0
2022-05-21T14:33:36.094000,2.587193,52.631001,0.193,0
2022-05-21T14:33:37.038000,2.577798,52.574089,0.226,0
2022-05-21T14:33:37.981000,2.568417,52.517176,0.251,0
2022-05-21T14:33:38.925000,2.55905,52.460262,0.32,0
2022-05-21T14:33:39.868000,2.549697,52.403348,0.35,0
2022-05-21T14:33:40.811000,2.540358,52.346433,0.389,0
2022-05-21T14:33:41.755000,2.531033,52.289517,0.411,0
2022-05-21T14:33:42.698000,2.521722,52.2326,0.465,0
2022-05-21T14:33:43.642000,2.512424,52.175682,0.492,0
2022-05-21T14:33:44.585000,2.50314,52.118764,0.535,0
2022-05-21T14:33:45.529000,2.49387,52.061845,0.574,0
2022-05-21T14:33:46.472000,2.484613,52.004925,0.61,0
2022-05-21T14:33:47.415000,2.47537,51.948004,0.671,0
2022-05-21T14:33:48.359000,2.466139,51.891082,0.704,0
2022-05-21T14:33:49.302000,2.456923,51.83416,0.772,0
2022-05-21T14:33:50.246000,2.447719,51.777237,0.829,0
2022-05-21T14:33:51.189000,2.438529,51.720313,0.889,0
2022-05-21T14:33:52.133000,2.429352,51.663388,0.981,0
2022-05-21T14:33:53.076000,2.420188,51.606462,1.049,0
2022-05-21T14:33:54.020000,2.411037,51.549536,1.125,0
2022-05-21T14:33:54.963000,2.401899,51.492608,1.212,0
2022-05-21T14:33:55.906000,2.392774,51.435681,1.309,0
2022-05-21T14:33:56.850000,2.383662,51.378752,1.423,0
2022-05-21T14:33:57.793000,2.374562,51.321822,1.547,0
2022-05-21T14:33:58.737000,2.365476,51.264892,1.657,0
2022-05-21T14:33:59.680000,2.356402,51.207961,1.824,0
2022-05-21T14:34:00.624000,2.347341,51.151029,1.902,1
2022-05-22T01:48:00.107000,8.223324,53.776372,1.074,1
2022-05-22T01:48:01.051000,8.213608,53.833335,1.066,1
2022-05-22T01:48:01.994000,8.203878,53.890298,1.07,1
2022-05-22T01:48:02.937000,8.194131,53.94726,1.181,0
2022-05-22T01:48:03.881000,8.184368,54.004221,1.143,0
2022-05-22T01:48:04.824000,8.17459,54.061181,1.099,0
2022-05-22T01:48:05.768000,8.164796,54.118141,1.066,0
2022-05-22T01:48:06.711000,8.154985,54.175099,1.048,0
2022-05-22T01:48:07.655000,8.145159,54.232056,0.975,0
2022-05-22T01:48:08.598000,8.135316,54.289012,0.916,0
2022-05-22T01:48:09.542000,8.125457,54.345968,0.875,0
2022-05-22T01:48:10.485000,8.115581,54.402922,0.824,0
2022-05-22T01:48:11.428000,8.10569,54.459876,0.789,0
2022-05-22T01:48:12.372000,8.095781,54.516829,0.759,0
2022-05-22T01:48:13.315000,8.085856,54.57378,0.684,1
2022-05-22T01:48:14.259000,8.075914,54.630731,0.651,1
2022-05-22T01:48:15.202000,8.065956,54.687681,0.593,1
2022-05-22T01:48:16.146000,8.055981,54.74463,0.53,1
2022-05-22T01:48:17.089000,8.045989,54.801578,0.48,0
2022-05-22T01:48:18.032000,8.035979,54.858525,0.45,0
2022-05-22T01:48:18.976000,8.025953,54.915471,0.411,0
2022-05-22T01:48:19.919000,8.015909,54.972416,0.365,0
2022-05-22T01:48:20.863000,8.005849,55.02936,0.346,0
2022-05-22T01:48:21.806000,7.995771,55.086303,0.297,0
2022-05-22T01:48:22.750000,7.985675,55.143245,0.277,0
2022-05-22T01:48:23.693000,7.975562,55.200187,0.241,0
2022-05-22T01:48:24.637000,7.965431,55.257127,0.242,0
2022-05-22T01:48:25.580000,7.955283,55.314066,0.199,0
2022-05-22T01:48:26.523000,7.945117,55.371005,0.17,0
2022-05-22T01:48:27.467000,7.934932,55.427942,0.123,0
2022-05-22T01:48:28.410000,7.92473,55.484879,0.123,1
2022-05-22T01:48:29.354000,7.91451,55.541814,0.081,1
2022-05-22T01:48:30.297000,7.904272,55.598749,0.087,1
2022-05-22T01:48:31.241000,7.894016,55.655683,0.087,1
2022-05-22T01:48:32.184000,7.883741,55.712615,0.071,0
2022-05-22T01:48:33.127000,7.873448,55.769547,0.085,0
2022-05-22T01:48:34.071000,7.863136,55.826478,0.061,0
2022-05-22T01:48:35.014000,7.852805,55.883407,0.062,0
2022-05-22T01:48:35.958000,7.842456,55.940336,0.059,0
2022-05-23T14:30:47.140000,2.151932,55.951922,-0.244,0
2022-05-23T14:30:48.083000,2.141588,55.895063,-0.288,0
2022-05-23T14:30:49.027000,2.131262,55.838203,-0.264,0
2022-05-23T14:30:49.970000,2.120955,55.781342,-0.272,0
2022-05-23T14:30:50.914000,2.110666,55.72448,-0.233,0
2022-05-23T14:30:51.857000,2.100396,55.667617,-0.25,0
2022-05-23T14:30:52.801000,2.090144,55.610753,-0.249,0
2022-05-23T14:30:53.744000,2.07991,55.553889,-0.249,0
2022-05-23T14:30:54.687000,2.069695,55.497023,-0.293,0
2022-05-23T14:30:55.631000,2.059497,55.440157,-0.234,0
2022-05-23T14:30:56.574000,2.049317,55.38329,-0.308,0
2022-05-23T14:30:57.518000,2.039156,55.326422,-0.209,0
2022-05-23T14:30:58.461000,2.029012,55.269553,-0.198,0
2022-05-23T14:30:59.405000,2.018886,55.212683,-0.174,0
2022-05-23T14:31:00.348000,2.008777,55.155813,-0.172,0
2022-05-23T14:31:01.291000,1.998686,55.098942,-0.166,0
2022-05-23T14:31:02.235000,1.988612,55.042069,-0.126,0
2022-05-23T14:31:03.178000,1.978555,54.985196,-0.121,0
2022-05-23T14:31:04.122000,1.968516,54.928322,-0.115,0
2022-05-23T14:31:05.065000,1.958494,54.871447,-0.086,0
2022-05-23T14:31:06.009000,1.948489,54.814572,-0.104,0
2022-05-23T14:31:06.952000,1.938501,54.757695,-0.136,0
2022-05-23T14:31:07.896000,1.92853,54.700818,-0.076,0
2022-05-23T14:31:08.839000,1.918576,54.643939,-0.062,0
2022-05-23T14:31:09.782000,1.908639,54.58706,-0.013,0
2022-05-23T14:31:10.726000,1.898718,54.53018,-0.027,0
2022-05-23T14:31:11.669000,1.888814,54.473299,0.009,0
2022-05-23T14:31:12.613000,1.878926,54.416418,0.007,0
2022-05-23T14:31:13.556000,1.869055,54.359535,0.032,0
2022-05-23T14:31:14.500000,1.8592,54.302652,0.06,0
2022-05-23T14:31:15.443000,1.849361,54.245768,0.04,0
2022-05-23T14:31:16.386000,1.839539,54.188883,0.075,0
2022-05-23T14:31:17.330000,1.829732,54.131997,0.144,0
2022-05-23T14:31:18.273000,1.819942,54.07511,0.149,0
2022-05-23T14:31:19.217000,1.810168,54.018223,0.177,0
2022-05-23T14:31:20.160000,1.800409,53.961334,0.214,0
2022-05-23T14:31:21.104000,1.790666,53.904445,0.242,0
2022-05-23T14:31:22.047000,1.780939,53.847555,0.257,0
2022-05-23T14:31:22.991000,1.771228,53.790664,0.289,0
2022-05-23T14:31:23.934000,1.761533,53.733772,0.324,0
2022-05-23T14:31:24.877000,1.751852,53.67688,0.404,0
2022-05-23T14:31:25.821000,1.742188,53.619986,0.501,0
2022-05-23T14:31:26.764000,1.732538,53.563092,0.483,0
2022-05-23T14:31:27.708000,1.722904,53.506197,0.566,0
2022-05-23T14:31:28.651000,1.713285,53.449301,0.445,0
2022-05-23T14:31:31.481000,1.684519,53.278609,0.667,0
2022-05-23T14:31:32.425000,1.67496,53.221709,0.77,0
2022-05-23T14:31:33.368000,1.665416,53.164809,0.717,0
2022-05-23T14:31:34.312000,1.655887,53.107909,0.773,0
2022-05-23T14:31:35.255000,1.646373,53.051007,0.792,0
2022-05-23T14:31:36.199000,1.636873,52.994104,0.799,1
2022-05-23T14:31:37.142000,1.627388,52.937201,0.858,1
2022-05-23T14:31:38.086000,1.617917,52.880297,0.892,1
2022-05-23T14:31:54.124000,1.459071,51.912802,0.415,1
2022-05-23T14:31:55.067000,1.44985,51.855883,0.336,1
2022-05-23T14:31:56.011000,1.440643,51.798963,0.248,1
2022-05-23T14:31:56.954000,1.431449,51.742043,0.18,0
2022-05-23T14:31:57.898000,1.422268,51.685122,0.11,0
2022-05-23T14:31:58.841000,1.4131,51.6282,0.025,0
2022-05-23T14:31:59.785000,1.403945,51.571277,0.023,0
2022-05-23T14:32:00.728000,1.394803,51.514354,0.012,1
2022-05-23T14:32:01.671000,1.385674,51.457429,-0.009,1
2022-05-23T14:32:08.276000,1.322129,51.058936,0.015,1
2022-05-23T14:32:09.219000,1.313102,51.002005,-0.003,1
2022-05-23T14:32:10.162000,1.304087,50.945074,-0.014,0
2022-05-23T14:32:11.106000,1.295084,50.888141,0.028,0
2022-05-23T14:32:12.049000,1.286094,50.831208,0.08,0
2022-05-23T14:32:12.993000,1.277116,50.774274,0.133,0
2022-05-23T14:32:13.936000,1.26815,50.71734,0.194,0
2022-05-23T14:32:14.880000,1.259196,50.660404,0.243,0
2022-05-23T14:32:15.823000,1.250254,50.603468,0.3,0
2022-05-23T14:32:16.766000,1.241325,50.546531,0.384,0
2022-05-23T14:32:17.710000,1.232407,50.489593,0.451,0
2022-05-23T14:32:18.653000,1.223501,50.432654,0.53,0
2022-05-23T14:32:19.597000,1.214607,50.375715,0.609,0
2022-05-23T14:32:20.540000,1.205725,50.318775,0.671,0
2022-05-23T14:32:21.484000,1.196855,50.261834,0.743,0
2022-05-23T14:32:22.427000,1.187996,50.204892,0.822,0
2022-05-23T14:32:23.370000,1.17915,50.147949,0.855,0
2022-05-23T14:32:25.257000,1.161491,50.034062,1.03,1
2022-05-24T01:46:05.872000,7.216253,53.764544,0.412,1
2022-05-24T01:46:06.816000,7.206542,53.821501,0.336,1
2022-05-24T01:46:07.759000,7.196816,53.878456,0.293,0
2022-05-24T01:46:08.703000,7.187074,53.935411,0.241,0
2022-05-24T01:46:09.646000,7.177317,53.992365,0.19,0
2022-05-24T01:46:10.589000,7.167543,54.049318,0.159,0
2022-05-24T01:46:11.533000,7.157754,54.10627,0.115,0
2022-05-24T01:46:12.476000,7.147948,54.163221,0.067,0
2022-05-24T01:46:13.420000,7.138127,54.220172,0.06,0
2022-05-24T01:46:14.363000,7.128289,54.277121,0.019,0
2022-05-24T01:46:15.307000,7.118435,54.334069,0.015,0
2022-05-24T01:46:16.250000,7.108565,54.391017,-0.002,0
2022-05-24T01:46:17.193000,7.098678,54.447963,0.003,0
2022-05-24T01:46:18.137000,7.088775,54.504909,-0.012,0
2022-05-24T01:46:19.080000,7.078855,54.561853,-0.042,0
2022-05-24T01:46:20.024000,7.068918,54.618797,-0.024,0
2022-05-24T01:46:20.967000,7.058965,54.67574,-0.033,0
2022-05-24T01:46:21.911000,7.048995,54.732681,-0.049,0
2022-05-24T01:46:22.854000,7.039008,54.789622,-0.062,0
2022-05-24T01:46:23.798000,7.029004,54.846562,-0.058,0
2022-05-24T01:46:24.741000,7.018983,54.903501,-0.081,0
2022-05-24T01:46:25.684000,7.008944,54.960439,-0.082,0
2022-05-24T01:46:26.628000,6.998889,55.017376,-0.08,0
2022-05-24T01:46:27.571000,6.988816,55.074312,-0.09,0
2022-05-24T01:46:28.515000,6.978726,55.131248,-0.107,0
2022-05-24T01:46:29.458000,6.968618,55.188182,-0.075,0
2022-05-24T01:46:30.402000,6.958493,55.245115,-0.065,0
2022-05-24T01:46:31.345000,6.94835,55.302047,-0.077,0
2022-05-24T01:46:32.288000,6.938189,55.358978,-0.091,0
2022-05-24T01:46:33.232000,6.928011,55.415909,-0.07,0
2022-05-24T01:46:34.175000,6.917814,55.472838,-0.057,0
2022-05-24T01:46:35.119000,6.9076,55.529767,-0.02,0
2022-05-24T01:46:36.062000,6.897367,55.586694,-0.002,0
2022-05-24T01:46:37.006000,6.887116,55.643621,0.006,0
2022-05-24T01:46:37.949000,6.876847,55.700546,-0.007,0
2022-05-24T01:46:38.892000,6.866559,55.757471,0.03,0
2022-05-24T01:46:39.836000,6.856253,55.814395,0.025,0
2022-05-24T01:46:40.779000,6.845928,55.871317,0.026,0
2022-05-24T01:46:41.723000,6.835585,55.928239,0.015,0
2022-05-24T01:46:42.666000,6.825223,55.98516,0.023,0
2022-05-25T14:28:52.905000,1.146733,55.984387,0.149,0
2022-05-25T14:28:53.848000,1.136378,55.927532,0.194,0
2022-05-25T14:28:54.792000,1.126042,55.870675,0.207,0
2022-05-25T14:28:55.735000,1.115725,55.813817,0.239,0
2022-05-25T14:28:56.679000,1.105426,55.756959,0.23,0
2022-05-25T14:28:57.622000,1.095145,55.7001,0.256,0
2022-05-25T14:28:58.566000,1.084883,55.643239,0.28,0
2022-05-25T14:28:59.509000,1.074639,55.586378,0.324,0
2022-05-25T14:29:00.452000,1.064413,55.529516,0.32,0
2022-05-25T14:29:01.396000,1.054206,55.472653,0.323,0
2022-05-25T14:29:02.339000,1.044016,55.415789,0.371,0
2022-05-25T14:29:03.283000,1.033844,55.358925,0.404,0
2022-05-25T14:29:04.226000,1.02369,55.302059,0.418,0
2022-05-25T14:29:05.170000,1.013554,55.245193,0.452,0
2022-05-25T14:29:06.113000,1.003435,55.188326,0.489,0
2022-05-25T14:29:07.057000,0.993334,55.131458,0.506,0
2022-05-25T14:29:08.000000,0.983251,55.074589,0.537,0
2022-05-25T14:29:08.943000,0.973185,55.017719,0.567,0
2022-05-25T14:29:09.887000,0.963136,54.960848,0.587,0
2022-05-25T14:29:10.830000,0.953104,54.903977,0.616,0
2022-05-25T14:29:11.774000,0.94309,54.847105,0.655,0
2022-05-25T14:29:12.717000,0.933092,54.790231,0.686,0
2022-05-25T14:29:13.661000,0.923112,54.733357,0.723,0
2022-05-25T14:29:14.604000,0.913148,54.676482,0.739,0
2022-05-25T14:29:15.547000,0.903201,54.619606,0.77,0
2022-05-25T14:29:16.491000,0.893271,54.56273,0.838,0
2022-05-25T14:29:17.434000,0.883357,54.505852,0.834,0
2022-05-25T14:29:18.378000,0.873461,54.448974,0.886,0
2022-05-25T14:29:19.321000,0.86358,54.392095,0.916,0
2022-05-25T14:29:20.265000,0.853716,54.335214,0.951,0
2022-05-25T14:29:21.208000,0.843868,54.278334,0.986,0
2022-05-25T14:29:22.152000,0.834037,54.221452,1.033,0
2022-05-25T14:29:23.095000,0.824221,54.164569,1.083,0
2022-05-25T14:29:24.038000,0.814422,54.107686,1.098,0
2022-05-25T14:29:24.982000,0.804639,54.050801,1.125,0
2022-05-25T14:29:25.925000,0.794871,53.993916,1.167,0
2022-05-25T14:29:26.869000,0.78512,53.93703,1.199,0
2022-05-25T14:29:27.812000,0.775384,53.880143,1.247,0
2022-05-25T14:29:28.756000,0.765664,53.823256,1.304,0
2022-05-25T14:29:29.699000,0.755959,53.766367,1.351,0
2022-05-25T14:29:30.642000,0.74627,53.709478,1.381,0
2022-05-25T14:29:31.586000,0.736597,53.652587,1.427,0
2022-05-25T14:29:32.529000,0.726939,53.595696,1.492,0
2022-05-25T14:29:33.473000,0.717296,53.538804,1.56,0
2022-05-25T14:29:34.416000,0.707669,53.481912,1.585,0
2022-05-25T14:29:35.360000,0.698056,53.425018,1.66,0
2022-05-25T14:29:36.303000,0.688459,53.368124,1.735,0
2022-05-25T14:29:37.247000,0.678877,53.311228,1.826,0
2022-05-25T14:29:38.190000,0.66931,53.254332,1.863,0
2022-05-25T14:29:39.133000,0.659757,53.197435,1.917,0
2022-05-25T14:29:40.077000,0.65022,53.140538,1.96,0
2022-05-25T14:29:41.020000,0.640697,53.083639,2.015,1
2022-05-25T14:29:41.964000,0.631189,53.02674,2.034,1
2022-05-25T14:30:21.588000,0.244256,50.636227,-1.81,1
2022-05-25T14:30:22.531000,0.235319,50.579293,-1.811,0
2022-05-25T14:30:23.475000,0.226395,50.522357,-1.799,0
2022-05-25T14:30:24.418000,0.217482,50.465421,-1.772,0
2022-05-25T14:30:25.362000,0.208582,50.408485,-1.758,0
2022-05-25T14:30:26.305000,0.199693,50.351547,-1.72,0
2022-05-25T14:30:27.249000,0.190816,50.294609,-1.7,0
2022-05-25T14:30:28.192000,0.181951,50.23767,-1.691,0
2022-05-25T14:30:29.136000,0.173097,50.18073,-1.682,0
2022-05-25T14:30:30.079000,0.164255,50.123789,-1.663,0
2022-05-25T14:30:31.022000,0.155425,50.066848,-1.7,0
2022-05-25T14:30:31.966000,0.146607,50.009906,-1.673,0
2022-05-25T14:30:32.909000,0.137799,49.952963,-1.623,0
2022-05-25T14:30:33.853000,0.129004,49.896019,-1.626,0
2022-05-25T14:30:34.796000,0.120219,49.839074,-1.583,0
2022-05-25T14:30:35.740000,0.111446,49.782129,-1.545,1
2022-05-25T14:30:36.683000,0.102685,49.725183,-1.461,1
2022-05-26T01:44:08.807000,6.239466,53.561172,0.019,1
2022-05-26T01:44:09.750000,6.229811,53.618124,-0.048,1
2022-05-26T01:44:10.694000,6.220141,53.675076,-0.073,0
2022-05-26T01:44:11.637000,6.210455,53.732026,-0.082,0
2022-05-26T01:44:12.581000,6.200754,53.788976,-0.1,0
2022-05-26T01:44:13.524000,6.191037,53.845925,-0.11,0
2022-05-26T01:44:14.468000,6.181305,53.902873,-0.084,0
2022-05-26T01:44:15.411000,6.171557,53.95982,-0.072,0
2022-05-26T01:44:16.354000,6.161793,54.016766,-0.105,0
2022-05-26T01:44:17.298000,6.152013,54.073711,-0.101,0
2022-05-26T01:44:18.241000,6.142217,54.130655,-0.088,0
2022-05-26T01:44:19.185000,6.132405,54.187598,-0.107,0
2022-05-26T01:44:20.128000,6.122577,54.24454,-0.058,0
2022-05-26T01:44:21.072000,6.112733,54.301482,-0.037,0
2022-05-26T01:44:22.015000,6.102872,54.358422,-0.02,0
2022-05-26T01:44:22.958000,6.092995,54.415362,-0.004,0
2022-05-26T01:44:23.902000,6.083102,54.4723,0.004,0
2022-05-26T01:44:24.845000,6.073192,54.529238,0.014,0
2022-05-26T01:44:25.789000,6.063265,54.586174,0.034,0
2022-05-26T01:44:26.732000,6.053322,54.64311,0.035,0
2022-05-26T01:44:27.676000,6.043362,54.700045,0.032,0
2022-05-26T01:44:28.619000,6.033385,54.756979,0.077,0
2022-05-26T01:44:29.563000,6.023391,54.813912,0.059,0
2022-05-26T01:44:30.506000,6.01338,54.870844,0.051,0
2022-05-26T01:44:31.449000,6.003352,54.927775,0.075,0
2022-05-26T01:44:32.393000,5.993307,54.984705,0.057,0
2022-05-26T01:44:33.336000,5.983245,55.041634,0.079,0
2022-05-26T01:44:34.280000,5.973165,55.098562,0.086,0
2022-05-26T01:44:35.223000,5.963068,55.155489,0.11,0
2022-05-26T01:44:36.167000,5.952953,55.212415,0.106,0
2022-05-26T01:44:37.110000,5.94282,55.269341,0.093,0
2022-05-26T01:44:38.053000,5.93267,55.326265,0.091,0
2022-05-26T01:44:38.997000,5.922502,55.383189,0.086,0
2022-05-26T01:44:39.940000,5.912317,55.440111,0.108,0
2022-05-26T01:44:40.884000,5.902113,55.497032,0.123,0
2022-05-26T01:44:41.827000,5.891891,55.553953,0.117,0
2022-05-26T01:44:42.771000,5.881651,55.610873,0.123,0
2022-05-26T01:44:43.714000,5.871393,55.667791,0.117,0
2022-05-26T01:44:44.658000,5.861116,55.724709,0.121,0
2022-05-26T01:44:45.601000,5.850821,55.781626,0.136,0
2022-05-26T01:44:46.544000,5.840508,55.838541,0.146,0
2022-05-26T01:44:47.488000,5.830176,55.895456,0.158,0
2022-05-26T01:44:48.431000,5.819825,55.95237,0.145,0
2022-05-27T14:26:59.613000,0.13331,55.974291,0.861,0
2022-05-27T14:27:00.557000,0.122957,55.917437,0.924,0
2022-05-27T14:27:01.500000,0.112623,55.860583,0.954,0
2022-05-27T14:27:02.444000,0.102307,55.803727,0.988,0
2022-05-27T14:27:03.387000,0.09201,55.746871,1.042,0
2022-05-27T14:27:04.331000,0.081731,55.690014,1.077,0
2022-05-27T14:27:05.274000,0.071471,55.633155,1.115,0
2022-05-27T14:27:06.218000,0.061228,55.576296,1.151,0
2022-05-27T14:27:07.161000,0.051005,55.519436,1.192,0
2022-05-27T14:27:08.104000,0.040799,55.462575,1.247,0
2022-05-27T14:27:09.048000,0.030611,55.405714,1.276,0
2022-05-27T14:27:09.991000,0.020441,55.348851,1.321,0
2022-05-27T14:27:10.935000,0.010289,55.291988,1.358,0
2022-05-27T14:27:11.878000,0.000154,55.235124,1.39,0
2022-05-27T14:27:12.822000,-0.009963,55.178258,1.402,0
2022-05-27T14:27:13.765000,-0.020062,55.121392,1.457,0
2022-05-27T14:27:14.708000,-0.030144,55.064525,1.488,0
2022-05-27T14:27:15.652000,-0.040208,55.007658,1.517,0
2022-05-27T14:27:16.595000,-0.050255,54.950789,1.546,0
2022-05-27T14:27:17.539000,-0.060285,54.893919,1.549,0
2022-05-27T14:27:18.482000,-0.070298,54.837049,1.576,0
2022-05-27T14:27:19.426000,-0.080294,54.780178,1.599,0
2022-05-27T14:27:20.369000,-0.090273,54.723305,1.643,0
2022-05-27T14:27:21.312000,-0.100235,54.666432,1.664,0
2022-05-27T14:27:22.256000,-0.11018,54.609558,1.721,0
2022-05-27T14:27:23.199000,-0.120109,54.552684,1.763,0
2022-05-27T14:27:24.143000,-0.130021,54.495808,1.765,0
2022-05-27T14:27:25.086000,-0.139916,54.438932,1.836,0
2022-05-27T14:27:26.030000,-0.149795,54.382054,1.841,0
2022-05-27T14:27:26.973000,-0.159658,54.325176,1.905,1
2022-05-27T14:27:27.917000,-0.169504,54.268297,1.954,1
2022-05-27T14:27:28.860000,-0.179334,54.211417,2.002,1
2022-05-27T14:28:28.297000,-0.769039,50.626297,-1.542,1
2022-05-27T14:28:29.240000,-0.777974,50.569364,-1.534,0
2022-05-27T14:28:30.183000,-0.786898,50.51243,-1.527,0
2022-05-27T14:28:31.127000,-0.79581,50.455496,-1.54,0
2022-05-27T14:28:32.070000,-0.804709,50.398561,-1.578,0
2022-05-27T14:28:33.014000,-0.813597,50.341624,-1.585,0
2022-05-27T14:28:33.957000,-0.822473,50.284688,-1.612,0
2022-05-27T14:28:34.901000,-0.831337,50.22775,-1.653,0
2022-05-27T14:28:35.844000,-0.84019,50.170811,-1.694,0
2022-05-27T14:28:36.787000,-0.849031,50.113872,-1.718,0
2022-05-27T14:28:37.731000,-0.85786,50.056932,-1.763,0
2022-05-27T14:28:38.674000,-0.866678,49.999991,-1.83,0
2022-05-27T14:28:39.618000,-0.875484,49.94305,-1.9,0
2022-05-27T14:28:40.561000,-0.884279,49.886107,-1.975,0
2022-05-27T14:28:41.505000,-0.893063,49.829164,-2.044,0
2022-05-27T14:28:42.448000,-0.901835,49.77222,-2.116,0
2022-05-27T14:28:43.392000,-0.910596,49.715275,-2.178,0
2022-05-28T01:42:07.968000,5.300636,53.123036,-0.732,1
2022-05-28T01:42:13.629000,5.243174,53.464735,-0.321,1
2022-05-28T01:42:14.572000,5.233544,53.521682,-0.295,1
2022-05-28T01:42:15.515000,5.223899,53.578628,-0.252,0
2022-05-28T01:42:16.459000,5.214238,53.635572,-0.254,0
2022-05-28T01:42:17.402000,5.204562,53.692516,-0.234,0
2022-05-28T01:42:18.346000,5.194871,53.749459,-0.244,0
2022-05-28T01:42:19.289000,5.185164,53.806401,-0.227,0
2022-05-28T01:42:20.233000,5.175442,53.863342,-0.22,0
2022-05-28T01:42:21.176000,5.165703,53.920282,-0.228,0
2022-05-28T01:42:22.119000,5.155949,53.977221,-0.214,0
2022-05-28T01:42:23.063000,5.14618,54.03416,-0.197,0
2022-05-28T01:42:24.006000,5.136394,54.091097,-0.179,0
2022-05-28T01:42:24.950000,5.126592,54.148034,-0.163,0
2022-05-28T01:42:25.893000,5.116774,54.204969,-0.174,0
2022-05-28T01:42:26.837000,5.10694,54.261904,-0.079,0
2022-05-28T01:42:27.780000,5.09709,54.318837,-0.056,0
2022-05-28T01:42:28.724000,5.087223,54.37577,-0.039,0
2022-05-28T01:42:29.667000,5.077341,54.432702,-0.005,0
2022-05-28T01:42:30.610000,5.067441,54.489632,0.053,0
2022-05-28T01:42:31.554000,5.057525,54.546562,0.052,0
2022-05-28T01:42:32.497000,5.047592,54.603491,0.096,0
2022-05-28T01:42:33.441000,5.037643,54.660419,0.089,0
2022-05-28T01:42:34.384000,5.027677,54.717346,0.103,0
2022-05-28T01:42:35.328000,5.017694,54.774272,0.161,0
2022-05-28T01:42:36.271000,5.007694,54.831197,0.185,0
2022-05-28T01:42:37.214000,4.997677,54.888122,0.185,0
2022-05-28T01:42:38.158000,4.987643,54.945045,0.225,0
2022-05-28T01:42:39.101000,4.977591,55.001967,0.235,0
2022-05-28T01:42:40.045000,4.967523,55.058889,0.241,0
2022-05-28T01:42:40.988000,4.957437,55.115809,0.244,0
2022-05-28T01:42:41.932000,4.947333,55.172729,0.258,0
2022-05-28T01:42:42.875000,4.937212,55.229647,0.292,0
2022-05-28T01:42:43.819000,4.927073,55.286565,0.292,0
2022-05-28T01:42:44.762000,4.916917,55.343481,0.283,0
2022-05-28T01:42:45.705000,4.906743,55.400397,0.304,0
2022-05-28T01:42:46.649000,4.89655,55.457312,0.332,0
2022-05-28T01:42:47.592000,4.88634,55.514225,0.321,0
2022-05-28T01:42:48.536000,4.876112,55.571138,0.296,0
2022-05-28T01:42:49.479000,4.865865,55.62805,0.335,0
2022-05-28T01:42:50.423000,4.8556,55.684961,0.355,0
2022-05-28T01:42:51.366000,4.845317,55.741871,0.391,0
2022-05-28T01:42:52.309000,4.835016,55.79878,0.368,0
2022-05-28T01:42:53.253000,4.824696,55.855688,0.402,0
2022-05-28T01:42:54.196000,4.814357,55.912595,0.422,0
2022-05-28T01:42:55.140000,4.803999,55.969501,0.461,0
2022-05-29T14:25:06.322000,-0.880029,55.961233,1.376,0
2022-05-29T14:25:07.265000,-0.89038,55.904381,1.402,0
2022-05-29T14:25:08.209000,-0.900712,55.847527,1.425,0
2022-05-29T14:25:09.152000,-0.911026,55.790673,1.44,0
2022-05-29T14:25:10.096000,-0.921321,55.733818,1.467,0
2022-05-29T14:25:11.039000,-0.931598,55.676962,1.5,0
2022-05-29T14:25:11.983000,-0.941857,55.620105,1.527,0
2022-05-29T14:25:12.926000,-0.952097,55.563247,1.534,0
2022-05-29T14:25:13.869000,-0.962319,55.506388,1.559,0
2022-05-29T14:25:14.813000,-0.972523,55.449528,1.561,0
2022-05-29T14:25:15.756000,-0.98271,55.392668,1.57,0
2022-05-29T14:25:16.700000,-0.992878,55.335806,1.577,0
2022-05-29T14:25:17.643000,-1.003028,55.278944,1.618,0
2022-05-29T14:25:18.587000,-1.013161,55.222081,1.599,0
2022-05-29T14:25:19.530000,-1.023276,55.165217,1.622,0
2022-05-29T14:25:20.473000,-1.033374,55.108352,1.633,0
2022-05-29T14:25:21.417000,-1.043454,55.051486,1.633,0
2022-05-29T14:25:22.360000,-1.053517,54.994619,1.681,0
2022-05-29T14:25:23.304000,-1.063562,54.937752,1.694,0
2022-05-29T14:25:24.247000,-1.073591,54.880883,1.745,0
2022-05-29T14:25:25.191000,-1.083602,54.824014,1.743,1
2022-05-29T14:25:26.134000,-1.093596,54.767144,1.756,1
2022-05-29T14:25:27.078000,-1.103573,54.710272,1.767,1
2022-05-29T14:26:34.062000,-1.773309,50.670254,-0.649,1
2022-05-29T14:26:35.005000,-1.782256,50.613322,-0.655,1
2022-05-29T14:26:35.948000,-1.791191,50.55639,-0.734,1
2022-05-29T14:26:36.892000,-1.800113,50.499457,-0.762,0
2022-05-29T14:26:37.835000,-1.809024,50.442523,-0.849,0
2022-05-29T14:26:38.779000,-1.817923,50.385588,-0.928,0
2022-05-29T14:26:39.722000,-1.82681,50.328653,-0.985,0
2022-05-29T14:26:40.666000,-1.835685,50.271716,-1.064,0
2022-05-29T14:26:41.609000,-1.844549,50.214779,-1.186,0
2022-05-29T14:26:42.553000,-1.853401,50.157841,-1.217,0
2022-05-29T14:26:43.496000,-1.862241,50.100902,-1.278,0
2022-05-29T14:26:44.439000,-1.87107,50.043963,-1.411,0
2022-05-29T14:26:45.383000,-1.879887,49.987022,-1.471,0
2022-05-29T14:26:46.326000,-1.888692,49.930081,-1.565,0
2022-05-29T14:26:47.270000,-1.897487,49.873139,-1.684,0
2022-05-29T14:26:48.213000,-1.906269,49.816196,-1.789,1
2022-05-30T01:40:01.468000,4.416792,52.345503,1.106,1
2022-05-30T01:40:02.412000,4.407446,52.40246,0.999,1
2022-05-30T01:40:03.355000,4.398087,52.459416,0.89,1
2022-05-30T01:40:04.299000,4.388713,52.516372,0.807,1
2022-05-30T01:40:05.242000,4.379326,52.573326,0.662,0
2022-05-30T01:40:06.185000,4.369924,52.63028,0.51,0
2022-05-30T01:40:07.129000,4.360508,52.687232,0.413,0
2022-05-30T01:40:08.072000,4.351078,52.744184,0.278,0
2022-05-30T01:40:09.016000,4.341634,52.801135,0.141,0
2022-05-30T01:40:09.959000,4.332175,52.858084,0.093,0
2022-05-30T01:40:10.903000,4.322702,52.915033,-0.03,0
2022-05-30T01:40:11.846000,4.313214,52.971981,-0.121,0
2022-05-30T01:40:12.790000,4.303711,53.028929,-0.229,0
2022-05-30T01:40:13.733000,4.294194,53.085875,-0.298,0
2022-05-30T01:40:14.676000,4.284663,53.14282,-0.322,0
2022-05-30T01:40:15.620000,4.275116,53.199765,-0.405,0
2022-05-30T01:40:16.563000,4.265555,53.256708,-0.468,0
2022-05-30T01:40:17.507000,4.255979,53.313651,-0.457,0
2022-05-30T01:40:18.450000,4.246387,53.370592,-0.507,0
2022-05-30T01:40:19.394000,4.236781,53.427533,-0.506,0
2022-05-30T01:40:20.337000,4.22716,53.484473,-0.538,0
2022-05-30T01:40:21.280000,4.217523,53.541412,-0.547,0
2022-05-30T01:40:22.224000,4.207871,53.59835,-0.513,0
2022-05-30T01:40:23.167000,4.198204,53.655287,-0.51,0
2022-05-30T01:40:24.111000,4.188521,53.712223,-0.478,0
2022-05-30T01:40:25.054000,4.178823,53.769158,-0.469,0
2022-05-30T01:40:25.998000,4.169109,53.826092,-0.443,0
2022-05-30T01:40:26.941000,4.15938,53.883026,-0.413,0
2022-05-30T01:40:27.885000,4.149634,53.939958,-0.418,0
2022-05-30T01:40:28.828000,4.139873,53.99689,-0.371,0
2022-05-30T01:40:29.771000,4.130096,54.05382,-0.333,0
2022-05-30T01:40:30.715000,4.120304,54.11075,-0.332,0
2022-05-30T01:40:31.658000,4.110495,54.167679,-0.297,0
2022-05-30T01:40:32.602000,4.10067,54.224607,-0.27,0
2022-05-30T01:40:33.545000,4.090829,54.281533,-0.271,0
2022-05-30T01:40:34.489000,4.080971,54.338459,-0.224,0
2022-05-30T01:40:35.432000,4.071097,54.395384,-0.215,0
2022-05-30T01:40:36.375000,4.061207,54.452308,-0.158,0
2022-05-30T01:40:37.319000,4.0513,54.509231,-0.177,0
2022-05-30T01:40:38.262000,4.041377,54.566154,-0.113,0
2022-05-30T01:40:39.206000,4.031437,54.623075,-0.095,0
2022-05-30T01:40:40.149000,4.021481,54.679995,-0.097,0
2022-05-30T01:40:41.093000,4.011507,54.736915,-0.048,0
2022-05-30T01:40:42.036000,4.001516,54.793833,-0.057,0
2022-05-30T01:40:42.980000,3.991509,54.85075,-0.005,0
2022-05-30T01:40:43.923000,3.981484,54.907667,0.019,0
2022-05-30T01:40:44.866000,3.971443,54.964583,0.025,0
2022-05-30T01:40:45.810000,3.961384,55.021497,-0.001,0
2022-05-30T01:40:46.753000,3.951308,55.078411,0.04,0
2022-05-30T01:40:47.697000,3.941214,55.135324,0.056,0
2022-05-30T01:40:48.640000,3.931103,55.192235,0.075,0
2022-05-30T01:40:49.584000,3.920974,55.249146,0.088,0
2022-05-30T01:40:50.527000,3.910827,55.306056,0.117,0
2022-05-30T01:40:51.470000,3.900663,55.362965,0.111,0
2022-05-30T01:40:52.414000,3.890481,55.419873,0.144,0
2022-05-30T01:40:53.357000,3.880281,55.47678,0.144,0
2022-05-30T01:40:54.301000,3.870063,55.533686,0.165,0
2022-05-30T01:40:55.244000,3.859827,55.590591,0.17,0
2022-05-30T01:40:56.188000,3.849572,55.647496,0.185,0
2022-05-30T01:40:57.131000,3.839299,55.704399,0.183,0
2022-05-30T01:40:58.074000,3.829008,55.761301,0.174,0
2022-05-30T01:40:59.018000,3.818699,55.818202,0.221,0
2022-05-30T01:40:59.961000,3.80837,55.875103,0.219,0
2022-05-30T01:41:00.905000,3.798023,55.932002,0.229,0
2022-05-31T14:23:13.030000,-1.893557,55.945414,1.564,1
2022-05-31T14:23:13.974000,-1.903905,55.888561,1.542,1
2022-05-31T14:23:14.917000,-1.914235,55.831708,1.564,1
2022-06-01T01:37:56.856000,3.512307,51.683762,1.866,1
2022-06-01T01:37:57.799000,3.503117,51.740722,1.718,1
2022-06-01T01:37:58.742000,3.493915,51.797682,1.582,0
2022-06-01T01:37:59.686000,3.484699,51.85464,1.474,0
2022-06-01T01:38:00.629000,3.475469,51.911598,1.328,0
2022-06-01T01:38:01.573000,3.466226,51.968554,1.187,0
2022-06-01T01:38:02.516000,3.45697,52.02551,1.084,0
2022-06-01T01:38:03.460000,3.4477,52.082465,0.973,0
2022-06-01T01:38:04.403000,3.438417,52.139419,0.842,0
2022-06-01T01:38:05.346000,3.42912,52.196372,0.761,0
2022-06-01T01:38:06.290000,3.419809,52.253325,0.648,0
2022-06-01T01:38:07.233000,3.410485,52.310276,0.556,0
2022-06-01T01:38:08.177000,3.401147,52.367227,0.448,0
2022-06-01T01:38:09.120000,3.391795,52.424176,0.363,0
2022-06-01T01:38:10.064000,3.382429,52.481125,0.29,0
2022-06-01T01:38:11.007000,3.373049,52.538073,0.211,0
2022-06-01T01:38:11.951000,3.363655,52.595019,0.132,0
2022-06-01T01:38:12.894000,3.354247,52.651965,0.06,0
2022-06-01T01:38:13.837000,3.344824,52.70891,-0.029,0
2022-06-01T01:38:14.781000,3.335387,52.765855,-0.103,0
2022-06-01T01:38:15.724000,3.325936,52.822798,-0.168,0
2022-06-01T01:38:16.668000,3.316471,52.87974,-0.21,0
2022-06-01T01:38:17.611000,3.306991,52.936682,-0.281,0
2022-06-01T01:38:18.555000,3.297497,52.993622,-0.355,0
2022-06-01T01:38:19.498000,3.287988,53.050562,-0.395,0
2022-06-01T01:38:20.441000,3.278464,53.107501,-0.435,0
2022-06-01T01:38:21.385000,3.268926,53.164438,-0.462,0
2022-06-01T01:38:22.328000,3.259372,53.221375,-0.521,0
2022-06-01T01:38:23.272000,3.249804,53.278311,-0.557,0
2022-06-01T01:38:24.215000,3.240221,53.335246,-0.55,0
2022-06-01T01:38:25.159000,3.230623,53.39218,-0.566,0
2022-06-01T01:38:26.102000,3.22101,53.449113,-0.574,0
2022-06-01T01:38:27.045000,3.211381,53.506046,-0.606,0
2022-06-01T01:38:27.989000,3.201738,53.562977,-0.61,0
2022-06-01T01:38:29.876000,3.182404,53.676837,-0.549,0
2022-06-01T01:38:31.763000,3.163009,53.790694,-0.616,0
2022-06-01T01:38:34.593000,3.133799,53.961471,-0.537,0
2022-06-01T01:38:35.536000,3.124031,54.018395,-0.565,0
2022-06-01T01:38:36.480000,3.114247,54.075318,-0.549,0
2022-06-01T01:38:37.423000,3.104447,54.13224,-0.521,0
2022-06-01T01:38:38.367000,3.094631,54.189162,-0.512,0
2022-06-01T01:38:39.310000,3.084799,54.246082,-0.481,0
2022-06-01T01:38:40.254000,3.07495,54.303001,-0.464,0
2022-06-01T01:38:41.197000,3.065085,54.35992,-0.45,0
2022-06-01T01:38:42.140000,3.055204,54.416837,-0.429,0
2022-06-01T01:38:43.084000,3.045306,54.473754,-0.4,0
2022-06-01T01:38:44.027000,3.035392,54.530669,-0.375,0
2022-06-01T01:38:44.971000,3.025461,54.587584,-0.359,0
2022-06-01T01:38:45.914000,3.015514,54.644498,-0.351,0
2022-06-01T01:38:46.858000,3.00555,54.701411,-0.292,0
2022-06-01T01:38:47.801000,2.995569,54.758323,-0.274,0
2022-06-01T01:38:48.745000,2.98557,54.815234,-0.235,0
2022-06-01T01:38:49.688000,2.975555,54.872144,-0.241,0
2022-06-01T01:38:50.631000,2.965523,54.929053,-0.215,0
2022-06-01T01:38:51.575000,2.955474,54.985961,-0.188,0
2022-06-01T01:38:52.518000,2.945407,55.042868,-0.167,0
2022-06-01T01:38:53.462000,2.935323,55.099774,-0.153,0
2022-06-01T01:38:54.405000,2.925221,55.15668,-0.155,0
2022-06-01T01:38:55.349000,2.915102,55.213584,-0.13,0
2022-06-01T01:38:56.292000,2.904965,55.270487,-0.105,0
2022-06-01T01:38:57.235000,2.894811,55.32739,-0.101,0
2022-06-01T01:38:58.179000,2.884639,55.384291,-0.062,0
2022-06-01T01:38:59.122000,2.874449,55.441192,-0.026,0
2022-06-01T01:39:00.066000,2.864241,55.498092,-0.029,0
2022-06-01T01:39:01.009000,2.854014,55.55499,-0.033,0
2022-06-01T01:39:01.953000,2.84377,55.611888,-0.015,0
2022-06-01T01:39:02.896000,2.833508,55.668785,-0.025,0
2022-06-01T01:39:03.840000,2.823227,55.72568,0.001,0
2022-06-01T01:39:04.783000,2.812927,55.782575,0.005,0
2022-06-01T01:39:05.726000,2.802609,55.839469,0.024,0
2022-06-01T01:39:06.670000,2.792273,55.896362,0.04,0
2022-06-01T01:39:07.613000,2.781918,55.953254,0.064,0
2022-06-03T01:35:55.073000,2.579448,51.195338,2.095,1
2022-06-03T01:35:56.016000,2.570369,51.252299,2.034,1
2022-06-03T01:35:56.960000,2.561277,51.309259,1.991,0
2022-06-03T01:35:57.903000,2.552173,51.366218,1.865,0
2022-06-03T01:35:58.847000,2.543055,51.423177,1.798,0
2022-06-03T01:35:59.790000,2.533925,51.480134,1.707,0
2022-06-03T01:36:00.734000,2.524782,51.537091,1.622,0
2022-06-03T01:36:01.677000,2.515626,51.594046,1.523,0
2022-06-03T01:36:02.621000,2.506457,51.651001,1.432,0
2022-06-03T01:36:03.564000,2.497274,51.707955,1.323,0
2022-06-03T01:36:04.507000,2.488079,51.764908,1.252,0
2022-06-03T01:36:05.451000,2.47887,51.82186,1.153,0
2022-06-03T01:36:06.394000,2.469648,51.878811,1.093,0
2022-06-03T01:36:07.338000,2.460413,51.935762,0.971,0
2022-06-03T01:36:08.281000,2.451164,51.992711,0.901,0
2022-06-03T01:36:09.225000,2.441902,52.04966,0.828,0
2022-06-03T01:36:10.168000,2.432627,52.106607,0.749,0
2022-06-03T01:36:11.111000,2.423337,52.163554,0.647,0
2022-06-03T01:36:12.055000,2.414034,52.2205,0.576,0
2022-06-03T01:36:12.998000,2.404718,52.277445,0.457,0
2022-06-03T01:36:13.942000,2.395387,52.334389,0.388,0
2022-06-03T01:36:14.885000,2.386043,52.391332,0.32,0
2022-06-03T01:36:15.829000,2.376685,52.448274,0.218,0
2022-06-03T01:36:16.772000,2.367313,52.505216,0.116,0
2022-06-03T01:36:17.716000,2.357927,52.562156,0.057,0
2022-06-03T01:36:18.659000,2.348526,52.619096,-0.041,0
2022-06-03T01:36:19.602000,2.339112,52.676035,-0.093,0
2022-06-03T01:36:20.546000,2.329683,52.732972,-0.191,0
2022-06-03T01:36:21.489000,2.320241,52.789909,-0.246,0
2022-06-03T01:36:22.433000,2.310783,52.846845,-0.314,0
2022-06-03T01:36:23.376000,2.301312,52.90378,-0.382,0
2022-06-03T01:36:24.320000,2.291825,52.960714,-0.434,0
2022-06-03T01:36:25.263000,2.282325,53.017648,-0.467,0
2022-06-03T01:36:26.206000,2.272809,53.07458,-0.552,0
2022-06-03T01:36:27.150000,2.263279,53.131512,-0.557,0
2022-06-03T01:36:28.093000,2.253734,53.188442,-0.613,0
2022-06-03T01:36:29.037000,2.244174,53.245372,-0.669,0
2022-06-03T01:36:29.980000,2.2346,53.3023,-0.686,0
2022-06-03T01:36:30.924000,2.22501,53.359228,-0.697,0
2022-06-03T01:36:31.867000,2.215405,53.416155,-0.732,0
2022-06-03T01:36:32.811000,2.205786,53.473081,-0.735,0
2022-06-03T01:36:33.754000,2.196151,53.530006,-0.751,0
2022-06-03T01:36:34.697000,2.1865,53.58693,-0.762,0
2022-06-03T01:36:35.641000,2.176835,53.643854,-0.759,0
2022-06-03T01:36:36.584000,2.167154,53.700776,-0.786,0
2022-06-03T01:36:37.528000,2.157457,53.757697,-0.777,0
2022-06-03T01:36:38.471000,2.147745,53.814618,-0.787,0
2022-06-03T01:36:39.415000,2.138017,53.871537,-0.82,0
2022-06-03T01:36:41.301000,2.118515,53.985374,-0.798,0
2022-06-03T01:36:42.245000,2.10874,54.042291,-0.801,0
2022-06-03T01:36:43.188000,2.098949,54.099207,-0.743,0
2022-06-03T01:36:45.075000,2.079319,54.213036,-0.739,0
2022-06-03T01:36:46.019000,2.069479,54.269949,-0.704,0
2022-06-03T01:36:46.962000,2.059624,54.326861,-0.721,0
2022-06-03T01:36:47.906000,2.049752,54.383772,-0.675,0
2022-06-03T01:36:48.849000,2.039864,54.440682,-0.677,0
2022-06-03T01:36:49.792000,2.029959,54.497592,-0.66,0
2022-06-03T01:36:50.736000,2.020037,54.5545,-0.63,0
2022-06-03T01:36:51.679000,2.010099,54.611408,-0.633,0
2022-06-03T01:36:52.623000,2.000145,54.668314,-0.619,0
2022-06-03T01:36:53.566000,1.990173,54.72522,-0.6,0
2022-06-03T01:36:54.510000,1.980185,54.782125,-0.611,0
2022-06-03T01:36:55.453000,1.970179,54.839029,-0.585,0
2022-06-03T01:36:56.396000,1.960157,54.895931,-0.534,0
2022-06-03T01:36:57.340000,1.950117,54.952833,-0.527,0
2022-06-03T01:36:58.283000,1.94006,55.009734,-0.531,0
2022-06-03T01:36:59.227000,1.929986,55.066634,-0.504,0
2022-06-03T01:37:00.170000,1.919895,55.123533,-0.476,0
2022-06-03T01:37:01.114000,1.909785,55.180432,-0.462,0
2022-06-03T01:37:02.057000,1.899659,55.237329,-0.419,0
2022-06-03T01:37:03.001000,1.889515,55.294225,-0.403,0
2022-06-03T01:37:03.944000,1.879352,55.35112,-0.409,0
2022-06-03T01:37:04.887000,1.869173,55.408015,-0.38,0
2022-06-03T01:37:05.831000,1.858975,55.464908,-0.316,0
2022-06-03T01:37:06.774000,1.848759,55.5218,-0.313,0
2022-06-03T01:37:07.718000,1.838525,55.578692,-0.29,0
2022-06-03T01:37:08.661000,1.828273,55.635583,-0.229,0
2022-06-03T01:37:09.605000,1.818002,55.692472,-0.234,0
2022-06-03T01:37:10.548000,1.807713,55.749361,-0.176,0
2022-06-03T01:37:11.491000,1.797406,55.806248,-0.169,0
2022-06-03T01:37:12.435000,1.78708,55.863135,-0.155,0
2022-06-03T01:37:13.378000,1.776736,55.920021,-0.147,0
2022-06-03T01:37:14.322000,1.766372,55.976906,-0.137,0
2022-06-03T13:31:17.683000,8.675676,53.991033,1.681,1
2022-06-03T13:31:18.626000,8.66592,53.93415,1.646,1
2022-06-05T01:33:57.064000,1.610085,50.938136,2.264,1
2022-06-05T01:33:58.008000,1.601063,50.995095,2.137,1
2022-06-05T01:33:58.951000,1.592029,51.052052,1.992,0
2022-06-05T01:33:59.895000,1.582982,51.109008,1.877,1
2022-06-05T01:34:00.838000,1.573923,51.165964,1.751,1
2022-06-05T01:34:01.782000,1.564851,51.222919,1.612,1
2022-06-05T01:34:02.725000,1.555767,51.279873,1.395,1
2022-06-05T01:34:03.668000,1.546669,51.336826,1.317,1
2022-06-05T01:34:04.612000,1.537559,51.393778,1.154,1
2022-06-05T01:34:05.555000,1.528437,51.450729,1.093,1
2022-06-05T01:34:06.499000,1.519301,51.50768,1.059,1
2022-06-05T01:34:07.442000,1.510152,51.564629,1.065,0
2022-06-05T01:34:08.386000,1.500991,51.621578,1.045,0
2022-06-05T01:34:09.329000,1.491816,51.678525,0.974,0
2022-06-05T01:34:10.272000,1.482628,51.735472,0.993,0
2022-06-05T01:34:11.216000,1.473427,51.792418,0.957,0
2022-06-05T01:34:12.159000,1.464213,51.849363,0.956,1
2022-06-05T01:34:13.103000,1.454985,51.906308,0.924,1
2022-06-05T01:34:31.028000,1.277049,52.988078,-0.296,1
2022-06-05T01:34:31.972000,1.267542,53.045005,-0.367,1
2022-06-05T01:34:32.915000,1.25802,53.10193,-0.394,0
2022-06-05T01:34:33.858000,1.248484,53.158855,-0.445,0
2022-06-05T01:34:34.802000,1.238933,53.215778,-0.493,0
2022-06-05T01:34:35.745000,1.229367,53.272701,-0.517,0
2022-06-05T01:34:36.689000,1.219786,53.329623,-0.592,0
2022-06-05T01:34:37.632000,1.21019,53.386543,-0.637,0
2022-06-05T01:34:38.576000,1.200579,53.443464,-0.699,0
2022-06-05T01:34:39.519000,1.190952,53.500383,-0.722,0
2022-06-05T01:34:40.462000,1.181311,53.557301,-0.771,0
2022-06-05T01:34:41.406000,1.171654,53.614218,-0.831,0
2022-06-05T01:34:42.349000,1.161982,53.671134,-0.839,0
2022-06-05T01:34:43.293000,1.152294,53.72805,-0.874,0
2022-06-05T01:34:44.236000,1.142591,53.784964,-0.946,0
2022-06-05T01:34:45.180000,1.132872,53.841878,-0.915,0
2022-06-05T01:34:46.123000,1.123138,53.898791,-0.89,0
2022-06-05T01:34:47.067000,1.113388,53.955702,-0.91,0
2022-06-05T01:34:48.010000,1.103622,54.012613,-0.897,0
2022-06-05T01:34:48.953000,1.09384,54.069523,-0.927,0
2022-06-05T01:34:49.897000,1.084042,54.126432,-0.914,0
2022-06-05T01:34:50.840000,1.074228,54.18334,-0.923,0
2022-06-05T01:34:51.784000,1.064398,54.240247,-0.912,0
2022-06-05T01:34:52.727000,1.054552,54.297154,-0.93,0
2022-06-05T01:34:53.671000,1.04469,54.354059,-0.904,0
2022-06-05T01:34:54.614000,1.034811,54.410963,-0.895,0
2022-06-05T01:34:55.557000,1.024915,54.467867,-0.904,0
2022-06-05T01:34:56.501000,1.015003,54.524769,-0.866,0
2022-06-05T01:34:57.444000,1.005075,54.581671,-0.844,0
2022-06-05T01:34:58.388000,0.99513,54.638572,-0.85,0
2022-06-05T01:34:59.331000,0.985168,54.695471,-0.85,0
2022-06-05T01:35:00.275000,0.975189,54.75237,-0.82,0
2022-06-05T01:35:01.218000,0.965193,54.809268,-0.795,0
2022-06-05T01:35:02.162000,0.955181,54.866165,-0.796,0
2022-06-05T01:35:03.105000,0.945151,54.923061,-0.761,0
2022-06-05T01:35:04.048000,0.935104,54.979956,-0.752,0
2022-06-05T01:35:04.992000,0.92504,55.03685,-0.751,0
2022-06-05T01:35:05.935000,0.914958,55.093743,-0.737,0
2022-06-05T01:35:06.879000,0.904859,55.150636,-0.681,0
2022-06-05T01:35:07.822000,0.894743,55.207527,-0.709,0
2022-06-05T01:35:08.766000,0.884608,55.264418,-0.681,0
2022-06-05T01:35:09.709000,0.874456,55.321307,-0.665,0
2022-06-05T01:35:10.652000,0.864287,55.378195,-0.627,0
2022-06-05T01:35:11.596000,0.854099,55.435083,-0.615,0
2022-06-05T01:35:12.539000,0.843894,55.49197,-0.589,0
2022-06-05T01:35:13.483000,0.83367,55.548855,-0.562,0
2022-06-05T01:35:14.426000,0.823429,55.60574,-0.549,0
2022-06-05T01:35:15.370000,0.813168,55.662624,-0.529,0
2022-06-05T01:35:16.313000,0.80289,55.719507,-0.512,0
2022-06-05T01:35:17.257000,0.792593,55.776388,-0.489,0
2022-06-05T01:35:18.200000,0.782278,55.833269,-0.479,0
2022-06-05T01:35:19.143000,0.771944,55.890149,-0.448,0
2022-06-05T01:35:20.087000,0.761592,55.947028,-0.423,0
2022-06-05T13:28:51.371000,8.012577,55.956836,-0.184,1
2022-06-05T13:28:52.314000,8.002225,55.899982,-0.175,1
2022-06-05T13:28:53.258000,7.991893,55.843128,-0.125,1
2022-06-05T13:28:54.201000,7.981578,55.786272,-0.131,1
2022-06-05T13:28:55.145000,7.971283,55.729416,-0.107,1
2022-06-05T13:28:56.088000,7.961005,55.672559,-0.071,1
2022-06-05T13:28:57.032000,7.950746,55.6157,-0.048,1
2022-06-05T13:28:57.975000,7.940505,55.558841,0.019,1
2022-06-05T13:28:58.918000,7.930283,55.501981,0.085,1
2022-06-05T13:28:59.862000,7.920078,55.44512,0.127,0
2022-06-05T13:29:00.805000,7.909891,55.388258,0.145,0
2022-06-05T13:29:01.749000,7.899722,55.331396,0.241,0
2022-06-05T13:29:02.692000,7.889572,55.274532,0.274,0
2022-06-05T13:29:03.636000,7.879438,55.217667,0.322,0
2022-06-05T13:29:04.579000,7.869323,55.160802,0.389,0
2022-06-05T13:29:05.523000,7.859224,55.103936,0.438,0
2022-06-05T13:29:06.466000,7.849144,55.047068,0.467,0
2022-06-05T13:29:07.409000,7.83908,54.9902,0.504,0
2022-06-05T13:29:08.353000,7.829034,54.933331,0.532,0
2022-06-05T13:29:09.296000,7.819005,54.876461,0.578,0
2022-06-05T13:29:10.240000,7.808994,54.81959,0.603,0
2022-06-05T13:29:11.183000,7.798999,54.762718,0.623,0
2022-06-05T13:29:12.127000,7.789021,54.705846,0.682,0
2022-06-05T13:29:13.070000,7.77906,54.648972,0.733,0
2022-06-05T13:29:14.013000,7.769116,54.592097,0.771,0
2022-06-05T13:29:14.957000,7.759188,54.535222,0.791,0
2022-06-05T13:29:15.900000,7.749277,54.478346,0.851,0
2022-06-05T13:29:16.844000,7.739383,54.421469,0.888,0
2022-06-05T13:29:17.787000,7.729505,54.364591,0.907,0
2022-06-05T13:29:18.731000,7.719643,54.307712,0.955,0
2022-06-05T13:29:19.674000,7.709798,54.250832,0.999,1
2022-06-05T13:29:20.618000,7.699968,54.193951,1.016,1
2022-06-05T13:29:21.561000,7.690155,54.13707,1.058,1
2022-06-05T13:29:22.504000,7.680359,54.080187,1.053,0
2022-06-05T13:29:23.448000,7.670577,54.023304,1.099,0
2022-06-05T13:29:24.391000,7.660812,53.966419,1.143,0
2022-06-05T13:29:25.335000,7.651063,53.909534,1.175,0
2022-06-05T13:29:26.278000,7.64133,53.852648,1.228,1
2022-06-07T01:31:53.395000,0.693894,50.343448,1.262,0
2022-06-07T01:31:55.282000,0.676094,50.457369,1.181,0
2022-06-07T01:31:56.225000,0.667176,50.514328,1.047,0
2022-06-07T01:31:57.169000,0.658246,50.571287,1.052,0
2022-06-07T01:31:58.112000,0.649305,50.628244,1.062,0
2022-06-07T01:31:59.056000,0.640351,50.685201,0.961,0
2022-06-07T01:31:59.999000,0.631385,50.742157,0.951,1
2022-06-07T01:32:00.943000,0.622406,50.799112,0.885,1
2022-06-07T01:32:35.850000,0.281118,52.905832,0.769,1
2022-06-07T01:32:36.793000,0.271633,52.962753,0.738,1
2022-06-07T01:32:50.001000,0.137287,53.75956,-0.351,1
2022-06-07T01:32:50.945000,0.127576,53.816468,-0.376,1
2022-06-07T01:32:51.888000,0.11785,53.873375,-0.386,1
2022-06-07T01:32:52.832000,0.108108,53.930281,-0.413,0
2022-06-07T01:32:53.775000,0.09835,53.987186,-0.428,0
2022-06-07T01:32:54.718000,0.088577,54.044091,-0.43,1
2022-06-07T01:32:55.662000,0.078787,54.100994,-0.424,1
2022-06-07T01:32:56.605000,0.068982,54.157897,-0.447,1
2022-06-07T01:32:57.549000,0.05916,54.214798,-0.474,1
2022-06-07T01:32:58.492000,0.049323,54.271699,-0.498,0
2022-06-07T01:32:59.436000,0.039469,54.328599,-0.49,0
2022-06-07T01:33:00.379000,0.029599,54.385497,-0.492,0
2022-06-07T01:33:01.322000,0.019712,54.442395,-0.515,0
2022-06-07T01:33:02.266000,0.009809,54.499292,-0.535,0
2022-06-07T01:33:03.209000,-0.000111,54.556188,-0.525,0
2022-06-07T01:33:04.153000,-0.010047,54.613083,-0.519,0
2022-06-07T01:33:05.096000,-0.02,54.669978,-0.54,0
2022-06-07T01:33:06.040000,-0.02997,54.726871,-0.531,0
2022-06-07T01:33:06.983000,-0.039957,54.783763,-0.533,0
2022-06-07T01:33:07.927000,-0.049961,54.840655,-0.511,0
2022-06-07T01:33:08.870000,-0.059982,54.897545,-0.526,0
2022-06-07T01:33:09.813000,-0.070019,54.954435,-0.534,0
2022-06-07T01:33:10.757000,-0.080075,55.011323,-0.511,0
2022-06-07T01:33:11.700000,-0.090147,55.068211,-0.533,0
2022-06-07T01:33:12.644000,-0.100237,55.125098,-0.531,0
2022-06-07T01:33:13.587000,-0.110344,55.181984,-0.488,0
2022-06-07T01:33:14.531000,-0.120469,55.238869,-0.488,0
2022-06-07T01:33:15.474000,-0.130612,55.295753,-0.475,0
2022-06-07T01:33:16.417000,-0.140772,55.352636,-0.489,0
2022-06-07T01:33:17.361000,-0.15095,55.409518,-0.495,0
2022-06-07T01:33:18.304000,-0.161146,55.466399,-0.495,0
2022-06-07T01:33:19.248000,-0.17136,55.523279,-0.495,0
2022-06-07T01:33:20.191000,-0.181593,55.580158,-0.508,0
2022-06-07T01:33:21.135000,-0.191843,55.637037,-0.505,0
2022-06-07T01:33:22.078000,-0.202112,55.693914,-0.476,0
2022-06-07T01:33:23.022000,-0.212399,55.750791,-0.482,0
2022-06-07T01:33:23.965000,-0.222704,55.807666,-0.465,0
2022-06-07T01:33:24.908000,-0.233028,55.86454,-0.472,0
2022-06-07T01:33:25.852000,-0.243371,55.921414,-0.461,0
2022-06-07T01:33:26.795000,-0.253733,55.978287,-0.461,0
2022-06-09T01:29:39.348000,-0.179807,49.739798,0.021,0
2022-06-09T01:29:40.291000,-0.188578,49.796766,-0.07,0
2022-06-09T01:29:41.235000,-0.19736,49.853732,-0.12,0
2022-06-09T01:29:42.178000,-0.206154,49.910698,-0.161,0
2022-06-09T01:29:43.122000,-0.21496,49.967663,-0.211,0
2022-06-09T01:29:44.065000,-0.223776,50.024627,-0.256,0
2022-06-09T01:29:45.009000,-0.232605,50.081591,-0.268,0
2022-06-09T01:29:45.952000,-0.241445,50.138553,-0.331,0
2022-06-09T01:29:46.895000,-0.250296,50.195515,-0.409,0
2022-06-09T01:29:47.839000,-0.259159,50.252475,-0.453,0
2022-06-09T01:29:48.782000,-0.268034,50.309435,-0.501,0
2022-06-09T01:29:49.726000,-0.276921,50.366394,-0.53,0
2022-06-09T01:29:50.669000,-0.28582,50.423353,-0.552,0
2022-06-09T01:29:51.613000,-0.29473,50.48031,-0.59,0
2022-06-09T01:29:52.556000,-0.303652,50.537267,-0.632,0
2022-06-09T01:29:53.499000,-0.312587,50.594222,-0.651,0
2022-06-09T01:29:54.443000,-0.321533,50.651177,-0.726,0
2022-06-09T01:29:55.386000,-0.330492,50.708131,-0.772,1
2022-06-09T01:29:56.330000,-0.339463,50.765084,-0.818,1
2022-06-09T01:31:01.427000,-0.991223,54.692737,0.258,1
2022-06-09T01:31:02.370000,-1.0012,54.749628,0.24,1
2022-06-09T01:31:03.314000,-1.011193,54.806518,0.243,0
2022-06-09T01:31:04.257000,-1.021203,54.863408,0.204,0
2022-06-09T01:31:05.201000,-1.03123,54.920296,0.201,0
2022-06-09T01:31:06.144000,-1.041275,54.977184,0.185,0
2022-06-09T01:31:07.088000,-1.051337,55.03407,0.143,0
2022-06-09T01:31:08.031000,-1.061416,55.090956,0.129,0
2022-06-09T01:31:08.974000,-1.071512,55.147841,0.1,0
2022-06-09T01:31:09.918000,-1.081626,55.204725,0.083,0
2022-06-09T01:31:10.861000,-1.091758,55.261607,0.073,0
2022-06-09T01:31:11.805000,-1.101907,55.318489,0.056,0
2022-06-09T01:31:12.748000,-1.112074,55.37537,0.037,0
2022-06-09T01:31:13.692000,-1.12226,55.432251,0.015,0
2022-06-09T01:31:14.635000,-1.132462,55.48913,-0.031,0
2022-06-09T01:31:15.578000,-1.142684,55.546008,-0.033,0
2022-06-09T01:31:16.522000,-1.152923,55.602885,-0.07,0
2022-06-09T01:31:17.465000,-1.16318,55.659762,-0.031,0
2022-06-09T01:31:18.409000,-1.173456,55.716637,-0.178,1
2022-06-09T01:31:19.352000,-1.18375,55.773512,-0.115,0
2022-06-09T01:31:20.296000,-1.194063,55.830385,-0.161,0
2022-06-09T01:31:21.239000,-1.204394,55.887258,-0.135,0
2022-06-09T01:31:22.183000,-1.214744,55.94413,-0.118,0
2022-06-09T13:24:50.636000,6.044358,55.933469,0.135,0
2022-06-09T13:24:51.580000,6.034013,55.8766,0.137,0
2022-06-09T13:24:52.523000,6.023687,55.81973,0.131,0
2022-06-09T13:24:53.467000,6.013378,55.76286,0.158,0
2022-06-09T13:24:54.410000,6.003089,55.705988,0.163,0
2022-06-09T13:24:55.354000,5.992818,55.649116,0.151,0
2022-06-09T13:24:56.297000,5.982565,55.592242,0.162,0
2022-06-09T13:24:57.240000,5.97233,55.535368,0.169,0
2022-06-09T13:24:58.184000,5.962114,55.478493,0.191,0
2022-06-09T13:24:59.127000,5.951915,55.421617,0.163,0
2022-06-09T13:25:00.071000,5.941735,55.364739,0.156,0
2022-06-09T13:25:01.014000,5.931572,55.307861,0.161,0
2022-06-09T13:25:01.958000,5.921427,55.250982,0.179,0
2022-06-09T13:25:02.901000,5.9113,55.194103,0.142,0
2022-06-09T13:25:03.845000,5.90119,55.137222,0.151,0
2022-06-09T13:25:04.788000,5.891098,55.08034,0.201,0
2022-06-09T13:25:05.731000,5.881023,55.023457,0.216,0
2022-06-09T13:25:06.675000,5.870966,54.966574,0.226,0
2022-06-09T13:25:07.618000,5.860925,54.909689,0.262,0
2022-06-09T13:25:08.562000,5.850902,54.852804,0.262,0
2022-06-09T13:25:09.505000,5.840896,54.795918,0.292,0
2022-06-09T13:25:10.449000,5.830907,54.739031,0.296,0
2022-06-09T13:25:11.392000,5.820935,54.682142,0.324,0
2022-06-09T13:25:12.335000,5.81098,54.625253,0.336,0
2022-06-09T13:25:13.279000,5.801041,54.568363,0.358,0
2022-06-09T13:25:14.222000,5.791119,54.511473,0.386,0
2022-06-09T13:25:15.166000,5.781214,54.454581,0.39,0
2022-06-09T13:25:16.109000,5.771325,54.397688,0.414,0
2022-06-09T13:25:17.053000,5.761453,54.340794,0.433,0
2022-06-09T13:25:17.996000,5.751597,54.2839,0.454,0
2022-06-09T13:25:18.940000,5.741757,54.227005,0.454,0
2022-06-09T13:25:19.883000,5.731933,54.170108,0.5,0
2022-06-09T13:25:20.826000,5.722126,54.113211,0.535,0
2022-06-09T13:25:21.770000,5.712334,54.056313,0.542,0
2022-06-09T13:25:22.713000,5.702558,53.999414,0.597,0
2022-06-09T13:25:23.657000,5.692799,53.942514,0.619,0
2022-06-09T13:25:24.600000,5.683055,53.885613,0.686,0
2022-06-09T13:25:25.544000,5.673327,53.828712,0.712,0
2022-06-09T13:25:26.487000,5.663614,53.771809,0.774,0
2022-06-09T13:25:27.430000,5.653917,53.714905,0.774,0
2022-06-09T13:25:28.374000,5.644236,53.658001,0.795,0
2022-06-09T13:25:29.317000,5.634569,53.601096,0.852,0
2022-06-09T13:25:30.261000,5.624919,53.54419,0.902,1
2022-06-11T01:27:31.905000,-1.13328,49.735478,-1.415,1
2022-06-11T01:27:32.848000,-1.142051,49.792442,-1.285,1
2022-06-11T01:27:33.792000,-1.150833,49.849404,-1.191,0
2022-06-11T01:27:34.735000,-1.159627,49.906366,-1.15,0
2022-06-11T01:27:35.679000,-1.168432,49.963327,-1.1,0
2022-06-11T01:27:36.622000,-1.177249,50.020287,-1.041,0
2022-06-11T01:27:37.565000,-1.186077,50.077246,-1.002,0
2022-06-11T01:27:38.509000,-1.194917,50.134204,-0.962,0
2022-06-11T01:27:39.452000,-1.203768,50.191162,-0.938,0
2022-06-11T01:27:40.396000,-1.212631,50.248118,-0.894,0
2022-06-11T01:27:41.339000,-1.221506,50.305074,-0.871,0
2022-06-11T01:27:42.283000,-1.230393,50.362029,-0.852,0
2022-06-11T01:27:43.226000,-1.239291,50.418983,-0.841,0
2022-06-11T01:27:44.170000,-1.248201,50.475937,-0.803,1
2022-06-11T01:27:45.113000,-1.257123,50.532889,-0.786,1
2022-06-11T13:22:42.250000,5.101759,55.986292,0.378,0
2022-06-11T13:22:43.193000,5.091393,55.92942,0.341,0
2022-06-11T13:22:44.137000,5.081047,55.872547,0.354,0
2022-06-11T13:22:45.080000,5.07072,55.815673,0.36,0
2022-06-11T13:22:46.024000,5.06041,55.758798,0.344,0
2022-06-11T13:22:46.967000,5.05012,55.701922,0.338,0
2022-06-11T13:22:47.911000,5.039848,55.645045,0.316,0
2022-06-11T13:22:48.854000,5.029594,55.588167,0.342,0
2022-06-11T13:22:49.797000,5.019358,55.531289,0.336,0
2022-06-11T13:22:50.741000,5.00914,55.474409,0.315,0
2022-06-11T13:22:51.684000,4.998941,55.417528,0.282,0
2022-06-11T13:22:52.628000,4.988759,55.360647,0.304,0
2022-06-11T13:22:53.571000,4.978595,55.303765,0.313,0
2022-06-11T13:22:54.515000,4.968449,55.246881,0.28,0
2022-06-11T13:22:55.458000,4.958321,55.189997,0.287,0
2022-06-11T13:22:56.401000,4.94821,55.133112,0.283,0
2022-06-11T13:22:57.345000,4.938117,55.076226,0.288,0
2022-06-11T13:22:58.288000,4.928041,55.019339,0.292,0
2022-06-11T13:22:59.232000,4.917982,54.96245,0.288,0
2022-06-11T13:23:00.175000,4.907941,54.905562,0.318,0
2022-06-11T13:23:01.119000,4.897917,54.848672,0.302,0
2022-06-11T13:23:02.062000,4.88791,54.791781,0.308,0
2022-06-11T13:23:03.006000,4.87792,54.734889,0.322,0
2022-06-11T13:23:03.949000,4.867947,54.677997,0.316,0
2022-06-11T13:23:04.892000,4.85799,54.621103,0.294,0
2022-06-11T13:23:05.836000,4.848051,54.564209,0.291,0
2022-06-11T13:23:06.779000,4.838128,54.507313,0.344,0
2022-06-11T13:23:07.723000,4.828221,54.450417,0.317,0
2022-06-11T13:23:08.666000,4.818331,54.39352,0.339,0
2022-06-11T13:23:09.610000,4.808458,54.336622,0.359,0
2022-06-11T13:23:10.553000,4.798601,54.279723,0.371,0
2022-06-11T13:23:11.496000,4.78876,54.222823,0.386,0
2022-06-11T13:23:12.440000,4.778935,54.165922,0.394,0
2022-06-11T13:23:13.383000,4.769126,54.109021,0.405,0
2022-06-11T13:23:14.327000,4.759334,54.052118,0.393,0
2022-06-11T13:23:15.270000,4.749557,53.995214,0.438,0
2022-06-11T13:23:16.214000,4.739796,53.93831,0.43,0
2022-06-11T13:23:17.157000,4.730052,53.881405,0.467,0
2022-06-11T13:23:18.100000,4.720322,53.824498,0.495,0
2022-06-11T13:23:19.044000,4.710609,53.767591,0.478,0
2022-06-11T13:23:19.987000,4.700911,53.710683,0.506,0
2022-06-11T13:23:20.931000,4.691228,53.653774,0.525,0
2022-06-11T13:23:21.874000,4.681561,53.596864,0.558,0
2022-06-11T13:23:22.818000,4.671909,53.539953,0.563,0
2022-06-11T13:23:23.761000,4.662273,53.483042,0.632,0
2022-06-11T13:23:24.705000,4.652651,53.426129,0.676,0
2022-06-11T13:23:25.648000,4.643045,53.369216,0.702,0
2022-06-11T13:23:26.591000,4.633454,53.312301,0.76,0
2022-06-11T13:23:27.535000,4.623878,53.255386,0.79,0
2022-06-11T13:23:28.478000,4.614317,53.19847,0.834,1
2022-06-11T13:23:29.422000,4.60477,53.141553,0.856,1
2022-06-11T13:23:30.365000,4.595239,53.084635,0.885,1
2022-06-11T13:23:31.309000,4.585722,53.027716,0.904,1
2022-06-11T13:23:32.252000,4.57622,52.970796,0.929,1
2022-06-11T13:23:33.195000,4.566732,52.913876,0.958,1
2022-06-11T13:23:34.139000,4.557259,52.856954,0.979,1
2022-06-11T13:23:35.082000,4.5478,52.800032,0.958,1
2022-06-11T13:23:36.026000,4.538356,52.743109,1.004,1
2022-06-11T13:23:36.969000,4.528926,52.686185,0.984,1
2022-06-11T13:23:37.913000,4.51951,52.629259,0.977,1
2022-06-11T13:23:38.856000,4.510108,52.572333,0.967,1
2022-06-11T13:23:39.800000,4.500721,52.515407,0.987,1
2022-06-13T01:25:24.462000,-2.088643,49.745663,-1.848,1
2022-06-13T01:25:25.405000,-2.097418,49.802622,-1.795,1
2022-06-13T01:25:26.349000,-2.106204,49.859581,-1.712,0
2022-06-13T01:25:27.292000,-2.115002,49.916538,-1.617,0
2022-06-13T01:25:28.235000,-2.123811,49.973495,-1.505,0
2022-06-13T01:25:29.179000,-2.132631,50.030451,-1.425,0
2022-06-13T01:25:30.122000,-2.141463,50.087406,-1.347,0
2022-06-13T01:25:31.066000,-2.150307,50.144361,-1.291,0
2022-06-13T01:25:32.009000,-2.159163,50.201314,-1.199,0
2022-06-13T01:25:32.953000,-2.16803,50.258266,-1.123,0
2022-06-13T01:25:33.896000,-2.176908,50.315218,-1.028,0
2022-06-13T01:25:34.840000,-2.185799,50.372169,-0.959,0
2022-06-13T01:25:35.783000,-2.194702,50.429119,-0.858,0
2022-06-13T01:25:36.726000,-2.203616,50.486069,-0.794,1
2022-06-13T01:25:37.670000,-2.212542,50.543017,-0.7,1
2022-06-13T13:20:34.807000,4.148494,55.974602,0.399,0
2022-06-13T13:20:35.750000,4.138129,55.917725,0.369,0
2022-06-13T13:20:36.694000,4.127783,55.860848,0.349,0
2022-06-13T13:20:37.637000,4.117456,55.803969,0.352,0
2022-06-13T13:20:38.581000,4.107147,55.747089,0.378,0
2022-06-13T13:20:39.524000,4.096856,55.690208,0.334,0
2022-06-13T13:20:40.467000,4.086584,55.633326,0.333,0
2022-06-13T13:20:41.411000,4.07633,55.576444,0.34,0
2022-06-13T13:20:42.354000,4.066095,55.51956,0.3,0
2022-06-13T13:20:43.298000,4.055877,55.462676,0.283,0
2022-06-13T13:20:44.241000,4.045678,55.40579,0.267,0
2022-06-13T13:20:45.185000,4.035496,55.348904,0.254,0
2022-06-13T13:20:46.128000,4.025332,55.292017,0.212,0
2022-06-13T13:20:47.071000,4.015186,55.235128,0.212,0
2022-06-13T13:20:48.015000,4.005058,55.178239,0.176,0
2022-06-13T13:20:48.958000,3.994947,55.121349,0.156,0
2022-06-13T13:20:49.902000,3.984854,55.064458,0.149,0
2022-06-13T13:20:50.845000,3.974778,55.007566,0.142,0
2022-06-13T13:20:51.789000,3.96472,54.950673,0.126,0
2022-06-13T13:20:52.732000,3.954678,54.893779,0.092,0
2022-06-13T13:20:53.676000,3.944654,54.836884,0.074,0
2022-06-13T13:20:54.619000,3.934647,54.779988,0.063,0
2022-06-13T13:20:55.562000,3.924657,54.723092,0.049,0
2022-06-13T13:20:56.506000,3.914684,54.666194,0.033,0
2022-06-13T13:20:57.449000,3.904728,54.609296,-0.01,0
2022-06-13T13:20:58.393000,3.894788,54.552396,-0.029,0
2022-06-13T13:20:59.336000,3.884865,54.495496,-0.02,0
2022-06-13T13:21:00.280000,3.874959,54.438595,-0.058,0
2022-06-13T13:21:01.223000,3.865069,54.381693,-0.061,0
2022-06-13T13:21:02.166000,3.855195,54.324789,-0.079,0
2022-06-13T13:21:03.110000,3.845338,54.267885,-0.118,0
2022-06-13T13:21:04.053000,3.835497,54.210981,-0.117,0
2022-06-13T13:21:04.997000,3.825672,54.154075,-0.106,0
2022-06-13T13:21:05.940000,3.815864,54.097168,-0.129,0
2022-06-13T13:21:06.884000,3.806071,54.04026,-0.144,0
2022-06-13T13:21:07.827000,3.796294,53.983352,-0.093,0
2022-06-13T13:21:08.771000,3.786533,53.926442,-0.096,0
2022-06-13T13:21:09.714000,3.776788,53.869532,-0.096,0
2022-06-13T13:21:10.657000,3.767059,53.812621,-0.08,0
2022-06-13T13:21:11.601000,3.757345,53.755708,-0.085,0
2022-06-13T13:21:12.544000,3.747647,53.698795,-0.066,0
2022-06-13T13:21:13.488000,3.737964,53.641881,-0.066,0
2022-06-13T13:21:14.431000,3.728297,53.584966,-0.077,0
2022-06-13T13:21:15.375000,3.718645,53.52805,-0.054,0
2022-06-13T13:21:16.318000,3.709009,53.471134,-0.03,0
2022-06-13T13:21:17.261000,3.699387,53.414216,-0.008,0
2022-06-13T13:21:18.205000,3.689781,53.357297,0.018,0
2022-06-13T13:21:19.148000,3.68019,53.300378,0.043,0
2022-06-13T13:21:20.092000,3.670613,53.243458,0.09,0
2022-06-13T13:21:21.035000,3.661052,53.186536,0.087,0
2022-06-13T13:21:21.979000,3.651506,53.129614,0.153,0
2022-06-13T13:21:22.922000,3.641974,53.072691,0.192,0
2022-06-13T13:21:23.866000,3.632457,53.015767,0.221,0
2022-06-13T13:21:24.809000,3.622954,52.958842,0.269,0
2022-06-13T13:21:25.752000,3.613467,52.901917,0.313,0
2022-06-13T13:21:26.696000,3.603993,52.84499,0.38,0
2022-06-13T13:21:27.639000,3.594534,52.788062,0.42,0
2022-06-13T13:21:28.583000,3.58509,52.731134,0.446,0
2022-06-13T13:21:29.526000,3.575659,52.674205,0.508,0
2022-06-13T13:21:30.470000,3.566243,52.617275,0.568,0
2022-06-13T13:21:31.413000,3.556842,52.560343,0.616,0
2022-06-13T13:21:32.356000,3.547454,52.503411,0.647,0
2022-06-13T13:21:33.300000,3.53808,52.446478,0.691,0
2022-06-13T13:21:34.243000,3.52872,52.389545,0.727,0
2022-06-13T13:21:35.187000,3.519375,52.33261,0.774,0
2022-06-13T13:21:36.130000,3.510043,52.275675,0.832,0
2022-06-13T13:21:37.074000,3.500724,52.218738,0.872,0
2022-06-13T13:21:38.017000,3.49142,52.161801,0.943,0
2022-06-13T13:21:38.961000,3.482129,52.104863,0.976,0
2022-06-13T13:21:39.904000,3.472852,52.047924,1.005,0
2022-06-13T13:21:40.847000,3.463588,51.990984,1.064,0
2022-06-13T13:21:41.791000,3.454338,51.934043,1.145,0
2022-06-13T13:21:42.734000,3.445101,51.877101,1.167,0
2022-06-13T13:21:43.678000,3.435877,51.820159,1.245,0
2022-06-13T13:21:44.621000,3.426667,51.763215,1.343,0
2022-06-13T13:21:45.565000,3.41747,51.706271,1.385,0
2022-06-13T13:21:46.508000,3.408286,51.649326,1.47,1
2022-06-13T13:21:47.451000,3.399115,51.592379,1.53,1
2022-06-13T13:21:49.338000,3.380813,51.478485,1.69,1
2022-06-13T13:21:50.282000,3.371681,51.421536,1.712,1
2022-06-15T13:18:27.364000,3.194683,55.958696,0.19,0
2022-06-15T13:18:28.307000,3.18432,55.901813,0.168,0
2022-06-15T13:18:29.251000,3.173976,55.84493,0.129,0
2022-06-15T13:18:30.194000,3.163651,55.788045,0.111,0
2022-06-15T13:18:31.137000,3.153344,55.73116,0.097,0
2022-06-15T13:18:32.081000,3.143056,55.674274,0.083,0
2022-06-15T13:18:33.024000,3.132786,55.617386,0.054,0
2022-06-15T13:18:33.968000,3.122535,55.560498,0.035,0
2022-06-15T13:18:34.911000,3.112301,55.503609,0.016,0
2022-06-15T13:18:35.855000,3.102086,55.446719,0.02,0
2022-06-15T13:18:36.798000,3.091889,55.389828,-0.01,0
2022-06-15T13:18:37.742000,3.081709,55.332936,-0.022,0
2022-06-15T13:18:38.685000,3.071548,55.276043,-0.06,0
2022-06-15T13:18:39.628000,3.061404,55.219149,-0.07,0
2022-06-15T13:18:40.572000,3.051278,55.162254,-0.11,0
2022-06-15T13:18:41.515000,3.041169,55.105358,-0.11,0
2022-06-15T13:18:42.459000,3.031078,55.048462,-0.162,0
2022-06-15T13:18:43.402000,3.021005,54.991564,-0.209,0
2022-06-15T13:18:44.346000,3.010948,54.934665,-0.258,0
2022-06-15T13:18:45.289000,3.000909,54.877766,-0.261,0
2022-06-15T13:18:46.232000,2.990887,54.820865,-0.285,0
2022-06-15T13:18:47.176000,2.980882,54.763964,-0.318,0
2022-06-15T13:18:48.119000,2.970894,54.707062,-0.349,0
2022-06-15T13:18:49.063000,2.960923,54.650158,-0.382,0
2022-06-15T13:18:50.006000,2.950968,54.593254,-0.4,0
2022-06-15T13:18:50.950000,2.941031,54.536349,-0.461,0
2022-06-15T13:18:51.893000,2.93111,54.479443,-0.471,0
2022-06-15T13:18:52.837000,2.921205,54.422536,-0.527,0
2022-06-15T13:18:53.780000,2.911317,54.365628,-0.539,0
2022-06-15T13:18:54.723000,2.901446,54.308719,-0.589,0
2022-06-15T13:18:55.667000,2.89159,54.25181,-0.617,0
2022-06-15T13:18:56.610000,2.881751,54.194899,-0.669,0
2022-06-15T13:18:57.554000,2.871928,54.137988,-0.699,0
2022-06-15T13:18:58.497000,2.862122,54.081075,-0.724,0
2022-06-15T13:18:59.441000,2.852331,54.024162,-0.758,0
2022-06-15T13:19:00.384000,2.842556,53.967247,-0.817,0
2022-06-15T13:19:01.327000,2.832797,53.910332,-0.815,0
2022-06-15T13:19:02.271000,2.823054,53.853416,-0.817,0
2022-06-15T13:19:03.214000,2.813326,53.796499,-0.832,0
2022-06-15T13:19:04.158000,2.803614,53.739581,-0.828,0
2022-06-15T13:19:05.101000,2.793918,53.682662,-0.874,0
2022-06-15T13:19:06.045000,2.784237,53.625742,-0.863,0
2022-06-15T13:19:06.988000,2.774571,53.568822,-0.874,0
2022-06-15T13:19:07.932000,2.764921,53.5119,-0.836,0
2022-06-15T13:19:08.875000,2.755286,53.454977,-0.816,0
2022-06-15T13:19:09.818000,2.745667,53.398054,-0.801,0
2022-06-15T13:19:10.762000,2.736062,53.34113,-0.781,0
2022-06-15T13:19:11.705000,2.726473,53.284204,-0.733,0
2022-06-15T13:19:12.649000,2.716898,53.227278,-0.717,0
2022-06-15T13:19:13.592000,2.707338,53.170351,-0.656,0
2022-06-15T13:19:14.536000,2.697793,53.113423,-0.61,0
2022-06-15T13:19:15.479000,2.688263,53.056494,-0.546,0
2022-06-15T13:19:16.422000,2.678748,52.999565,-0.49,0
2022-06-15T13:19:17.366000,2.669247,52.942634,-0.439,0
2022-06-15T13:19:18.309000,2.659761,52.885702,-0.368,0
2022-06-15T13:19:19.253000,2.650289,52.82877,-0.294,0
2022-06-15T13:19:20.196000,2.640832,52.771837,-0.186,0
2022-06-15T13:19:21.140000,2.631389,52.714902,-0.133,0
2022-06-15T13:19:22.083000,2.62196,52.657967,-0.082,0
2022-06-15T13:19:23.027000,2.612546,52.601031,0.018,0
2022-06-15T13:19:23.970000,2.603145,52.544094,0.099,0
2022-06-15T13:19:24.913000,2.593759,52.487156,0.177,0
2022-06-15T13:19:25.857000,2.584387,52.430218,0.276,0
2022-06-15T13:19:26.800000,2.575029,52.373278,0.374,0
2022-06-15T13:19:27.744000,2.565684,52.316338,0.492,0
2022-06-15T13:19:28.687000,2.556354,52.259396,0.57,0
2022-06-15T13:19:29.631000,2.547037,52.202454,0.665,0
2022-06-15T13:19:30.574000,2.537734,52.145511,0.774,0
2022-06-15T13:19:31.517000,2.528445,52.088567,0.865,0
2022-06-15T13:19:32.461000,2.519169,52.031622,0.947,0
2022-06-15T13:19:33.404000,2.509907,51.974676,1.05,0
2022-06-15T13:19:34.348000,2.500658,51.917729,1.195,0
2022-06-15T13:19:35.291000,2.491422,51.860782,1.166,0
2022-06-15T13:19:36.235000,2.4822,51.803833,1.381,0
2022-06-15T13:19:37.178000,2.472991,51.746884,1.477,0
2022-06-15T13:19:38.122000,2.463795,51.689933,1.58,0
2022-06-15T13:19:39.065000,2.454613,51.632982,1.706,0
2022-06-15T13:19:40.008000,2.445444,51.57603,1.801,0
2022-06-15T13:19:40.952000,2.436287,51.519077,1.897,0
2022-06-15T13:19:41.895000,2.427144,51.462124,1.971,0
2022-06-15T13:19:42.839000,2.418013,51.405169,2.104,0
2022-06-15T13:19:43.782000,2.408896,51.348214,2.212,0
2022-06-15T13:19:44.726000,2.399791,51.291257,2.303,0
2022-06-15T13:19:45.669000,2.390699,51.2343,2.394,0
2022-06-15T13:19:46.612000,2.381619,51.177342,2.468,1
2022-06-15T13:19:47.556000,2.372552,51.120383,2.545,1
2022-06-16T00:33:41.379000,8.27258,53.699105,2.069,1
2022-06-16T00:33:42.322000,8.262881,53.756002,1.94,1
2022-06-16T00:33:43.266000,8.253167,53.812897,1.867,1
2022-06-16T00:33:45.153000,8.233691,53.926686,1.7,1
2022-06-16T00:33:46.096000,8.22393,53.983579,1.633,0
2022-06-16T00:33:47.039000,8.214153,54.040471,1.588,0
2022-06-16T00:33:47.983000,8.20436,54.097362,1.562,0
2022-06-16T00:33:48.926000,8.194551,54.154252,1.537,0
2022-06-16T00:33:49.870000,8.184725,54.211142,1.483,0
2022-06-16T00:33:50.813000,8.174884,54.26803,1.472,0
2022-06-16T00:33:51.757000,8.165026,54.324918,1.444,0
2022-06-16T00:33:52.700000,8.155152,54.381804,1.437,0
2022-06-16T00:33:53.644000,8.145261,54.43869,1.398,0
2022-06-16T00:33:54.587000,8.135354,54.495575,1.396,0
2022-06-16T00:33:55.530000,8.125431,54.552459,1.38,0
2022-06-16T00:33:56.474000,8.115491,54.609342,1.382,1
2022-06-16T00:33:57.417000,8.105534,54.666225,1.308,1
2022-06-16T00:33:58.361000,8.09556,54.723106,1.231,1
2022-06-16T00:33:59.304000,8.085569,54.779986,1.163,1
2022-06-16T00:34:00.248000,8.075562,54.836866,1.122,1
2022-06-16T00:34:01.191000,8.065537,54.893745,1.072,1
2022-06-16T00:34:02.134000,8.055495,54.950622,1.043,0
2022-06-16T00:34:03.078000,8.045436,55.007499,1.026,0
2022-06-16T00:34:04.021000,8.03536,55.064375,0.968,0
2022-06-16T00:34:04.965000,8.025266,55.12125,0.95,0
2022-06-16T00:34:05.908000,8.015154,55.178124,0.931,0
2022-06-16T00:34:06.852000,8.005026,55.234998,0.931,0
2022-06-16T00:34:07.795000,7.994879,55.29187,0.893,0
2022-06-16T00:34:08.739000,7.984715,55.348742,0.851,0
2022-06-16T00:34:09.682000,7.974533,55.405612,0.798,0
2022-06-16T00:34:10.625000,7.964333,55.462482,0.772,1
2022-06-16T00:34:11.569000,7.954114,55.51935,0.726,1
2022-06-16T00:34:12.512000,7.943878,55.576218,0.612,1
2022-06-16T00:34:13.456000,7.933624,55.633085,0.548,1
2022-06-16T00:34:14.399000,7.923351,55.689951,0.516,1
2022-06-16T00:34:15.343000,7.91306,55.746816,0.463,0
2022-06-16T00:34:16.286000,7.902751,55.80368,0.451,0
2022-06-16T00:34:17.229000,7.892422,55.860544,0.421,0
2022-06-16T00:34:18.173000,7.882076,55.917406,0.381,0
2022-06-16T00:34:19.116000,7.87171,55.974267,0.364,0
2022-06-17T13:16:19.921000,2.239664,55.938258,-0.499,0
2022-06-17T13:16:20.864000,2.229308,55.881369,-0.525,0
2022-06-17T13:16:21.808000,2.21897,55.82448,-0.567,0
2022-06-17T13:16:22.751000,2.208651,55.767589,-0.613,0
2022-06-17T13:16:23.694000,2.19835,55.710697,-0.64,0
2022-06-17T13:16:24.638000,2.188068,55.653804,-0.678,0
2022-06-17T13:16:25.581000,2.177804,55.596911,-0.719,0
2022-06-17T13:16:26.525000,2.167559,55.540016,-0.766,0
2022-06-17T13:16:27.468000,2.157332,55.483121,-0.818,0
2022-06-17T13:16:28.412000,2.147122,55.426224,-0.83,0
2022-06-17T13:16:29.355000,2.136931,55.369327,-0.833,0
2022-06-17T13:16:30.298000,2.126758,55.312429,-0.882,0
2022-06-17T13:16:31.242000,2.116602,55.255529,-0.916,0
2022-06-17T13:16:32.185000,2.106464,55.198629,-0.923,0
2022-06-17T13:16:33.129000,2.096344,55.141728,-0.975,0
2022-06-17T13:16:34.072000,2.086241,55.084826,-0.994,0
2022-06-17T13:16:35.016000,2.076155,55.027923,-1.008,0
2022-06-17T13:16:35.959000,2.066087,54.971019,-1.043,0
2022-06-17T13:16:36.903000,2.056037,54.914114,-1.049,0
2022-06-17T13:16:37.846000,2.046003,54.857208,-1.068,0
2022-06-17T13:16:38.789000,2.035987,54.800301,-1.1,0
2022-06-17T13:16:39.733000,2.025987,54.743393,-1.132,0
2022-06-17T13:16:40.676000,2.016005,54.686484,-1.163,0
2022-06-17T13:16:41.620000,2.006039,54.629575,-1.168,0
2022-06-17T13:16:42.563000,1.99609,54.572664,-1.182,0
2022-06-17T13:16:43.507000,1.986158,54.515753,-1.214,0
2022-06-17T13:16:44.450000,1.976243,54.45884,-1.225,0
2022-06-17T13:16:45.393000,1.966344,54.401927,-1.256,0
2022-06-17T13:16:46.337000,1.956461,54.345013,-1.27,0
2022-06-17T13:16:47.280000,1.946595,54.288097,-1.286,0
2022-06-17T13:16:48.224000,1.936745,54.231181,-1.318,0
2022-06-17T13:16:49.167000,1.926911,54.174264,-1.334,0
2022-06-17T13:16:50.111000,1.917094,54.117346,-1.32,0
2022-06-17T13:16:51.054000,1.907292,54.060427,-1.337,0
2022-06-17T13:16:51.998000,1.897507,54.003508,-1.388,0
2022-06-17T13:16:52.941000,1.887737,53.946587,-1.403,0
2022-06-17T13:16:53.884000,1.877983,53.889665,-1.418,0
2022-06-17T13:16:54.828000,1.868245,53.832743,-1.447,0
2022-06-17T13:16:55.771000,1.858523,53.775819,-1.447,0
2022-06-17T13:16:56.715000,1.848816,53.718895,-1.436,0
2022-06-17T13:16:57.658000,1.839125,53.661969,-1.413,0
2022-06-17T13:16:58.602000,1.829449,53.605043,-1.4,0
2022-06-17T13:16:59.545000,1.819789,53.548116,-1.356,0
2022-06-17T13:17:00.488000,1.810144,53.491188,-1.318,0
2022-06-17T13:17:01.432000,1.800514,53.434259,-1.297,0
2022-06-17T13:17:02.375000,1.790899,53.377329,-1.262,0
2022-06-17T13:17:03.319000,1.7813,53.320398,-1.225,0
2022-06-17T13:17:04.262000,1.771715,53.263466,-1.163,0
2022-06-17T13:17:05.206000,1.762145,53.206534,-1.117,0
2022-06-17T13:17:06.149000,1.752591,53.1496,-1.108,0
2022-06-17T13:17:07.093000,1.743051,53.092666,-1.068,0
2022-06-17T13:17:08.036000,1.733525,53.03573,-1.041,0
2022-06-17T13:17:08.979000,1.724015,52.978794,-0.986,0
2022-06-17T13:17:09.923000,1.714519,52.921857,-0.94,0
2022-06-17T13:17:10.866000,1.705037,52.864919,-0.873,1
2022-06-17T13:17:11.810000,1.69557,52.80798,-0.79,1
2022-06-17T13:17:25.018000,1.564515,52.01074,1.336,1
2022-06-17T13:17:25.961000,1.555257,51.953788,1.424,1
2022-06-17T13:17:26.905000,1.546013,51.896835,1.559,1
2022-06-17T13:17:27.848000,1.536782,51.839881,1.645,0
2022-06-17T13:17:28.792000,1.527564,51.782925,1.703,0
2022-06-17T13:17:29.735000,1.518359,51.72597,1.755,0
2022-06-17T13:17:30.678000,1.509168,51.669013,1.939,0
2022-06-17T13:17:31.622000,1.49999,51.612055,1.895,0
2022-06-17T13:17:32.565000,1.490825,51.555096,1.932,0
2022-06-17T13:17:33.509000,1.481673,51.498137,1.926,1
2022-06-17T13:17:34.452000,1.472533,51.441177,1.89,1
2022-06-17T13:17:41.056000,1.408918,51.04243,3.046,1
2022-06-17T13:17:42.000000,1.39988,50.985462,3.196,0
2022-06-17T13:17:42.943000,1.390855,50.928494,3.262,0
2022-06-17T13:17:43.887000,1.381842,50.871525,3.461,1
2022-06-17T13:17:44.830000,1.372842,50.814555,3.551,0
2022-06-17T13:17:45.773000,1.363853,50.757584,3.624,1
2022-06-17T13:17:46.717000,1.354877,50.700612,3.756,1
2022-06-17T13:17:47.660000,1.345914,50.64364,3.831,0
2022-06-17T13:17:49.547000,1.328022,50.529692,3.987,0
2022-06-17T13:17:50.491000,1.319095,50.472717,3.987,0
2022-06-17T13:17:51.434000,1.310179,50.415741,4.058,0
2022-06-17T13:17:52.377000,1.301276,50.358764,4.084,0
2022-06-17T13:17:53.321000,1.292384,50.301786,4.198,0
2022-06-17T13:17:54.264000,1.283503,50.244807,4.207,0
2022-06-17T13:17:55.208000,1.274635,50.187828,4.206,0
2022-06-17T13:17:56.151000,1.265778,50.130847,4.273,1
2022-06-17T13:17:57.095000,1.256933,50.073866,4.257,1
2022-06-18T00:31:34.879000,7.308802,53.774558,1.523,1
2022-06-18T00:31:35.823000,7.299084,53.831452,1.462,1
2022-06-18T00:31:36.766000,7.289349,53.888345,1.38,0
2022-06-18T00:31:37.710000,7.279599,53.945237,1.363,0
2022-06-18T00:31:38.653000,7.269834,54.002128,1.332,0
2022-06-18T00:31:39.596000,7.260052,54.059018,1.245,0
2022-06-18T00:31:40.540000,7.250255,54.115907,1.159,0
2022-06-18T00:31:41.483000,7.240441,54.172796,1.099,0
2022-06-18T00:31:42.427000,7.230611,54.229684,1.1,0
2022-06-18T00:31:43.370000,7.220765,54.28657,1.088,0
2022-06-18T00:31:44.314000,7.210903,54.343456,1.027,0
2022-06-18T00:31:45.257000,7.201024,54.400341,0.974,0
2022-06-18T00:31:46.200000,7.191129,54.457225,0.951,0
2022-06-18T00:31:47.144000,7.181218,54.514108,0.925,0
2022-06-18T00:31:48.087000,7.17129,54.570991,0.882,0
2022-06-18T00:31:49.031000,7.161345,54.627872,0.815,0
2022-06-18T00:31:49.974000,7.151383,54.684753,0.755,0
2022-06-18T00:31:50.918000,7.141405,54.741632,0.673,0
2022-06-18T00:31:51.861000,7.13141,54.798511,0.667,0
2022-06-18T00:31:52.804000,7.121397,54.855389,0.623,0
2022-06-18T00:31:53.748000,7.111368,54.912266,0.585,0
2022-06-18T00:31:54.691000,7.101321,54.969142,0.549,0
2022-06-18T00:31:55.635000,7.091258,55.026017,0.5,0
2022-06-18T00:31:56.578000,7.081176,55.082892,0.434,0
2022-06-18T00:31:57.522000,7.071078,55.139765,0.387,0
2022-06-18T00:31:58.465000,7.060962,55.196637,0.379,0
2022-06-18T00:31:59.409000,7.050828,55.253509,0.31,0
2022-06-18T00:32:00.352000,7.040677,55.31038,0.278,0
2022-06-18T00:32:01.295000,7.030507,55.36725,0.247,0
2022-06-18T00:32:02.239000,7.02032,55.424119,0.194,0
2022-06-18T00:32:03.182000,7.010115,55.480987,0.186,0
2022-06-18T00:32:04.126000,6.999892,55.537854,0.176,0
2022-06-18T00:32:05.069000,6.989651,55.59472,0.169,0
2022-06-18T00:32:06.013000,6.979391,55.651585,0.11,0
2022-06-18T00:32:06.956000,6.969114,55.70845,0.073,0
2022-06-18T00:32:07.899000,6.958817,55.765313,0.039,0
2022-06-18T00:32:08.843000,6.948503,55.822176,0.009,0
2022-06-18T00:32:09.786000,6.938169,55.879037,0.002,0
2022-06-18T00:32:10.730000,6.927817,55.935898,-0.034,0
2022-06-19T13:14:11.534000,1.293927,55.970014,-0.701,0
2022-06-19T13:14:12.478000,1.283561,55.913119,-0.71,0
2022-06-19T13:14:13.421000,1.273213,55.856223,-0.727,0
2022-06-19T13:14:14.364000,1.262885,55.799326,-0.753,0
2022-06-19T13:14:15.308000,1.252575,55.742429,-0.765,0
2022-06-19T13:14:16.251000,1.242283,55.68553,-0.773,0
2022-06-19T13:14:17.195000,1.23201,55.628631,-0.782,0
2022-06-19T13:14:18.138000,1.221755,55.57173,-0.799,0
2022-06-19T13:14:19.082000,1.211518,55.514828,-0.828,0
2022-06-19T13:14:20.025000,1.2013,55.457926,-0.81,0
2022-06-19T13:14:20.969000,1.191099,55.401022,-0.844,0
2022-06-19T13:14:21.912000,1.180917,55.344118,-0.866,0
2022-06-19T13:14:22.855000,1.170752,55.287213,-0.868,0
2022-06-19T13:14:23.799000,1.160605,55.230306,-0.858,0
2022-06-19T13:14:24.742000,1.150475,55.173399,-0.864,0
2022-06-19T13:14:25.686000,1.140364,55.116491,-0.875,0
2022-06-19T13:14:26.629000,1.13027,55.059582,-0.908,0
2022-06-19T13:14:27.573000,1.120193,55.002672,-0.915,0
2022-06-19T13:14:28.516000,1.110133,54.945761,-0.934,0
2022-06-19T13:14:29.459000,1.100091,54.888849,-0.914,0
2022-06-19T13:14:30.403000,1.090066,54.831936,-0.935,0
2022-06-19T13:14:31.346000,1.080057,54.775022,-0.963,0
2022-06-19T13:14:32.290000,1.070066,54.718108,-0.956,0
2022-06-19T13:14:33.233000,1.060092,54.661192,-0.981,0
2022-06-19T13:14:34.177000,1.050135,54.604275,-0.993,0
2022-06-19T13:14:35.120000,1.040194,54.547358,-1.007,0
2022-06-19T13:14:36.064000,1.03027,54.490439,-0.984,0
2022-06-19T13:14:37.007000,1.020363,54.43352,-1.004,0
2022-06-19T13:14:37.950000,1.010472,54.376599,-0.985,0
2022-06-19T13:14:38.894000,1.000597,54.319678,-0.984,0
2022-06-19T13:14:39.837000,0.990739,54.262756,-1.01,0
2022-06-19T13:14:40.781000,0.980897,54.205833,-0.996,0
2022-06-19T13:14:41.724000,0.971071,54.148909,-1.007,0
2022-06-19T13:14:42.668000,0.961262,54.091984,-0.972,0
2022-06-19T13:14:43.611000,0.951468,54.035058,-0.976,0
2022-06-19T13:14:44.554000,0.94169,53.978131,-0.979,0
2022-06-19T13:14:45.498000,0.931929,53.921203,-0.977,0
2022-06-19T13:14:46.441000,0.922183,53.864274,-0.951,0
2022-06-19T13:14:47.385000,0.912452,53.807345,-0.958,0
2022-06-19T13:14:48.328000,0.902738,53.750414,-0.942,0
2022-06-19T13:14:49.272000,0.893039,53.693483,-0.896,0
2022-06-19T13:14:50.215000,0.883355,53.63655,-0.876,0
2022-06-19T13:14:51.159000,0.873687,53.579617,-0.798,0
2022-06-19T13:14:52.102000,0.864034,53.522683,-0.695,0
2022-06-19T13:14:53.045000,0.854396,53.465748,-0.585,0
2022-06-19T13:14:53.989000,0.844774,53.408812,-0.516,0
2022-06-19T13:14:54.932000,0.835167,53.351875,-0.382,0
2022-06-19T13:14:55.876000,0.825575,53.294937,-0.301,0
2022-06-19T13:14:56.819000,0.815997,53.237998,-0.188,0
2022-06-19T13:14:57.763000,0.806435,53.181058,-0.155,0
2022-06-19T13:14:58.706000,0.796888,53.124118,-0.096,0
2022-06-19T13:14:59.649000,0.787355,53.067176,-0.078,1
2022-06-19T13:15:38.330000,0.408432,50.731802,1.924,1
2022-06-19T13:15:39.274000,0.399462,50.674823,1.925,1
2022-06-19T13:15:40.217000,0.390505,50.617844,1.946,0
2022-06-19T13:15:41.161000,0.381559,50.560863,1.938,0
2022-06-19T13:15:42.104000,0.372626,50.503881,1.939,0
2022-06-19T13:15:43.048000,0.363704,50.446899,1.987,0
2022-06-19T13:15:43.991000,0.354794,50.389916,1.967,0
2022-06-19T13:15:44.934000,0.345897,50.332932,2.016,0
2022-06-19T13:15:45.878000,0.337011,50.275946,2.052,0
2022-06-19T13:15:46.821000,0.328136,50.218961,2.095,0
2022-06-19T13:15:47.765000,0.319274,50.161974,2.14,0
2022-06-19T13:15:48.708000,0.310423,50.104986,2.187,0
2022-06-19T13:15:49.652000,0.301584,50.047998,2.191,0
2022-06-19T13:15:50.595000,0.292756,49.991008,2.213,0
2022-06-19T13:15:51.538000,0.28394,49.934018,2.229,0
2022-06-19T13:15:52.482000,0.275136,49.877027,2.261,1
2022-06-19T13:15:53.425000,0.266343,49.820035,2.3,1
2022-06-20T00:29:23.662000,6.393499,53.569212,0.952,1
2022-06-20T00:29:24.606000,6.383838,53.626109,0.926,1
2022-06-20T00:29:25.549000,6.374162,53.683004,0.861,0
2022-06-20T00:29:26.493000,6.36447,53.739899,0.797,0
2022-06-20T00:29:27.436000,6.354762,53.796792,0.776,0
2022-06-20T00:29:28.380000,6.345039,53.853685,0.743,0
2022-06-20T00:29:29.323000,6.3353,53.910577,0.688,0
2022-06-20T00:29:30.266000,6.325546,53.967468,0.645,0
2022-06-20T00:29:31.210000,6.315776,54.024359,0.638,0
2022-06-20T00:29:32.153000,6.305989,54.081248,0.598,0
2022-06-20T00:29:33.097000,6.296187,54.138136,0.546,0
2022-06-20T00:29:34.040000,6.286369,54.195024,0.519,0
2022-06-20T00:29:34.984000,6.276534,54.251911,0.482,0
2022-06-20T00:29:35.927000,6.266684,54.308797,0.47,0
2022-06-20T00:29:36.870000,6.256817,54.365682,0.423,0
2022-06-20T00:29:37.814000,6.246933,54.422566,0.45,0
2022-06-20T00:29:38.757000,6.237033,54.479449,0.427,0
2022-06-20T00:29:39.701000,6.227117,54.536331,0.385,0
2022-06-20T00:29:40.644000,6.217184,54.593213,0.387,0
2022-06-20T00:29:41.588000,6.207234,54.650094,0.375,0
2022-06-20T00:29:42.531000,6.197268,54.706973,0.352,0
2022-06-20T00:29:43.475000,6.187284,54.763852,0.32,0
2022-06-20T00:29:44.418000,6.177284,54.82073,0.328,0
2022-06-20T00:29:45.361000,6.167267,54.877607,0.297,0
2022-06-20T00:29:46.305000,6.157232,54.934484,0.271,0
2022-06-20T00:29:47.248000,6.147181,54.991359,0.219,0
2022-06-20T00:29:48.192000,6.137112,55.048233,0.22,0
2022-06-20T00:29:49.135000,6.127025,55.105107,0.214,0
2022-06-20T00:29:50.079000,6.116922,55.16198,0.202,0
2022-06-20T00:29:51.022000,6.1068,55.218851,0.187,0
2022-06-20T00:29:51.965000,6.096661,55.275722,0.203,0
2022-06-20T00:29:52.909000,6.086504,55.332592,0.193,0
2022-06-20T00:29:53.852000,6.07633,55.389461,0.163,0
2022-06-20T00:29:54.796000,6.066138,55.44633,0.12,0
2022-06-20T00:29:55.739000,6.055927,55.503197,0.135,0
2022-06-20T00:29:56.683000,6.045699,55.560063,0.121,0
2022-06-20T00:29:57.626000,6.035452,55.616929,0.111,0
2022-06-20T00:29:58.570000,6.025187,55.673793,0.11,0
2022-06-20T00:29:59.513000,6.014904,55.730657,0.103,0
2022-06-20T00:30:00.456000,6.004602,55.78752,0.126,0
2022-06-20T00:30:01.400000,5.994282,55.844382,0.088,0
2022-06-20T00:30:02.343000,5.983943,55.901243,0.092,0
2022-06-20T00:30:03.287000,5.973585,55.958103,0.074,0
2022-06-21T13:12:05.978000,0.331946,55.962334,-0.515,0
2022-06-21T13:12:06.921000,0.321583,55.905435,-0.515,0
2022-06-21T13:12:07.865000,0.311239,55.848535,-0.493,0
2022-06-21T13:12:08.808000,0.300913,55.791634,-0.464,0
2022-06-21T13:12:09.752000,0.290606,55.734732,-0.473,0
2022-06-21T13:12:10.695000,0.280318,55.67783,-0.443,0
2022-06-21T13:12:11.639000,0.270047,55.620926,-0.412,0
2022-06-21T13:12:12.582000,0.259795,55.564021,-0.407,0
2022-06-21T13:12:13.525000,0.249562,55.507115,-0.413,0
2022-06-21T13:12:14.469000,0.239346,55.450209,-0.377,0
2022-06-21T13:12:15.412000,0.229148,55.393301,-0.368,0
2022-06-21T13:12:16.356000,0.218969,55.336393,-0.382,0
2022-06-21T13:12:17.299000,0.208807,55.279484,-0.357,0
2022-06-21T13:12:18.243000,0.198663,55.222573,-0.362,0
2022-06-21T13:12:19.186000,0.188536,55.165662,-0.352,0
2022-06-21T13:12:20.130000,0.178427,55.10875,-0.313,0
2022-06-21T13:12:21.073000,0.168336,55.051836,-0.307,0
2022-06-21T13:12:22.016000,0.158262,54.994922,-0.305,0
2022-06-21T13:12:22.960000,0.148205,54.938007,-0.296,0
2022-06-21T13:12:23.903000,0.138166,54.881091,-0.284,0
2022-06-21T13:12:24.847000,0.128143,54.824174,-0.258,0
2022-06-21T13:12:25.790000,0.118138,54.767256,-0.241,0
2022-06-21T13:12:26.734000,0.10815,54.710337,-0.192,0
2022-06-21T13:12:27.677000,0.098178,54.653417,-0.208,0
2022-06-21T13:12:28.620000,0.088224,54.596497,-0.174,0
2022-06-21T13:12:30.507000,0.068364,54.482653,-0.159,1
2022-06-21T13:12:31.451000,0.05846,54.425729,-0.067,0
2022-06-21T13:12:32.394000,0.048572,54.368804,-0.081,0
2022-06-21T13:12:34.281000,0.028844,54.254953,-0.006,0
2022-06-21T13:12:35.224000,0.019005,54.198026,0.01,1
2022-06-21T13:12:36.168000,0.009182,54.141097,0.005,1
2022-06-21T13:12:37.111000,-0.000625,54.084168,0.089,1
2022-06-21T13:12:38.055000,-0.010416,54.027238,0.102,1
2022-06-21T13:12:38.998000,-0.020191,53.970307,0.172,1
2022-06-21T13:12:39.942000,-0.02995,53.913376,0.207,1
2022-06-21T13:13:32.774000,-0.553314,50.723747,-0.55,1
2022-06-21T13:13:33.718000,-0.562282,50.666764,-0.498,1
2022-06-21T13:13:34.661000,-0.571238,50.609781,-0.402,0
2022-06-21T13:13:35.604000,-0.580181,50.552796,-0.319,0
2022-06-21T13:13:36.548000,-0.589113,50.49581,-0.241,0
2022-06-21T13:13:37.491000,-0.598032,50.438824,-0.163,0
2022-06-21T13:13:38.435000,-0.60694,50.381837,-0.065,0
2022-06-21T13:13:39.378000,-0.615835,50.324848,0.012,0
2022-06-21T13:13:40.322000,-0.624719,50.26786,0.097,0
2022-06-21T13:13:41.265000,-0.633591,50.21087,0.203,0
2022-06-21T13:13:42.209000,-0.642452,50.153879,0.315,0
2022-06-21T13:13:43.152000,-0.6513,50.096887,0.4,0
2022-06-21T13:13:44.095000,-0.660138,50.039895,0.446,0
2022-06-21T13:13:45.039000,-0.668963,49.982901,0.558,0
2022-06-21T13:13:45.982000,-0.677777,49.925907,0.647,0
2022-06-21T13:13:46.926000,-0.68658,49.868912,0.713,0
2022-06-21T13:13:47.869000,-0.695371,49.811916,0.817,0
2022-06-21T13:13:48.813000,-0.704151,49.754919,0.925,0
2022-06-21T13:13:49.756000,-0.712919,49.697922,1.014,0
2022-06-22T00:27:18.106000,5.442024,53.480343,0.557,1
2022-06-22T00:27:20.936000,5.413068,53.651034,0.489,0
2022-06-22T00:27:21.880000,5.403386,53.70793,0.439,0
2022-06-22T00:27:22.823000,5.393688,53.764824,0.431,0
2022-06-22T00:27:23.767000,5.383974,53.821718,0.415,0
2022-06-22T00:27:24.710000,5.374245,53.878611,0.354,0
2022-06-22T00:27:25.654000,5.364499,53.935503,0.374,0
2022-06-22T00:27:26.597000,5.354739,53.992394,0.34,0
2022-06-22T00:27:27.541000,5.344962,54.049284,0.295,0
2022-06-22T00:27:28.484000,5.335169,54.106174,0.297,0
2022-06-22T00:27:29.427000,5.325361,54.163062,0.276,0
2022-06-22T00:27:30.371000,5.315536,54.21995,0.263,0
2022-06-22T00:27:31.314000,5.305695,54.276837,0.26,0
2022-06-22T00:27:32.258000,5.295838,54.333723,0.267,0
2022-06-22T00:27:33.201000,5.285964,54.390608,0.257,0
2022-06-22T00:27:34.145000,5.276074,54.447492,0.272,0
2022-06-22T00:27:35.088000,5.266168,54.504375,0.226,0
2022-06-22T00:27:36.031000,5.256245,54.561258,0.223,0
2022-06-22T00:27:36.975000,5.246305,54.618139,0.254,0
2022-06-22T00:27:37.918000,5.236348,54.67502,0.262,0
2022-06-22T00:27:38.862000,5.226375,54.7319,0.222,0
2022-06-22T00:27:39.805000,5.216385,54.788779,0.215,0
2022-06-22T00:27:40.749000,5.206378,54.845657,0.217,0
2022-06-22T00:27:41.692000,5.196353,54.902534,0.225,0
2022-06-22T00:27:42.636000,5.186312,54.959411,0.202,0
2022-06-22T00:27:43.579000,5.176253,55.016286,0.199,0
2022-06-22T00:27:44.522000,5.166178,55.073161,0.222,0
2022-06-22T00:27:45.466000,5.156084,55.130034,0.2,0
2022-06-22T00:27:46.409000,5.145973,55.186907,0.17,0
2022-06-22T00:27:47.353000,5.135845,55.243779,0.155,0
2022-06-22T00:27:48.296000,5.125699,55.30065,0.194,0
2022-06-22T00:27:49.240000,5.115535,55.35752,0.175,0
2022-06-22T00:27:50.183000,5.105353,55.41439,0.171,0
2022-06-22T00:27:51.126000,5.095153,55.471258,0.147,0
2022-06-22T00:27:52.070000,5.084936,55.528125,0.141,0
2022-06-22T00:27:53.013000,5.0747,55.584992,0.125,0
2022-06-22T00:27:53.957000,5.064446,55.641858,0.129,0
2022-06-22T00:27:54.900000,5.054174,55.698723,0.127,0
2022-06-22T00:27:55.844000,5.043883,55.755586,0.134,0
2022-06-22T00:27:56.787000,5.033574,55.812449,0.128,0
2022-06-22T00:27:57.731000,5.023246,55.869312,0.131,0
2022-06-22T00:27:58.674000,5.012899,55.926173,0.114,0
2022-06-22T00:27:59.617000,5.002534,55.983033,0.139,0
2022-06-23T13:10:04.196000,-0.642732,55.97793,0.367,0
2022-06-23T13:10:05.139000,-0.653102,55.921025,0.389,0
2022-06-23T13:10:06.082000,-0.663452,55.864119,0.414,0
2022-06-23T13:10:07.026000,-0.673784,55.807211,0.435,0
2022-06-23T13:10:07.969000,-0.684098,55.750303,0.481,0
2022-06-23T13:10:08.913000,-0.694393,55.693394,0.499,0
2022-06-23T13:10:09.856000,-0.704669,55.636484,0.538,0
2022-06-23T13:10:10.800000,-0.714928,55.579572,0.54,0
2022-06-23T13:10:11.743000,-0.725168,55.52266,0.578,0
2022-06-23T13:10:12.686000,-0.73539,55.465747,0.598,0
2022-06-23T13:10:13.630000,-0.745594,55.408833,0.619,0
2022-06-23T13:10:14.573000,-0.75578,55.351918,0.667,0
2022-06-23T13:10:15.517000,-0.765948,55.295002,0.698,0
2022-06-23T13:10:16.460000,-0.776098,55.238085,0.718,0
2022-06-23T13:10:17.404000,-0.78623,55.181168,0.75,0
2022-06-23T13:10:18.347000,-0.796345,55.124249,0.779,0
2022-06-23T13:10:19.290000,-0.806443,55.067329,0.826,0
2022-06-23T13:10:20.234000,-0.816523,55.010408,0.852,0
2022-06-23T13:10:21.177000,-0.826586,54.953487,0.875,0
2022-06-23T13:10:22.121000,-0.836631,54.896564,0.901,0
2022-06-23T13:10:23.064000,-0.84666,54.839641,0.937,0
2022-06-23T13:10:24.008000,-0.856671,54.782716,0.954,0
2022-06-23T13:10:24.951000,-0.866665,54.725791,0.987,0
2022-06-23T13:10:25.895000,-0.876642,54.668865,1.013,1
2022-06-23T13:11:33.822000,-1.555362,50.567769,-0.053,1
2022-06-23T13:11:34.765000,-1.564298,50.510777,-0.043,0
2022-06-23T13:11:35.709000,-1.573221,50.453784,-0.01,0
2022-06-23T13:11:36.652000,-1.582133,50.39679,0.003,0
2022-06-23T13:11:37.596000,-1.591033,50.339795,-0.01,0
2022-06-23T13:11:38.539000,-1.599921,50.2828,0.021,0
2022-06-23T13:11:39.483000,-1.608797,50.225803,0.058,0
2022-06-23T13:11:40.426000,-1.617662,50.168806,0.1,0
2022-06-23T13:11:41.370000,-1.626515,50.111807,0.136,0
2022-06-23T13:11:42.313000,-1.635356,50.054808,0.214,0
2022-06-23T13:11:44.200000,-1.653004,49.940807,0.323,0
2022-06-23T13:11:45.143000,-1.66181,49.883806,0.356,0
2022-06-23T13:11:46.087000,-1.670606,49.826803,0.377,0
2022-06-23T13:11:47.030000,-1.679389,49.769799,0.416,1
2022-06-24T00:25:05.946000,4.575776,52.794361,0.651,1
2022-06-24T00:25:06.889000,4.566317,52.85127,0.657,1
2022-06-24T00:25:07.833000,4.556844,52.908178,0.601,1
2022-06-24T00:25:08.776000,4.547356,52.965085,0.635,1
2022-06-24T00:25:09.720000,4.537854,53.021991,0.514,1
2022-06-24T00:25:10.663000,4.528337,53.078897,0.508,1
2022-06-24T00:25:11.607000,4.518805,53.135802,0.479,0
2022-06-24T00:25:12.550000,4.509259,53.192705,0.431,0
2022-06-24T00:25:13.493000,4.499697,53.249609,0.465,0
2022-06-24T00:25:14.437000,4.490121,53.306511,0.399,0
2022-06-24T00:25:15.380000,4.48053,53.363412,0.36,0
2022-06-24T00:25:16.324000,4.470924,53.420312,0.347,0
2022-06-24T00:25:17.267000,4.461302,53.477212,0.334,0
2022-06-24T00:25:18.211000,4.451666,53.534111,0.314,0
2022-06-24T00:25:19.154000,4.442014,53.591009,0.249,0
2022-06-24T00:25:20.097000,4.432347,53.647906,0.219,0
2022-06-24T00:25:21.041000,4.422664,53.704802,0.24,0
2022-06-24T00:25:21.984000,4.412966,53.761697,0.267,0
2022-06-24T00:25:22.928000,4.403252,53.818592,0.305,0
2022-06-24T00:25:23.871000,4.393523,53.875485,0.257,0
2022-06-24T00:25:24.815000,4.383778,53.932378,0.244,0
2022-06-24T00:25:25.758000,4.374017,53.98927,0.259,0
2022-06-24T00:25:26.702000,4.36424,54.046161,0.249,0
2022-06-24T00:25:27.645000,4.354447,54.103052,0.241,0
2022-06-24T00:25:28.588000,4.344639,54.159941,0.228,0
2022-06-24T00:25:29.532000,4.334814,54.216829,0.21,0
2022-06-24T00:25:30.475000,4.324973,54.273717,0.23,0
2022-06-24T00:25:31.419000,4.315116,54.330604,0.222,0
2022-06-24T00:25:32.362000,4.305242,54.38749,0.244,0
2022-06-24T00:25:33.306000,4.295352,54.444375,0.237,0
2022-06-24T00:25:34.249000,4.285445,54.501259,0.265,0
2022-06-24T00:25:35.192000,4.275522,54.558142,0.27,0
2022-06-24T00:25:36.136000,4.265583,54.615025,0.284,0
2022-06-24T00:25:37.079000,4.255626,54.671906,0.275,0
2022-06-24T00:25:38.023000,4.245653,54.728787,0.256,0
2022-06-24T00:25:38.966000,4.235663,54.785667,0.229,0
2022-06-24T00:25:39.910000,4.225656,54.842546,0.264,0
2022-06-24T00:25:40.853000,4.215631,54.899424,0.261,0
2022-06-24T00:25:41.797000,4.20559,54.956301,0.261,0
2022-06-24T00:25:42.740000,4.195531,55.013177,0.265,0
2022-06-24T00:25:43.683000,4.185455,55.070053,0.274,0
2022-06-24T00:25:44.627000,4.175362,55.126927,0.29,0
2022-06-24T00:25:45.570000,4.165251,55.183801,0.287,0
2022-06-24T00:25:46.514000,4.155123,55.240674,0.306,0
2022-06-24T00:25:47.457000,4.144976,55.297546,0.31,0
2022-06-24T00:25:48.401000,4.134812,55.354417,0.292,0
2022-06-24T00:25:49.344000,4.124631,55.411287,0.299,0
2022-06-24T00:25:50.287000,4.114431,55.468156,0.311,0
2022-06-24T00:25:51.231000,4.104213,55.525025,0.293,0
2022-06-24T00:25:52.174000,4.093977,55.581892,0.281,0
2022-06-24T00:25:53.118000,4.083723,55.638759,0.29,0
2022-06-24T00:25:54.061000,4.073451,55.695625,0.29,0
2022-06-24T00:25:55.005000,4.06316,55.75249,0.273,0
2022-06-24T00:25:55.948000,4.052851,55.809354,0.269,0
2022-06-24T00:25:56.892000,4.042523,55.866217,0.25,0
2022-06-24T00:25:57.835000,4.032177,55.923079,0.257,0
2022-06-24T00:25:58.778000,4.021812,55.97994,0.258,0
2022-06-25T13:08:08.074000,-1.646313,55.942764,1.174,0
2022-06-25T13:08:09.017000,-1.656673,55.885855,1.203,0
2022-06-25T13:08:09.961000,-1.667015,55.828944,1.255,0
2022-06-25T13:08:10.904000,-1.677338,55.772032,1.286,1
2022-06-25T13:08:11.847000,-1.687642,55.71512,1.312,1
2022-06-26T00:22:53.786000,3.734028,51.818085,1.056,1
2022-06-26T00:22:54.729000,3.724805,51.875009,0.958,1
2022-06-26T00:22:55.673000,3.715569,51.931932,0.888,0
2022-06-26T00:22:56.616000,3.706319,51.988855,0.874,0
2022-06-26T00:22:57.559000,3.697056,52.045777,0.784,0
2022-06-26T00:22:58.503000,3.687779,52.102698,0.788,0
2022-06-26T00:22:59.446000,3.678488,52.159618,0.717,0
2022-06-26T00:23:00.390000,3.669184,52.216538,0.661,0
2022-06-26T00:23:01.333000,3.659867,52.273456,0.629,0
2022-06-26T00:23:02.277000,3.650535,52.330374,0.578,0
2022-06-26T00:23:03.220000,3.64119,52.38729,0.544,0
2022-06-26T00:23:04.163000,3.63183,52.444207,0.495,0
2022-06-26T00:23:05.107000,3.622457,52.501122,0.46,0
2022-06-26T00:23:06.050000,3.61307,52.558036,0.439,0
2022-06-26T00:23:06.994000,3.603668,52.61495,0.376,0
2022-06-26T00:23:07.937000,3.594253,52.671862,0.325,0
2022-06-26T00:23:08.881000,3.584823,52.728774,0.304,0
2022-06-26T00:23:09.824000,3.575379,52.785686,0.261,0
2022-06-26T00:23:10.768000,3.56592,52.842596,0.201,0
2022-06-26T00:23:11.711000,3.556447,52.899505,0.151,0
2022-06-26T00:23:12.654000,3.54696,52.956414,0.126,0
2022-06-26T00:23:13.598000,3.537458,53.013321,0.104,0
2022-06-26T00:23:14.541000,3.527942,53.070228,0.036,0
2022-06-26T00:23:15.485000,3.51841,53.127134,0.008,0
2022-06-26T00:23:16.428000,3.508864,53.18404,-0.04,0
2022-06-26T00:23:17.372000,3.499303,53.240944,-0.063,0
2022-06-26T00:23:18.315000,3.489727,53.297848,-0.089,0
2022-06-26T00:23:19.258000,3.480137,53.35475,-0.137,0
2022-06-26T00:23:20.202000,3.470531,53.411652,-0.151,0
2022-06-26T00:23:21.145000,3.46091,53.468553,-0.2,0
2022-06-26T00:23:22.089000,3.451274,53.525453,-0.185,0
2022-06-26T00:23:23.032000,3.441622,53.582353,-0.191,0
2022-06-26T00:23:23.976000,3.431955,53.639251,-0.202,0
2022-06-26T00:23:24.919000,3.422273,53.696149,-0.187,0
2022-06-26T00:23:25.863000,3.412575,53.753046,-0.209,0
2022-06-26T00:23:26.806000,3.402862,53.809942,-0.216,0
2022-06-26T00:23:27.749000,3.393133,53.866837,-0.22,0
2022-06-26T00:23:28.693000,3.383389,53.923731,-0.214,0
2022-06-26T00:23:29.636000,3.373628,53.980624,-0.219,0
2022-06-26T00:23:30.580000,3.363852,54.037517,-0.204,0
2022-06-26T00:23:31.523000,3.35406,54.094409,-0.202,0
2022-06-26T00:23:32.467000,3.344251,54.1513,-0.18,0
2022-06-26T00:23:33.410000,3.334427,54.20819,-0.178,0
2022-06-26T00:23:34.353000,3.324587,54.265079,-0.169,0
2022-06-26T00:23:35.297000,3.31473,54.321967,-0.163,0
2022-06-26T00:23:36.240000,3.304857,54.378855,-0.115,0
2022-06-26T00:23:37.184000,3.294967,54.435741,-0.131,0
2022-06-26T00:23:38.127000,3.285061,54.492627,-0.139,0
2022-06-26T00:23:39.071000,3.275139,54.549512,-0.098,0
2022-06-26T00:23:40.014000,3.2652,54.606396,-0.102,0
2022-06-26T00:23:40.958000,3.255244,54.663279,-0.078,0
2022-06-26T00:23:41.901000,3.245271,54.720161,-0.083,0
2022-06-26T00:23:42.844000,3.235281,54.777042,-0.03,0
2022-06-26T00:23:43.788000,3.225274,54.833923,-0.029,0
2022-06-26T00:23:44.731000,3.215251,54.890803,-0.012,0
2022-06-26T00:23:45.675000,3.20521,54.947681,0.006,0
2022-06-26T00:23:46.618000,3.195152,55.004559,0.009,0
2022-06-26T00:23:47.562000,3.185076,55.061436,0.05,0
2022-06-26T00:23:48.505000,3.174984,55.118313,0.05,0
2022-06-26T00:23:49.448000,3.164873,55.175188,0.085,0
2022-06-26T00:23:50.392000,3.154745,55.232062,0.088,0
2022-06-26T00:23:51.335000,3.1446,55.288936,0.108,0
2022-06-26T00:23:52.279000,3.134437,55.345809,0.123,0
2022-06-26T00:23:53.222000,3.124256,55.40268,0.158,0
2022-06-26T00:23:54.166000,3.114056,55.459551,0.166,0
2022-06-26T00:23:55.109000,3.103839,55.516422,0.182,0
2022-06-26T00:23:56.052000,3.093604,55.573291,0.182,0
2022-06-26T00:23:56.996000,3.083351,55.630159,0.202,0
2022-06-26T00:23:57.939000,3.073079,55.687026,0.187,0
2022-06-26T00:23:58.883000,3.062789,55.743893,0.206,0
2022-06-26T00:23:59.826000,3.052481,55.800759,0.2,0
2022-06-26T00:24:00.770000,3.042153,55.857623,0.218,0
2022-06-26T00:24:01.713000,3.031808,55.914487,0.228,0
2022-06-26T00:24:02.657000,3.021443,55.97135,0.237,0
2022-06-28T00:20:49.173000,2.817829,51.279023,1.939,1
2022-06-28T00:20:50.116000,2.808728,51.335957,1.886,1
2022-06-28T00:20:51.060000,2.799613,51.39289,1.819,0
2022-06-28T00:20:52.003000,2.790486,51.449822,1.745,0
2022-06-28T00:20:52.947000,2.781346,51.506753,1.672,0
2022-06-28T00:20:53.890000,2.772193,51.563683,1.571,0
2022-06-28T00:20:54.834000,2.763027,51.620613,1.488,0
2022-06-28T00:20:55.777000,2.753848,51.677542,1.407,0
2022-06-28T00:20:56.720000,2.744656,51.734469,1.292,0
2022-06-28T00:20:57.664000,2.73545,51.791397,1.242,0
2022-06-28T00:20:58.607000,2.726232,51.848323,1.14,0
2022-06-28T00:20:59.551000,2.717,51.905249,1.038,0
2022-06-28T00:21:00.494000,2.707754,51.962173,0.969,0
2022-06-28T00:21:01.438000,2.698495,52.019097,0.862,0
2022-06-28T00:21:02.381000,2.689223,52.07602,0.777,0
2022-06-28T00:21:03.324000,2.679937,52.132942,0.642,0
2022-06-28T00:21:04.268000,2.670638,52.189864,0.568,0
2022-06-28T00:21:05.211000,2.661325,52.246784,0.502,0
2022-06-28T00:21:06.155000,2.651997,52.303704,0.449,0
2022-06-28T00:21:07.098000,2.642657,52.360623,0.366,0
2022-06-28T00:21:08.042000,2.633302,52.417541,0.29,0
2022-06-28T00:21:08.985000,2.623933,52.474459,0.232,0
2022-06-28T00:21:09.928000,2.614551,52.531375,0.177,0
2022-06-28T00:21:10.872000,2.605154,52.588291,0.099,0
2022-06-28T00:21:11.815000,2.595743,52.645206,0.019,0
2022-06-28T00:21:12.759000,2.586318,52.70212,-0.026,0
2022-06-28T00:21:13.702000,2.576879,52.759033,-0.084,0
2022-06-28T00:21:14.646000,2.567425,52.815945,-0.135,0
2022-06-28T00:21:15.589000,2.557957,52.872857,-0.188,0
2022-06-28T00:21:16.533000,2.548475,52.929768,-0.255,0
2022-06-28T00:21:17.476000,2.538978,52.986677,-0.299,0
2022-06-28T00:21:18.419000,2.529466,53.043586,-0.357,0
2022-06-28T00:21:19.363000,2.51994,53.100495,-0.375,0
2022-06-28T00:21:20.306000,2.510399,53.157402,-0.423,0
2022-06-28T00:21:21.250000,2.500843,53.214309,-0.476,0
2022-06-28T00:21:22.193000,2.491272,53.271214,-0.516,0
2022-06-28T00:21:23.137000,2.481686,53.328119,-0.556,0
2022-06-28T00:21:24.080000,2.472085,53.385023,-0.574,0
2022-06-28T00:21:25.023000,2.46247,53.441927,-0.606,0
2022-06-28T00:21:25.967000,2.452838,53.498829,-0.614,0
2022-06-28T00:21:26.910000,2.443192,53.55573,-0.643,0
2022-06-28T00:21:27.854000,2.43353,53.612631,-0.643,0
2022-06-28T00:21:28.797000,2.423853,53.669531,-0.674,0
2022-06-28T00:21:29.741000,2.414161,53.72643,-0.671,0
2022-06-28T00:21:30.684000,2.404453,53.783328,-0.664,0
2022-06-28T00:21:31.628000,2.394729,53.840226,-0.615,0
2022-06-28T00:21:32.571000,2.38499,53.897122,-0.607,0
2022-06-28T00:21:33.514000,2.375235,53.954018,-0.596,0
2022-06-28T00:21:34.458000,2.365464,54.010912,-0.575,0
2022-06-28T00:21:35.401000,2.355677,54.067806,-0.532,0
2022-06-28T00:21:36.345000,2.345875,54.1247,-0.517,0
2022-06-28T00:21:37.288000,2.336056,54.181592,-0.484,0
2022-06-28T00:21:38.232000,2.326221,54.238483,-0.468,0
2022-06-28T00:21:39.175000,2.31637,54.295374,-0.417,0
2022-06-28T00:21:40.118000,2.306502,54.352263,-0.392,0
2022-06-28T00:21:41.062000,2.296618,54.409152,-0.359,0
2022-06-28T00:21:42.005000,2.286718,54.46604,-0.328,0
2022-06-28T00:21:42.949000,2.276801,54.522927,-0.29,0
2022-06-28T00:21:43.892000,2.266867,54.579814,-0.282,0
2022-06-28T00:21:44.836000,2.256917,54.636699,-0.241,0
2022-06-28T00:21:45.779000,2.24695,54.693584,-0.201,0
2022-06-28T00:21:46.723000,2.236966,54.750467,-0.156,0
2022-06-28T00:21:47.666000,2.226965,54.80735,-0.126,0
2022-06-28T00:21:48.609000,2.216948,54.864232,-0.08,0
2022-06-28T00:21:49.553000,2.206913,54.921113,-0.048,0
2022-06-28T00:21:50.496000,2.196861,54.977994,-0.049,0
2022-06-28T00:21:51.440000,2.186791,55.034873,-0.02,0
2022-06-28T00:21:52.383000,2.176704,55.091752,0.012,0
2022-06-28T00:21:53.327000,2.1666,55.148629,0.034,0
2022-06-28T00:21:54.270000,2.156478,55.205506,0.036,0
2022-06-28T00:21:55.213000,2.146339,55.262382,0.074,0
2022-06-28T00:21:56.157000,2.136181,55.319257,0.097,0
2022-06-28T00:21:57.100000,2.126006,55.376131,0.091,0
2022-06-28T00:21:58.044000,2.115814,55.433005,0.093,0
2022-06-28T00:21:58.987000,2.105603,55.489877,0.097,0
2022-06-28T00:21:59.931000,2.095374,55.546749,0.127,0
2022-06-28T00:22:00.874000,2.085127,55.603619,0.162,0
2022-06-28T00:22:01.818000,2.074861,55.660489,0.169,0
2022-06-28T00:22:02.761000,2.064578,55.717358,0.194,0
2022-06-28T00:22:03.704000,2.054275,55.774226,0.22,0
2022-06-28T00:22:04.648000,2.043955,55.831093,0.236,0
2022-06-28T00:22:05.591000,2.033615,55.88796,0.267,0
2022-06-28T00:22:06.535000,2.023257,55.944825,0.248,0
2022-06-30T00:18:52.108000,1.840639,51.06518,2.502,1
2022-06-30T00:18:53.051000,1.831584,51.122119,2.455,0
2022-06-30T00:18:53.994000,1.822516,51.179058,2.348,0
2022-06-30T00:18:54.938000,1.813436,51.235995,2.195,0
2022-06-30T00:18:55.881000,1.804343,51.292932,2.084,0
2022-06-30T00:18:56.825000,1.795237,51.349868,1.993,0
2022-06-30T00:18:57.768000,1.786118,51.406803,1.961,0
2022-06-30T00:18:58.712000,1.776987,51.463737,1.832,0
2022-06-30T00:18:59.655000,1.767843,51.52067,1.769,0
2022-06-30T00:19:00.599000,1.758685,51.577603,1.738,0
2022-06-30T00:19:01.542000,1.749515,51.634535,1.703,0
2022-06-30T00:19:02.485000,1.740332,51.691466,1.628,0
2022-06-30T00:19:03.429000,1.731135,51.748396,1.576,0
2022-06-30T00:19:04.372000,1.721925,51.805325,1.561,0
2022-06-30T00:19:05.316000,1.712702,51.862254,1.467,0
2022-06-30T00:19:06.259000,1.703466,51.919182,1.408,0
2022-06-30T00:19:07.203000,1.694216,51.976109,1.36,1
2022-06-30T00:19:08.146000,1.684952,52.033035,1.298,1
2022-06-30T00:19:09.089000,1.675676,52.08996,1.154,1
2022-06-30T00:19:22.298000,1.544345,52.88683,-0.853,1
2022-06-30T00:19:23.241000,1.534857,52.943743,-0.912,1
2022-06-30T00:19:24.184000,1.525356,53.000655,-0.952,1
2022-06-30T00:19:25.128000,1.515839,53.057567,-0.989,0
2022-06-30T00:19:26.071000,1.506308,53.114477,-1.007,0
2022-06-30T00:19:27.015000,1.496762,53.171387,-1.012,0
2022-06-30T00:19:27.958000,1.487201,53.228296,-1.034,0
2022-06-30T00:19:28.902000,1.477625,53.285204,-1.025,0
2022-06-30T00:19:29.845000,1.468035,53.342112,-1.081,0
2022-06-30T00:19:30.789000,1.458429,53.399018,-1.114,0
2022-06-30T00:19:31.732000,1.448808,53.455924,-1.135,0
2022-06-30T00:19:32.675000,1.439172,53.512828,-1.133,0
2022-06-30T00:19:33.619000,1.429521,53.569733,-1.134,0
2022-06-30T00:19:34.562000,1.419854,53.626636,-1.15,0
2022-06-30T00:19:35.506000,1.410172,53.683538,-1.131,0
2022-06-30T00:19:36.449000,1.400474,53.74044,-1.134,0
2022-06-30T00:19:37.393000,1.390761,53.79734,-1.092,0
2022-06-30T00:19:38.336000,1.381032,53.85424,-1.101,0
2022-06-30T00:19:39.279000,1.371288,53.911139,-1.1,0
2022-06-30T00:19:40.223000,1.361528,53.968037,-1.06,0
2022-06-30T00:19:41.166000,1.351752,54.024934,-1.018,0
2022-06-30T00:19:42.110000,1.34196,54.081831,-0.985,0
2022-06-30T00:19:43.053000,1.332151,54.138726,-0.934,0
2022-06-30T00:19:43.997000,1.322327,54.195621,-0.912,0
2022-06-30T00:19:44.940000,1.312487,54.252515,-0.86,0
2022-06-30T00:19:45.884000,1.302631,54.309408,-0.833,0
2022-06-30T00:19:46.827000,1.292758,54.3663,-0.815,0
2022-06-30T00:19:47.770000,1.282868,54.423192,-0.799,0
2022-06-30T00:19:48.714000,1.272963,54.480082,-0.77,0
2022-06-30T00:19:49.657000,1.26304,54.536972,-0.721,0
2022-06-30T00:19:50.601000,1.253101,54.593861,-0.674,0
2022-06-30T00:19:51.544000,1.243146,54.650749,-0.635,0
2022-06-30T00:19:52.488000,1.233173,54.707636,-0.611,0
2022-06-30T00:19:53.431000,1.223184,54.764522,-0.582,0
2022-06-30T00:19:54.374000,1.213177,54.821407,-0.542,0
2022-06-30T00:19:55.318000,1.203154,54.878292,-0.51,0
2022-06-30T00:19:56.261000,1.193113,54.935176,-0.487,0
2022-06-30T00:19:57.205000,1.183055,54.992059,-0.456,0
2022-06-30T00:19:58.148000,1.17298,55.048941,-0.426,0
2022-06-30T00:19:59.092000,1.162888,55.105822,-0.387,0
2022-06-30T00:20:00.035000,1.152778,55.162702,-0.361,0
2022-06-30T00:20:00.979000,1.14265,55.219581,-0.332,0
2022-06-30T00:20:01.922000,1.132505,55.27646,-0.304,0
2022-06-30T00:20:02.865000,1.122342,55.333338,-0.275,0
2022-06-30T00:20:03.809000,1.112161,55.390214,-0.243,0
2022-06-30T00:20:04.752000,1.101962,55.44709,-0.213,0
2022-06-30T00:20:05.696000,1.091746,55.503965,-0.2,0
2022-06-30T00:20:06.639000,1.081511,55.56084,-0.167,0
2022-06-30T00:20:07.583000,1.071258,55.617713,-0.131,0
2022-06-30T00:20:08.526000,1.060986,55.674585,-0.091,0
2022-06-30T00:20:09.469000,1.050697,55.731457,-0.084,0
2022-06-30T00:20:10.413000,1.040388,55.788328,-0.062,0
2022-06-30T00:20:11.356000,1.030062,55.845198,0.026,0
2022-06-30T00:20:12.300000,1.019716,55.902066,0.004,0
2022-06-30T00:20:13.243000,1.009352,55.958935,0.049,0
2022-06-30T12:13:52.075000,8.182142,55.450061,0.807,1
2022-06-30T12:13:53.018000,8.171937,55.39313,0.852,1
2022-06-30T12:13:53.962000,8.16175,55.336197,0.864,0
2022-06-30T12:13:54.905000,8.151581,55.279263,0.898,0
2022-06-30T12:13:55.849000,8.14143,55.222328,0.899,0
2022-06-30T12:13:56.792000,8.131297,55.165392,0.921,0
2022-06-30T12:13:57.736000,8.121181,55.108456,0.974,0
2022-06-30T12:13:58.679000,8.111082,55.051518,0.984,0
2022-06-30T12:13:59.622000,8.101001,54.994579,1.02,0
2022-06-30T12:14:00.566000,8.090938,54.93764,1.084,1
2022-06-30T12:14:01.509000,8.080891,54.880699,1.125,1
2022-06-30T12:14:02.453000,8.070862,54.823758,1.144,1
2022-06-30T12:14:03.396000,8.06085,54.766816,1.171,1
2022-06-30T12:14:04.340000,8.050855,54.709872,1.21,1
2022-06-30T12:14:05.283000,8.040876,54.652928,1.275,1
2022-06-30T12:14:06.226000,8.030915,54.595983,1.282,0
2022-06-30T12:14:07.170000,8.02097,54.539037,1.294,0
2022-06-30T12:14:08.113000,8.011042,54.48209,1.291,0
2022-06-30T12:14:09.057000,8.001131,54.425142,1.324,0
2022-06-30T12:14:10.000000,7.991236,54.368193,1.324,0
2022-06-30T12:14:10.944000,7.981357,54.311243,1.336,1
2022-06-30T12:14:14.717000,7.942006,54.083435,1.452,1
2022-06-30T12:14:15.661000,7.932209,54.026481,1.467,0
2022-06-30T12:14:16.604000,7.922427,53.969525,1.491,0
2022-06-30T12:14:17.548000,7.912662,53.912569,1.519,1
2022-06-30T12:14:18.491000,7.902912,53.855612,1.567,1
2022-07-02T00:16:41.834000,0.988505,50.058328,3.571,0
2022-07-02T00:16:42.778000,0.979663,50.115284,3.528,0
2022-07-02T00:16:43.721000,0.970809,50.172239,3.496,0
2022-07-02T00:16:44.665000,0.961944,50.229194,3.451,0
2022-07-02T00:16:45.608000,0.953067,50.286147,3.38,0
2022-07-02T00:16:46.551000,0.944178,50.3431,3.344,0
2022-07-02T00:16:47.495000,0.935278,50.400052,3.253,0
2022-07-02T00:16:48.438000,0.926365,50.457003,3.236,0
2022-07-02T00:16:49.382000,0.917441,50.513954,3.183,0
2022-07-02T00:16:50.325000,0.908505,50.570904,3.134,0
2022-07-02T00:16:51.269000,0.899556,50.627853,3.066,0
2022-07-02T00:16:52.212000,0.890596,50.684801,3.01,0
2022-07-02T00:16:53.155000,0.881623,50.741748,2.964,0
2022-07-02T00:16:54.099000,0.872638,50.798695,2.906,1
2022-07-02T00:16:55.042000,0.863641,50.855641,2.913,1
2022-07-02T00:17:30.893000,0.512092,53.01899,-1.317,1
2022-07-02T00:17:31.836000,0.502571,53.075904,-1.376,1
2022-07-02T00:17:32.780000,0.493034,53.132818,-1.435,1
2022-07-02T00:17:33.723000,0.483483,53.189731,-1.464,1
2022-07-02T00:17:34.667000,0.473918,53.246643,-1.453,1
2022-07-02T00:17:35.610000,0.464337,53.303554,-1.418,1
2022-07-02T00:17:36.554000,0.454741,53.360464,-1.456,1
2022-07-02T00:17:37.497000,0.44513,53.417374,-1.518,1
2022-07-02T00:17:38.440000,0.435504,53.474283,-1.574,0
2022-07-02T00:17:39.384000,0.425863,53.531191,-1.655,0
2022-07-02T00:17:40.327000,0.416207,53.588098,-1.706,0
2022-07-02T00:17:41.271000,0.406535,53.645004,-1.728,0
2022-07-02T00:17:42.214000,0.396848,53.701909,-1.766,0
2022-07-02T00:17:43.158000,0.387145,53.758814,-1.756,0
2022-07-02T00:17:44.101000,0.377426,53.815717,-1.752,0
2022-07-02T00:17:45.045000,0.367692,53.87262,-1.718,0
2022-07-02T00:17:45.988000,0.357943,53.929522,-1.66,0
2022-07-02T00:17:46.931000,0.348177,53.986424,-1.646,0
2022-07-02T00:17:47.875000,0.338396,54.043324,-1.593,0
2022-07-02T00:17:48.818000,0.328598,54.100224,-1.577,0
2022-07-02T00:17:49.762000,0.318785,54.157122,-1.548,0
2022-07-02T00:17:50.705000,0.308955,54.21402,-1.501,0
2022-07-02T00:17:51.649000,0.299109,54.270917,-1.467,0
2022-07-02T00:17:52.592000,0.289247,54.327813,-1.448,0
2022-07-02T00:17:53.535000,0.279369,54.384709,-1.417,0
2022-07-02T00:17:54.479000,0.269474,54.441603,-1.386,0
2022-07-02T00:17:55.422000,0.259563,54.498497,-1.358,0
2022-07-02T00:17:56.366000,0.249635,54.55539,-1.316,0
2022-07-02T00:17:57.309000,0.23969,54.612282,-1.28,0
2022-07-02T00:17:58.253000,0.229729,54.669173,-1.234,0
2022-07-02T00:17:59.196000,0.219751,54.726063,-1.21,0
2022-07-02T00:18:00.140000,0.209756,54.782952,-1.168,0
2022-07-02T00:18:01.083000,0.199744,54.839841,-1.15,0
2022-07-02T00:18:02.026000,0.189714,54.896729,-1.096,0
2022-07-02T00:18:02.970000,0.179668,54.953616,-1.077,0
2022-07-02T00:18:03.913000,0.169604,55.010502,-1.033,0
2022-07-02T00:18:04.857000,0.159523,55.067387,-0.972,0
2022-07-02T00:18:05.800000,0.149425,55.124271,-0.92,0
2022-07-02T00:18:06.744000,0.139309,55.181154,-0.905,0
2022-07-02T00:18:07.687000,0.129176,55.238037,-0.857,0
2022-07-02T00:18:08.630000,0.119024,55.294919,-0.833,0
2022-07-02T00:18:09.574000,0.108855,55.3518,-0.789,0
2022-07-02T00:18:10.517000,0.098668,55.40868,-0.761,0
2022-07-02T00:18:11.461000,0.088464,55.465559,-0.709,0
2022-07-02T00:18:12.404000,0.078241,55.522437,-0.687,0
2022-07-02T00:18:13.348000,0.068,55.579315,-0.673,0
2022-07-02T00:18:14.291000,0.057741,55.636191,-0.635,0
2022-07-02T00:18:15.234000,0.047463,55.693067,-0.59,0
2022-07-02T00:18:16.178000,0.037167,55.749942,-0.543,0
2022-07-02T00:18:17.121000,0.026853,55.806816,-0.524,0
2022-07-02T00:18:18.065000,0.01652,55.863689,-0.495,0
2022-07-02T00:18:19.008000,0.006168,55.920561,-0.46,0
2022-07-02T00:18:19.952000,-0.004202,55.977432,-0.414,0
2022-07-02T12:11:50.292000,7.260113,55.936189,0.209,0
2022-07-02T12:11:51.236000,7.249751,55.879259,0.229,0
2022-07-02T12:11:52.179000,7.239408,55.822328,0.253,0
2022-07-02T12:11:53.123000,7.229083,55.765396,0.267,0
2022-07-02T12:11:54.066000,7.218777,55.708463,0.27,0
2022-07-02T12:11:55.010000,7.208489,55.651529,0.335,0
2022-07-02T12:11:55.953000,7.19822,55.594595,0.328,0
2022-07-02T12:11:56.896000,7.187969,55.537659,0.372,0
2022-07-02T12:11:57.840000,7.177736,55.480722,0.387,0
2022-07-02T12:11:58.783000,7.167521,55.423785,0.436,0
2022-07-02T12:11:59.727000,7.157324,55.366846,0.455,0
2022-07-02T12:12:00.670000,7.147145,55.309907,0.483,0
2022-07-02T12:12:01.614000,7.136984,55.252967,0.508,0
2022-07-02T12:12:02.557000,7.12684,55.196025,0.563,0
2022-07-02T12:12:03.501000,7.116715,55.139083,0.601,0
2022-07-02T12:12:04.444000,7.106607,55.08214,0.62,0
2022-07-02T12:12:05.387000,7.096516,55.025196,0.67,0
2022-07-02T12:12:06.331000,7.086443,54.96825,0.682,0
2022-07-02T12:12:07.274000,7.076387,54.911304,0.708,0
2022-07-02T12:12:08.218000,7.066348,54.854357,0.729,0
2022-07-02T12:12:09.161000,7.056326,54.79741,0.765,0
2022-07-02T12:12:10.105000,7.046322,54.740461,0.793,0
2022-07-02T12:12:11.048000,7.036334,54.683511,0.811,0
2022-07-02T12:12:11.991000,7.026363,54.62656,0.845,0
2022-07-02T12:12:12.935000,7.016409,54.569609,0.877,0
2022-07-02T12:12:13.878000,7.006472,54.512656,0.935,0
2022-07-02T12:12:14.822000,6.996551,54.455703,0.961,0
2022-07-02T12:12:15.765000,6.986647,54.398748,0.967,0
2022-07-02T12:12:16.709000,6.97676,54.341793,1.005,0
2022-07-02T12:12:17.652000,6.966888,54.284836,1.038,0
2022-07-02T12:12:18.596000,6.957033,54.227879,1.067,0
2022-07-02T12:12:19.539000,6.947195,54.170921,1.1,0
2022-07-02T12:12:20.482000,6.937372,54.113962,1.13,0
2022-07-02T12:12:21.426000,6.927566,54.057002,1.206,0
2022-07-02T12:12:22.369000,6.917776,54.000041,1.198,0
2022-07-02T12:12:23.313000,6.908001,53.943079,1.215,0
2022-07-02T12:12:24.256000,6.898242,53.886116,1.247,0
2022-07-02T12:12:25.200000,6.8885,53.829153,1.284,0
2022-07-02T12:12:26.143000,6.878772,53.772188,1.33,1
2022-07-02T12:12:27.086000,6.869061,53.715223,1.355,1
2022-07-04T00:14:42.882000,0.028261,49.740303,2.23,1
2022-07-04T00:14:43.826000,0.019484,49.797267,2.181,0
2022-07-04T00:14:44.769000,0.010695,49.854231,2.141,0
2022-07-04T00:14:45.712000,0.001895,49.911193,2.077,0
2022-07-04T00:14:46.656000,-0.006916,49.968155,2.026,0
2022-07-04T00:14:47.599000,-0.01574,50.025115,2.006,0
2022-07-04T00:14:48.543000,-0.024574,50.082075,1.979,0
2022-07-04T00:14:49.486000,-0.03342,50.139035,1.912,0
2022-07-04T00:14:50.430000,-0.042278,50.195993,1.861,0
2022-07-04T00:14:51.373000,-0.051148,50.252951,1.777,0
2022-07-04T00:14:52.316000,-0.060029,50.309908,1.768,0
2022-07-04T00:14:53.260000,-0.068922,50.366864,1.71,0
2022-07-04T00:14:54.203000,-0.077827,50.42382,1.664,0
2022-07-04T00:14:55.147000,-0.086744,50.480774,1.607,0
2022-07-04T00:14:56.090000,-0.095673,50.537728,1.568,0
2022-07-04T00:14:57.034000,-0.104613,50.594681,1.52,0
2022-07-04T00:14:57.977000,-0.113566,50.651633,1.502,0
2022-07-04T00:14:58.921000,-0.122531,50.708585,1.48,1
2022-07-04T00:14:59.864000,-0.131509,50.765536,1.457,1
2022-07-04T00:16:04.018000,-0.77381,54.636306,-1.355,1
2022-07-04T00:16:04.961000,-0.783778,54.693201,-1.313,1
2022-07-04T00:16:05.905000,-0.793763,54.750095,-1.312,0
2022-07-04T00:16:06.848000,-0.803765,54.806988,-1.285,0
2022-07-04T00:16:07.791000,-0.813783,54.863881,-1.271,0
2022-07-04T00:16:08.735000,-0.823819,54.920772,-1.266,0
2022-07-04T00:16:09.678000,-0.833872,54.977663,-1.241,0
2022-07-04T00:16:10.622000,-0.843943,55.034552,-1.221,0
2022-07-04T00:16:11.565000,-0.85403,55.091441,-1.2,0
2022-07-04T00:16:12.509000,-0.864135,55.148329,-1.157,0
2022-07-04T00:16:13.452000,-0.874258,55.205216,-1.146,0
2022-07-04T00:16:14.395000,-0.884398,55.262102,-1.125,0
2022-07-04T00:16:15.339000,-0.894556,55.318988,-1.128,0
2022-07-04T00:16:16.282000,-0.904732,55.375872,-1.08,0
2022-07-04T00:16:17.226000,-0.914926,55.432756,-1.048,0
2022-07-04T00:16:18.169000,-0.925138,55.489639,-1.063,0
2022-07-04T00:16:19.113000,-0.935368,55.546521,-1.013,0
2022-07-04T00:16:20.056000,-0.945616,55.603402,-0.988,0
2022-07-04T00:16:21.000000,-0.955882,55.660283,-0.977,0
2022-07-04T00:16:21.943000,-0.966167,55.717162,-0.958,0
2022-07-04T00:16:22.886000,-0.97647,55.77404,-0.932,0
2022-07-04T00:16:23.830000,-0.986792,55.830918,-0.913,0
2022-07-04T00:16:24.773000,-0.997132,55.887795,-0.867,0
2022-07-04T00:16:25.717000,-1.007491,55.944671,-0.85,0
2022-07-04T12:09:56.057000,6.25477,55.960889,0.112,0
2022-07-04T12:09:57.001000,6.2444,55.903954,0.151,0
2022-07-04T12:09:57.944000,6.234049,55.847018,0.177,0
2022-07-04T12:09:58.888000,6.223717,55.79008,0.189,0
2022-07-04T12:09:59.831000,6.213403,55.733142,0.187,0
2022-07-04T12:10:00.775000,6.203108,55.676203,0.223,0
2022-07-04T12:10:01.718000,6.192831,55.619263,0.236,0
2022-07-04T12:10:02.662000,6.182572,55.562321,0.25,0
2022-07-04T12:10:03.605000,6.172332,55.505379,0.254,0
2022-07-04T12:10:04.548000,6.16211,55.448436,0.26,0
2022-07-04T12:10:05.492000,6.151905,55.391492,0.269,0
2022-07-04T12:10:06.435000,6.141719,55.334547,0.278,0
2022-07-04T12:10:07.379000,6.131551,55.277602,0.367,0
2022-07-04T12:10:08.322000,6.1214,55.220655,0.363,0
2022-07-04T12:10:09.266000,6.111267,55.163707,0.37,0
2022-07-04T12:10:10.209000,6.101152,55.106758,0.399,0
2022-07-04T12:10:11.152000,6.091054,55.049809,0.417,0
2022-07-04T12:10:12.096000,6.080974,54.992858,0.44,0
2022-07-04T12:10:13.039000,6.070911,54.935907,0.467,0
2022-07-04T12:10:13.983000,6.060865,54.878954,0.509,0
2022-07-04T12:10:14.926000,6.050837,54.822001,0.518,0
2022-07-04T12:10:15.870000,6.040825,54.765047,0.542,0
2022-07-04T12:10:16.813000,6.030831,54.708091,0.578,0
2022-07-04T12:10:17.757000,6.020853,54.651135,0.582,0
2022-07-04T12:10:18.700000,6.010892,54.594178,0.63,0
2022-07-04T12:10:19.643000,6.000948,54.53722,0.639,0
2022-07-04T12:10:20.587000,5.991021,54.480261,0.658,0
2022-07-04T12:10:21.530000,5.98111,54.423301,0.669,0
2022-07-04T12:10:22.474000,5.971216,54.36634,0.688,0
2022-07-04T12:10:23.417000,5.961338,54.309379,0.709,0
2022-07-04T12:10:24.361000,5.951477,54.252416,0.714,0
2022-07-04T12:10:25.304000,5.941631,54.195452,0.752,0
2022-07-04T12:10:26.247000,5.931802,54.138488,0.787,0
2022-07-04T12:10:27.191000,5.921989,54.081522,0.807,0
2022-07-04T12:10:28.134000,5.912193,54.024556,0.857,0
2022-07-04T12:10:29.078000,5.902412,53.967589,0.89,0
2022-07-04T12:10:30.021000,5.892647,53.910621,0.935,0
2022-07-04T12:10:30.965000,5.882897,53.853651,0.965,0
2022-07-04T12:10:31.908000,5.873164,53.796681,0.996,0
2022-07-04T12:10:32.852000,5.863446,53.739711,1.026,0
2022-07-04T12:10:33.795000,5.853744,53.682739,1.028,0
2022-07-04T12:10:34.738000,5.844057,53.625766,1.049,0
2022-07-04T12:10:35.682000,5.834386,53.568792,1.092,1
2022-07-04T12:10:36.625000,5.82473,53.511818,1.145,1
2022-07-06T00:12:48.647000,-0.976632,49.712784,1.314,0
2022-07-06T00:12:49.591000,-0.985404,49.769753,1.207,0
2022-07-06T00:12:50.534000,-0.994186,49.82672,1.16,0
2022-07-06T00:12:51.477000,-1.002981,49.883687,1.092,0
2022-07-06T00:12:52.421000,-1.011786,49.940653,0.99,0
2022-07-06T00:12:53.364000,-1.020603,49.997619,0.928,0
2022-07-06T00:12:54.308000,-1.029431,50.054583,0.871,0
2022-07-06T00:12:55.251000,-1.038272,50.111547,0.799,0
2022-07-06T00:12:56.195000,-1.047123,50.16851,0.678,0
2022-07-06T00:12:57.138000,-1.055986,50.225472,0.551,0
2022-07-06T00:12:58.082000,-1.064862,50.282434,0.532,0
2022-07-06T00:12:59.025000,-1.073748,50.339395,0.423,0
2022-07-06T00:12:59.968000,-1.082647,50.396355,0.309,0
2022-07-06T00:13:00.912000,-1.091558,50.453314,0.189,0
2022-07-06T00:13:01.855000,-1.10048,50.510272,0.128,1
2022-07-06T00:13:02.799000,-1.109415,50.56723,0.003,1
2022-07-06T00:14:31.482000,-2.01156,55.917673,-1.188,1
2022-07-06T00:14:32.425000,-2.021928,55.974553,-1.18,1
2022-07-06T12:08:01.823000,5.24872,55.979852,0.127,0
2022-07-06T12:08:02.766000,5.238345,55.922912,0.144,0
2022-07-06T12:08:03.709000,5.227987,55.86597,0.122,0
2022-07-06T12:08:04.653000,5.217649,55.809028,0.115,0
2022-07-06T12:08:05.596000,5.207329,55.752084,0.133,0
2022-07-06T12:08:06.540000,5.197028,55.695139,0.137,0
2022-07-06T12:08:07.483000,5.186745,55.638194,0.117,0
2022-07-06T12:08:08.427000,5.176481,55.581248,0.124,0
2022-07-06T12:08:09.370000,5.166235,55.5243,0.146,0
2022-07-06T12:08:10.313000,5.156007,55.467352,0.127,0
2022-07-06T12:08:11.257000,5.145797,55.410403,0.179,0
2022-07-06T12:08:12.200000,5.135605,55.353453,0.147,0
2022-07-06T12:08:13.144000,5.125431,55.296501,0.144,0
2022-07-06T12:08:14.087000,5.115275,55.239549,0.157,0
2022-07-06T12:08:15.031000,5.105136,55.182596,0.169,0
2022-07-06T12:08:15.974000,5.095016,55.125642,0.189,0
2022-07-06T12:08:16.918000,5.084912,55.068688,0.219,0
2022-07-06T12:08:17.861000,5.074826,55.011732,0.23,0
2022-07-06T12:08:18.804000,5.064758,54.954775,0.238,0
2022-07-06T12:08:19.748000,5.054707,54.897817,0.245,0
2022-07-06T12:08:20.691000,5.044673,54.840859,0.295,0
2022-07-06T12:08:21.635000,5.034656,54.783899,0.315,0
2022-07-06T12:08:22.578000,5.024656,54.726939,0.343,0
2022-07-06T12:08:23.522000,5.014673,54.669977,0.344,0
2022-07-06T12:08:24.465000,5.004707,54.613015,0.378,0
2022-07-06T12:08:25.408000,4.994758,54.556052,0.392,0
2022-07-06T12:08:26.352000,4.984825,54.499087,0.407,0
2022-07-06T12:08:27.295000,4.974909,54.442122,0.428,0
2022-07-06T12:08:28.239000,4.96501,54.385156,0.471,0
2022-07-06T12:08:29.182000,4.955127,54.328189,0.476,0
2022-07-06T12:08:30.126000,4.94526,54.271221,0.484,0
2022-07-06T12:08:31.069000,4.93541,54.214253,0.503,0
2022-07-06T12:08:32.012000,4.925576,54.157283,0.518,0
2022-07-06T12:08:32.956000,4.915758,54.100312,0.557,0
2022-07-06T12:08:33.899000,4.905956,54.043341,0.586,0
2022-07-06T12:08:34.843000,4.89617,53.986368,0.591,0
2022-07-06T12:08:35.786000,4.8864,53.929395,0.637,0
2022-07-06T12:08:36.730000,4.876646,53.87242,0.657,0
2022-07-06T12:08:37.673000,4.866907,53.815445,0.674,0
2022-07-06T12:08:38.617000,4.857184,53.758469,0.692,0
2022-07-06T12:08:39.560000,4.847477,53.701492,0.711,0
2022-07-06T12:08:40.503000,4.837786,53.644514,0.725,0
2022-07-06T12:08:41.447000,4.82811,53.587535,0.758,0
2022-07-06T12:08:42.390000,4.818449,53.530555,0.759,0
2022-07-06T12:08:43.334000,4.808803,53.473575,0.775,0
2022-07-06T12:08:44.277000,4.799173,53.416593,0.791,0
2022-07-06T12:08:45.221000,4.789558,53.359611,0.752,0
2022-07-06T12:08:46.164000,4.779958,53.302627,0.728,1
2022-07-06T12:08:47.107000,4.770373,53.245643,0.725,1
2022-07-06T12:08:48.051000,4.760803,53.188658,0.676,1
2022-07-08T00:10:56.299000,-2.000161,49.803912,0.963,1
2022-07-08T00:10:57.242000,-2.008951,49.860884,0.876,0
2022-07-08T00:10:58.186000,-2.017752,49.917855,0.81,0
2022-07-08T00:10:59.129000,-2.026565,49.974825,0.776,0
2022-07-08T00:11:00.073000,-2.035389,50.031795,0.731,0
2022-07-08T00:11:01.016000,-2.044225,50.088764,0.676,0
2022-07-08T00:11:01.960000,-2.053072,50.145732,0.609,0
2022-07-08T00:11:02.903000,-2.061931,50.202699,0.577,0
2022-07-08T00:11:03.847000,-2.070802,50.259666,0.512,0
2022-07-08T00:11:04.790000,-2.079685,50.316632,0.496,0
2022-07-08T00:11:05.733000,-2.088579,50.373597,0.445,0
2022-07-08T00:11:06.677000,-2.097485,50.430561,0.411,0
2022-07-08T00:11:07.620000,-2.106403,50.487525,0.357,1
2022-07-08T00:11:08.564000,-2.115334,50.544487,0.343,1
2022-07-08T12:06:08.531000,4.232092,55.937025,0.135,0
2022-07-08T12:06:09.474000,4.221729,55.880079,0.141,0
2022-07-08T12:06:10.418000,4.211385,55.823131,0.189,0
2022-07-08T12:06:11.361000,4.20106,55.766182,0.191,0
2022-07-08T12:06:12.305000,4.190753,55.709233,0.196,0
2022-07-08T12:06:13.248000,4.180465,55.652282,0.19,0
2022-07-08T12:06:14.192000,4.170195,55.595331,0.219,0
2022-07-08T12:06:15.135000,4.159943,55.538379,0.225,0
2022-07-08T12:06:16.078000,4.14971,55.481426,0.277,0
2022-07-08T12:06:17.022000,4.139495,55.424471,0.298,0
2022-07-08T12:06:17.965000,4.129297,55.367516,0.324,0
2022-07-08T12:06:18.909000,4.119118,55.31056,0.34,0
2022-07-08T12:06:19.852000,4.108956,55.253603,0.347,0
2022-07-08T12:06:20.796000,4.098812,55.196645,0.344,0
2022-07-08T12:06:21.739000,4.088686,55.139686,0.36,0
2022-07-08T12:06:22.683000,4.078578,55.082726,0.388,0
2022-07-08T12:06:23.626000,4.068486,55.025765,0.383,0
2022-07-08T12:06:24.569000,4.058413,54.968804,0.42,0
2022-07-08T12:06:25.513000,4.048356,54.911841,0.429,0
2022-07-08T12:06:26.456000,4.038317,54.854878,0.453,0
2022-07-08T12:06:27.400000,4.028295,54.797913,0.46,0
2022-07-08T12:06:28.343000,4.01829,54.740948,0.504,0
2022-07-08T12:06:29.287000,4.008302,54.683981,0.501,0
2022-07-08T12:06:30.230000,3.998331,54.627014,0.51,0
2022-07-08T12:06:31.173000,3.988376,54.570046,0.526,0
2022-07-08T12:06:32.117000,3.978438,54.513077,0.539,0
2022-07-08T12:06:33.060000,3.968517,54.456106,0.556,0
2022-07-08T12:06:34.004000,3.958613,54.399136,0.556,0
2022-07-08T12:06:34.947000,3.948725,54.342164,0.582,0
2022-07-08T12:06:35.891000,3.938854,54.285191,0.575,0
2022-07-08T12:06:36.834000,3.928998,54.228217,0.562,0
2022-07-08T12:06:37.778000,3.919159,54.171242,0.582,0
2022-07-08T12:06:38.721000,3.909336,54.114267,0.598,0
2022-07-08T12:06:39.664000,3.89953,54.05729,0.625,0
2022-07-08T12:06:40.608000,3.889739,54.000313,0.636,0
2022-07-08T12:06:41.551000,3.879964,53.943335,0.653,0
2022-07-08T12:06:42.495000,3.870205,53.886356,0.642,0
2022-07-08T12:06:43.438000,3.860462,53.829375,0.64,0
2022-07-08T12:06:44.382000,3.850734,53.772394,0.636,0
2022-07-08T12:06:45.325000,3.841023,53.715412,0.61,0
2022-07-08T12:06:46.268000,3.831326,53.65843,0.608,0
2022-07-08T12:06:47.212000,3.821645,53.601446,0.627,0
2022-07-08T12:06:48.155000,3.81198,53.544461,0.642,0
2022-07-08T12:06:49.099000,3.80233,53.487476,0.634,0
2022-07-08T12:06:50.042000,3.792695,53.430489,0.607,0
2022-07-08T12:06:50.986000,3.783076,53.373502,0.577,0
2022-07-08T12:06:51.929000,3.773471,53.316514,0.578,0
2022-07-08T12:06:52.873000,3.763882,53.259524,0.584,0
2022-07-08T12:06:53.816000,3.754307,53.202534,0.548,0
2022-07-08T12:06:54.759000,3.744748,53.145543,0.522,0
2022-07-08T12:06:55.703000,3.735203,53.088551,0.524,0
2022-07-08T12:06:56.646000,3.725673,53.031559,0.481,0
2022-07-08T12:06:57.590000,3.716158,52.974565,0.48,0
2022-07-08T12:06:58.533000,3.706657,52.91757,0.459,0
2022-07-08T12:06:59.477000,3.697171,52.860575,0.468,0
2022-07-08T12:07:00.420000,3.687699,52.803579,0.402,0
2022-07-08T12:07:01.363000,3.678242,52.746582,0.371,0
2022-07-08T12:07:02.307000,3.668799,52.689583,0.322,0
2022-07-08T12:07:03.250000,3.659371,52.632585,0.291,0
2022-07-08T12:07:04.194000,3.649956,52.575585,0.25,0
2022-07-08T12:07:05.137000,3.640556,52.518584,0.203,0
2022-07-08T12:07:06.081000,3.63117,52.461582,0.199,0
2022-07-08T12:07:07.024000,3.621798,52.40458,0.134,0
2022-07-08T12:07:07.968000,3.61244,52.347576,0.096,0
2022-07-08T12:07:08.911000,3.603096,52.290572,0.03,0
2022-07-08T12:07:09.854000,3.593765,52.233567,-0.04,0
2022-07-08T12:07:10.798000,3.584449,52.176561,-0.077,0
2022-07-08T12:07:11.741000,3.575146,52.119554,-0.124,0
2022-07-08T12:07:12.685000,3.565857,52.062546,-0.162,0
2022-07-08T12:07:13.628000,3.556581,52.005537,-0.205,0
2022-07-08T12:07:14.572000,3.547319,51.948528,-0.252,0
2022-07-08T12:07:15.515000,3.53807,51.891517,-0.333,0
2022-07-08T12:07:16.458000,3.528835,51.834506,-0.391,0
2022-07-08T12:07:17.402000,3.519613,51.777493,-0.418,1
2022-07-08T12:07:18.345000,3.510404,51.72048,-0.533,1
2022-07-08T12:07:19.289000,3.501209,51.663466,-0.582,1
2022-07-10T12:04:14.296000,3.225925,55.946689,0.288,0
2022-07-10T12:04:15.239000,3.215557,55.889737,0.33,0
2022-07-10T12:04:16.183000,3.205207,55.832785,0.294,0
2022-07-10T12:04:17.126000,3.194876,55.775832,0.297,0
2022-07-10T12:04:18.070000,3.184564,55.718878,0.303,0
2022-07-10T12:04:19.013000,3.17427,55.661923,0.295,0
2022-07-10T12:04:19.957000,3.163994,55.604967,0.282,0
2022-07-10T12:04:20.900000,3.153737,55.54801,0.302,0
2022-07-10T12:04:21.844000,3.143498,55.491052,0.309,0
2022-07-10T12:04:22.787000,3.133277,55.434093,0.341,0
2022-07-10T12:04:23.730000,3.123074,55.377133,0.311,0
2022-07-10T12:04:24.674000,3.112889,55.320173,0.359,0
2022-07-10T12:04:25.617000,3.102722,55.263211,0.356,0
2022-07-10T12:04:26.561000,3.092572,55.206248,0.351,0
2022-07-10T12:04:27.504000,3.082441,55.149285,0.351,0
2022-07-10T12:04:28.448000,3.072327,55.092321,0.403,0
2022-07-10T12:04:29.391000,3.06223,55.035355,0.395,0
2022-07-10T12:04:30.334000,3.052151,54.978389,0.379,0
2022-07-10T12:04:31.278000,3.042089,54.921422,0.387,0
2022-07-10T12:04:32.221000,3.032045,54.864453,0.393,0
2022-07-10T12:04:33.165000,3.022017,54.807484,0.392,0
2022-07-10T12:04:34.108000,3.012007,54.750514,0.399,0
2022-07-10T12:04:35.052000,3.002013,54.693543,0.404,0
2022-07-10T12:04:35.995000,2.992037,54.636572,0.412,0
2022-07-10T12:04:36.939000,2.982077,54.579599,0.415,0
2022-07-10T12:04:37.882000,2.972134,54.522625,0.412,0
2022-07-10T12:04:38.825000,2.962208,54.465651,0.411,0
2022-07-10T12:04:39.769000,2.952298,54.408675,0.407,0
2022-07-10T12:04:40.712000,2.942405,54.351699,0.432,0
2022-07-10T12:04:41.656000,2.932529,54.294721,0.416,0
2022-07-10T12:04:42.599000,2.922668,54.237743,0.389,0
2022-07-10T12:04:43.543000,2.912824,54.180764,0.384,0
2022-07-10T12:04:44.486000,2.902996,54.123784,0.386,0
2022-07-10T12:04:45.429000,2.893184,54.066803,0.352,0
2022-07-10T12:04:46.373000,2.883389,54.009821,0.377,0
2022-07-10T12:04:47.316000,2.873609,53.952838,0.342,0
2022-07-10T12:04:48.260000,2.863845,53.895854,0.332,0
2022-07-10T12:04:49.203000,2.854097,53.83887,0.317,0
2022-07-10T12:04:50.147000,2.844364,53.781884,0.345,0
2022-07-10T12:04:51.090000,2.834648,53.724898,0.321,0
2022-07-10T12:04:52.034000,2.824946,53.66791,0.32,0
2022-07-10T12:04:52.977000,2.815261,53.610922,0.303,0
2022-07-10T12:04:53.920000,2.80559,53.553933,0.292,0
2022-07-10T12:04:54.864000,2.795936,53.496943,0.289,0
2022-07-10T12:04:55.807000,2.786296,53.439952,0.267,0
2022-07-10T12:04:56.751000,2.776672,53.38296,0.225,0
2022-07-10T12:04:57.694000,2.767062,53.325967,0.23,0
2022-07-10T12:04:58.638000,2.757468,53.268974,0.224,0
2022-07-10T12:04:59.581000,2.747889,53.211979,0.191,0
2022-07-10T12:05:00.524000,2.738325,53.154984,0.155,0
2022-07-10T12:05:01.468000,2.728775,53.097987,0.16,0
2022-07-10T12:05:02.411000,2.71924,53.04099,0.151,0
2022-07-10T12:05:03.355000,2.70972,52.983992,0.122,0
2022-07-10T12:05:04.298000,2.700215,52.926993,0.083,0
2022-07-10T12:05:05.242000,2.690724,52.869993,0.062,0
2022-07-10T12:05:06.185000,2.681248,52.812992,0.06,0
2022-07-10T12:05:07.129000,2.671786,52.755991,0.022,0
2022-07-10T12:05:08.072000,2.662339,52.698988,0.004,0
2022-07-10T12:05:09.015000,2.652906,52.641985,-0.003,0
2022-07-10T12:05:09.959000,2.643487,52.58498,-0.037,0
2022-07-10T12:05:10.902000,2.634082,52.527975,-0.046,0
2022-07-10T12:05:11.846000,2.624692,52.470969,-0.054,0
2022-07-10T12:05:12.789000,2.615315,52.413962,-0.07,0
2022-07-10T12:05:13.733000,2.605953,52.356954,-0.061,0
2022-07-10T12:05:14.676000,2.596604,52.299946,-0.095,0
2022-07-10T12:05:15.619000,2.587269,52.242936,-0.103,0
2022-07-10T12:05:16.563000,2.577948,52.185925,-0.096,0
2022-07-10T12:05:17.506000,2.568641,52.128914,-0.113,0
2022-07-10T12:05:18.450000,2.559347,52.071902,-0.088,0
2022-07-10T12:05:19.393000,2.550067,52.014889,-0.118,0
2022-07-10T12:05:20.337000,2.540801,51.957875,-0.103,0
2022-07-10T12:05:21.280000,2.531548,51.90086,-0.095,0
2022-07-10T12:05:22.224000,2.522308,51.843844,-0.116,0
2022-07-10T12:05:23.167000,2.513082,51.786828,-0.127,0
2022-07-10T12:05:24.110000,2.503869,51.72981,-0.14,0
2022-07-10T12:05:25.054000,2.494669,51.672792,-0.134,0
2022-07-10T12:05:25.997000,2.485483,51.615773,-0.156,0
2022-07-10T12:05:26.941000,2.476309,51.558753,-0.15,0
2022-07-10T12:05:27.884000,2.467149,51.501732,-0.226,0
2022-07-10T12:05:28.828000,2.458001,51.44471,-0.222,0
2022-07-10T12:05:29.771000,2.448867,51.387687,-0.217,0
2022-07-10T12:05:30.714000,2.439745,51.330664,-0.254,0
2022-07-10T12:05:31.658000,2.430636,51.273639,-0.297,0
2022-07-10T12:05:33.545000,2.412457,51.159588,-0.28,1
2022-07-10T12:05:34.488000,2.403386,51.102561,-0.296,1
2022-07-10T23:19:35.859000,8.251404,53.89682,-0.287,1
2022-07-10T23:19:37.745000,8.231871,54.010667,-0.389,0
2022-07-10T23:19:38.689000,8.222081,54.067589,-0.285,0
2022-07-10T23:19:39.632000,8.212275,54.12451,-0.228,0
2022-07-10T23:19:40.576000,8.202452,54.181431,-0.193,0
2022-07-10T23:19:41.519000,8.192614,54.238351,-0.183,0
2022-07-10T23:19:42.463000,8.182759,54.29527,-0.11,0
2022-07-10T23:19:43.406000,8.172888,54.352188,-0.041,0
2022-07-10T23:19:44.350000,8.163,54.409105,0.003,0
2022-07-10T23:19:45.293000,8.153096,54.466021,0.047,0
2022-07-10T23:19:46.236000,8.143176,54.522937,0.124,0
2022-07-10T23:19:47.180000,8.133238,54.579852,0.195,1
2022-07-10T23:19:48.123000,8.123284,54.636766,0.241,1
2022-07-10T23:19:49.067000,8.113314,54.693679,0.282,1
2022-07-10T23:19:50.010000,8.103326,54.750591,0.276,1
2022-07-10T23:19:50.954000,8.093321,54.807503,0.289,1
2022-07-10T23:19:51.897000,8.0833,54.864413,0.323,1
2022-07-10T23:19:52.840000,8.073261,54.921323,0.339,1
2022-07-10T23:19:53.784000,8.063205,54.978232,0.358,0
2022-07-10T23:19:54.727000,8.053132,55.03514,0.371,0
2022-07-10T23:19:55.671000,8.043041,55.092047,0.372,0
2022-07-10T23:19:56.614000,8.032933,55.148954,0.4,0
2022-07-10T23:19:57.558000,8.022807,55.205859,0.453,0
2022-07-10T23:19:58.501000,8.012664,55.262764,0.472,0
2022-07-10T23:19:59.445000,8.002502,55.319668,0.512,0
2022-07-10T23:20:00.388000,7.992323,55.376571,0.511,0
2022-07-10T23:20:01.331000,7.982126,55.433473,0.514,0
2022-07-10T23:20:02.275000,7.971911,55.490375,0.514,1
2022-07-10T23:20:03.218000,7.961678,55.547275,0.53,1
2022-07-10T23:20:04.162000,7.951427,55.604175,0.485,1
2022-07-10T23:20:05.105000,7.941158,55.661074,0.463,1
2022-07-10T23:20:06.049000,7.93087,55.717972,0.455,1
2022-07-10T23:20:06.992000,7.920563,55.774869,0.456,0
2022-07-10T23:20:07.935000,7.910239,55.831765,0.469,0
2022-07-10T23:20:08.879000,7.899895,55.888661,0.472,0
2022-07-10T23:20:09.822000,7.889533,55.945555,0.456,0
2022-07-12T12:02:20.061000,2.21978,55.954159,0.437,0
2022-07-12T12:02:21.005000,2.209407,55.897204,0.428,0
2022-07-12T12:02:21.948000,2.199052,55.840247,0.428,0
2022-07-12T12:02:22.891000,2.188715,55.78329,0.435,0
2022-07-12T12:02:23.835000,2.178398,55.726332,0.416,0
2022-07-12T12:02:24.778000,2.168098,55.669372,0.41,0
2022-07-12T12:02:25.722000,2.157818,55.612412,0.407,0
2022-07-12T12:02:26.665000,2.147555,55.555451,0.375,0
2022-07-12T12:02:27.609000,2.137311,55.498489,0.355,0
2022-07-12T12:02:28.552000,2.127085,55.441526,0.384,0
2022-07-12T12:02:29.495000,2.116877,55.384562,0.387,0
2022-07-12T12:02:30.439000,2.106687,55.327597,0.358,0
2022-07-12T12:02:31.382000,2.096515,55.270631,0.351,0
2022-07-12T12:02:32.326000,2.086361,55.213665,0.316,0
2022-07-12T12:02:33.269000,2.076224,55.156697,0.28,0
2022-07-12T12:02:34.213000,2.066105,55.099728,0.288,0
2022-07-12T12:02:35.156000,2.056004,55.042759,0.278,0
2022-07-12T12:02:36.100000,2.04592,54.985788,0.246,0
2022-07-12T12:02:37.043000,2.035853,54.928817,0.219,0
2022-07-12T12:02:37.986000,2.025803,54.871845,0.175,0
2022-07-12T12:02:38.930000,2.015771,54.814871,0.144,0
2022-07-12T12:02:39.873000,2.005756,54.757897,0.116,0
2022-07-12T12:02:40.817000,1.995758,54.700922,0.087,0
2022-07-12T12:02:41.760000,1.985777,54.643946,0.05,0
2022-07-12T12:02:42.704000,1.975812,54.58697,-0.011,0
2022-07-12T12:02:43.647000,1.965865,54.529992,-0.062,0
2022-07-12T12:02:44.590000,1.955934,54.473013,-0.104,0
2022-07-12T12:02:45.534000,1.946019,54.416033,-0.132,0
2022-07-12T12:02:46.477000,1.936121,54.359053,-0.16,0
2022-07-12T12:02:47.421000,1.92624,54.302071,-0.227,0
2022-07-12T12:02:48.364000,1.916375,54.245089,-0.229,0
2022-07-12T12:02:49.308000,1.906526,54.188106,-0.301,0
2022-07-12T12:02:50.251000,1.896694,54.131122,-0.324,0
2022-07-12T12:02:51.195000,1.886877,54.074137,-0.381,0
2022-07-12T12:02:52.138000,1.877077,54.017151,-0.4,0
2022-07-12T12:02:53.081000,1.867293,53.960164,-0.473,0
2022-07-12T12:02:54.025000,1.857524,53.903176,-0.516,0
2022-07-12T12:02:54.968000,1.847772,53.846187,-0.558,0
2022-07-12T12:02:55.912000,1.838035,53.789198,-0.619,0
2022-07-12T12:02:56.855000,1.828313,53.732207,-0.648,0
2022-07-12T12:02:57.799000,1.818608,53.675216,-0.723,0
2022-07-12T12:02:58.742000,1.808918,53.618223,-0.742,0
2022-07-12T12:02:59.685000,1.799243,53.56123,-0.769,0
2022-07-12T12:03:00.629000,1.789584,53.504236,-0.803,0
2022-07-12T12:03:01.572000,1.77994,53.447241,-0.862,0
2022-07-12T12:03:02.516000,1.770311,53.390245,-0.895,0
2022-07-12T12:03:03.459000,1.760697,53.333249,-0.897,0
2022-07-12T12:03:04.403000,1.751099,53.276251,-0.903,0
2022-07-12T12:03:05.346000,1.741515,53.219252,-0.903,0
2022-07-12T12:03:06.289000,1.731946,53.162253,-0.937,0
2022-07-12T12:03:07.233000,1.722393,53.105253,-0.965,0
2022-07-12T12:03:08.176000,1.712854,53.048252,-0.999,0
2022-07-12T12:03:09.120000,1.70333,52.991249,-1.032,0
2022-07-12T12:03:10.063000,1.69382,52.934247,-1.049,0
2022-07-12T12:03:11.007000,1.684325,52.877243,-1.031,1
2022-07-12T12:03:11.950000,1.674845,52.820238,-1.025,1
2022-07-12T12:03:25.158000,1.543607,52.022079,0.216,1
2022-07-12T12:03:26.102000,1.534336,51.965061,0.362,1
2022-07-12T12:03:27.045000,1.525079,51.908043,0.485,1
2022-07-12T12:03:27.989000,1.515836,51.851023,0.512,0
2022-07-12T12:03:28.932000,1.506606,51.794002,0.707,0
2022-07-12T12:03:29.875000,1.497389,51.736981,0.86,0
2022-07-12T12:03:30.819000,1.488185,51.679959,0.803,1
2022-07-12T12:03:31.762000,1.478995,51.622936,0.898,0
2022-07-12T12:03:32.706000,1.469817,51.565912,0.912,0
2022-07-12T12:03:33.649000,1.460653,51.508887,0.904,1
2022-07-12T12:03:34.593000,1.451502,51.451861,0.938,1
2022-07-12T12:03:41.197000,1.387802,51.052658,1.089,1
2022-07-12T12:03:44.970000,1.35168,50.824523,1.051,0
2022-07-12T12:03:45.914000,1.34268,50.767486,1.011,1
2022-07-12T12:03:46.857000,1.333693,50.71045,1.07,0
2022-07-12T12:03:47.801000,1.324717,50.653412,0.975,0
2022-07-12T12:03:48.744000,1.315754,50.596374,0.938,0
2022-07-12T12:03:49.688000,1.306804,50.539334,0.932,0
2022-07-12T12:03:50.631000,1.297865,50.482294,0.938,0
2022-07-12T12:03:51.574000,1.288938,50.425253,0.89,0
2022-07-12T12:03:52.518000,1.280023,50.368211,0.856,0
2022-07-12T12:03:53.461000,1.27112,50.311168,0.792,0
2022-07-12T12:03:54.405000,1.262229,50.254125,0.72,0
2022-07-12T12:03:55.348000,1.253349,50.19708,0.667,0
2022-07-12T23:17:40.680000,7.253856,53.825998,0.528,1
2022-07-12T23:17:41.624000,7.244115,53.882929,0.537,0
2022-07-12T23:17:42.567000,7.234358,53.939859,0.53,0
2022-07-12T23:17:45.397000,7.204991,54.110643,0.596,0
2022-07-12T23:17:46.341000,7.195171,54.16757,0.619,0
2022-07-12T23:17:47.284000,7.185334,54.224496,0.589,0
2022-07-12T23:17:48.228000,7.17548,54.281421,0.615,0
2022-07-12T23:17:49.171000,7.165611,54.338345,0.62,0
2022-07-12T23:17:50.115000,7.155725,54.395268,0.618,0
2022-07-12T23:17:51.058000,7.145823,54.452191,0.63,0
2022-07-12T23:17:52.001000,7.135904,54.509112,0.621,0
2022-07-12T23:17:52.945000,7.125968,54.566033,0.645,0
2022-07-12T23:17:53.888000,7.116016,54.622953,0.649,0
2022-07-12T23:17:54.832000,7.106047,54.679872,0.616,0
2022-07-12T23:17:55.775000,7.096061,54.736791,0.628,0
2022-07-12T23:17:56.719000,7.086058,54.793708,0.626,0
2022-07-12T23:17:57.662000,7.076038,54.850625,0.618,0
2022-07-12T23:17:58.606000,7.066001,54.907541,0.603,0
2022-07-12T23:17:59.549000,7.055947,54.964456,0.655,0
2022-07-12T23:18:00.492000,7.045875,55.02137,0.62,0
2022-07-12T23:18:01.436000,7.035786,55.078283,0.589,0
2022-07-12T23:18:02.379000,7.02568,55.135196,0.578,0
2022-07-12T23:18:03.323000,7.015556,55.192107,0.571,0
2022-07-12T23:18:04.266000,7.005415,55.249018,0.557,0
2022-07-12T23:18:05.210000,6.995255,55.305928,0.532,0
2022-07-12T23:18:06.153000,6.985078,55.362837,0.528,0
2022-07-12T23:18:07.096000,6.974883,55.419746,0.485,0
2022-07-12T23:18:08.040000,6.96467,55.476653,0.493,0
2022-07-12T23:18:08.983000,6.954439,55.53356,0.474,0
2022-07-12T23:18:09.927000,6.944189,55.590466,0.52,0
2022-07-12T23:18:10.870000,6.933922,55.647371,0.523,0
2022-07-12T23:18:11.814000,6.923636,55.704275,0.511,0
2022-07-12T23:18:12.757000,6.913332,55.761178,0.453,0
2022-07-12T23:18:13.701000,6.903009,55.81808,0.428,0
2022-07-12T23:18:14.644000,6.892667,55.874982,0.396,0
2022-07-12T23:18:15.587000,6.882307,55.931882,0.388,0
2022-07-14T12:00:25.826000,1.212836,55.958883,-0.272,0
2022-07-14T12:00:26.770000,1.20246,55.901924,-0.285,0
2022-07-14T12:00:27.713000,1.192103,55.844963,-0.289,0
2022-07-14T12:00:28.656000,1.181764,55.788002,-0.321,0
2022-07-14T12:00:29.600000,1.171444,55.73104,-0.37,0
2022-07-14T12:00:30.543000,1.161143,55.674077,-0.419,0
2022-07-14T12:00:31.487000,1.15086,55.617113,-0.447,0
2022-07-14T12:00:32.430000,1.140595,55.560148,-0.489,0
2022-07-14T12:00:33.374000,1.130349,55.503183,-0.53,0
2022-07-14T12:00:34.317000,1.12012,55.446216,-0.586,0
2022-07-14T12:00:35.260000,1.10991,55.389248,-0.611,0
2022-07-14T12:00:36.204000,1.099718,55.33228,-0.67,0
2022-07-14T12:00:37.147000,1.089544,55.27531,-0.704,0
2022-07-14T12:00:38.091000,1.079387,55.21834,-0.748,0
2022-07-14T12:00:39.034000,1.069248,55.161368,-0.803,0
2022-07-14T12:00:39.978000,1.059127,55.104396,-0.858,0
2022-07-14T12:00:40.921000,1.049023,55.047423,-0.897,0
2022-07-14T12:00:41.865000,1.038937,54.990449,-0.941,0
2022-07-14T12:00:42.808000,1.028868,54.933474,-0.977,0
2022-07-14T12:00:43.751000,1.018817,54.876498,-1.048,0
2022-07-14T12:00:44.695000,1.008782,54.819521,-1.078,0
2022-07-14T12:00:45.638000,0.998765,54.762543,-1.118,0
2022-07-14T12:00:46.582000,0.988765,54.705564,-1.166,0
2022-07-14T12:00:47.525000,0.978781,54.648585,-1.249,0
2022-07-14T12:00:48.469000,0.968815,54.591604,-1.306,0
2022-07-14T12:00:49.412000,0.958865,54.534623,-1.339,0
2022-07-14T12:00:50.355000,0.948932,54.47764,-1.38,0
2022-07-14T12:00:51.299000,0.939016,54.420657,-1.45,0
2022-07-14T12:00:52.242000,0.929116,54.363673,-1.52,0
2022-07-14T12:00:53.186000,0.919233,54.306688,-1.562,0
2022-07-14T12:00:54.129000,0.909366,54.249702,-1.641,0
2022-07-14T12:00:55.073000,0.899515,54.192715,-1.691,0
2022-07-14T12:00:56.016000,0.88968,54.135727,-1.765,0
2022-07-14T12:00:56.960000,0.879862,54.078738,-1.853,0
2022-07-14T12:00:57.903000,0.87006,54.021749,-1.931,0
2022-07-14T12:00:58.846000,0.860273,53.964758,-1.982,0
2022-07-14T12:00:59.790000,0.850503,53.907767,-2.065,0
2022-07-14T12:01:00.733000,0.840748,53.850775,-2.138,0
2022-07-14T12:01:01.677000,0.831009,53.793781,-2.202,0
2022-07-14T12:01:02.620000,0.821286,53.736787,-2.256,0
2022-07-14T12:01:03.564000,0.811579,53.679792,-2.333,0
2022-07-14T12:01:04.507000,0.801887,53.622797,-2.34,0
2022-07-14T12:01:05.450000,0.79221,53.5658,-2.333,0
2022-07-14T12:01:06.394000,0.782549,53.508802,-2.33,0
2022-07-14T12:01:07.337000,0.772903,53.451804,-2.329,0
2022-07-14T12:01:08.281000,0.763272,53.394804,-2.308,0
2022-07-14T12:01:09.224000,0.753657,53.337804,-2.295,0
2022-07-14T12:01:10.168000,0.744056,53.280803,-2.296,0
2022-07-14T12:01:11.111000,0.734471,53.223801,-2.247,0
2022-07-14T12:01:12.055000,0.7249,53.166798,-2.171,0
2022-07-14T12:01:12.998000,0.715345,53.109794,-2.152,1
2022-07-14T12:01:13.941000,0.705804,53.052789,-2.131,1
2022-07-14T12:01:52.622000,0.326575,50.714847,3.195,1
2022-07-14T12:01:53.566000,0.317598,50.657806,3.143,1
2022-07-14T12:01:54.509000,0.308634,50.600764,3.106,0
2022-07-14T12:01:55.453000,0.299681,50.543722,3.098,0
2022-07-14T12:01:56.396000,0.290741,50.486678,3.077,0
2022-07-14T12:01:57.340000,0.281812,50.429634,3.037,0
2022-07-14T12:01:58.283000,0.272896,50.372589,2.957,0
2022-07-14T12:01:59.226000,0.263991,50.315543,2.953,0
2022-07-14T12:02:00.170000,0.255099,50.258496,2.922,0
2022-07-14T12:02:01.113000,0.246218,50.201448,2.868,0
2022-07-14T12:02:02.057000,0.237349,50.1444,2.816,0
2022-07-14T12:02:03.000000,0.228491,50.08735,2.751,0
2022-07-14T12:02:03.944000,0.219646,50.0303,2.701,0
2022-07-14T12:02:04.887000,0.210811,49.973249,2.652,0
2022-07-14T12:02:05.830000,0.201989,49.916197,2.602,0
2022-07-14T12:02:06.774000,0.193178,49.859145,2.545,0
2022-07-14T12:02:07.717000,0.184378,49.802091,2.471,1
2022-07-14T23:15:42.672000,6.28738,53.578059,0.894,1
2022-07-14T23:15:43.615000,6.277707,53.634999,0.873,1
2022-07-14T23:15:44.558000,6.268018,53.691939,0.852,0
2022-07-14T23:15:45.502000,6.258313,53.748877,0.836,0
2022-07-14T23:15:46.445000,6.248593,53.805815,0.832,0
2022-07-14T23:15:47.389000,6.238857,53.862752,0.839,0
2022-07-14T23:15:48.332000,6.229105,53.919688,0.805,0
2022-07-14T23:15:49.276000,6.219338,53.976623,0.791,0
2022-07-14T23:15:50.219000,6.209555,54.033558,0.772,0
2022-07-14T23:15:51.162000,6.199755,54.090491,0.756,0
2022-07-14T23:15:52.106000,6.18994,54.147424,0.745,0
2022-07-14T23:15:53.049000,6.180109,54.204356,0.694,0
2022-07-14T23:15:53.993000,6.170261,54.261287,0.713,0
2022-07-14T23:15:54.936000,6.160397,54.318218,0.679,0
2022-07-14T23:15:55.880000,6.150517,54.375147,0.644,0
2022-07-14T23:15:56.823000,6.14062,54.432076,0.658,0
2022-07-14T23:15:57.767000,6.130706,54.489004,0.641,0
2022-07-14T23:15:58.710000,6.120777,54.545931,0.61,0
2022-07-14T23:15:59.653000,6.11083,54.602857,0.562,0
2022-07-14T23:16:00.597000,6.100867,54.659783,0.556,0
2022-07-14T23:16:01.540000,6.090886,54.716707,0.554,0
2022-07-14T23:16:02.484000,6.080889,54.773631,0.552,0
2022-07-14T23:16:03.427000,6.070875,54.830554,0.488,0
2022-07-14T23:16:04.371000,6.060844,54.887476,0.47,0
2022-07-14T23:16:05.314000,6.050795,54.944397,0.436,0
2022-07-14T23:16:06.257000,6.04073,55.001318,0.405,0
2022-07-14T23:16:07.201000,6.030647,55.058237,0.408,0
2022-07-14T23:16:08.144000,6.020546,55.115156,0.409,0
2022-07-14T23:16:09.088000,6.010428,55.172074,0.329,0
2022-07-14T23:16:10.031000,6.000292,55.228991,0.349,0
2022-07-14T23:16:10.975000,5.990139,55.285907,0.325,0
2022-07-14T23:16:11.918000,5.979968,55.342823,0.307,0
2022-07-14T23:16:12.862000,5.969779,55.399738,0.283,0
2022-07-14T23:16:13.805000,5.959572,55.456651,0.311,0
2022-07-14T23:16:14.748000,5.949347,55.513564,0.271,0
2022-07-14T23:16:15.692000,5.939104,55.570476,0.267,0
2022-07-14T23:16:16.635000,5.928842,55.627387,0.269,0
2022-07-14T23:16:17.579000,5.918563,55.684297,0.219,0
2022-07-14T23:16:18.522000,5.908264,55.741207,0.213,0
2022-07-14T23:16:19.466000,5.897947,55.798116,0.224,0
2022-07-14T23:16:20.409000,5.887612,55.855023,0.219,0
2022-07-14T23:16:21.352000,5.877258,55.91193,0.178,0
2022-07-14T23:16:22.296000,5.866885,55.968836,0.208,0
2022-07-16T11:58:32.535000,0.200093,55.954349,-1.24,0
2022-07-16T11:58:33.478000,0.18972,55.897387,-1.299,0
2022-07-16T11:58:34.421000,0.179366,55.840424,-1.322,0
2022-07-16T11:58:35.365000,0.16903,55.78346,-1.35,0
2022-07-16T11:58:36.308000,0.158713,55.726495,-1.417,0
2022-07-16T11:58:37.252000,0.148415,55.669529,-1.46,0
2022-07-16T11:58:38.195000,0.138135,55.612563,-1.5,0
2022-07-16T11:58:39.139000,0.127873,55.555595,-1.545,0
2022-07-16T11:58:40.082000,0.11763,55.498626,-1.582,0
2022-07-16T11:58:41.026000,0.107404,55.441657,-1.634,0
2022-07-16T11:58:41.969000,0.097197,55.384687,-1.68,0
2022-07-16T11:58:42.912000,0.087008,55.327715,-1.723,0
2022-07-16T11:58:43.856000,0.076836,55.270743,-1.77,0
2022-07-16T11:58:44.799000,0.066683,55.21377,-1.803,0
2022-07-16T11:58:45.743000,0.056547,55.156796,-1.878,0
2022-07-16T11:58:46.686000,0.046429,55.099821,-1.893,0
2022-07-16T11:58:47.630000,0.036328,55.042845,-1.952,0
2022-07-16T11:58:48.573000,0.026245,54.985868,-2.027,0
2022-07-16T11:58:49.516000,0.016178,54.92889,-2.079,0
2022-07-16T11:58:50.460000,0.00613,54.871911,-2.141,0
2022-07-16T11:58:51.403000,-0.003902,54.814932,-2.207,0
2022-07-16T11:58:52.347000,-0.013916,54.757951,-2.252,0
2022-07-16T11:58:53.290000,-0.023913,54.70097,-2.302,0
2022-07-16T11:58:54.234000,-0.033894,54.643988,-2.332,0
2022-07-16T11:58:55.177000,-0.043858,54.587005,-2.38,0
2022-07-16T11:58:56.121000,-0.053804,54.530021,-2.436,0
2022-07-16T11:58:57.064000,-0.063735,54.473036,-2.503,0
2022-07-16T11:58:58.007000,-0.073648,54.41605,-2.533,0
2022-07-16T11:58:58.951000,-0.083545,54.359063,-2.602,0
2022-07-16T11:58:59.894000,-0.093426,54.302075,-2.652,0
2022-07-16T11:59:00.838000,-0.10329,54.245087,-2.731,1
2022-07-16T11:59:01.781000,-0.113138,54.188097,-2.77,1
2022-07-16T11:59:59.331000,-0.685925,50.710082,1.935,1
2022-07-16T12:00:00.274000,-0.6949,50.653039,1.871,1
2022-07-16T12:00:01.218000,-0.703862,50.595995,1.868,0
2022-07-16T12:00:02.161000,-0.712812,50.53895,1.823,0
2022-07-16T12:00:03.105000,-0.72175,50.481904,1.817,0
2022-07-16T12:00:04.048000,-0.730676,50.424858,1.835,0
2022-07-16T12:00:04.991000,-0.73959,50.36781,1.841,0
2022-07-16T12:00:05.935000,-0.748493,50.310762,1.896,0
2022-07-16T12:00:06.878000,-0.757383,50.253713,1.905,0
2022-07-16T12:00:07.822000,-0.766261,50.196663,1.942,0
2022-07-16T12:00:08.765000,-0.775128,50.139613,1.957,0
2022-07-16T12:00:09.709000,-0.783984,50.082561,1.988,0
2022-07-16T12:00:10.652000,-0.792827,50.025509,2.024,0
2022-07-16T12:00:11.595000,-0.801659,49.968456,2.044,0
2022-07-16T12:00:12.539000,-0.81048,49.911402,2.073,0
2022-07-16T12:00:13.482000,-0.819289,49.854347,2.096,0
2022-07-16T12:00:14.426000,-0.828086,49.797291,2.146,0
2022-07-16T12:00:15.369000,-0.836872,49.740235,2.182,0
2022-07-16T23:13:47.493000,5.296763,53.459935,0.545,1
2022-07-16T23:13:48.437000,5.287122,53.516884,0.538,1
2022-07-16T23:13:49.380000,5.277466,53.573831,0.558,0
2022-07-16T23:13:50.323000,5.267795,53.630778,0.52,0
2022-07-16T23:13:51.267000,5.258109,53.687723,0.514,0
2022-07-16T23:13:52.210000,5.248407,53.744668,0.539,0
2022-07-16T23:13:53.154000,5.238689,53.801613,0.526,0
2022-07-16T23:13:54.097000,5.228956,53.858556,0.483,0
2022-07-16T23:13:55.041000,5.219206,53.915499,0.475,0
2022-07-16T23:13:55.984000,5.209442,53.97244,0.444,0
2022-07-16T23:13:56.928000,5.199661,54.029381,0.399,0
2022-07-16T23:13:57.871000,5.189864,54.086321,0.38,0
2022-07-16T23:13:58.814000,5.180051,54.143261,0.334,0
2022-07-16T23:13:59.758000,5.170222,54.200199,0.345,0
2022-07-16T23:14:00.701000,5.160377,54.257137,0.357,0
2022-07-16T23:14:01.645000,5.150516,54.314074,0.35,0
2022-07-16T23:14:02.588000,5.140638,54.37101,0.331,0
2022-07-16T23:14:03.532000,5.130744,54.427945,0.329,0
2022-07-16T23:14:04.475000,5.120833,54.484879,0.331,0
2022-07-16T23:14:05.418000,5.110906,54.541813,0.297,0
2022-07-16T23:14:06.362000,5.100962,54.598746,0.276,0
2022-07-16T23:14:07.305000,5.091001,54.655678,0.26,0
2022-07-16T23:14:08.249000,5.081024,54.712609,0.223,0
2022-07-16T23:14:09.192000,5.071029,54.769539,0.208,0
2022-07-16T23:14:10.136000,5.061018,54.826468,0.191,0
2022-07-16T23:14:11.079000,5.050989,54.883397,0.172,0
2022-07-16T23:14:12.022000,5.040943,54.940325,0.163,0
2022-07-16T23:14:12.966000,5.03088,54.997252,0.137,0
2022-07-16T23:14:13.909000,5.0208,55.054178,0.143,0
2022-07-16T23:14:14.853000,5.010702,55.111103,0.119,0
2022-07-16T23:14:15.796000,5.000587,55.168028,0.104,0
2022-07-16T23:14:16.740000,4.990454,55.224951,0.094,0
2022-07-16T23:14:17.683000,4.980303,55.281874,0.048,0
2022-07-16T23:14:18.627000,4.970135,55.338796,0.038,0
2022-07-16T23:14:19.570000,4.959948,55.395717,0.025,0
2022-07-16T23:14:20.513000,4.949744,55.452637,0.019,0
2022-07-16T23:14:21.457000,4.939522,55.509556,-0.009,0
2022-07-16T23:14:22.400000,4.929282,55.566475,-0.037,0
2022-07-16T23:14:23.344000,4.919023,55.623393,-0.057,0
2022-07-16T23:14:24.287000,4.908746,55.680309,-0.079,0
2022-07-16T23:14:25.231000,4.898451,55.737226,-0.094,0
2022-07-16T23:14:26.174000,4.888137,55.794141,-0.064,0
2022-07-16T23:14:27.117000,4.877804,55.851055,-0.104,0
2022-07-16T23:14:28.061000,4.867453,55.907968,-0.116,0
2022-07-16T23:14:29.004000,4.857083,55.964881,-0.12,0
2022-07-18T11:56:39.243000,-0.813074,55.948885,-1.555,0
2022-07-18T11:56:40.187000,-0.823443,55.89192,-1.585,0
2022-07-18T11:56:41.130000,-0.833794,55.834954,-1.632,0
2022-07-18T11:56:42.073000,-0.844126,55.777988,-1.618,0
2022-07-18T11:56:43.017000,-0.854439,55.72102,-1.64,0
2022-07-18T11:56:43.960000,-0.864734,55.664051,-1.66,0
2022-07-18T11:56:44.904000,-0.875011,55.607082,-1.674,0
2022-07-18T11:56:45.847000,-0.885269,55.550112,-1.703,0
2022-07-18T11:56:46.791000,-0.895509,55.49314,-1.719,0
2022-07-18T11:56:47.734000,-0.905731,55.436168,-1.702,0
2022-07-18T11:56:48.677000,-0.915934,55.379195,-1.721,0
2022-07-18T11:56:49.621000,-0.92612,55.322221,-1.738,0
2022-07-18T11:56:50.564000,-0.936288,55.265246,-1.755,0
2022-07-18T11:56:51.508000,-0.946438,55.20827,-1.733,0
2022-07-18T11:56:52.451000,-0.956571,55.151293,-1.762,0
2022-07-18T11:56:53.395000,-0.966685,55.094316,-1.77,0
2022-07-18T11:56:54.338000,-0.976783,55.037337,-1.797,0
2022-07-18T11:56:55.282000,-0.986863,54.980357,-1.784,0
2022-07-18T11:56:56.225000,-0.996925,54.923377,-1.788,0
2022-07-18T11:56:57.168000,-1.00697,54.866396,-1.795,0
2022-07-18T11:56:58.112000,-1.016999,54.809413,-1.817,0
2022-07-18T11:56:59.055000,-1.02701,54.75243,-1.785,1
2022-07-18T11:56:59.999000,-1.037004,54.695446,-1.826,1
2022-07-18T11:58:06.983000,-1.707777,50.647343,0.426,1
2022-07-18T11:58:07.926000,-1.716736,50.590297,0.483,1
2022-07-18T11:58:08.870000,-1.725684,50.533249,0.566,0
2022-07-18T11:58:09.813000,-1.734619,50.476202,0.646,0
2022-07-18T11:58:10.756000,-1.743542,50.419153,0.73,0
2022-07-18T11:58:11.700000,-1.752454,50.362103,0.813,0
2022-07-18T11:58:12.643000,-1.761354,50.305053,0.917,0
2022-07-18T11:58:13.587000,-1.770241,50.248002,1.028,0
2022-07-18T11:58:14.530000,-1.779117,50.19095,1.094,0
2022-07-18T11:58:15.474000,-1.787982,50.133897,1.231,0
2022-07-18T11:58:16.417000,-1.796834,50.076843,1.361,0
2022-07-18T11:58:17.361000,-1.805675,50.019789,1.461,0
2022-07-18T11:58:18.304000,-1.814505,49.962734,1.546,0
2022-07-18T11:58:19.247000,-1.823323,49.905677,1.645,0
2022-07-18T11:58:20.191000,-1.832129,49.84862,1.676,1
2022-07-18T11:58:21.134000,-1.840924,49.791563,1.622,1
2022-07-18T23:11:39.107000,4.438225,52.548688,-0.055,1
2022-07-18T23:11:41.937000,4.40997,52.719588,0.179,0
2022-07-18T23:11:42.880000,4.400523,52.776553,0.306,0
2022-07-18T23:11:44.767000,4.381585,52.890481,0.212,0
2022-07-18T23:11:45.711000,4.372095,52.947444,0.224,0
2022-07-18T23:11:48.541000,4.343536,53.118327,0.639,0
2022-07-18T23:11:49.484000,4.333987,53.175287,0.058,0
2022-07-18T23:11:50.428000,4.324423,53.232246,0.468,0
2022-07-18T23:11:51.371000,4.314844,53.289204,0.475,0
2022-07-18T23:11:52.315000,4.30525,53.346161,0.688,0
2022-07-18T23:11:53.258000,4.295641,53.403117,0.539,0
2022-07-18T23:11:54.202000,4.286017,53.460073,0.442,0
2022-07-18T23:11:55.145000,4.276377,53.517027,0.51,0
2022-07-18T23:11:56.088000,4.266723,53.573981,0.554,0
2022-07-18T23:11:57.032000,4.257052,53.630935,0.548,0
2022-07-18T23:11:57.975000,4.247367,53.687887,0.605,0
2022-07-18T23:11:58.919000,4.237666,53.744839,0.461,0
2022-07-18T23:11:59.862000,4.227949,53.801789,0.495,0
2022-07-18T23:12:00.806000,4.218217,53.858739,0.568,0
2022-07-18T23:12:01.749000,4.208469,53.915688,0.532,0
2022-07-18T23:12:02.693000,4.198705,53.972636,0.529,0
2022-07-18T23:12:03.636000,4.188925,54.029584,0.654,0
2022-07-18T23:12:04.579000,4.17913,54.086531,0.479,0
2022-07-18T23:12:05.523000,4.169318,54.143476,0.459,0
2022-07-18T23:12:06.466000,4.15949,54.200421,0.373,0
2022-07-18T23:12:07.410000,4.149646,54.257365,0.385,0
2022-07-18T23:12:08.353000,4.139786,54.314309,0.293,0
2022-07-18T23:12:09.297000,4.129909,54.371251,0.36,0
2022-07-18T23:12:10.240000,4.120016,54.428193,0.354,0
2022-07-18T23:12:11.183000,4.110106,54.485134,0.348,0
2022-07-18T23:12:12.127000,4.10018,54.542074,0.268,0
2022-07-18T23:12:13.070000,4.090237,54.599013,0.258,0
2022-07-18T23:12:14.014000,4.080278,54.655952,0.391,0
2022-07-18T23:12:14.957000,4.070301,54.712889,0.251,0
2022-07-18T23:12:15.901000,4.060308,54.769826,0.281,0
2022-07-18T23:12:16.844000,4.050297,54.826762,0.146,0
2022-07-18T23:12:17.788000,4.04027,54.883697,0.174,0
2022-07-18T23:12:18.731000,4.030225,54.940631,0.152,0
2022-07-18T23:12:19.674000,4.020163,54.997565,0.112,0
2022-07-18T23:12:20.618000,4.010084,55.054497,0.179,0
2022-07-18T23:12:21.561000,3.999987,55.111429,0.094,0
2022-07-18T23:12:22.505000,3.989873,55.16836,0.038,0
2022-07-18T23:12:23.448000,3.979741,55.22529,-0.026,0
2022-07-18T23:12:24.392000,3.969591,55.282219,0.12,0
2022-07-18T23:12:25.335000,3.959424,55.339148,-0.002,0
2022-07-18T23:12:26.278000,3.949239,55.396075,0.061,0
2022-07-18T23:12:27.222000,3.939036,55.453002,0.015,0
2022-07-18T23:12:28.165000,3.928815,55.509928,-0.003,0
2022-07-18T23:12:29.109000,3.918575,55.566853,0.008,0
2022-07-18T23:12:30.052000,3.908318,55.623777,0.094,0
2022-07-18T23:12:30.996000,3.898042,55.680701,-0.004,0
2022-07-18T23:12:31.939000,3.887747,55.737623,0.021,0
2022-07-18T23:12:32.883000,3.877435,55.794545,-0.012,0
2022-07-18T23:12:33.826000,3.867103,55.851466,-0.024,0
2022-07-18T23:12:34.769000,3.856753,55.908386,-0.007,0
2022-07-18T23:12:35.713000,3.846384,55.965305,-0.064,0
2022-07-20T11:54:45.952000,-1.826433,55.939053,-0.95,0
2022-07-20T11:54:46.895000,-1.836799,55.882086,-0.94,1
2022-07-20T11:54:47.838000,-1.847146,55.825119,-0.924,1
2022-07-20T11:54:48.782000,-1.857474,55.76815,-0.941,1
2022-07-20T23:09:30.720000,3.574569,51.642139,-0.823,1
2022-07-20T23:09:31.664000,3.565382,51.699126,-0.761,1
2022-07-20T23:09:32.607000,3.556181,51.756111,-0.716,1
2022-07-20T23:09:33.550000,3.546967,51.813096,-0.697,1
2022-07-20T23:09:34.494000,3.53774,51.87008,-0.669,0
2022-07-20T23:09:35.437000,3.528499,51.927063,-0.62,0
2022-07-20T23:09:36.381000,3.519245,51.984046,-0.573,0
2022-07-20T23:09:37.324000,3.509978,52.041028,-0.521,0
2022-07-20T23:09:38.268000,3.500697,52.098009,-0.468,0
2022-07-20T23:09:40.154000,3.482094,52.211968,-0.373,0
2022-07-20T23:09:41.098000,3.472772,52.268947,-0.328,0
2022-07-20T23:09:42.041000,3.463436,52.325925,-0.273,0
2022-07-20T23:09:42.985000,3.454086,52.382902,-0.22,0
2022-07-20T23:09:43.928000,3.444722,52.439878,-0.183,0
2022-07-20T23:09:44.872000,3.435345,52.496854,-0.138,0
2022-07-20T23:09:45.815000,3.425953,52.553828,-0.074,0
2022-07-20T23:09:46.759000,3.416547,52.610802,-0.036,0
2022-07-20T23:09:47.702000,3.407127,52.667775,0.015,0
2022-07-20T23:09:48.645000,3.397692,52.724747,0.063,0
2022-07-20T23:09:49.589000,3.388244,52.781719,0.093,0
2022-07-20T23:09:50.532000,3.378781,52.83869,0.147,0
2022-07-20T23:09:51.476000,3.369303,52.895659,0.195,0
2022-07-20T23:09:52.419000,3.359811,52.952628,0.226,0
2022-07-20T23:09:53.363000,3.350305,53.009597,0.235,0
2022-07-20T23:09:54.306000,3.340783,53.066564,0.315,0
2022-07-20T23:09:55.249000,3.331247,53.123531,0.335,0
2022-07-20T23:09:56.193000,3.321696,53.180497,0.361,0
2022-07-20T23:09:57.136000,3.312131,53.237462,0.402,0
2022-07-20T23:09:58.080000,3.30255,53.294426,0.421,0
2022-07-20T23:09:59.023000,3.292954,53.35139,0.441,0
2022-07-20T23:09:59.967000,3.283343,53.408352,0.463,0
2022-07-20T23:10:00.910000,3.273718,53.465314,0.503,0
2022-07-20T23:10:01.854000,3.264076,53.522275,0.511,0
2022-07-20T23:10:02.797000,3.25442,53.579236,0.524,0
2022-07-20T23:10:03.740000,3.244748,53.636195,0.532,0
2022-07-20T23:10:04.684000,3.235061,53.693154,0.557,0
2022-07-20T23:10:05.627000,3.225358,53.750112,0.573,0
2022-07-20T23:10:06.571000,3.21564,53.807069,0.596,0
2022-07-20T23:10:07.514000,3.205906,53.864025,0.605,0
2022-07-20T23:10:08.458000,3.196156,53.92098,0.585,0
2022-07-20T23:10:09.401000,3.18639,53.977935,0.6,0
2022-07-20T23:10:10.344000,3.176609,54.034889,0.628,0
2022-07-20T23:10:11.288000,3.166811,54.091842,0.626,0
2022-07-20T23:10:12.231000,3.156997,54.148794,0.633,0
2022-07-20T23:10:13.175000,3.147168,54.205745,0.598,0
2022-07-20T23:10:14.118000,3.137322,54.262695,0.596,0
2022-07-20T23:10:15.062000,3.12746,54.319645,0.562,0
2022-07-20T23:10:16.005000,3.117581,54.376594,0.559,0
2022-07-20T23:10:16.949000,3.107686,54.433542,0.57,0
2022-07-20T23:10:17.892000,3.097775,54.490489,0.512,0
2022-07-20T23:10:18.835000,3.087846,54.547436,0.527,0
2022-07-20T23:10:19.779000,3.077902,54.604381,0.53,0
2022-07-20T23:10:20.722000,3.06794,54.661326,0.517,0
2022-07-20T23:10:21.666000,3.057962,54.71827,0.508,0
2022-07-20T23:10:22.609000,3.047966,54.775213,0.473,0
2022-07-20T23:10:23.553000,3.037954,54.832155,0.451,0
2022-07-20T23:10:24.496000,3.027924,54.889097,0.452,0
2022-07-20T23:10:25.439000,3.017878,54.946037,0.407,0
2022-07-20T23:10:26.383000,3.007814,55.002977,0.408,0
2022-07-20T23:10:27.326000,2.997732,55.059916,0.403,0
2022-07-20T23:10:28.270000,2.987634,55.116854,0.366,0
2022-07-20T23:10:29.213000,2.977517,55.173791,0.369,0
2022-07-20T23:10:30.157000,2.967384,55.230727,0.357,0
2022-07-20T23:10:31.100000,2.957232,55.287663,0.319,0
2022-07-20T23:10:32.044000,2.947063,55.344598,0.323,0
2022-07-20T23:10:32.987000,2.936875,55.401531,0.323,0
2022-07-20T23:10:33.930000,2.92667,55.458464,0.335,0
2022-07-20T23:10:34.874000,2.916447,55.515397,0.332,0
2022-07-20T23:10:35.817000,2.906205,55.572328,0.289,0
2022-07-20T23:10:36.761000,2.895946,55.629258,0.255,0
2022-07-20T23:10:37.704000,2.885668,55.686188,0.233,0
2022-07-20T23:10:38.648000,2.875371,55.743117,0.223,0
2022-07-20T23:10:39.591000,2.865056,55.800045,0.214,0
2022-07-20T23:10:40.534000,2.854723,55.856972,0.211,0
2022-07-20T23:10:41.478000,2.84437,55.913898,0.175,0
2022-07-20T23:10:42.421000,2.833999,55.970823,0.193,0
2022-07-22T23:07:29.881000,2.634177,51.196218,-0.423,1
2022-07-22T23:07:30.825000,2.625089,51.253217,-0.396,1
2022-07-22T23:07:31.768000,2.615989,51.310215,-0.38,0
2022-07-22T23:07:32.711000,2.606875,51.367212,-0.383,0
2022-07-22T23:07:33.655000,2.597749,51.424208,-0.382,0
2022-07-22T23:07:34.598000,2.58861,51.481204,-0.356,0
2022-07-22T23:07:35.542000,2.579458,51.538199,-0.34,0
2022-07-22T23:07:36.485000,2.570293,51.595193,-0.332,0
2022-07-22T23:07:37.429000,2.561115,51.652186,-0.328,0
2022-07-22T23:07:38.372000,2.551924,51.709179,-0.333,0
2022-07-22T23:07:39.315000,2.542719,51.76617,-0.317,0
2022-07-22T23:07:40.259000,2.533501,51.823161,-0.322,0
2022-07-22T23:07:41.202000,2.52427,51.880151,-0.303,0
2022-07-22T23:07:42.146000,2.515026,51.937141,-0.315,0
2022-07-22T23:07:43.089000,2.505768,51.994129,-0.326,0
2022-07-22T23:07:44.033000,2.496496,52.051117,-0.336,0
2022-07-22T23:07:44.976000,2.487211,52.108104,-0.325,0
2022-07-22T23:07:45.920000,2.477913,52.16509,-0.319,0
2022-07-22T23:07:46.863000,2.4686,52.222076,-0.339,0
2022-07-22T23:07:47.806000,2.459274,52.27906,-0.336,0
2022-07-22T23:07:48.750000,2.449934,52.336044,-0.314,0
2022-07-22T23:07:49.693000,2.440581,52.393028,-0.367,0
2022-07-22T23:07:50.637000,2.431213,52.45001,-0.313,0
2022-07-22T23:07:51.580000,2.421831,52.506991,-0.326,0
2022-07-22T23:07:52.524000,2.412435,52.563972,-0.315,0
2022-07-22T23:07:53.467000,2.403026,52.620952,-0.3,0
2022-07-22T23:07:54.410000,2.393601,52.677931,-0.258,0
2022-07-22T23:07:55.354000,2.384163,52.734909,-0.242,0
2022-07-22T23:07:56.297000,2.37471,52.791887,-0.26,0
2022-07-22T23:07:57.241000,2.365243,52.848864,-0.202,0
2022-07-22T23:07:58.184000,2.355761,52.905839,-0.171,0
2022-07-22T23:07:59.128000,2.346265,52.962815,-0.135,0
2022-07-22T23:08:00.071000,2.336754,53.019789,-0.104,0
2022-07-22T23:08:01.015000,2.327229,53.076762,-0.156,0
2022-07-22T23:08:01.958000,2.317688,53.133735,-0.128,0
2022-07-22T23:08:02.901000,2.308133,53.190707,-0.1,0
2022-07-22T23:08:03.845000,2.298563,53.247678,-0.105,0
2022-07-22T23:08:04.788000,2.288978,53.304648,-0.002,0
2022-07-22T23:08:05.732000,2.279378,53.361618,-0.017,0
2022-07-22T23:08:06.675000,2.269763,53.418587,0.022,0
2022-07-22T23:08:08.562000,2.250487,53.532522,0.108,0
2022-07-22T23:08:10.449000,2.23115,53.646453,0.126,0
2022-07-22T23:08:11.392000,2.221459,53.703418,0.159,0
2022-07-22T23:08:12.336000,2.211752,53.760382,0.207,0
2022-07-22T23:08:13.279000,2.202029,53.817345,0.216,0
2022-07-22T23:08:14.223000,2.19229,53.874307,0.245,0
2022-07-22T23:08:15.166000,2.182536,53.931268,0.222,0
2022-07-22T23:08:17.053000,2.16298,54.045189,0.26,0
2022-07-22T23:08:17.996000,2.153177,54.102148,0.29,0
2022-07-22T23:08:18.940000,2.143359,54.159106,0.304,0
2022-07-22T23:08:19.883000,2.133525,54.216063,0.384,0
2022-07-22T23:08:20.827000,2.123674,54.27302,0.405,0
2022-07-22T23:08:21.770000,2.113808,54.329975,0.405,0
2022-07-22T23:08:22.714000,2.103924,54.38693,0.426,0
2022-07-22T23:08:23.657000,2.094025,54.443884,0.418,0
2022-07-22T23:08:24.600000,2.084109,54.500837,0.429,0
2022-07-22T23:08:25.544000,2.074176,54.55779,0.471,0
2022-07-22T23:08:26.487000,2.064226,54.614741,0.477,0
2022-07-22T23:08:27.431000,2.05426,54.671692,0.464,0
2022-07-22T23:08:28.374000,2.044277,54.728642,0.466,0
2022-07-22T23:08:29.318000,2.034276,54.785591,0.471,0
2022-07-22T23:08:30.261000,2.024259,54.842539,0.487,0
2022-07-22T23:08:31.204000,2.014225,54.899486,0.503,0
2022-07-22T23:08:32.148000,2.004173,54.956433,0.476,0
2022-07-22T23:08:33.091000,1.994104,55.013378,0.514,0
2022-07-22T23:08:34.035000,1.984018,55.070323,0.482,0
2022-07-22T23:08:34.978000,1.973915,55.127267,0.45,0
2022-07-22T23:08:35.922000,1.963793,55.18421,0.475,0
2022-07-22T23:08:36.865000,1.953654,55.241153,0.458,0
2022-07-22T23:08:37.809000,1.943498,55.298094,0.463,0
2022-07-22T23:08:38.752000,1.933323,55.355035,0.448,0
2022-07-22T23:08:39.695000,1.923131,55.411975,0.47,0
2022-07-22T23:08:40.639000,1.912921,55.468914,0.447,0
2022-07-22T23:08:41.582000,1.902692,55.525852,0.443,0
2022-07-22T23:08:42.526000,1.892446,55.582789,0.422,0
2022-07-22T23:08:43.469000,1.882181,55.639725,0.442,0
2022-07-22T23:08:44.413000,1.871898,55.696661,0.41,0
2022-07-22T23:08:45.356000,1.861596,55.753596,0.434,0
2022-07-22T23:08:46.299000,1.851276,55.810529,0.416,0
2022-07-22T23:08:47.243000,1.840937,55.867463,0.407,0
2022-07-22T23:08:48.186000,1.83058,55.924395,0.406,0
2022-07-22T23:08:49.130000,1.820203,55.981326,0.439,0
2022-07-24T23:05:32.816000,1.656424,50.983281,1.035,1
2022-07-24T23:05:33.759000,1.647381,51.040288,0.985,1
2022-07-24T23:05:34.703000,1.638326,51.097295,0.943,0
2022-07-24T23:05:35.646000,1.629259,51.154301,0.87,0
2022-07-24T23:05:36.590000,1.620178,51.211306,0.84,0
2022-07-24T23:05:37.533000,1.611085,51.268311,0.814,1
2022-07-24T23:05:38.476000,1.601979,51.325314,0.78,1
2022-07-24T23:05:39.420000,1.592861,51.382317,0.712,1
2022-07-24T23:05:40.363000,1.58373,51.439319,0.695,1
2022-07-24T23:05:41.307000,1.574585,51.496321,0.651,0
2022-07-24T23:05:42.250000,1.565428,51.553321,0.666,0
2022-07-24T23:05:43.194000,1.556257,51.610321,0.695,0
2022-07-24T23:05:44.137000,1.547074,51.66732,0.635,0
2022-07-24T23:05:45.081000,1.537877,51.724318,0.614,1
2022-07-24T23:05:46.024000,1.528667,51.781316,0.506,0
2022-07-24T23:05:46.967000,1.519444,51.838313,0.473,0
2022-07-24T23:05:47.911000,1.510207,51.895309,0.35,1
2022-07-24T23:05:48.854000,1.500957,51.952304,0.303,1
2022-07-24T23:06:05.836000,1.332094,52.97808,-0.811,1
2022-07-24T23:06:06.780000,1.322577,53.03506,-0.813,1
2022-07-24T23:06:07.723000,1.313046,53.092039,-0.779,0
2022-07-24T23:06:08.666000,1.3035,53.149018,-0.748,0
2022-07-24T23:06:09.610000,1.293939,53.205996,-0.732,0
2022-07-24T23:06:10.553000,1.284363,53.262972,-0.683,0
2022-07-24T23:06:11.497000,1.274772,53.319948,-0.702,0
2022-07-24T23:06:12.440000,1.265165,53.376923,-0.64,0
2022-07-24T23:06:13.384000,1.255544,53.433898,-0.585,0
2022-07-24T23:06:14.327000,1.245908,53.490871,-0.527,0
2022-07-24T23:06:15.270000,1.236256,53.547844,-0.467,0
2022-07-24T23:06:16.214000,1.226589,53.604816,-0.46,0
2022-07-24T23:06:17.157000,1.216907,53.661787,-0.407,0
2022-07-24T23:06:18.101000,1.207209,53.718757,-0.329,0
2022-07-24T23:06:19.044000,1.197495,53.775727,-0.288,0
2022-07-24T23:06:19.988000,1.187766,53.832696,-0.233,0
2022-07-24T23:06:20.931000,1.178021,53.889663,-0.205,0
2022-07-24T23:06:21.875000,1.168261,53.94663,-0.165,0
2022-07-24T23:06:22.818000,1.158484,54.003597,-0.117,0
2022-07-24T23:06:23.761000,1.148692,54.060562,-0.077,0
2022-07-24T23:06:24.705000,1.138883,54.117527,-0.051,0
2022-07-24T23:06:25.648000,1.129059,54.17449,-0.024,0
2022-07-24T23:06:26.592000,1.119218,54.231453,0.012,0
2022-07-24T23:06:27.535000,1.109361,54.288415,0.046,0
2022-07-24T23:06:28.479000,1.099488,54.345377,0.094,0
2022-07-24T23:06:29.422000,1.089598,54.402337,0.105,0
2022-07-24T23:06:30.365000,1.079692,54.459297,0.141,0
2022-07-24T23:06:31.309000,1.069769,54.516256,0.177,0
2022-07-24T23:06:32.252000,1.059829,54.573213,0.216,0
2022-07-24T23:06:33.196000,1.049873,54.630171,0.224,0
2022-07-24T23:06:34.139000,1.0399,54.687127,0.245,0
2022-07-24T23:06:35.083000,1.02991,54.744082,0.293,0
2022-07-24T23:06:36.026000,1.019903,54.801037,0.324,0
2022-07-24T23:06:36.970000,1.009879,54.857991,0.343,0
2022-07-24T23:06:37.913000,0.999838,54.914944,0.393,0
2022-07-24T23:06:38.856000,0.989779,54.971896,0.391,0
2022-07-24T23:06:39.800000,0.979704,55.028847,0.389,0
2022-07-24T23:06:40.743000,0.96961,55.085798,0.409,0
2022-07-24T23:06:41.687000,0.9595,55.142747,0.447,0
2022-07-24T23:06:42.630000,0.949372,55.199696,0.452,0
2022-07-24T23:06:43.574000,0.939226,55.256644,0.476,0
2022-07-24T23:06:44.517000,0.929062,55.313591,0.479,0
2022-07-24T23:06:45.460000,0.91888,55.370537,0.458,0
2022-07-24T23:06:46.404000,0.908681,55.427483,0.488,0
2022-07-24T23:06:47.347000,0.898464,55.484427,0.489,0
2022-07-24T23:06:48.291000,0.888228,55.541371,0.522,0
2022-07-24T23:06:49.234000,0.877974,55.598314,0.507,0
2022-07-24T23:06:50.178000,0.867702,55.655255,0.519,0
2022-07-24T23:06:51.121000,0.857412,55.712197,0.54,0
2022-07-24T23:06:52.065000,0.847103,55.769137,0.57,0
2022-07-24T23:06:53.008000,0.836775,55.826076,0.567,0
2022-07-24T23:06:53.951000,0.826429,55.883015,0.584,0
2022-07-24T23:06:54.895000,0.816064,55.939952,0.602,0
2022-07-25T11:00:25.236000,8.072208,55.904065,0.776,1
2022-07-25T11:00:26.179000,8.061853,55.847098,0.768,1
2022-07-25T11:00:27.122000,8.051516,55.790129,0.782,1
2022-07-25T11:00:28.066000,8.041197,55.733159,0.771,1
2022-07-25T11:00:29.009000,8.030897,55.676189,0.793,1
2022-07-25T11:00:29.953000,8.020616,55.619218,0.813,1
2022-07-25T11:00:31.840000,8.000108,55.505272,0.869,1
2022-07-25T11:00:32.783000,7.989881,55.448298,0.895,1
2022-07-25T11:00:33.727000,7.979673,55.391323,0.905,0
2022-07-25T11:00:34.670000,7.969482,55.334348,0.902,0
2022-07-25T11:00:35.613000,7.959309,55.277371,0.893,0
2022-07-25T11:00:36.557000,7.949154,55.220393,0.871,0
2022-07-25T11:00:37.500000,7.939017,55.163415,0.813,0
2022-07-25T11:00:38.444000,7.928898,55.106435,0.822,0
2022-07-25T11:00:39.387000,7.918795,55.049455,0.862,0
2022-07-25T11:00:40.331000,7.908711,54.992474,0.83,0
2022-07-25T11:00:41.274000,7.898644,54.935492,0.829,0
2022-07-25T11:00:42.217000,7.888594,54.878509,0.815,0
2022-07-25T11:00:43.161000,7.878561,54.821525,0.776,0
2022-07-25T11:00:44.104000,7.868545,54.764541,0.798,0
2022-07-25T11:00:45.048000,7.858547,54.707555,0.811,0
2022-07-25T11:00:45.991000,7.848565,54.650569,0.796,0
2022-07-25T11:00:46.935000,7.8386,54.593581,0.778,0
2022-07-25T11:00:47.878000,7.828652,54.536593,0.744,0
2022-07-25T11:00:48.822000,7.818721,54.479604,0.742,0
2022-07-25T11:00:49.765000,7.808806,54.422614,0.724,0
2022-07-25T11:00:50.708000,7.798908,54.365623,0.673,0
2022-07-25T11:00:51.652000,7.789026,54.308632,0.652,0
2022-07-25T11:00:52.595000,7.779161,54.251639,0.639,1
2022-07-25T11:00:53.539000,7.769311,54.194646,0.596,1
2022-07-25T11:00:54.482000,7.759479,54.137652,0.579,1
2022-07-25T11:00:55.426000,7.749662,54.080656,0.54,1
2022-07-25T11:00:56.369000,7.739861,54.02366,0.52,0
2022-07-25T11:00:57.312000,7.730077,53.966664,0.478,0
2022-07-25T11:00:58.256000,7.720308,53.909666,0.479,1
2022-07-25T11:00:59.199000,7.710555,53.852667,0.44,1
2022-07-26T23:03:23.486000,0.794428,50.033772,2.141,0
2022-07-26T23:03:24.429000,0.785585,50.090798,2.16,0
2022-07-26T23:03:25.373000,0.77673,50.147824,2.149,0
2022-07-26T23:03:26.316000,0.767863,50.204848,2.185,0
2022-07-26T23:03:27.260000,0.758985,50.261872,2.164,0
2022-07-26T23:03:28.203000,0.750095,50.318895,2.166,0
2022-07-26T23:03:29.146000,0.741193,50.375917,2.171,0
2022-07-26T23:03:30.090000,0.732279,50.432939,2.177,0
2022-07-26T23:03:31.033000,0.723353,50.489959,2.188,0
2022-07-26T23:03:31.977000,0.714415,50.546979,2.188,0
2022-07-26T23:03:32.920000,0.705465,50.603998,2.211,0
2022-07-26T23:03:33.864000,0.696503,50.661017,2.189,0
2022-07-26T23:03:34.807000,0.687529,50.718034,2.18,0
2022-07-26T23:03:35.751000,0.678543,50.775051,2.204,1
2022-07-26T23:04:11.601000,0.327438,52.941113,-1.774,1
2022-07-26T23:04:21.036000,0.231682,53.510938,-1.516,1
2022-07-26T23:04:21.979000,0.222023,53.567916,-1.502,1
2022-07-26T23:04:23.866000,0.20266,53.68187,-1.402,1
2022-07-26T23:04:24.809000,0.192955,53.738845,-1.303,1
2022-07-26T23:04:25.753000,0.183235,53.79582,-1.253,1
2022-07-26T23:04:26.696000,0.173498,53.852794,-1.18,0
2022-07-26T23:04:27.640000,0.163746,53.909767,-1.141,0
2022-07-26T23:04:28.583000,0.153979,53.966739,-1.123,0
2022-07-26T23:04:29.526000,0.144195,54.023711,-1.046,0
2022-07-26T23:04:30.470000,0.134395,54.080682,-1.052,1
2022-07-26T23:04:31.413000,0.12458,54.137651,-0.919,1
2022-07-26T23:04:32.357000,0.114748,54.19462,-0.879,0
2022-07-26T23:04:33.300000,0.1049,54.251588,-0.824,0
2022-07-26T23:04:34.244000,0.095035,54.308556,-0.828,0
2022-07-26T23:04:35.187000,0.085155,54.365522,-0.736,0
2022-07-26T23:04:36.131000,0.075257,54.422488,-0.701,0
2022-07-26T23:04:37.074000,0.065344,54.479453,-0.741,0
2022-07-26T23:04:38.017000,0.055413,54.536417,-0.565,0
2022-07-26T23:04:38.961000,0.045466,54.59338,-0.533,0
2022-07-26T23:04:39.904000,0.035503,54.650343,-0.503,0
2022-07-26T23:04:40.848000,0.025522,54.707304,-0.478,0
2022-07-26T23:04:41.791000,0.015524,54.764265,-0.403,0
2022-07-26T23:04:42.735000,0.00551,54.821225,-0.4,0
2022-07-26T23:04:43.678000,-0.004522,54.878184,-0.323,0
2022-07-26T23:04:44.621000,-0.014571,54.935142,-0.236,0
2022-07-26T23:04:45.565000,-0.024637,54.992099,-0.284,0
2022-07-26T23:04:46.508000,-0.03472,55.049055,-0.173,0
2022-07-26T23:04:47.452000,-0.044821,55.106011,-0.162,0
2022-07-26T23:04:48.395000,-0.05494,55.162966,-0.118,0
2022-07-26T23:04:49.339000,-0.065076,55.21992,-0.073,0
2022-07-26T23:04:50.282000,-0.07523,55.276873,-0.083,0
2022-07-26T23:04:51.226000,-0.085401,55.333825,-0.017,0
2022-07-26T23:04:52.169000,-0.095591,55.390777,-0.013,0
2022-07-26T23:04:53.112000,-0.105798,55.447727,0.033,0
2022-07-26T23:04:54.056000,-0.116024,55.504677,0.065,0
2022-07-26T23:04:54.999000,-0.126268,55.561626,0.059,0
2022-07-26T23:04:55.943000,-0.13653,55.618574,0.098,0
2022-07-26T23:04:56.886000,-0.14681,55.675521,0.152,0
2022-07-26T23:04:57.830000,-0.157109,55.732467,0.093,0
2022-07-26T23:04:58.773000,-0.167426,55.789413,0.187,0
2022-07-26T23:04:59.716000,-0.177762,55.846357,0.216,0
2022-07-26T23:05:00.660000,-0.188116,55.903301,0.249,0
2022-07-26T23:05:01.603000,-0.19849,55.960244,0.268,0
2022-07-27T10:58:31.001000,7.068501,55.936757,0.336,0
2022-07-27T10:58:31.944000,7.058134,55.879791,0.341,0
2022-07-27T10:58:32.888000,7.047785,55.822824,0.349,0
2022-07-27T10:58:33.831000,7.037456,55.765856,0.367,0
2022-07-27T10:58:34.774000,7.027144,55.708887,0.364,0
2022-07-27T10:58:35.718000,7.016851,55.651918,0.425,0
2022-07-27T10:58:36.661000,7.006577,55.594947,0.428,0
2022-07-27T10:58:37.605000,6.996321,55.537976,0.458,0
2022-07-27T10:58:38.548000,6.986083,55.481003,0.49,0
2022-07-27T10:58:39.492000,6.975863,55.42403,0.476,0
2022-07-27T10:58:40.435000,6.965662,55.367056,0.517,0
2022-07-27T10:58:41.378000,6.955478,55.310081,0.516,0
2022-07-27T10:58:42.322000,6.945312,55.253105,0.557,0
2022-07-27T10:58:43.265000,6.935164,55.196128,0.584,0
2022-07-27T10:58:44.209000,6.925033,55.13915,0.566,0
2022-07-27T10:58:45.152000,6.914921,55.082172,0.57,0
2022-07-27T10:58:46.096000,6.904825,55.025192,0.628,0
2022-07-27T10:58:47.039000,6.894747,54.968212,0.614,0
2022-07-27T10:58:47.983000,6.884687,54.911231,0.643,0
2022-07-27T10:58:48.926000,6.874643,54.854249,0.655,0
2022-07-27T10:58:49.869000,6.864617,54.797266,0.651,0
2022-07-27T10:58:50.813000,6.854608,54.740282,0.661,0
2022-07-27T10:58:51.756000,6.844616,54.683297,0.688,0
2022-07-27T10:58:52.700000,6.83464,54.626312,0.695,0
2022-07-27T10:58:53.643000,6.824682,54.569325,0.685,0
2022-07-27T10:58:54.587000,6.81474,54.512338,0.687,0
2022-07-27T10:58:55.530000,6.804815,54.45535,0.687,0
2022-07-27T10:58:56.473000,6.794907,54.398361,0.669,0
2022-07-27T10:58:57.417000,6.785015,54.341371,0.67,0
2022-07-27T10:58:58.360000,6.77514,54.28438,0.659,0
2022-07-27T10:58:59.304000,6.76528,54.227389,0.702,0
2022-07-27T10:59:00.247000,6.755437,54.170396,0.676,0
2022-07-27T10:59:01.191000,6.745611,54.113403,0.7,0
2022-07-27T10:59:02.134000,6.7358,54.056408,0.692,0
2022-07-27T10:59:03.077000,6.726006,53.999413,0.675,0
2022-07-27T10:59:04.021000,6.716227,53.942417,0.627,0
2022-07-27T10:59:04.964000,6.706464,53.885421,0.651,0
2022-07-27T10:59:05.908000,6.696717,53.828423,0.606,0
2022-07-27T10:59:06.851000,6.686986,53.771424,0.63,0
2022-07-27T10:59:07.795000,6.67727,53.714425,0.619,1
2022-07-27T10:59:08.738000,6.667571,53.657425,0.605,1
2022-07-28T23:01:24.534000,-0.166287,49.716227,2.344,0
2022-07-28T23:01:25.477000,-0.175066,49.773263,2.388,0
2022-07-28T23:01:26.421000,-0.183858,49.830298,2.385,0
2022-07-28T23:01:27.364000,-0.19266,49.887332,2.332,0
2022-07-28T23:01:28.307000,-0.201474,49.944365,2.4,0
2022-07-28T23:01:29.251000,-0.210299,50.001398,2.313,0
2022-07-28T23:01:30.194000,-0.219136,50.05843,2.372,0
2022-07-28T23:01:31.138000,-0.227985,50.115461,2.321,0
2022-07-28T23:01:32.081000,-0.236845,50.172492,2.301,0
2022-07-28T23:01:33.025000,-0.245717,50.229521,2.317,0
2022-07-28T23:01:33.968000,-0.254601,50.28655,2.379,0
2022-07-28T23:01:34.912000,-0.263497,50.343578,2.273,0
2022-07-28T23:01:35.855000,-0.272404,50.400606,2.269,0
2022-07-28T23:01:36.798000,-0.281324,50.457632,2.229,0
2022-07-28T23:01:37.742000,-0.290255,50.514658,2.21,0
2022-07-28T23:01:38.685000,-0.299198,50.571683,2.26,0
2022-07-28T23:01:39.629000,-0.308154,50.628707,2.239,0
2022-07-28T23:01:40.572000,-0.317121,50.685731,2.337,1
2022-07-28T23:01:41.516000,-0.326101,50.742753,2.285,1
2022-07-28T23:02:48.500000,-0.998578,54.789333,-1.22,0
2022-07-28T23:02:49.443000,-1.008601,54.846298,-1.154,0
2022-07-28T23:02:50.386000,-1.01864,54.903262,-1.152,0
2022-07-28T23:02:51.330000,-1.028697,54.960225,-1.099,0
2022-07-28T23:02:52.273000,-1.038771,55.017187,-1.079,0
2022-07-28T23:02:53.217000,-1.048863,55.074148,-1.047,0
2022-07-28T23:02:54.160000,-1.058972,55.131108,-1.02,0
2022-07-28T23:02:55.104000,-1.069098,55.188068,-0.991,0
2022-07-28T23:02:56.047000,-1.079242,55.245027,-0.932,0
2022-07-28T23:02:56.991000,-1.089405,55.301984,-0.896,0
2022-07-28T23:02:57.934000,-1.099584,55.358942,-0.859,0
2022-07-28T23:02:58.877000,-1.109782,55.415898,-0.81,0
2022-07-28T23:02:59.821000,-1.119998,55.472853,-0.786,0
2022-07-28T23:03:00.764000,-1.130232,55.529807,-0.744,0
2022-07-28T23:03:01.708000,-1.140484,55.586761,-0.706,0
2022-07-28T23:03:02.651000,-1.150754,55.643713,-0.663,0
2022-07-28T23:03:03.595000,-1.161043,55.700665,-0.62,0
2022-07-28T23:03:04.538000,-1.17135,55.757616,-0.563,0
2022-07-28T23:03:05.481000,-1.181676,55.814566,-0.51,0
2022-07-28T23:03:06.425000,-1.192021,55.871516,-0.448,0
2022-07-28T23:03:07.368000,-1.202384,55.928464,-0.43,0
2022-07-28T23:03:08.312000,-1.212766,55.985412,-0.386,0
2022-07-29T10:56:36.766000,6.063915,55.965392,0.037,0
2022-07-29T10:56:38.653000,6.043181,55.851464,0.101,0
2022-07-29T10:56:40.539000,6.022523,55.737531,0.148,0
2022-07-29T10:56:41.483000,6.012221,55.680564,0.093,0
2022-07-29T10:56:42.426000,6.001938,55.623596,0.116,0
2022-07-29T10:56:43.370000,5.991674,55.566626,0.172,0
2022-07-29T10:56:44.313000,5.981427,55.509656,0.18,0
2022-07-29T10:56:45.257000,5.971199,55.452685,0.182,0
2022-07-29T10:56:46.200000,5.960989,55.395713,0.215,0
2022-07-29T10:56:47.143000,5.950797,55.338741,0.221,0
2022-07-29T10:56:48.087000,5.940623,55.281767,0.263,0
2022-07-29T10:56:49.030000,5.930466,55.224793,0.262,0
2022-07-29T10:56:49.974000,5.920328,55.167817,0.27,0
2022-07-29T10:56:50.917000,5.910207,55.110841,0.304,0
2022-07-29T10:56:51.861000,5.900103,55.053864,0.319,0
2022-07-29T10:56:52.804000,5.890017,54.996886,0.334,0
2022-07-29T10:56:53.748000,5.879948,54.939907,0.35,0
2022-07-29T10:56:54.691000,5.869897,54.882927,0.361,0
2022-07-29T10:56:55.634000,5.859863,54.825947,0.38,0
2022-07-29T10:56:56.578000,5.849845,54.768965,0.425,0
2022-07-29T10:56:57.521000,5.839846,54.711983,0.409,0
2022-07-29T10:56:58.465000,5.829862,54.655,0.429,0
2022-07-29T10:56:59.408000,5.819896,54.598015,0.445,0
2022-07-29T10:57:00.352000,5.809947,54.54103,0.463,0
2022-07-29T10:57:01.295000,5.800014,54.484045,0.44,0
2022-07-29T10:57:02.238000,5.790098,54.427058,0.464,0
2022-07-29T10:57:03.182000,5.780198,54.370071,0.479,0
2022-07-29T10:57:04.125000,5.770315,54.313082,0.484,0
2022-07-29T10:57:05.069000,5.760448,54.256093,0.488,0
2022-07-29T10:57:06.012000,5.750598,54.199103,0.485,0
2022-07-29T10:57:06.956000,5.740763,54.142112,0.475,0
2022-07-29T10:57:07.899000,5.730945,54.08512,0.463,0
2022-07-29T10:57:08.843000,5.721143,54.028127,0.5,0
2022-07-29T10:57:09.786000,5.711357,53.971134,0.492,0
2022-07-29T10:57:10.729000,5.701587,53.91414,0.493,0
2022-07-29T10:57:11.673000,5.691833,53.857144,0.492,0
2022-07-29T10:57:12.616000,5.682094,53.800148,0.497,0
2022-07-29T10:57:13.560000,5.672372,53.743151,0.487,0
2022-07-29T10:57:14.503000,5.662664,53.686154,0.453,0
2022-07-29T10:57:15.447000,5.652973,53.629155,0.455,0
2022-07-29T10:57:16.390000,5.643296,53.572156,0.406,1
2022-07-29T10:57:17.333000,5.633636,53.515155,0.406,1
2022-07-30T22:59:31.242000,-1.179656,49.745622,1.891,1
2022-07-30T22:59:32.186000,-1.188441,49.802663,1.828,1
2022-07-30T22:59:33.129000,-1.197237,49.859702,1.763,0
2022-07-30T22:59:34.073000,-1.206044,49.916741,1.691,0
2022-07-30T22:59:35.016000,-1.214864,49.973779,1.588,0
2022-07-30T22:59:35.959000,-1.223694,50.030817,1.524,0
2022-07-30T22:59:36.903000,-1.232537,50.087853,1.448,0
2022-07-30T22:59:37.846000,-1.24139,50.144889,1.372,0
2022-07-30T22:59:38.790000,-1.250256,50.201924,1.285,0
2022-07-30T22:59:39.733000,-1.259133,50.258958,1.211,0
2022-07-30T22:59:40.677000,-1.268023,50.315992,1.148,0
2022-07-30T22:59:41.620000,-1.276924,50.373025,1.073,0
2022-07-30T22:59:42.563000,-1.285836,50.430057,0.994,0
2022-07-30T22:59:43.507000,-1.294761,50.487088,0.954,1
2022-07-31T10:54:43.474000,5.048009,55.933378,0.071,0
2022-07-31T10:54:44.418000,5.037645,55.876417,0.088,0
2022-07-31T10:54:45.361000,5.027301,55.819454,0.105,0
2022-07-31T10:54:46.304000,5.016974,55.76249,0.113,0
2022-07-31T10:54:47.248000,5.006667,55.705526,0.123,0
2022-07-31T10:54:48.191000,4.996378,55.64856,0.131,0
2022-07-31T10:54:49.135000,4.986107,55.591594,0.154,0
2022-07-31T10:54:50.078000,4.975854,55.534626,0.176,0
2022-07-31T10:54:51.022000,4.96562,55.477658,0.171,0
2022-07-31T10:54:51.965000,4.955404,55.420689,0.209,0
2022-07-31T10:54:52.909000,4.945206,55.363719,0.224,0
2022-07-31T10:54:53.852000,4.935026,55.306749,0.235,0
2022-07-31T10:54:54.795000,4.924863,55.249777,0.24,0
2022-07-31T10:54:55.739000,4.914719,55.192804,0.27,0
2022-07-31T10:54:56.682000,4.904592,55.135831,0.273,0
2022-07-31T10:54:57.626000,4.894482,55.078857,0.281,0
2022-07-31T10:54:58.569000,4.88439,55.021882,0.301,0
2022-07-31T10:54:59.513000,4.874316,54.964906,0.316,0
2022-07-31T10:55:00.456000,4.864259,54.907929,0.324,0
2022-07-31T10:55:01.399000,4.854219,54.850951,0.345,0
2022-07-31T10:55:02.343000,4.844196,54.793973,0.372,0
2022-07-31T10:55:03.286000,4.834191,54.736993,0.375,0
2022-07-31T10:55:04.230000,4.824202,54.680013,0.389,0
2022-07-31T10:55:05.173000,4.81423,54.623032,0.418,0
2022-07-31T10:55:06.117000,4.804275,54.56605,0.437,0
2022-07-31T10:55:07.060000,4.794337,54.509067,0.434,0
2022-07-31T10:55:08.004000,4.784415,54.452083,0.453,0
2022-07-31T10:55:08.947000,4.77451,54.395099,0.467,0
2022-07-31T10:55:09.890000,4.764621,54.338113,0.502,0
2022-07-31T10:55:10.834000,4.754749,54.281127,0.492,0
2022-07-31T10:55:11.777000,4.744893,54.22414,0.504,0
2022-07-31T10:55:12.721000,4.735054,54.167152,0.512,0
2022-07-31T10:55:13.664000,4.72523,54.110163,0.518,0
2022-07-31T10:55:14.608000,4.715423,54.053174,0.524,0
2022-07-31T10:55:15.551000,4.705632,53.996183,0.531,0
2022-07-31T10:55:16.494000,4.695857,53.939192,0.527,0
2022-07-31T10:55:17.438000,4.686097,53.8822,0.55,0
2022-07-31T10:55:18.381000,4.676353,53.825207,0.574,0
2022-07-31T10:55:19.325000,4.666625,53.768213,0.557,0
2022-07-31T10:55:20.268000,4.656913,53.711218,0.552,0
2022-07-31T10:55:21.212000,4.647216,53.654222,0.567,0
2022-07-31T10:55:22.155000,4.637535,53.597226,0.534,0
2022-07-31T10:55:23.099000,4.627869,53.540229,0.524,0
2022-07-31T10:55:24.042000,4.618219,53.483231,0.493,0
2022-07-31T10:55:24.985000,4.608583,53.426232,0.489,0
2022-07-31T10:55:25.929000,4.598963,53.369232,0.476,0
2022-07-31T10:55:26.872000,4.589358,53.312231,0.433,0
2022-07-31T10:55:27.816000,4.579769,53.25523,0.401,0
2022-07-31T10:55:28.759000,4.570194,53.198228,0.385,0
2022-07-31T10:55:29.703000,4.560634,53.141225,0.324,1
2022-07-31T10:55:30.646000,4.551089,53.084221,0.307,1
2022-07-31T10:55:31.589000,4.541558,53.027216,0.26,1
2022-07-31T10:55:32.533000,4.532043,52.97021,0.248,1
2022-07-31T10:55:33.476000,4.522542,52.913204,0.222,1
2022-07-31T10:55:34.420000,4.513055,52.856197,0.185,1
2022-07-31T10:55:35.363000,4.503583,52.799189,0.176,1
2022-07-31T10:55:36.307000,4.494126,52.74218,0.127,1
2022-07-31T10:55:37.250000,4.484682,52.68517,0.112,1
2022-07-31T10:55:38.194000,4.475254,52.628159,0.062,1
2022-07-31T10:55:39.137000,4.465839,52.571148,0.058,1
2022-07-31T10:55:40.080000,4.456439,52.514136,0.057,1
2022-07-31T10:55:41.024000,4.447052,52.457123,0.008,1
2022-07-31T10:55:41.967000,4.43768,52.400109,0.001,1
2022-08-01T22:57:37.951000,-2.193309,49.779078,1.65,1
2022-08-01T22:57:38.894000,-2.2021,49.836123,1.616,1
2022-08-01T22:57:39.838000,-2.210901,49.893167,1.559,0
2022-08-01T22:57:40.781000,-2.219715,49.95021,1.476,0
2022-08-01T22:57:41.724000,-2.22854,50.007252,1.385,0
2022-08-01T22:57:42.668000,-2.237376,50.064294,1.355,0
2022-08-01T22:57:43.611000,-2.246224,50.121334,1.266,0
2022-08-01T22:57:44.555000,-2.255083,50.178374,1.167,0
2022-08-01T22:57:45.498000,-2.263955,50.235413,1.082,0
2022-08-01T22:57:46.442000,-2.272838,50.292452,1.052,0
2022-08-01T22:57:47.385000,-2.281733,50.349489,0.965,0
2022-08-01T22:57:48.329000,-2.290639,50.406526,0.872,0
2022-08-01T22:57:49.272000,-2.299558,50.463562,0.788,1
2022-08-01T22:57:50.215000,-2.308489,50.520597,0.697,1
2022-08-01T22:57:51.159000,-2.317431,50.577632,0.701,1
2022-08-02T10:52:49.239000,4.041817,55.955336,-0.212,0
2022-08-02T10:52:50.183000,4.031448,55.898378,-0.194,0
2022-08-02T10:52:51.126000,4.021098,55.841418,-0.183,0
2022-08-02T10:52:52.070000,4.010767,55.784458,-0.156,0
2022-08-02T10:52:53.013000,4.000455,55.727497,-0.152,0
2022-08-02T10:52:53.956000,3.990161,55.670535,-0.104,0
2022-08-02T10:52:54.900000,3.979885,55.613572,-0.119,0
2022-08-02T10:52:55.843000,3.969628,55.556608,-0.099,0
2022-08-02T10:52:56.787000,3.959389,55.499643,-0.091,0
2022-08-02T10:52:57.730000,3.949168,55.442678,-0.083,0
2022-08-02T10:52:58.674000,3.938965,55.385711,0.001,0
2022-08-02T10:52:59.617000,3.92878,55.328744,0.005,0
2022-08-02T10:53:00.560000,3.918613,55.271776,0.021,0
2022-08-02T10:53:01.504000,3.908464,55.214807,0.015,0
2022-08-02T10:53:02.447000,3.898332,55.157837,0.053,0
2022-08-02T10:53:03.391000,3.888219,55.100866,0.1,0
2022-08-02T10:53:04.334000,3.878122,55.043895,0.14,0
2022-08-02T10:53:05.278000,3.868043,54.986922,0.158,0
2022-08-02T10:53:06.221000,3.857981,54.929949,0.192,0
2022-08-02T10:53:07.165000,3.847937,54.872975,0.184,0
2022-08-02T10:53:08.108000,3.83791,54.816,0.25,0
2022-08-02T10:53:09.051000,3.8279,54.759024,0.268,0
2022-08-02T10:53:09.995000,3.817907,54.702047,0.305,0
2022-08-02T10:53:10.938000,3.80793,54.645069,0.323,0
2022-08-02T10:53:11.882000,3.797971,54.588091,0.319,0
2022-08-02T10:53:12.825000,3.788029,54.531112,0.355,0
2022-08-02T10:53:13.769000,3.778103,54.474131,0.369,0
2022-08-02T10:53:14.712000,3.768193,54.41715,0.39,0
2022-08-02T10:53:15.655000,3.7583,54.360168,0.393,0
2022-08-02T10:53:16.599000,3.748424,54.303186,0.422,0
2022-08-02T10:53:17.542000,3.738564,54.246202,0.452,0
2022-08-02T10:53:18.486000,3.72872,54.189218,0.475,0
2022-08-02T10:53:19.429000,3.718893,54.132233,0.469,0
2022-08-02T10:53:20.373000,3.709081,54.075246,0.45,0
2022-08-02T10:53:21.316000,3.699286,54.018259,0.498,0
2022-08-02T10:53:22.259000,3.689507,53.961272,0.514,0
2022-08-02T10:53:23.203000,3.679743,53.904283,0.536,0
2022-08-02T10:53:24.146000,3.669995,53.847294,0.541,0
2022-08-02T10:53:25.090000,3.660263,53.790303,0.551,0
2022-08-02T10:53:26.033000,3.650547,53.733312,0.56,0
2022-08-02T10:53:26.977000,3.640846,53.67632,0.592,0
2022-08-02T10:53:27.920000,3.631161,53.619327,0.557,0
2022-08-02T10:53:28.864000,3.621491,53.562334,0.543,0
2022-08-02T10:53:29.807000,3.611837,53.505339,0.534,0
2022-08-02T10:53:30.750000,3.602198,53.448344,0.526,0
2022-08-02T10:53:31.694000,3.592574,53.391348,0.524,0
2022-08-02T10:53:32.637000,3.582965,53.334351,0.489,0
2022-08-02T10:53:33.581000,3.573372,53.277353,0.489,0
2022-08-02T10:53:34.524000,3.563793,53.220354,0.504,0
2022-08-02T10:53:35.468000,3.554229,53.163355,0.48,0
2022-08-02T10:53:36.411000,3.54468,53.106355,0.451,0
2022-08-02T10:53:37.354000,3.535146,53.049354,0.427,0
2022-08-02T10:53:38.298000,3.525627,52.992352,0.422,0
2022-08-02T10:53:39.241000,3.516122,52.935349,0.396,0
2022-08-02T10:53:40.185000,3.506632,52.878345,0.343,0
2022-08-02T10:53:41.128000,3.497157,52.821341,0.323,0
2022-08-02T10:53:42.072000,3.487695,52.764336,0.28,0
2022-08-02T10:53:43.015000,3.478249,52.70733,0.257,0
2022-08-02T10:53:43.959000,3.468816,52.650323,0.203,0
2022-08-02T10:53:44.902000,3.459398,52.593315,0.166,0
2022-08-02T10:53:45.845000,3.449994,52.536307,0.155,0
2022-08-02T10:53:46.789000,3.440604,52.479297,0.099,0
2022-08-02T10:53:47.732000,3.431228,52.422287,0.043,0
2022-08-02T10:53:48.676000,3.421866,52.365276,-0.007,0
2022-08-02T10:53:49.619000,3.412519,52.308265,-0.079,0
2022-08-02T10:53:50.563000,3.403185,52.251252,-0.095,0
2022-08-02T10:53:51.506000,3.393864,52.194239,-0.179,0
2022-08-02T10:53:52.449000,3.384558,52.137225,-0.224,0
2022-08-02T10:53:53.393000,3.375265,52.08021,-0.273,0
2022-08-02T10:53:54.336000,3.365985,52.023194,-0.341,0
2022-08-02T10:53:55.280000,3.35672,51.966177,-0.395,0
2022-08-02T10:53:56.223000,3.347468,51.90916,-0.49,0
2022-08-02T10:53:57.167000,3.338229,51.852142,-0.563,0
2022-08-02T10:53:58.110000,3.329003,51.795123,-0.617,0
2022-08-02T10:53:59.054000,3.319791,51.738103,-0.705,0
2022-08-02T10:53:59.997000,3.310592,51.681082,-0.759,0
2022-08-02T10:54:00.940000,3.301406,51.624061,-0.83,1
2022-08-02T10:54:01.884000,3.292234,51.567039,-0.89,1
2022-08-02T10:54:02.827000,3.283074,51.510016,-0.953,1
2022-08-02T10:54:03.771000,3.273928,51.452992,-1.031,1
2022-08-02T10:54:04.714000,3.264794,51.395967,-1.067,1
2022-08-04T10:50:55.948000,3.026774,55.932994,0.215,0
2022-08-04T10:50:56.891000,3.016414,55.876039,0.211,0
2022-08-04T10:50:57.835000,3.006073,55.819084,0.233,0
2022-08-04T10:50:58.778000,2.995751,55.762127,0.255,0
2022-08-04T10:50:59.721000,2.985447,55.70517,0.258,0
2022-08-04T10:51:00.665000,2.975162,55.648212,0.268,0
2022-08-04T10:51:01.608000,2.964895,55.591252,0.315,0
2022-08-04T10:51:02.552000,2.954646,55.534292,0.346,0
2022-08-04T10:51:03.495000,2.944416,55.477331,0.363,0
2022-08-04T10:51:04.439000,2.934203,55.42037,0.401,0
2022-08-04T10:51:05.382000,2.924009,55.363407,0.431,0
2022-08-04T10:51:06.325000,2.913833,55.306444,0.441,0
2022-08-04T10:51:07.269000,2.903674,55.249479,0.467,0
2022-08-04T10:51:08.212000,2.893533,55.192514,0.481,0
2022-08-04T10:51:09.156000,2.88341,55.135548,0.522,0
2022-08-04T10:51:10.099000,2.873304,55.078581,0.526,0
2022-08-04T10:51:11.043000,2.863216,55.021613,0.539,0
2022-08-04T10:51:11.986000,2.853145,54.964645,0.56,0
2022-08-04T10:51:12.930000,2.843092,54.907675,0.57,0
2022-08-04T10:51:13.873000,2.833055,54.850705,0.599,0
2022-08-04T10:51:14.816000,2.823036,54.793733,0.639,0
2022-08-04T10:51:15.760000,2.813034,54.736762,0.643,0
2022-08-04T10:51:16.703000,2.803049,54.679789,0.64,0
2022-08-04T10:51:17.647000,2.793081,54.622815,0.697,0
2022-08-04T10:51:18.590000,2.783129,54.56584,0.732,0
2022-08-04T10:51:19.534000,2.773195,54.508865,0.745,0
2022-08-04T10:51:20.477000,2.763277,54.451888,0.762,0
2022-08-04T10:51:21.420000,2.753375,54.394911,0.777,0
2022-08-04T10:51:22.364000,2.74349,54.337933,0.796,0
2022-08-04T10:51:23.307000,2.733621,54.280954,0.833,0
2022-08-04T10:51:24.251000,2.723769,54.223975,0.86,0
2022-08-04T10:51:25.194000,2.713933,54.166994,0.858,0
2022-08-04T10:51:26.138000,2.704113,54.110013,0.901,0
2022-08-04T10:51:27.081000,2.694309,54.053031,0.926,0
2022-08-04T10:51:28.025000,2.684522,53.996048,0.94,0
2022-08-04T10:51:28.968000,2.67475,53.939064,0.964,0
2022-08-04T10:51:29.911000,2.664994,53.882079,1.01,0
2022-08-04T10:51:30.855000,2.655254,53.825094,1.019,0
2022-08-04T10:51:31.798000,2.645529,53.768107,1.027,0
2022-08-04T10:51:32.742000,2.63582,53.71112,1.035,0
2022-08-04T10:51:33.685000,2.626127,53.654132,1.05,0
2022-08-04T10:51:34.629000,2.616449,53.597143,1.05,0
2022-08-04T10:51:35.572000,2.606786,53.540154,1.036,0
2022-08-04T10:51:36.515000,2.597139,53.483163,1.031,0
2022-08-04T10:51:37.459000,2.587507,53.426172,1.044,0
2022-08-04T10:51:38.402000,2.577891,53.369179,1.005,0
2022-08-04T10:51:39.346000,2.568289,53.312186,0.965,0
2022-08-04T10:51:40.289000,2.558703,53.255193,0.961,0
2022-08-04T10:51:41.233000,2.549131,53.198198,0.971,0
2022-08-04T10:51:42.176000,2.539574,53.141203,0.919,0
2022-08-04T10:51:43.120000,2.530033,53.084206,0.877,0
2022-08-04T10:51:44.063000,2.520506,53.027209,0.836,0
2022-08-04T10:51:45.006000,2.510993,52.970211,0.822,0
2022-08-04T10:51:45.950000,2.501495,52.913213,0.745,0
2022-08-04T10:51:46.893000,2.492012,52.856213,0.708,0
2022-08-04T10:51:47.837000,2.482544,52.799213,0.67,0
2022-08-04T10:51:48.780000,2.473089,52.742212,0.612,0
2022-08-04T10:51:49.724000,2.463649,52.68521,0.582,0
2022-08-04T10:51:50.667000,2.454224,52.628207,0.505,0
2022-08-04T10:51:51.610000,2.444812,52.571203,0.465,0
2022-08-04T10:51:52.554000,2.435415,52.514199,0.404,0
2022-08-04T10:51:53.497000,2.426032,52.457194,0.344,0
2022-08-04T10:51:55.384000,2.407308,52.343181,0.22,0
2022-08-04T10:51:56.328000,2.397966,52.286173,0.069,0
2022-08-04T10:51:57.271000,2.388639,52.229165,0.048,0
2022-08-04T10:51:58.215000,2.379325,52.172155,0.008,0
2022-08-04T10:51:59.158000,2.370025,52.115145,-0.086,0
2022-08-04T10:52:00.101000,2.360739,52.058134,-0.166,0
2022-08-04T10:52:01.045000,2.351466,52.001123,-0.277,0
2022-08-04T10:52:01.988000,2.342207,51.94411,-0.358,0
2022-08-04T10:52:02.932000,2.332961,51.887097,-0.468,0
2022-08-04T10:52:03.875000,2.323729,51.830083,-0.552,0
2022-08-04T10:52:04.819000,2.314509,51.773068,-0.646,0
2022-08-04T10:52:05.762000,2.305304,51.716052,-0.757,0
2022-08-04T10:52:06.705000,2.296111,51.659036,-0.854,0
2022-08-04T10:52:07.649000,2.286932,51.602019,-0.938,0
2022-08-04T10:52:08.592000,2.277765,51.545001,-1.064,0
2022-08-04T10:52:09.536000,2.268612,51.487982,-1.143,0
2022-08-04T10:52:10.479000,2.259472,51.430962,-1.249,0
2022-08-04T10:52:11.423000,2.250344,51.373942,-1.319,0
2022-08-04T10:52:12.366000,2.24123,51.31692,-1.413,0
2022-08-04T10:52:13.310000,2.232128,51.259898,-1.524,0
2022-08-04T10:52:14.253000,2.223039,51.202875,-1.587,0
2022-08-04T10:52:15.196000,2.213963,51.145852,-1.766,1
2022-08-04T10:52:16.140000,2.204899,51.088828,-1.838,1
2022-08-04T22:06:17.510000,8.063046,53.849626,-1.194,1
2022-08-04T22:06:18.454000,8.053298,53.906619,-1.164,1
2022-08-04T22:06:19.397000,8.043535,53.96361,-1.109,0
2022-08-04T22:06:20.341000,8.033756,54.020602,-1.097,0
2022-08-04T22:06:21.284000,8.02396,54.077592,-1.05,1
2022-08-04T22:06:22.227000,8.014149,54.134581,-1.007,1
2022-08-04T22:06:23.171000,8.004322,54.19157,-1.003,1
2022-08-04T22:06:24.114000,7.994478,54.248558,-0.995,1
2022-08-04T22:06:25.058000,7.984618,54.305545,-0.982,1
2022-08-04T22:06:26.001000,7.974742,54.362531,-0.958,0
2022-08-04T22:06:26.945000,7.964849,54.419516,-0.952,0
2022-08-04T22:06:27.888000,7.95494,54.4765,-0.887,0
2022-08-04T22:06:28.832000,7.945014,54.533484,-0.866,0
2022-08-04T22:06:29.775000,7.935072,54.590466,-0.843,0
2022-08-04T22:06:30.718000,7.925113,54.647448,-0.756,0
2022-08-04T22:06:31.662000,7.915136,54.704429,-0.72,0
2022-08-04T22:06:32.605000,7.905143,54.761409,-0.68,0
2022-08-04T22:06:33.549000,7.895133,54.818388,-0.63,0
2022-08-04T22:06:34.492000,7.885106,54.875366,-0.588,0
2022-08-04T22:06:35.436000,7.875062,54.932344,-0.559,0
2022-08-04T22:06:36.379000,7.865,54.98932,-0.519,0
2022-08-04T22:06:37.322000,7.854921,55.046296,-0.483,0
2022-08-04T22:06:38.266000,7.844825,55.103271,-0.425,0
2022-08-04T22:06:39.209000,7.834711,55.160245,-0.378,0
2022-08-04T22:06:40.153000,7.82458,55.217218,-0.349,0
2022-08-04T22:06:41.096000,7.81443,55.274191,-0.34,0
2022-08-04T22:06:42.040000,7.804263,55.331162,-0.311,0
2022-08-04T22:06:42.983000,7.794079,55.388132,-0.283,0
2022-08-04T22:06:43.927000,7.783876,55.445102,-0.238,0
2022-08-04T22:06:44.870000,7.773655,55.502071,-0.203,0
2022-08-04T22:06:45.813000,7.763416,55.559039,-0.133,0
2022-08-04T22:06:46.757000,7.753159,55.616006,-0.095,0
2022-08-04T22:06:47.700000,7.742883,55.672972,-0.06,0
2022-08-04T22:06:48.644000,7.732589,55.729937,-0.062,0
2022-08-04T22:06:49.587000,7.722277,55.786902,-0.034,0
2022-08-04T22:06:50.531000,7.711945,55.843865,-0.01,0
2022-08-04T22:06:51.474000,7.701596,55.900828,0.031,0
2022-08-04T22:06:52.417000,7.691227,55.957789,0.052,0
2022-08-06T10:49:02.656000,2.014951,55.934893,0.401,0
2022-08-06T10:49:03.600000,2.00459,55.877943,0.414,0
2022-08-06T10:49:04.543000,1.994248,55.820991,0.458,0
2022-08-06T10:49:05.486000,1.983925,55.764039,0.448,0
2022-08-06T10:49:06.430000,1.97362,55.707085,0.472,0
2022-08-06T10:49:07.373000,1.963334,55.650131,0.517,0
2022-08-06T10:49:08.317000,1.953067,55.593176,0.507,0
2022-08-06T10:49:09.260000,1.942817,55.536221,0.545,0
2022-08-06T10:49:10.204000,1.932586,55.479264,0.56,0
2022-08-06T10:49:11.147000,1.922373,55.422306,0.569,0
2022-08-06T10:49:12.091000,1.912177,55.365348,0.623,0
2022-08-06T10:49:13.034000,1.902,55.308389,0.624,0
2022-08-06T10:49:13.977000,1.891841,55.251429,0.666,0
2022-08-06T10:49:14.921000,1.881699,55.194468,0.688,0
2022-08-06T10:49:15.864000,1.871575,55.137506,0.695,0
2022-08-06T10:49:16.808000,1.861469,55.080543,0.727,0
2022-08-06T10:49:17.751000,1.85138,55.02358,0.763,0
2022-08-06T10:49:18.695000,1.841308,54.966615,0.786,0
2022-08-06T10:49:19.638000,1.831254,54.90965,0.79,0
2022-08-06T10:49:20.581000,1.821217,54.852684,0.81,0
2022-08-06T10:49:21.525000,1.811197,54.795717,0.862,0
2022-08-06T10:49:22.468000,1.801194,54.738749,0.866,0
2022-08-06T10:49:23.412000,1.791208,54.681781,0.871,0
2022-08-06T10:49:24.355000,1.781239,54.624811,0.901,0
2022-08-06T10:49:25.299000,1.771287,54.567841,0.933,0
2022-08-06T10:49:26.242000,1.761352,54.51087,0.945,0
2022-08-06T10:49:27.186000,1.751433,54.453898,0.969,0
2022-08-06T10:49:28.129000,1.74153,54.396925,0.965,0
2022-08-06T10:49:29.072000,1.731645,54.339951,0.987,0
2022-08-06T10:49:30.016000,1.721775,54.282977,1.017,0
2022-08-06T10:49:30.959000,1.711922,54.226001,1.024,0
2022-08-06T10:49:31.903000,1.702086,54.169025,1.039,0
2022-08-06T10:49:32.846000,1.692265,54.112048,1.06,0
2022-08-06T10:49:33.790000,1.68246,54.05507,1.076,0
2022-08-06T10:49:34.733000,1.672672,53.998092,1.082,0
2022-08-06T10:49:35.676000,1.662899,53.941112,1.098,0
2022-08-06T10:49:36.620000,1.653143,53.884132,1.086,0
2022-08-06T10:49:37.563000,1.643402,53.827151,1.086,0
2022-08-06T10:49:38.507000,1.633676,53.770169,1.105,0
2022-08-06T10:49:39.450000,1.623967,53.713186,1.109,0
2022-08-06T10:49:40.394000,1.614273,53.656202,1.089,0
2022-08-06T10:49:41.337000,1.604594,53.599218,1.102,0
2022-08-06T10:49:42.281000,1.594931,53.542233,1.105,0
2022-08-06T10:49:43.224000,1.585283,53.485246,1.066,0
2022-08-06T10:49:44.167000,1.57565,53.428259,1.069,0
2022-08-06T10:49:45.111000,1.566033,53.371272,1.085,0
2022-08-06T10:49:46.054000,1.556431,53.314283,1.072,0
2022-08-06T10:49:46.998000,1.546844,53.257294,1.061,0
2022-08-06T10:49:47.941000,1.537271,53.200303,1.058,0
2022-08-06T10:49:48.885000,1.527714,53.143313,1.067,0
2022-08-06T10:49:49.828000,1.518172,53.086321,1.054,0
2022-08-06T10:49:50.771000,1.508644,53.029328,1.026,0
2022-08-06T10:49:51.715000,1.499131,52.972334,1.017,1
2022-08-06T10:49:52.658000,1.489632,52.91534,1.009,1
2022-08-06T10:50:11.527000,1.302633,51.775285,-1.068,1
2022-08-06T10:50:12.470000,1.293427,51.718274,-1.125,1
2022-08-06T10:50:13.414000,1.284234,51.661262,-1.218,0
2022-08-06T10:50:14.357000,1.275053,51.604249,-1.217,1
2022-08-06T10:50:15.301000,1.265886,51.547236,-1.264,0
2022-08-06T10:50:16.244000,1.256733,51.490221,-1.235,1
2022-08-06T10:50:17.188000,1.247591,51.433206,-1.239,1
2022-08-06T10:50:24.735000,1.174924,50.977057,-2.075,1
2022-08-06T10:50:26.622000,1.156883,50.863012,-2.221,1
2022-08-06T10:50:27.565000,1.147881,50.805988,-2.288,0
2022-08-06T10:50:28.509000,1.138891,50.748964,-2.377,0
2022-08-06T10:50:29.452000,1.129913,50.691939,-2.393,0
2022-08-06T10:50:30.396000,1.120948,50.634912,-2.443,0
2022-08-06T10:50:31.339000,1.111995,50.577886,-2.416,0
2022-08-06T10:50:32.283000,1.103054,50.520858,-2.469,0
2022-08-06T10:50:33.226000,1.094125,50.46383,-2.528,0
2022-08-06T10:50:34.170000,1.085208,50.4068,-2.512,0
2022-08-06T10:50:35.113000,1.076302,50.34977,-2.552,0
2022-08-06T10:50:36.056000,1.067409,50.29274,-2.562,0
2022-08-06T10:50:37.000000,1.058528,50.235708,-2.569,0
2022-08-06T10:50:37.943000,1.049658,50.178676,-2.564,0
2022-08-06T10:50:38.887000,1.0408,50.121643,-2.566,0
2022-08-06T10:50:39.830000,1.031953,50.064609,-2.574,1
2022-08-06T22:04:23.275000,7.060152,53.791953,-0.985,1
2022-08-06T22:04:24.219000,7.05042,53.84895,-0.942,0
2022-08-06T22:04:25.162000,7.040671,53.905945,-0.932,0
2022-08-06T22:04:26.106000,7.030907,53.96294,-0.899,0
2022-08-06T22:04:27.049000,7.021127,54.019934,-0.84,0
2022-08-06T22:04:27.992000,7.01133,54.076927,-0.816,0
2022-08-06T22:04:28.936000,7.001518,54.133919,-0.77,0
2022-08-06T22:04:29.879000,6.99169,54.19091,-0.764,0
2022-08-06T22:04:30.823000,6.981845,54.2479,-0.719,0
2022-08-06T22:04:31.766000,6.971985,54.30489,-0.692,0
2022-08-06T22:04:32.710000,6.962108,54.361879,-0.605,0
2022-08-06T22:04:33.653000,6.952214,54.418866,-0.575,0
2022-08-06T22:04:34.597000,6.942304,54.475853,-0.541,0
2022-08-06T22:04:35.540000,6.932377,54.532839,-0.507,0
2022-08-06T22:04:36.483000,6.922433,54.589825,-0.46,0
2022-08-06T22:04:37.427000,6.912473,54.646809,-0.421,0
2022-08-06T22:04:38.370000,6.902496,54.703793,-0.388,0
2022-08-06T22:04:39.314000,6.892502,54.760775,-0.344,0
2022-08-06T22:04:40.257000,6.882491,54.817757,-0.3,0
2022-08-06T22:04:41.201000,6.872463,54.874738,-0.273,0
2022-08-06T22:04:42.144000,6.862418,54.931718,-0.214,0
2022-08-06T22:04:43.087000,6.852355,54.988697,-0.218,0
2022-08-06T22:04:44.031000,6.842276,55.045675,-0.162,0
2022-08-06T22:04:44.974000,6.832178,55.102653,-0.155,0
2022-08-06T22:04:45.918000,6.822063,55.159629,-0.145,0
2022-08-06T22:04:46.861000,6.811931,55.216605,-0.109,0
2022-08-06T22:04:47.805000,6.801781,55.27358,-0.093,0
2022-08-06T22:04:48.748000,6.791613,55.330554,-0.06,0
2022-08-06T22:04:49.692000,6.781427,55.387527,-0.034,0
2022-08-06T22:04:50.635000,6.771223,55.444499,-0.026,0
2022-08-06T22:04:51.578000,6.761002,55.50147,0.021,0
2022-08-06T22:04:52.522000,6.750762,55.558441,0.018,0
2022-08-06T22:04:53.465000,6.740503,55.61541,0.036,0
2022-08-06T22:04:54.409000,6.730227,55.672379,0.07,0
2022-08-06T22:04:55.352000,6.719932,55.729347,0.102,0
2022-08-06T22:04:56.296000,6.709618,55.786314,0.097,0
2022-08-06T22:04:57.239000,6.699286,55.84328,0.107,0
2022-08-06T22:04:58.182000,6.688935,55.900245,0.146,0
2022-08-06T22:04:59.126000,6.678566,55.957209,0.131,0
2022-08-08T10:47:09.365000,1.003625,55.937091,0.63,0
2022-08-08T10:47:10.308000,0.993262,55.880145,0.649,0
2022-08-08T10:47:11.252000,0.982919,55.823198,0.649,0
2022-08-08T10:47:12.195000,0.972594,55.766251,0.638,0
2022-08-08T10:47:13.138000,0.962287,55.709302,0.652,0
2022-08-08T10:47:14.082000,0.951999,55.652353,0.659,0
2022-08-08T10:47:15.025000,0.94173,55.595403,0.651,0
2022-08-08T10:47:15.969000,0.931478,55.538452,0.669,0
2022-08-08T10:47:16.912000,0.921245,55.4815,0.696,0
2022-08-08T10:47:17.856000,0.91103,55.424547,0.711,0
2022-08-08T10:47:18.799000,0.900833,55.367593,0.712,0
2022-08-08T10:47:19.742000,0.890654,55.310639,0.719,0
2022-08-08T10:47:20.686000,0.880493,55.253683,0.727,0
2022-08-08T10:47:21.629000,0.87035,55.196727,0.731,0
2022-08-08T10:47:22.573000,0.860224,55.13977,0.719,0
2022-08-08T10:47:23.516000,0.850115,55.082812,0.722,0
2022-08-08T10:47:24.460000,0.840025,55.025853,0.713,0
2022-08-08T10:47:25.403000,0.829951,54.968894,0.715,0
2022-08-08T10:47:26.347000,0.819895,54.911933,0.712,0
2022-08-08T10:47:27.290000,0.809857,54.854972,0.704,0
2022-08-08T10:47:28.233000,0.799835,54.79801,0.722,0
2022-08-08T10:47:29.177000,0.78983,54.741047,0.691,0
2022-08-08T10:47:30.120000,0.779843,54.684083,0.698,0
2022-08-08T10:47:31.064000,0.769872,54.627118,0.685,0
2022-08-08T10:47:32.007000,0.759918,54.570153,0.698,0
2022-08-08T10:47:32.951000,0.749981,54.513186,0.699,0
2022-08-08T10:47:33.894000,0.74006,54.456219,0.694,0
2022-08-08T10:47:34.837000,0.730156,54.399251,0.683,0
2022-08-08T10:47:35.781000,0.720269,54.342282,0.664,0
2022-08-08T10:47:36.724000,0.710398,54.285312,0.661,0
2022-08-08T10:47:37.668000,0.700543,54.228342,0.662,0
2022-08-08T10:47:38.611000,0.690704,54.171371,0.606,0
2022-08-08T10:47:39.555000,0.680882,54.114398,0.604,0
2022-08-08T10:47:40.498000,0.671076,54.057425,0.557,0
2022-08-08T10:47:41.441000,0.661286,54.000451,0.539,0
2022-08-08T10:47:42.385000,0.651512,53.943477,0.551,0
2022-08-08T10:47:43.328000,0.641753,53.886501,0.544,0
2022-08-08T10:47:44.272000,0.63201,53.829525,0.502,0
2022-08-08T10:47:45.215000,0.622283,53.772548,0.459,0
2022-08-08T10:47:46.159000,0.612572,53.71557,0.435,0
2022-08-08T10:47:47.102000,0.602876,53.658591,0.423,0
2022-08-08T10:47:48.046000,0.593196,53.601611,0.36,0
2022-08-08T10:47:48.989000,0.583531,53.544631,0.325,0
2022-08-08T10:47:49.932000,0.573882,53.48765,0.285,0
2022-08-08T10:47:50.876000,0.564248,53.430668,0.294,0
2022-08-08T10:47:51.819000,0.554629,53.373685,0.273,0
2022-08-08T10:47:52.763000,0.545025,53.316701,0.235,0
2022-08-08T10:47:53.706000,0.535436,53.259716,0.112,1
2022-08-08T10:47:54.650000,0.525862,53.202731,0.046,1
2022-08-08T10:47:55.593000,0.516303,53.145745,-0.096,1
2022-08-08T10:47:56.536000,0.506759,53.088758,-0.131,1
2022-08-08T10:47:57.480000,0.49723,53.03177,-0.165,1
2022-08-08T10:48:36.161000,0.118437,50.694585,-0.662,1
2022-08-08T10:48:38.048000,0.100516,50.580542,-0.785,0
2022-08-08T10:48:38.991000,0.091573,50.523519,-0.839,0
2022-08-08T10:48:39.935000,0.082643,50.466496,-0.89,0
2022-08-08T10:48:40.878000,0.073724,50.409472,-0.89,0
2022-08-08T10:48:41.821000,0.064818,50.352447,-0.937,0
2022-08-08T10:48:42.765000,0.055923,50.295421,-0.986,0
2022-08-08T10:48:43.708000,0.04704,50.238395,-1.048,0
2022-08-08T10:48:44.652000,0.038169,50.181368,-1.11,0
2022-08-08T10:48:45.595000,0.029309,50.12434,-1.167,0
2022-08-08T10:48:46.539000,0.020462,50.067311,-1.223,0
2022-08-08T10:48:47.482000,0.011625,50.010282,-1.283,0
2022-08-08T10:48:48.426000,0.002801,49.953251,-1.368,0
2022-08-08T10:48:49.369000,-0.006012,49.89622,-1.42,0
2022-08-08T10:48:50.312000,-0.014814,49.839188,-1.5,0
2022-08-08T10:48:51.256000,-0.023604,49.782156,-1.534,0
2022-08-08T10:48:52.199000,-0.032383,49.725123,-1.584,1
2022-08-08T22:02:26.210000,6.086068,53.563756,-0.73,1
2022-08-08T22:02:27.153000,6.076396,53.620757,-0.711,1
2022-08-08T22:02:28.097000,6.066708,53.677758,-0.64,0
2022-08-08T22:02:29.040000,6.057005,53.734758,-0.606,0
2022-08-08T22:02:29.984000,6.047287,53.791758,-0.593,0
2022-08-08T22:02:30.927000,6.037552,53.848756,-0.533,0
2022-08-08T22:02:31.871000,6.027802,53.905754,-0.474,0
2022-08-08T22:02:32.814000,6.018037,53.96275,-0.465,0
2022-08-08T22:02:33.758000,6.008255,54.019746,-0.362,0
2022-08-08T22:02:34.701000,5.998457,54.076741,-0.366,0
2022-08-08T22:02:35.644000,5.988643,54.133735,-0.358,0
2022-08-08T22:02:36.588000,5.978814,54.190728,-0.351,0
2022-08-08T22:02:37.531000,5.968968,54.247721,-0.268,0
2022-08-08T22:02:38.475000,5.959105,54.304712,-0.222,0
2022-08-08T22:02:39.418000,5.949226,54.361703,-0.212,0
2022-08-08T22:02:40.362000,5.939331,54.418693,-0.175,0
2022-08-08T22:02:41.305000,5.929419,54.475682,-0.161,0
2022-08-08T22:02:42.248000,5.919491,54.532669,-0.108,0
2022-08-08T22:02:43.192000,5.909546,54.589657,-0.077,0
2022-08-08T22:02:44.135000,5.899584,54.646643,-0.066,0
2022-08-08T22:02:45.079000,5.889606,54.703629,-0.056,0
2022-08-08T22:02:46.022000,5.87961,54.760613,-0.058,0
2022-08-08T22:02:46.966000,5.869598,54.817597,-0.049,1
2022-08-08T22:02:47.909000,5.859568,54.874579,0.009,0
2022-08-08T22:02:49.796000,5.839457,54.988542,-0.017,0
2022-08-08T22:02:50.739000,5.829375,55.045523,0.001,0
2022-08-08T22:02:51.683000,5.819277,55.102502,0.036,0
2022-08-08T22:02:52.626000,5.80916,55.159481,0.049,0
2022-08-08T22:02:53.570000,5.799026,55.216458,0.072,0
2022-08-08T22:02:54.513000,5.788874,55.273435,0.09,0
2022-08-08T22:02:55.457000,5.778705,55.330411,0.107,0
2022-08-08T22:02:56.400000,5.768517,55.387386,0.103,0
2022-08-08T22:02:57.343000,5.758312,55.444359,0.114,0
2022-08-08T22:02:58.287000,5.748088,55.501333,0.127,0
2022-08-08T22:02:59.230000,5.737847,55.558305,0.154,0
2022-08-08T22:03:00.174000,5.727587,55.615276,0.159,0
2022-08-08T22:03:01.117000,5.717309,55.672247,0.165,0
2022-08-08T22:03:02.061000,5.707012,55.729216,0.184,0
2022-08-08T22:03:03.004000,5.696697,55.786185,0.204,0
2022-08-08T22:03:03.948000,5.686363,55.843153,0.199,0
2022-08-08T22:03:04.891000,5.676011,55.90012,0.193,0
2022-08-08T22:03:05.834000,5.66564,55.957086,0.201,0
2022-08-10T10:45:16.073000,-0.007889,55.938768,0.255,0
2022-08-10T10:45:17.017000,-0.018253,55.881827,0.254,0
2022-08-10T10:45:17.960000,-0.028597,55.824886,0.229,0
2022-08-10T10:45:18.903000,-0.038923,55.767943,0.199,0
2022-08-10T10:45:19.847000,-0.04923,55.711,0.179,0
2022-08-10T10:45:20.790000,-0.059519,55.654055,0.141,0
2022-08-10T10:45:21.734000,-0.069789,55.59711,0.136,0
2022-08-10T10:45:22.677000,-0.080041,55.540164,0.09,0
2022-08-10T10:45:23.621000,-0.090275,55.483217,0.067,0
2022-08-10T10:45:24.564000,-0.10049,55.42627,0.026,0
2022-08-10T10:45:25.507000,-0.110688,55.369321,0.009,0
2022-08-10T10:45:26.451000,-0.120868,55.312372,-0.035,0
2022-08-10T10:45:27.394000,-0.13103,55.255421,-0.056,0
2022-08-10T10:45:28.338000,-0.141174,55.19847,-0.099,0
2022-08-10T10:45:29.281000,-0.1513,55.141518,-0.13,0
2022-08-10T10:45:30.225000,-0.161409,55.084566,-0.167,0
2022-08-10T10:45:31.168000,-0.171501,55.027612,-0.218,0
2022-08-10T10:45:32.112000,-0.181575,54.970658,-0.236,0
2022-08-10T10:45:33.055000,-0.191631,54.913702,-0.299,0
2022-08-10T10:45:33.998000,-0.201671,54.856746,-0.326,0
2022-08-10T10:45:34.942000,-0.211693,54.799789,-0.354,0
2022-08-10T10:45:35.885000,-0.221699,54.742831,-0.407,0
2022-08-10T10:45:36.829000,-0.231687,54.685873,-0.44,0
2022-08-10T10:45:37.772000,-0.241658,54.628913,-0.493,0
2022-08-10T10:45:38.716000,-0.251613,54.571953,-0.551,0
2022-08-10T10:45:39.659000,-0.261551,54.514992,-0.595,0
2022-08-10T10:45:40.602000,-0.271472,54.458029,-0.633,1
2022-08-10T10:45:41.546000,-0.281376,54.401067,-0.68,1
2022-08-10T10:45:42.489000,-0.291265,54.344103,-0.744,1
2022-08-10T10:45:43.433000,-0.301136,54.287138,-0.785,1
2022-08-10T10:46:43.813000,-0.902102,50.639729,1.403,1
2022-08-10T10:46:44.756000,-0.911057,50.582712,1.271,0
2022-08-10T10:46:45.700000,-0.92,50.525695,1.201,0
2022-08-10T10:46:46.643000,-0.928931,50.468677,1.093,0
2022-08-10T10:46:47.587000,-0.937851,50.411659,1.005,0
2022-08-10T10:46:48.530000,-0.946758,50.354639,0.92,0
2022-08-10T10:46:49.473000,-0.955653,50.297619,0.806,0
2022-08-10T10:46:50.417000,-0.964536,50.240598,0.719,0
2022-08-10T10:46:51.360000,-0.973408,50.183576,0.614,0
2022-08-10T10:46:52.304000,-0.982268,50.126554,0.578,0
2022-08-10T10:46:53.247000,-0.991116,50.06953,0.478,0
2022-08-10T10:46:54.191000,-0.999953,50.012506,0.366,0
2022-08-10T10:46:55.134000,-1.008778,49.955481,0.289,0
2022-08-10T10:46:56.077000,-1.017592,49.898456,0.223,0
2022-08-10T10:46:57.021000,-1.026394,49.84143,0.165,0
2022-08-10T10:46:57.964000,-1.035185,49.784403,0.111,0
2022-08-10T10:46:58.908000,-1.043964,49.727375,0.065,0
2022-08-10T22:00:25.371000,5.150859,53.108913,-0.183,1
2022-08-10T22:00:27.258000,5.13174,53.222932,-0.098,1
2022-08-10T22:00:30.088000,5.102951,53.393954,-0.341,1
2022-08-10T22:00:31.032000,5.093324,53.45096,-0.331,1
2022-08-10T22:00:31.975000,5.083683,53.507965,-0.287,1
2022-08-10T22:00:32.919000,5.074025,53.564968,-0.225,0
2022-08-10T22:00:33.862000,5.064353,53.621972,-0.2,0
2022-08-10T22:00:34.805000,5.054665,53.678974,-0.174,0
2022-08-10T22:00:35.749000,5.044961,53.735975,-0.143,0
2022-08-10T22:00:36.692000,5.035242,53.792976,-0.123,0
2022-08-10T22:00:37.636000,5.025507,53.849975,-0.091,0
2022-08-10T22:00:38.579000,5.015757,53.906974,-0.064,0
2022-08-10T22:00:39.523000,5.00599,53.963972,-0.075,0
2022-08-10T22:00:40.466000,4.996208,54.020969,-0.057,0
2022-08-10T22:00:41.409000,4.98641,54.077966,-0.047,0
2022-08-10T22:00:42.353000,4.976595,54.134961,-0.04,0
2022-08-10T22:00:43.296000,4.966765,54.191955,-0.021,0
2022-08-10T22:00:44.240000,4.956918,54.248949,0.011,0
2022-08-10T22:00:45.183000,4.947055,54.305942,0.008,0
2022-08-10T22:00:46.127000,4.937176,54.362934,0.012,0
2022-08-10T22:00:47.070000,4.92728,54.419925,0.021,0
2022-08-10T22:00:48.014000,4.917368,54.476915,0.02,0
2022-08-10T22:00:48.957000,4.907439,54.533904,0.029,0
2022-08-10T22:00:49.900000,4.897493,54.590893,0.019,0
2022-08-10T22:00:50.844000,4.887531,54.64788,0.035,0
2022-08-10T22:00:51.787000,4.877552,54.704867,0.035,0
2022-08-10T22:00:52.731000,4.867556,54.761853,0.016,0
2022-08-10T22:00:54.618000,4.847512,54.875822,0.02,0
2022-08-10T22:00:55.561000,4.837465,54.932805,0.061,0
2022-08-10T22:00:56.504000,4.8274,54.989787,0.105,0
2022-08-10T22:00:57.448000,4.817318,55.046768,0.083,0
2022-08-10T22:00:58.391000,4.807218,55.103749,0.052,0
2022-08-10T22:01:00.278000,4.786967,55.217707,0.074,0
2022-08-10T22:01:01.222000,4.776814,55.274685,0.066,0
2022-08-10T22:01:02.165000,4.766644,55.331662,0.072,0
2022-08-10T22:01:03.109000,4.756456,55.388638,0.017,0
2022-08-10T22:01:04.052000,4.74625,55.445613,0.032,0
2022-08-10T22:01:04.995000,4.736026,55.502588,0.031,0
2022-08-10T22:01:05.939000,4.725784,55.559561,0.035,0
2022-08-10T22:01:06.882000,4.715523,55.616533,0.052,0
2022-08-10T22:01:07.826000,4.705244,55.673505,0.067,0
2022-08-10T22:01:08.769000,4.694947,55.730476,0.041,0
2022-08-10T22:01:09.713000,4.684631,55.787446,0.054,0
2022-08-10T22:01:10.656000,4.674297,55.844414,0.062,0
2022-08-10T22:01:11.599000,4.663944,55.901382,0.065,0
2022-08-10T22:01:12.543000,4.653572,55.95835,0.059,0
2022-08-12T10:43:22.782000,-1.020293,55.939486,-1.125,0
2022-08-12T10:43:23.725000,-1.030654,55.88255,-1.186,0
2022-08-12T10:43:24.668000,-1.040997,55.825614,-1.25,0
2022-08-12T10:43:25.612000,-1.05132,55.768677,-1.322,0
2022-08-12T10:43:26.555000,-1.061626,55.711739,-1.347,0
2022-08-12T10:43:27.499000,-1.071913,55.6548,-1.418,0
2022-08-12T10:43:28.442000,-1.082181,55.59786,-1.503,0
2022-08-12T10:43:31.273000,-1.112877,55.427036,-1.743,0
2022-08-12T10:43:32.216000,-1.123072,55.370092,-1.759,0
2022-08-12T10:43:33.159000,-1.13325,55.313148,-1.772,0
2022-08-12T10:43:34.103000,-1.14341,55.256204,-1.857,0
2022-08-12T10:43:35.046000,-1.153553,55.199258,-1.888,0
2022-08-12T10:43:35.990000,-1.163677,55.142311,-1.931,0
2022-08-12T10:43:36.933000,-1.173784,55.085364,-1.958,0
2022-08-12T10:43:37.877000,-1.183874,55.028416,-2.001,1
2022-08-12T10:43:38.820000,-1.193946,54.971467,-2.049,1
2022-08-12T10:43:39.763000,-1.204001,54.914517,-2.106,1
2022-08-12T10:43:40.707000,-1.214039,54.857566,-2.132,1
2022-08-12T10:43:41.650000,-1.224059,54.800615,-2.202,1
2022-08-12T10:44:52.408000,-1.932243,50.526936,0.094,1
2022-08-12T10:44:53.352000,-1.941172,50.469924,0.063,1
2022-08-12T10:44:54.295000,-1.95009,50.412911,0.033,0
2022-08-12T10:44:55.238000,-1.958996,50.355897,0.014,0
2022-08-12T10:44:56.182000,-1.96789,50.298882,-0.003,0
2022-08-12T10:44:57.125000,-1.976772,50.241867,0.002,0
2022-08-12T10:44:58.069000,-1.985642,50.184851,-0.004,0
2022-08-12T10:44:59.012000,-1.994501,50.127834,-0.045,0
2022-08-12T10:44:59.956000,-2.003347,50.070817,-0.068,0
2022-08-12T10:45:00.899000,-2.012183,50.013798,-0.06,0
2022-08-12T10:45:01.842000,-2.021006,49.956779,-0.102,0
2022-08-12T10:45:02.786000,-2.029818,49.899759,-0.154,0
2022-08-12T10:45:03.729000,-2.038619,49.842739,-0.198,0
2022-08-12T10:45:04.673000,-2.047409,49.785717,-0.27,1
2022-08-12T10:45:05.616000,-2.056187,49.728695,-0.469,1
2022-08-12T21:58:16.985000,4.290653,52.19984,-0.497,1
2022-08-12T21:58:17.928000,4.281331,52.256864,-0.483,1
2022-08-12T21:58:18.871000,4.271995,52.313888,-0.443,1
2022-08-12T21:58:19.815000,4.262646,52.37091,-0.418,0
2022-08-12T21:58:20.758000,4.253282,52.427932,-0.391,0
2022-08-12T21:58:21.702000,4.243905,52.484953,-0.352,0
2022-08-12T21:58:22.645000,4.234513,52.541973,-0.318,0
2022-08-12T21:58:23.589000,4.225108,52.598992,-0.27,0
2022-08-12T21:58:24.532000,4.215688,52.65601,-0.237,0
2022-08-12T21:58:25.475000,4.206253,52.713028,-0.205,0
2022-08-12T21:58:26.419000,4.196805,52.770044,-0.168,0
2022-08-12T21:58:27.362000,4.187342,52.82706,-0.151,0
2022-08-12T21:58:28.306000,4.177865,52.884075,-0.112,0
2022-08-12T21:58:29.249000,4.168373,52.941089,-0.072,0
2022-08-12T21:58:30.193000,4.158867,52.998102,-0.058,0
2022-08-12T21:58:31.136000,4.149346,53.055115,-0.038,0
2022-08-12T21:58:32.080000,4.13981,53.112126,-0.003,0
2022-08-12T21:58:33.023000,4.130259,53.169137,0.014,0
2022-08-12T21:58:33.966000,4.120694,53.226147,0.05,0
2022-08-12T21:58:34.910000,4.111114,53.283155,0.058,0
2022-08-12T21:58:35.853000,4.101518,53.340164,0.089,0
2022-08-12T21:58:36.797000,4.091907,53.397171,0.089,0
2022-08-12T21:58:37.740000,4.082282,53.454177,0.118,0
2022-08-12T21:58:38.684000,4.072641,53.511183,0.125,0
2022-08-12T21:58:39.627000,4.062985,53.568187,0.146,0
2022-08-12T21:58:40.570000,4.053313,53.625191,0.158,0
2022-08-12T21:58:41.514000,4.043626,53.682194,0.155,0
2022-08-12T21:58:42.457000,4.033924,53.739196,0.171,0
2022-08-12T21:58:43.401000,4.024205,53.796197,0.152,0
2022-08-12T21:58:44.344000,4.014472,53.853198,0.16,0
2022-08-12T21:58:45.288000,4.004722,53.910197,0.147,0
2022-08-12T21:58:46.231000,3.994957,53.967196,0.16,0
2022-08-12T21:58:47.174000,3.985175,54.024194,0.103,0
2022-08-12T21:58:48.118000,3.975378,54.08119,0.094,0
2022-08-12T21:58:49.061000,3.965565,54.138186,0.106,0
2022-08-12T21:58:50.005000,3.955735,54.195182,0.069,0
2022-08-12T21:58:50.948000,3.94589,54.252176,0.041,0
2022-08-12T21:58:51.892000,3.936028,54.309169,0.044,0
2022-08-12T21:58:52.835000,3.926149,54.366162,0.034,0
2022-08-12T21:58:53.779000,3.916255,54.423153,0.027,0
2022-08-12T21:58:54.722000,3.906343,54.480144,0.001,0
2022-08-12T21:58:55.665000,3.896415,54.537134,-0.034,0
2022-08-12T21:58:56.609000,3.886471,54.594123,-0.026,0
2022-08-12T21:58:57.552000,3.87651,54.651111,-0.051,0
2022-08-12T21:58:58.496000,3.866531,54.708098,-0.073,0
2022-08-12T21:58:59.439000,3.856536,54.765085,-0.092,0
2022-08-12T21:59:00.383000,3.846524,54.82207,-0.097,0
2022-08-12T21:59:01.326000,3.836495,54.879055,-0.123,0
2022-08-12T21:59:02.269000,3.826448,54.936039,-0.146,0
2022-08-12T21:59:03.213000,3.816385,54.993021,-0.146,0
2022-08-12T21:59:04.156000,3.806304,55.050003,-0.163,0
2022-08-12T21:59:05.100000,3.796205,55.106984,-0.206,0
2022-08-12T21:59:06.043000,3.786089,55.163965,-0.191,0
2022-08-12T21:59:06.987000,3.775955,55.220944,-0.213,0
2022-08-12T21:59:07.930000,3.765804,55.277922,-0.245,0
2022-08-12T21:59:08.874000,3.755635,55.3349,-0.233,0
2022-08-12T21:59:09.817000,3.745448,55.391876,-0.259,0
2022-08-12T21:59:10.760000,3.735243,55.448852,-0.256,0
2022-08-12T21:59:11.704000,3.72502,55.505827,-0.276,0
2022-08-12T21:59:12.647000,3.714779,55.562801,-0.282,0
2022-08-12T21:59:13.591000,3.704519,55.619774,-0.296,0
2022-08-12T21:59:14.534000,3.694241,55.676746,-0.257,0
2022-08-12T21:59:15.478000,3.683945,55.733717,-0.274,0
2022-08-12T21:59:16.421000,3.67363,55.790687,-0.284,0
2022-08-12T21:59:17.364000,3.663297,55.847656,-0.297,0
2022-08-12T21:59:18.308000,3.652945,55.904625,-0.289,0
2022-08-12T21:59:19.251000,3.642574,55.961592,-0.294,0
2022-08-14T21:56:11.428000,3.399322,51.464997,-1.593,1
2022-08-14T21:56:13.315000,3.381015,51.579066,-1.251,1
2022-08-14T21:56:16.145000,3.353455,51.750164,-0.964,0
2022-08-14T21:56:17.089000,3.344243,51.807195,-0.908,1
2022-08-14T21:56:18.032000,3.335017,51.864225,-0.768,0
2022-08-14T21:56:18.976000,3.325777,51.921255,-0.687,0
2022-08-14T21:56:19.919000,3.316524,51.978283,-0.595,0
2022-08-14T21:56:20.863000,3.307258,52.035311,-0.488,0
2022-08-14T21:56:21.806000,3.297978,52.092338,-0.411,0
2022-08-14T21:56:22.750000,3.288684,52.149364,-0.329,0
2022-08-14T21:56:23.693000,3.279377,52.206389,-0.285,0
2022-08-14T21:56:24.636000,3.270056,52.263413,-0.185,0
2022-08-14T21:56:25.580000,3.260721,52.320437,-0.135,0
2022-08-14T21:56:26.523000,3.251372,52.377459,-0.085,0
2022-08-14T21:56:27.467000,3.242009,52.434481,-0.026,0
2022-08-14T21:56:28.410000,3.232633,52.491502,0.026,0
2022-08-14T21:56:29.354000,3.223242,52.548522,0.096,0
2022-08-14T21:56:30.297000,3.213837,52.605541,0.1,0
2022-08-14T21:56:31.240000,3.204418,52.66256,0.169,0
2022-08-14T21:56:32.184000,3.194985,52.719577,0.245,0
2022-08-14T21:56:33.127000,3.185537,52.776594,0.296,0
2022-08-14T21:56:34.071000,3.176076,52.833609,0.298,0
2022-08-14T21:56:35.958000,3.157108,52.947639,0.343,0
2022-08-14T21:56:36.901000,3.147602,53.004652,0.456,0
2022-08-14T21:56:37.845000,3.138082,53.061664,0.459,0
2022-08-14T21:56:38.788000,3.128547,53.118676,0.471,0
2022-08-14T21:56:39.731000,3.118997,53.175686,0.5,0
2022-08-14T21:56:40.675000,3.109433,53.232696,0.521,0
2022-08-14T21:56:41.618000,3.099853,53.289705,0.553,0
2022-08-14T21:56:42.562000,3.090259,53.346713,0.57,0
2022-08-14T21:56:43.505000,3.080649,53.403721,0.588,0
2022-08-14T21:56:44.449000,3.071024,53.460727,0.621,0
2022-08-14T21:56:45.392000,3.061384,53.517732,0.591,0
2022-08-14T21:56:46.335000,3.051729,53.574737,0.623,0
2022-08-14T21:56:47.279000,3.042058,53.631741,0.63,0
2022-08-14T21:56:48.222000,3.032372,53.688744,0.621,0
2022-08-14T21:56:49.166000,3.02267,53.745746,0.597,0
2022-08-14T21:56:50.109000,3.012952,53.802747,0.579,0
2022-08-14T21:56:51.053000,3.003219,53.859747,0.558,0
2022-08-14T21:56:51.996000,2.993471,53.916747,0.539,0
2022-08-14T21:56:52.940000,2.983706,53.973745,0.509,0
2022-08-14T21:56:53.883000,2.973926,54.030743,0.498,0
2022-08-14T21:56:54.826000,2.964129,54.08774,0.511,0
2022-08-14T21:56:55.770000,2.954317,54.144736,0.468,0
2022-08-14T21:56:56.713000,2.944488,54.201731,0.448,0
2022-08-14T21:56:57.657000,2.934643,54.258725,0.39,0
2022-08-14T21:56:58.600000,2.924782,54.315718,0.393,0
2022-08-14T21:56:59.544000,2.914905,54.372711,0.358,0
2022-08-14T21:57:00.487000,2.905011,54.429702,0.32,0
2022-08-14T21:57:01.430000,2.8951,54.486693,0.288,0
2022-08-14T21:57:02.374000,2.885173,54.543682,0.247,0
2022-08-14T21:57:03.317000,2.875229,54.600671,0.215,0
2022-08-14T21:57:04.261000,2.865269,54.657659,0.179,0
2022-08-14T21:57:05.204000,2.855291,54.714646,0.142,0
2022-08-14T21:57:06.148000,2.845297,54.771633,0.101,0
2022-08-14T21:57:07.091000,2.835286,54.828618,0.095,0
2022-08-14T21:57:08.035000,2.825257,54.885602,0.046,0
2022-08-14T21:57:08.978000,2.815212,54.942586,0.02,0
2022-08-14T21:57:09.921000,2.805149,54.999568,-0.003,0
2022-08-14T21:57:10.865000,2.795068,55.05655,-0.032,0
2022-08-14T21:57:11.808000,2.784971,55.113531,-0.055,0
2022-08-14T21:57:12.752000,2.774855,55.170511,-0.044,0
2022-08-14T21:57:13.695000,2.764722,55.22749,-0.073,0
2022-08-14T21:57:14.639000,2.754572,55.284468,-0.119,0
2022-08-14T21:57:15.582000,2.744404,55.341445,-0.153,0
2022-08-14T21:57:16.525000,2.734217,55.398422,-0.168,0
2022-08-14T21:57:17.469000,2.724013,55.455397,-0.202,0
2022-08-14T21:57:18.412000,2.713791,55.512372,-0.213,0
2022-08-14T21:57:19.356000,2.70355,55.569345,-0.246,0
2022-08-14T21:57:20.299000,2.693292,55.626318,-0.241,0
2022-08-14T21:57:21.243000,2.683015,55.68329,-0.254,0
2022-08-14T21:57:22.186000,2.672719,55.740261,-0.285,0
2022-08-14T21:57:23.130000,2.662405,55.797231,-0.286,0
2022-08-14T21:57:24.073000,2.652073,55.8542,-0.309,0
2022-08-14T21:57:25.016000,2.641721,55.911168,-0.301,0
2022-08-14T21:57:25.960000,2.631351,55.968136,-0.311,0
2022-08-16T21:54:13.420000,2.432317,51.19014,-2.228,1
2022-08-16T21:54:14.363000,2.423233,51.247178,-2.278,0
2022-08-16T21:54:15.306000,2.414137,51.304216,-2.087,1
2022-08-16T21:54:16.250000,2.405027,51.361253,-2.043,0
2022-08-16T21:54:17.193000,2.395905,51.41829,-1.939,0
2022-08-16T21:54:19.080000,2.377622,51.532359,-1.741,0
2022-08-16T21:54:20.024000,2.36846,51.589393,-1.631,0
2022-08-16T21:54:20.967000,2.359286,51.646426,-1.517,0
2022-08-16T21:54:21.911000,2.350099,51.703458,-1.37,0
2022-08-16T21:54:22.854000,2.340898,51.760489,-1.276,0
2022-08-16T21:54:23.797000,2.331684,51.817519,-1.179,0
2022-08-16T21:54:24.741000,2.322457,51.874548,-1.047,0
2022-08-16T21:54:25.684000,2.313216,51.931577,-0.928,0
2022-08-16T21:54:26.628000,2.303963,51.988605,-0.812,0
2022-08-16T21:54:27.571000,2.294695,52.045632,-0.705,0
2022-08-16T21:54:28.515000,2.285414,52.102658,-0.596,0
2022-08-16T21:54:29.458000,2.27612,52.159683,-0.488,0
2022-08-16T21:54:30.401000,2.266811,52.216707,-0.396,0
2022-08-16T21:54:32.288000,2.248153,52.330754,-0.171,0
2022-08-16T21:54:33.232000,2.238803,52.387775,-0.071,0
2022-08-16T21:54:34.175000,2.22944,52.444796,0.013,0
2022-08-16T21:54:35.119000,2.220062,52.501816,0.144,0
2022-08-16T21:54:36.062000,2.21067,52.558836,0.245,0
2022-08-16T21:54:37.006000,2.201264,52.615854,0.333,0
2022-08-16T21:54:37.949000,2.191844,52.672872,0.414,0
2022-08-16T21:54:38.892000,2.18241,52.729888,0.514,0
2022-08-16T21:54:39.836000,2.172961,52.786904,0.61,0
2022-08-16T21:54:40.779000,2.163498,52.843919,0.694,0
2022-08-16T21:54:41.723000,2.154021,52.900933,0.779,0
2022-08-16T21:54:42.666000,2.144528,52.957947,0.877,0
2022-08-16T21:54:43.610000,2.135022,53.014959,0.929,0
2022-08-16T21:54:44.553000,2.1255,53.07197,0.979,0
2022-08-16T21:54:45.496000,2.115964,53.128981,1.024,0
2022-08-16T21:54:46.440000,2.106413,53.185991,1.098,0
2022-08-16T21:54:47.383000,2.096847,53.243,1.13,0
2022-08-16T21:54:48.327000,2.087267,53.300008,1.146,0
2022-08-16T21:54:49.270000,2.077671,53.357015,1.179,0
2022-08-16T21:54:50.214000,2.06806,53.414021,1.171,0
2022-08-16T21:54:52.101000,2.048793,53.528032,1.214,0
2022-08-16T21:54:53.044000,2.039136,53.585035,1.227,0
2022-08-16T21:54:53.987000,2.029464,53.642038,1.251,0
2022-08-16T21:54:54.931000,2.019776,53.69904,1.251,0
2022-08-16T21:54:55.874000,2.010073,53.756041,1.246,0
2022-08-16T21:54:56.818000,2.000355,53.813041,1.212,0
2022-08-16T21:54:57.761000,1.990621,53.870041,1.19,0
2022-08-16T21:54:58.705000,1.980871,53.927039,1.176,0
2022-08-16T21:54:59.648000,1.971105,53.984037,1.156,0
2022-08-16T21:55:00.591000,1.961323,54.041034,1.151,0
2022-08-16T21:55:01.535000,1.951525,54.098029,1.136,0
2022-08-16T21:55:02.478000,1.941711,54.155024,1.125,0
2022-08-16T21:55:03.422000,1.931881,54.212018,1.075,0
2022-08-16T21:55:04.365000,1.922035,54.269012,1.071,0
2022-08-16T21:55:05.309000,1.912173,54.326004,1.013,0
2022-08-16T21:55:06.252000,1.902294,54.382995,0.983,0
2022-08-16T21:55:07.196000,1.892399,54.439986,0.945,0
2022-08-16T21:55:08.139000,1.882487,54.496975,0.916,0
2022-08-16T21:55:09.082000,1.872558,54.553964,0.889,0
2022-08-16T21:55:10.026000,1.862613,54.610952,0.858,0
2022-08-16T21:55:10.969000,1.852651,54.667939,0.831,0
2022-08-16T21:55:11.913000,1.842673,54.724925,0.786,0
2022-08-16T21:55:12.856000,1.832677,54.78191,0.745,0
2022-08-16T21:55:13.800000,1.822664,54.838894,0.694,0
2022-08-16T21:55:14.743000,1.812634,54.895878,0.652,0
2022-08-16T21:55:15.686000,1.802587,54.95286,0.589,0
2022-08-16T21:55:16.630000,1.792523,55.009842,0.544,0
2022-08-16T21:55:17.573000,1.782441,55.066823,0.495,0
2022-08-16T21:55:18.517000,1.772342,55.123802,0.457,0
2022-08-16T21:55:19.460000,1.762225,55.180781,0.405,0
2022-08-16T21:55:20.404000,1.752091,55.237759,0.355,0
2022-08-16T21:55:21.347000,1.741939,55.294736,0.317,0
2022-08-16T21:55:22.291000,1.731769,55.351712,0.263,0
2022-08-16T21:55:23.234000,1.721581,55.408688,0.252,0
2022-08-16T21:55:24.177000,1.711375,55.465662,0.19,0
2022-08-16T21:55:25.121000,1.701151,55.522635,0.17,0
2022-08-16T21:55:26.064000,1.690909,55.579608,0.141,0
2022-08-16T21:55:27.008000,1.680649,55.636579,0.128,0
2022-08-16T21:55:27.951000,1.670371,55.69355,0.09,0
2022-08-16T21:55:28.895000,1.660074,55.75052,0.039,0
2022-08-16T21:55:29.838000,1.649758,55.807489,0.021,0
2022-08-16T21:55:30.781000,1.639424,55.864457,0.019,0
2022-08-16T21:55:31.725000,1.629071,55.921424,-0.029,0
2022-08-16T21:55:32.668000,1.618699,55.97839,-0.068,0
2022-08-17T09:49:30.369000,8.575232,54.229954,-1.303,1
2022-08-17T09:49:31.312000,8.565403,54.173009,-1.256,1
2022-08-17T09:49:32.256000,8.55559,54.116062,-1.235,1
2022-08-17T09:49:33.199000,8.545793,54.059115,-1.254,1
2022-08-17T09:49:34.142000,8.536013,54.002167,-1.225,1
2022-08-18T21:52:13.524000,1.48166,50.805441,-2.46,1
2022-08-18T21:52:14.467000,1.47266,50.862484,-2.379,1
2022-08-18T21:52:15.411000,1.463648,50.919526,-2.302,1
2022-08-18T21:52:16.354000,1.454624,50.976568,-2.235,0
2022-08-18T21:52:17.298000,1.445587,51.033608,-2.179,1
2022-08-18T21:52:18.241000,1.436538,51.090648,-2.095,1
2022-08-18T21:52:23.902000,1.381976,51.432868,-1.598,1
2022-08-18T21:52:24.845000,1.372838,51.489901,-1.622,1
2022-08-18T21:52:25.789000,1.363687,51.546934,-1.629,0
2022-08-18T21:52:26.732000,1.354522,51.603966,-1.576,0
2022-08-18T21:52:27.676000,1.345344,51.660997,-1.525,0
2022-08-18T21:52:28.619000,1.336154,51.718028,-1.5,1
2022-08-18T21:52:29.562000,1.32695,51.775057,-1.472,1
2022-08-18T21:52:50.318000,1.120997,53.029489,1.202,1
2022-08-18T21:52:51.262000,1.111472,53.086499,1.199,1
2022-08-18T21:52:52.205000,1.101932,53.143508,1.191,0
2022-08-18T21:52:53.148000,1.092377,53.200516,1.175,0
2022-08-18T21:52:54.092000,1.082808,53.257523,1.181,0
2022-08-18T21:52:55.035000,1.073223,53.314529,1.199,0
2022-08-18T21:52:55.979000,1.063624,53.371534,1.185,0
2022-08-18T21:52:56.922000,1.054009,53.428539,1.163,0
2022-08-18T21:52:57.866000,1.044379,53.485543,1.188,0
2022-08-18T21:52:58.809000,1.034734,53.542545,1.169,0
2022-08-18T21:52:59.752000,1.025073,53.599547,1.188,0
2022-08-18T21:53:00.696000,1.015398,53.656548,1.184,0
2022-08-18T21:53:01.639000,1.005706,53.713548,1.166,0
2022-08-18T21:53:02.583000,0.995999,53.770547,1.157,0
2022-08-18T21:53:03.526000,0.986277,53.827546,1.157,0
2022-08-18T21:53:04.470000,0.976539,53.884543,1.152,0
2022-08-18T21:53:05.413000,0.966785,53.94154,1.118,0
2022-08-18T21:53:06.357000,0.957015,53.998535,1.103,0
2022-08-18T21:53:07.300000,0.947229,54.05553,1.117,0
2022-08-18T21:53:08.243000,0.937428,54.112524,1.053,0
2022-08-18T21:53:09.187000,0.92761,54.169517,1.081,0
2022-08-18T21:53:10.130000,0.917776,54.226509,1.019,0
2022-08-18T21:53:11.074000,0.907926,54.2835,0.992,0
2022-08-18T21:53:12.017000,0.898059,54.340491,0.96,0
2022-08-18T21:53:12.961000,0.888176,54.39748,0.972,0
2022-08-18T21:53:13.904000,0.878277,54.454469,0.915,0
2022-08-18T21:53:14.847000,0.868361,54.511456,0.892,0
2022-08-18T21:53:15.791000,0.858428,54.568443,0.9,0
2022-08-18T21:53:16.734000,0.848479,54.625429,0.858,0
2022-08-18T21:53:17.678000,0.838513,54.682414,0.826,0
2022-08-18T21:53:18.621000,0.82853,54.739398,0.807,0
2022-08-18T21:53:19.565000,0.81853,54.796381,0.762,0
2022-08-18T21:53:20.508000,0.808513,54.853364,0.75,0
2022-08-18T21:53:21.451000,0.798479,54.910345,0.745,0
2022-08-18T21:53:22.395000,0.788427,54.967325,0.732,0
2022-08-18T21:53:23.338000,0.778359,55.024305,0.685,0
2022-08-18T21:53:24.282000,0.768273,55.081284,0.682,0
2022-08-18T21:53:25.225000,0.758169,55.138261,0.68,0
2022-08-18T21:53:26.169000,0.748048,55.195238,0.68,0
2022-08-18T21:53:27.112000,0.737909,55.252214,0.637,0
2022-08-18T21:53:28.056000,0.727753,55.309189,0.63,0
2022-08-18T21:53:28.999000,0.717579,55.366163,0.605,0
2022-08-18T21:53:29.942000,0.707386,55.423136,0.569,0
2022-08-18T21:53:30.886000,0.697176,55.480109,0.54,0
2022-08-18T21:53:31.829000,0.686948,55.53708,0.533,0
2022-08-18T21:53:32.773000,0.676701,55.59405,0.547,0
2022-08-18T21:53:33.716000,0.666437,55.65102,0.508,0
2022-08-18T21:53:34.660000,0.656154,55.707988,0.501,0
2022-08-18T21:53:35.603000,0.645852,55.764956,0.426,0
2022-08-18T21:53:36.546000,0.635532,55.821923,0.439,0
2022-08-18T21:53:37.490000,0.625193,55.878889,0.411,0
2022-08-18T21:53:38.433000,0.614836,55.935854,0.417,0
2022-08-19T09:47:07.831000,7.874863,55.985076,0.208,0
2022-08-19T09:47:08.774000,7.864496,55.928162,0.207,0
2022-08-19T09:47:09.718000,7.854147,55.871248,0.188,0
2022-08-19T09:47:10.661000,7.843817,55.814333,0.169,0
2022-08-19T09:47:11.604000,7.833506,55.757417,0.139,0
2022-08-19T09:47:12.548000,7.823213,55.7005,0.144,0
2022-08-19T09:47:13.491000,7.812939,55.643583,0.065,0
2022-08-19T09:47:14.435000,7.802683,55.586665,0.055,0
2022-08-19T09:47:15.378000,7.792445,55.529745,0.051,0
2022-08-19T09:47:16.322000,7.782226,55.472825,0.002,0
2022-08-19T09:47:17.265000,7.772024,55.415904,-0.033,0
2022-08-19T09:47:20.095000,7.741527,55.245136,-0.223,0
2022-08-19T09:47:21.039000,7.731397,55.188212,-0.235,0
2022-08-19T09:47:21.982000,7.721284,55.131287,-0.205,0
2022-08-19T09:47:22.926000,7.711189,55.074361,-0.249,0
2022-08-19T09:47:23.869000,7.701111,55.017434,-0.277,0
2022-08-19T09:47:24.813000,7.691051,54.960507,-0.347,0
2022-08-19T09:47:25.756000,7.681008,54.903578,-0.341,0
2022-08-19T09:47:26.699000,7.670982,54.846649,-0.385,0
2022-08-19T09:47:27.643000,7.660973,54.789719,-0.432,0
2022-08-19T09:47:28.586000,7.650982,54.732788,-0.469,0
2022-08-19T09:47:29.530000,7.641007,54.675856,-0.512,0
2022-08-19T09:47:30.473000,7.631049,54.618923,-0.553,0
2022-08-19T09:47:31.417000,7.621108,54.56199,-0.602,0
2022-08-19T09:47:32.360000,7.611183,54.505056,-0.631,0
2022-08-19T09:47:33.303000,7.601275,54.448121,-0.679,0
2022-08-19T09:47:34.247000,7.591384,54.391185,-0.709,0
2022-08-19T09:47:35.190000,7.581509,54.334248,-0.743,0
2022-08-19T09:47:36.134000,7.57165,54.27731,-0.81,0
2022-08-19T09:47:37.077000,7.561808,54.220372,-0.849,0
2022-08-19T09:47:38.021000,7.551982,54.163433,-0.863,0
2022-08-19T09:47:38.964000,7.542172,54.106493,-0.829,0
2022-08-19T09:47:39.908000,7.532378,54.049552,-0.928,0
2022-08-19T09:47:40.851000,7.5226,53.99261,-0.878,0
2022-08-19T09:47:41.794000,7.512837,53.935668,-0.96,0
2022-08-19T09:47:42.738000,7.503091,53.878724,-0.951,1
2022-08-19T09:47:43.681000,7.493361,53.82178,-0.892,1
2022-08-20T21:50:07.024000,0.591713,50.026285,-1.224,0
2022-08-20T21:50:07.968000,0.582876,50.083337,-1.175,0
2022-08-20T21:50:08.911000,0.574028,50.140388,-1.124,0
2022-08-20T21:50:09.855000,0.565167,50.197438,-1.097,0
2022-08-20T21:50:10.798000,0.556295,50.254488,-1.087,0
2022-08-20T21:50:11.742000,0.547411,50.311537,-1.077,0
2022-08-20T21:50:12.685000,0.538516,50.368585,-1.047,0
2022-08-20T21:50:13.628000,0.529608,50.425632,-1.026,0
2022-08-20T21:50:14.572000,0.520689,50.482679,-0.999,0
2022-08-20T21:50:15.515000,0.511757,50.539724,-0.978,0
2022-08-20T21:50:16.459000,0.502814,50.596769,-0.963,0
2022-08-20T21:50:17.402000,0.493858,50.653813,-0.945,0
2022-08-20T21:50:18.346000,0.484891,50.710856,-0.923,1
2022-08-20T21:50:19.289000,0.475911,50.767898,-0.901,1
2022-08-20T21:51:11.178000,-0.038496,53.9039,0.998,1
2022-08-20T21:51:12.122000,-0.048257,53.960894,0.997,1
2022-08-20T21:51:13.065000,-0.058032,54.017887,1.013,1
2022-08-20T21:51:15.895000,-0.087456,54.18886,1.057,1
2022-08-20T21:51:16.839000,-0.097296,54.245849,1.079,1
2022-08-20T21:51:17.782000,-0.107153,54.302838,1.048,0
2022-08-20T21:51:18.726000,-0.117026,54.359825,1.057,0
2022-08-20T21:51:19.669000,-0.126915,54.416812,1.031,0
2022-08-20T21:51:20.612000,-0.136821,54.473798,1.022,0
2022-08-20T21:51:21.556000,-0.146743,54.530782,1.013,0
2022-08-20T21:51:22.499000,-0.156682,54.587766,0.995,0
2022-08-20T21:51:23.443000,-0.166638,54.644749,1.005,0
2022-08-20T21:51:24.386000,-0.17661,54.701731,0.992,0
2022-08-20T21:51:25.330000,-0.1866,54.758713,0.965,0
2022-08-20T21:51:26.273000,-0.196606,54.815693,0.99,0
2022-08-20T21:51:27.217000,-0.20663,54.872672,0.972,0
2022-08-20T21:51:28.160000,-0.21667,54.929651,0.979,0
2022-08-20T21:51:29.103000,-0.226728,54.986628,0.962,0
2022-08-20T21:51:30.047000,-0.236804,55.043605,0.947,0
2022-08-20T21:51:30.990000,-0.246896,55.100581,0.948,0
2022-08-20T21:51:31.934000,-0.257007,55.157556,0.975,0
2022-08-20T21:51:32.877000,-0.267134,55.214529,0.948,0
2022-08-20T21:51:33.821000,-0.27728,55.271502,0.966,0
2022-08-20T21:51:34.764000,-0.287443,55.328475,0.94,0
2022-08-20T21:51:35.707000,-0.297624,55.385446,0.928,0
2022-08-20T21:51:36.651000,-0.307823,55.442416,0.897,0
2022-08-20T21:51:37.594000,-0.31804,55.499385,0.906,0
2022-08-20T21:51:38.538000,-0.328276,55.556354,0.904,0
2022-08-20T21:51:39.481000,-0.338529,55.613321,0.913,0
2022-08-20T21:51:40.425000,-0.348801,55.670288,0.91,0
2022-08-20T21:51:41.368000,-0.359091,55.727253,0.898,0
2022-08-20T21:51:42.312000,-0.369399,55.784218,0.87,0
2022-08-20T21:51:43.255000,-0.379727,55.841182,0.891,0
2022-08-20T21:51:44.198000,-0.390072,55.898145,0.888,0
2022-08-20T21:51:45.142000,-0.400437,55.955106,0.88,0
2022-08-21T09:45:14.539000,6.861247,55.971203,0.44,0
2022-08-21T09:45:15.483000,6.850884,55.914296,0.421,0
2022-08-21T09:45:16.426000,6.840539,55.857388,0.465,0
2022-08-21T09:45:17.369000,6.830214,55.800479,0.469,0
2022-08-21T09:45:18.313000,6.819906,55.74357,0.437,0
2022-08-21T09:45:19.256000,6.809618,55.686659,0.465,0
2022-08-21T09:45:20.200000,6.799347,55.629748,0.45,0
2022-08-21T09:45:21.143000,6.789095,55.572836,0.436,0
2022-08-21T09:45:22.087000,6.778861,55.515923,0.428,0
2022-08-21T09:45:23.030000,6.768646,55.459009,0.401,0
2022-08-21T09:45:23.974000,6.758448,55.402094,0.39,0
2022-08-21T09:45:24.917000,6.748268,55.345179,0.352,0
2022-08-21T09:45:25.860000,6.738106,55.288262,0.323,0
2022-08-21T09:45:26.804000,6.727962,55.231345,0.309,0
2022-08-21T09:45:27.747000,6.717836,55.174427,0.298,0
2022-08-21T09:45:28.691000,6.707727,55.117508,0.285,0
2022-08-21T09:45:29.634000,6.697635,55.060589,0.271,0
2022-08-21T09:45:30.578000,6.687561,55.003668,0.265,0
2022-08-21T09:45:31.521000,6.677505,54.946747,0.224,0
2022-08-21T09:45:32.464000,6.667465,54.889824,0.199,0
2022-08-21T09:45:33.408000,6.657443,54.832901,0.149,0
2022-08-21T09:45:34.351000,6.647438,54.775977,0.156,0
2022-08-21T09:45:35.295000,6.63745,54.719053,0.149,0
2022-08-21T09:45:36.238000,6.627479,54.662127,0.111,0
2022-08-21T09:45:37.182000,6.617524,54.605201,0.049,0
2022-08-21T09:45:38.125000,6.607586,54.548274,0.042,0
2022-08-21T09:45:39.069000,6.597665,54.491346,0.019,0
2022-08-21T09:45:40.012000,6.587761,54.434417,-0.021,0
2022-08-21T09:45:40.955000,6.577873,54.377487,-0.06,0
2022-08-21T09:45:41.899000,6.568001,54.320557,-0.088,0
2022-08-21T09:45:42.842000,6.558146,54.263625,-0.135,0
2022-08-21T09:45:43.786000,6.548307,54.206693,-0.17,0
2022-08-21T09:45:44.729000,6.538485,54.14976,-0.166,0
2022-08-21T09:45:45.673000,6.528678,54.092826,-0.219,0
2022-08-21T09:45:46.616000,6.518887,54.035892,-0.234,0
2022-08-21T09:45:47.559000,6.509113,53.978956,-0.252,0
2022-08-21T09:45:48.503000,6.499354,53.92202,-0.291,0
2022-08-21T09:45:49.446000,6.489611,53.865083,-0.324,0
2022-08-21T09:45:50.390000,6.479883,53.808145,-0.368,0
2022-08-21T09:45:51.333000,6.470172,53.751207,-0.376,0
2022-08-21T09:45:52.277000,6.460476,53.694267,-0.394,0
2022-08-21T09:45:53.220000,6.450795,53.637327,-0.417,1
2022-08-22T21:48:08.072000,-0.370264,49.707439,0.204,0
2022-08-22T21:48:09.016000,-0.379037,49.764493,0.216,0
2022-08-22T21:48:09.959000,-0.387822,49.821546,0.212,0
2022-08-22T21:48:10.903000,-0.396618,49.878599,0.239,0
2022-08-22T21:48:11.846000,-0.405426,49.93565,0.253,0
2022-08-22T21:48:12.789000,-0.414245,49.992701,0.266,0
2022-08-22T21:48:13.733000,-0.423076,50.049751,0.29,0
2022-08-22T21:48:14.676000,-0.431918,50.1068,0.322,0
2022-08-22T21:48:15.620000,-0.440772,50.163848,0.36,0
2022-08-22T21:48:16.563000,-0.449638,50.220895,0.38,0
2022-08-22T21:48:17.507000,-0.458515,50.277942,0.419,0
2022-08-22T21:48:18.450000,-0.467404,50.334988,0.444,0
2022-08-22T21:48:19.393000,-0.476305,50.392033,0.498,0
2022-08-22T21:48:20.337000,-0.485218,50.449077,0.531,0
2022-08-22T21:48:21.280000,-0.494143,50.50612,0.591,0
2022-08-22T21:48:22.224000,-0.50308,50.563162,0.625,0
2022-08-22T21:48:23.167000,-0.512029,50.620204,0.653,0
2022-08-22T21:48:24.111000,-0.52099,50.677244,0.673,1
2022-08-22T21:48:25.054000,-0.529963,50.734284,0.729,1
2022-08-22T21:49:32.038000,-1.201909,54.7819,0.159,1
2022-08-22T21:49:32.982000,-1.211922,54.838876,0.179,1
2022-08-22T21:49:33.925000,-1.221953,54.895852,0.177,1
2022-08-22T21:49:34.868000,-1.232002,54.952827,0.185,1
2022-08-22T21:49:35.812000,-1.242067,55.009801,0.22,1
2022-08-22T21:49:36.755000,-1.25215,55.066774,0.211,1
2022-08-22T21:49:37.699000,-1.26225,55.123746,0.224,1
2022-08-22T21:49:38.642000,-1.272368,55.180717,0.24,1
2022-08-22T21:49:39.586000,-1.282504,55.237687,0.252,1
2022-08-22T21:49:40.529000,-1.292657,55.294657,0.24,0
2022-08-22T21:49:41.473000,-1.302828,55.351625,0.288,1
2022-08-22T21:49:42.416000,-1.313017,55.408592,0.302,0
2022-08-22T21:49:43.359000,-1.323224,55.465559,0.315,0
2022-08-22T21:49:44.303000,-1.333449,55.522525,0.34,0
2022-08-22T21:49:45.246000,-1.343692,55.579489,0.365,0
2022-08-22T21:49:46.190000,-1.353954,55.636453,0.389,0
2022-08-22T21:49:47.133000,-1.364233,55.693416,0.414,0
2022-08-22T21:49:48.077000,-1.374531,55.750378,0.414,0
2022-08-22T21:49:49.020000,-1.384848,55.807339,0.428,0
2022-08-22T21:49:49.963000,-1.395183,55.864299,0.441,0
2022-08-22T21:49:50.907000,-1.405537,55.921258,0.48,0
2022-08-22T21:49:51.850000,-1.41591,55.978216,0.471,0
2022-08-23T09:43:21.248000,5.847266,55.954066,0.098,0
2022-08-23T09:43:22.191000,5.836909,55.897165,0.132,0
2022-08-23T09:43:23.135000,5.82657,55.840263,0.156,0
2022-08-23T09:43:24.078000,5.816249,55.783361,0.123,0
2022-08-23T09:43:25.021000,5.805947,55.726457,0.109,0
2022-08-23T09:43:25.965000,5.795664,55.669553,0.155,0
2022-08-23T09:43:26.908000,5.785399,55.612647,0.163,0
2022-08-23T09:43:27.852000,5.775152,55.555741,0.147,0
2022-08-23T09:43:28.795000,5.764924,55.498835,0.151,0
2022-08-23T09:43:29.739000,5.754713,55.441927,0.147,0
2022-08-23T09:43:30.682000,5.744521,55.385018,0.152,0
2022-08-23T09:43:31.625000,5.734346,55.328109,0.157,0
2022-08-23T09:43:32.569000,5.72419,55.271198,0.152,0
2022-08-23T09:43:33.512000,5.714051,55.214287,0.161,0
2022-08-23T09:43:34.456000,5.70393,55.157375,0.129,0
2022-08-23T09:43:35.399000,5.693826,55.100463,0.112,0
2022-08-23T09:43:36.343000,5.683739,55.043549,0.134,0
2022-08-23T09:43:37.286000,5.673671,54.986634,0.125,0
2022-08-23T09:43:38.229000,5.663619,54.929719,0.119,0
2022-08-23T09:43:39.173000,5.653585,54.872803,0.108,0
2022-08-23T09:43:40.116000,5.643567,54.815886,0.102,0
2022-08-23T09:43:41.060000,5.633567,54.758968,0.108,0
2022-08-23T09:43:42.003000,5.623584,54.70205,0.097,0
2022-08-23T09:43:42.947000,5.613618,54.64513,0.083,0
2022-08-23T09:43:43.890000,5.603668,54.58821,0.077,0
2022-08-23T09:43:44.834000,5.593735,54.531289,0.051,0
2022-08-23T09:43:45.777000,5.583819,54.474367,0.031,0
2022-08-23T09:43:46.720000,5.573919,54.417444,0.023,0
2022-08-23T09:43:47.664000,5.564036,54.36052,0.007,0
2022-08-23T09:43:48.607000,5.554169,54.303596,-0.037,0
2022-08-23T09:43:49.551000,5.544319,54.246671,-0.063,0
2022-08-23T09:43:50.494000,5.534485,54.189745,-0.086,0
2022-08-23T09:43:51.438000,5.524667,54.132818,-0.101,0
2022-08-23T09:43:52.381000,5.514865,54.07589,-0.131,0
2022-08-23T09:43:53.324000,5.505079,54.018961,-0.144,0
2022-08-23T09:43:54.268000,5.495309,53.962032,-0.157,0
2022-08-23T09:43:55.211000,5.485554,53.905102,-0.177,0
2022-08-23T09:43:56.155000,5.475816,53.848171,-0.208,0
2022-08-23T09:43:57.098000,5.466093,53.791239,-0.255,0
2022-08-23T09:43:58.042000,5.456386,53.734306,-0.273,0
2022-08-23T09:43:58.985000,5.446694,53.677373,-0.31,0
2022-08-23T09:43:59.929000,5.437018,53.620439,-0.338,0
2022-08-23T09:44:00.872000,5.427358,53.563504,-0.423,1
2022-08-23T09:44:01.815000,5.417712,53.506568,-0.472,1
2022-08-24T21:46:15.724000,-1.393444,49.791084,0.407,1
2022-08-24T21:46:16.668000,-1.402234,49.848133,0.421,0
2022-08-24T21:46:17.611000,-1.411035,49.905182,0.418,0
2022-08-24T21:46:18.554000,-1.419848,49.96223,0.431,0
2022-08-24T21:46:19.498000,-1.428672,50.019277,0.425,0
2022-08-24T21:46:20.441000,-1.437507,50.076323,0.399,0
2022-08-24T21:46:21.385000,-1.446355,50.133368,0.415,0
2022-08-24T21:46:22.328000,-1.455214,50.190413,0.414,0
2022-08-24T21:46:23.272000,-1.464084,50.247456,0.426,0
2022-08-24T21:46:24.215000,-1.472967,50.304499,0.438,0
2022-08-24T21:46:25.159000,-1.481861,50.361541,0.437,0
2022-08-24T21:46:26.102000,-1.490767,50.418582,0.469,0
2022-08-24T21:46:27.045000,-1.499685,50.475622,0.458,0
2022-08-24T21:46:27.989000,-1.508615,50.532661,0.449,1
2022-08-24T21:46:28.932000,-1.517557,50.5897,0.464,1
2022-08-25T09:41:27.956000,4.832618,55.934372,0.061,0
2022-08-25T09:41:28.900000,4.822267,55.877477,0.068,0
2022-08-25T09:41:29.843000,4.811936,55.820581,0.073,0
2022-08-25T09:41:30.786000,4.801623,55.763684,0.034,0
2022-08-25T09:41:31.730000,4.791329,55.706786,0.055,0
2022-08-25T09:41:32.673000,4.781053,55.649887,0.039,0
2022-08-25T09:41:33.617000,4.770795,55.592988,0.033,0
2022-08-25T09:41:34.560000,4.760556,55.536088,0.044,0
2022-08-25T09:41:35.504000,4.750335,55.479187,0.023,0
2022-08-25T09:41:36.447000,4.740132,55.422285,0.0,0
2022-08-25T09:41:37.390000,4.729947,55.365382,0.014,0
2022-08-25T09:41:38.334000,4.719779,55.308478,0.009,0
2022-08-25T09:41:39.277000,4.70963,55.251574,0.025,0
2022-08-25T09:41:40.221000,4.699498,55.194668,0.007,0
2022-08-25T09:41:41.164000,4.689384,55.137762,0.026,0
2022-08-25T09:41:42.108000,4.679287,55.080855,0.015,0
2022-08-25T09:41:43.051000,4.669208,55.023947,0.043,0
2022-08-25T09:41:43.995000,4.659146,54.967038,0.035,0
2022-08-25T09:41:44.938000,4.649101,54.910129,0.033,0
2022-08-25T09:41:45.881000,4.639074,54.853218,0.054,0
2022-08-25T09:41:46.825000,4.629064,54.796307,0.038,0
2022-08-25T09:41:47.768000,4.61907,54.739395,0.058,0
2022-08-25T09:41:48.712000,4.609094,54.682482,0.07,0
2022-08-25T09:41:49.655000,4.599134,54.625568,0.092,0
2022-08-25T09:41:50.599000,4.589192,54.568654,0.06,0
2022-08-25T09:41:51.542000,4.579266,54.511739,0.086,0
2022-08-25T09:41:52.485000,4.569356,54.454822,0.087,0
2022-08-25T09:41:53.429000,4.559463,54.397905,0.094,0
2022-08-25T09:41:54.372000,4.549587,54.340987,0.107,0
2022-08-25T09:41:55.316000,4.539726,54.284069,0.098,0
2022-08-25T09:41:56.259000,4.529883,54.227149,0.099,0
2022-08-25T09:41:57.203000,4.520055,54.170229,0.107,0
2022-08-25T09:41:58.146000,4.510243,54.113308,0.1,0
2022-08-25T09:41:59.090000,4.500448,54.056386,0.079,0
2022-08-25T09:42:00.033000,4.490668,53.999463,0.078,0
2022-08-25T09:42:00.976000,4.480905,53.942539,0.082,0
2022-08-25T09:42:01.920000,4.471157,53.885615,0.064,0
2022-08-25T09:42:02.863000,4.461425,53.82869,0.061,0
2022-08-25T09:42:03.807000,4.451708,53.771764,0.068,0
2022-08-25T09:42:04.750000,4.442008,53.714837,0.061,0
2022-08-25T09:42:05.694000,4.432322,53.657909,0.028,0
2022-08-25T09:42:06.637000,4.422652,53.60098,0.041,0
2022-08-25T09:42:07.580000,4.412998,53.544051,0.01,0
2022-08-25T09:42:08.524000,4.403359,53.487121,-0.033,0
2022-08-25T09:42:09.467000,4.393735,53.43019,-0.044,0
2022-08-25T09:42:10.411000,4.384126,53.373258,-0.059,0
2022-08-25T09:42:11.354000,4.374532,53.316326,-0.07,0
2022-08-25T09:42:12.298000,4.364954,53.259392,-0.118,0
2022-08-25T09:42:13.241000,4.35539,53.202458,-0.123,0
2022-08-25T09:42:14.185000,4.345841,53.145523,-0.149,0
2022-08-25T09:42:15.128000,4.336307,53.088587,-0.156,0
2022-08-25T09:42:16.071000,4.326788,53.031651,-0.162,0
2022-08-25T09:42:17.015000,4.317283,52.974713,-0.147,0
2022-08-25T09:42:17.958000,4.307793,52.917775,-0.162,0
2022-08-25T09:42:18.902000,4.298317,52.860836,-0.148,0
2022-08-25T09:42:19.845000,4.288856,52.803896,-0.174,0
2022-08-25T09:42:20.789000,4.279409,52.746956,-0.154,0
2022-08-25T09:42:21.732000,4.269977,52.690014,-0.182,0
2022-08-25T09:42:22.675000,4.260559,52.633072,-0.164,0
2022-08-25T09:42:23.619000,4.251155,52.576129,-0.202,0
2022-08-25T09:42:24.562000,4.241765,52.519185,-0.2,0
2022-08-25T09:42:25.506000,4.232389,52.462241,-0.189,0
2022-08-25T09:42:26.449000,4.223027,52.405295,-0.184,0
2022-08-25T09:42:27.393000,4.213679,52.348349,-0.196,0
2022-08-25T09:42:28.336000,4.204346,52.291402,-0.176,0
2022-08-25T09:42:29.280000,4.195025,52.234454,-0.195,1
2022-08-25T09:42:30.223000,4.185719,52.177506,-0.221,1
2022-08-25T09:42:31.166000,4.176426,52.120557,-0.184,1
2022-08-26T21:44:20.546000,-2.389858,49.706062,-0.099,1
2022-08-26T21:44:21.489000,-2.398629,49.763109,-0.008,1
2022-08-26T21:44:22.433000,-2.407412,49.820155,-0.005,0
2022-08-26T21:44:23.376000,-2.416206,49.8772,0.032,0
2022-08-27T09:39:33.721000,3.827476,55.969444,-0.147,0
2022-08-27T09:39:34.665000,3.817117,55.912555,-0.163,0
2022-08-27T09:39:35.608000,3.806776,55.855665,-0.179,0
2022-08-27T09:39:36.551000,3.796454,55.798774,-0.171,0
2022-08-27T09:39:37.495000,3.786151,55.741883,-0.174,0
2022-08-27T09:39:38.438000,3.775866,55.68499,-0.186,0
2022-08-27T09:39:39.382000,3.7656,55.628097,-0.177,0
2022-08-27T09:39:40.325000,3.755352,55.571203,-0.162,0
2022-08-27T09:39:41.269000,3.745122,55.514308,-0.165,0
2022-08-27T09:39:42.212000,3.73491,55.457412,-0.11,0
2022-08-27T09:39:43.156000,3.724716,55.400516,-0.096,0
2022-08-27T09:39:44.099000,3.71454,55.343618,-0.109,0
2022-08-27T09:39:45.042000,3.704382,55.28672,-0.104,0
2022-08-27T09:39:45.986000,3.694242,55.229821,-0.082,0
2022-08-27T09:39:46.929000,3.684119,55.172921,-0.059,0
2022-08-27T09:39:47.873000,3.674014,55.11602,-0.079,0
2022-08-27T09:39:48.816000,3.663927,55.059118,-0.063,0
2022-08-27T09:39:49.760000,3.653856,55.002216,-0.05,0
2022-08-27T09:39:50.703000,3.643803,54.945312,-0.058,0
2022-08-27T09:39:51.646000,3.633768,54.888408,-0.033,0
2022-08-27T09:39:52.590000,3.623749,54.831503,-0.045,0
2022-08-27T09:39:53.533000,3.613748,54.774597,0.001,0
2022-08-27T09:39:54.477000,3.603763,54.71769,-0.011,0
2022-08-27T09:39:55.420000,3.593796,54.660783,0.009,0
2022-08-27T09:39:56.364000,3.583845,54.603875,0.026,0
2022-08-27T09:39:57.307000,3.573911,54.546965,0.01,0
2022-08-27T09:39:58.251000,3.563994,54.490055,0.036,0
2022-08-27T09:39:59.194000,3.554093,54.433144,0.051,0
2022-08-27T09:40:00.137000,3.544208,54.376233,0.047,0
2022-08-27T09:40:01.081000,3.53434,54.31932,0.055,0
2022-08-27T09:40:02.024000,3.524489,54.262407,0.071,0
2022-08-27T09:40:02.968000,3.514653,54.205492,0.084,0
2022-08-27T09:40:03.911000,3.504834,54.148577,0.077,0
2022-08-27T09:40:04.855000,3.495031,54.091662,0.094,0
2022-08-27T09:40:05.798000,3.485244,54.034745,0.128,0
2022-08-27T09:40:06.741000,3.475472,53.977828,0.137,0
2022-08-27T09:40:07.685000,3.465717,53.920909,0.153,0
2022-08-27T09:40:08.628000,3.455978,53.86399,0.149,0
2022-08-27T09:40:09.572000,3.446254,53.80707,0.178,0
2022-08-27T09:40:10.515000,3.436546,53.750149,0.2,0
2022-08-27T09:40:11.459000,3.426853,53.693228,0.19,0
2022-08-27T09:40:12.402000,3.417176,53.636305,0.187,0
2022-08-27T09:40:13.346000,3.407514,53.579382,0.211,0
2022-08-27T09:40:14.289000,3.397867,53.522458,0.254,0
2022-08-27T09:40:15.232000,3.388236,53.465533,0.242,0
2022-08-27T09:40:16.176000,3.37862,53.408608,0.26,0
2022-08-27T09:40:17.119000,3.369019,53.351681,0.26,0
2022-08-27T09:40:18.063000,3.359434,53.294754,0.286,0
2022-08-27T09:40:19.006000,3.349863,53.237826,0.262,0
2022-08-27T09:40:19.950000,3.340307,53.180897,0.293,0
2022-08-27T09:40:20.893000,3.330766,53.123967,0.303,0
2022-08-27T09:40:21.836000,3.321239,53.067037,0.277,0
2022-08-27T09:40:22.780000,3.311728,53.010105,0.28,0
2022-08-27T09:40:23.723000,3.302231,52.953173,0.289,0
2022-08-27T09:40:24.667000,3.292748,52.89624,0.29,0
2022-08-27T09:40:25.610000,3.28328,52.839306,0.276,0
2022-08-27T09:40:26.554000,3.273827,52.782372,0.265,0
2022-08-27T09:40:27.497000,3.264388,52.725437,0.261,0
2022-08-27T09:40:28.441000,3.254963,52.668501,0.236,0
2022-08-27T09:40:29.384000,3.245552,52.611564,0.243,0
2022-08-27T09:40:30.327000,3.236156,52.554626,0.227,0
2022-08-27T09:40:31.271000,3.226773,52.497687,0.202,0
2022-08-27T09:40:32.214000,3.217405,52.440748,0.211,0
2022-08-27T09:40:33.158000,3.20805,52.383808,0.18,0
2022-08-27T09:40:34.101000,3.19871,52.326867,0.172,0
2022-08-27T09:40:35.045000,3.189383,52.269925,0.146,0
2022-08-27T09:40:35.988000,3.18007,52.212983,0.11,0
2022-08-27T09:40:36.931000,3.170771,52.156039,0.084,0
2022-08-27T09:40:37.875000,3.161485,52.099095,0.053,0
2022-08-27T09:40:38.818000,3.152213,52.04215,0.026,0
2022-08-27T09:40:39.762000,3.142955,51.985205,-0.017,0
2022-08-27T09:40:40.705000,3.13371,51.928258,-0.042,0
2022-08-27T09:40:41.649000,3.124478,51.871311,-0.076,0
2022-08-27T09:40:42.592000,3.11526,51.814363,-0.114,0
2022-08-27T09:40:43.535000,3.106055,51.757414,-0.161,0
2022-08-27T09:40:44.479000,3.096863,51.700464,-0.173,0
2022-08-27T09:40:45.422000,3.087685,51.643514,-0.208,0
2022-08-27T09:40:46.366000,3.078519,51.586563,-0.245,0
2022-08-27T09:40:47.309000,3.069367,51.529611,-0.275,0
2022-08-27T09:40:48.253000,3.060227,51.472658,-0.296,0
2022-08-27T09:40:49.196000,3.0511,51.415705,-0.339,1
2022-08-27T09:40:50.140000,3.041987,51.35875,-0.31,1
2022-08-29T09:37:40.430000,2.811192,55.945609,-0.356,0
2022-08-29T09:37:41.373000,2.800844,55.888725,-0.341,0
2022-08-29T09:37:42.317000,2.790514,55.83184,-0.341,0
2022-08-29T09:37:43.260000,2.780204,55.774954,-0.331,0
2022-08-29T09:37:44.203000,2.769911,55.718068,-0.329,0
2022-08-29T09:37:45.147000,2.759637,55.66118,-0.307,0
2022-08-29T09:37:46.090000,2.749382,55.604292,-0.29,0
2022-08-29T09:37:47.034000,2.739145,55.547403,-0.272,0
2022-08-29T09:37:47.977000,2.728925,55.490513,-0.257,0
2022-08-29T09:37:48.921000,2.718724,55.433622,-0.255,0
2022-08-29T09:37:49.864000,2.708541,55.37673,-0.228,0
2022-08-29T09:37:50.807000,2.698376,55.319837,-0.218,0
2022-08-29T09:37:51.751000,2.688228,55.262944,-0.211,0
2022-08-29T09:37:52.694000,2.678099,55.20605,-0.201,0
2022-08-29T09:37:53.638000,2.667986,55.149155,-0.176,0
2022-08-29T09:37:54.581000,2.657892,55.092259,-0.144,0
2022-08-29T09:37:55.525000,2.647814,55.035362,-0.152,0
2022-08-29T09:37:56.468000,2.637755,54.978464,-0.134,0
2022-08-29T09:37:57.412000,2.627712,54.921566,-0.105,0
2022-08-29T09:37:58.355000,2.617687,54.864666,-0.078,0
2022-08-29T09:37:59.298000,2.607678,54.807766,-0.027,0
2022-08-29T09:38:00.242000,2.597687,54.750865,-0.019,0
2022-08-29T09:38:01.185000,2.587712,54.693963,0.02,0
2022-08-29T09:38:02.129000,2.577755,54.63706,0.03,0
2022-08-29T09:38:03.072000,2.567814,54.580157,0.042,0
2022-08-29T09:38:04.016000,2.55789,54.523253,0.114,0
2022-08-29T09:38:04.959000,2.547983,54.466347,0.117,0
2022-08-29T09:38:05.902000,2.538092,54.409441,0.155,0
2022-08-29T09:38:06.846000,2.528217,54.352534,0.169,0
2022-08-29T09:38:07.789000,2.518359,54.295627,0.177,0
2022-08-29T09:38:08.733000,2.508517,54.238718,0.228,0
2022-08-29T09:38:09.676000,2.498691,54.181809,0.254,0
2022-08-29T09:38:10.620000,2.488882,54.124899,0.267,0
2022-08-29T09:38:11.563000,2.479088,54.067988,0.324,0
2022-08-29T09:38:12.506000,2.469311,54.011076,0.324,0
2022-08-29T09:38:13.450000,2.459549,53.954163,0.35,0
2022-08-29T09:38:14.393000,2.449803,53.89725,0.401,0
2022-08-29T09:38:15.337000,2.440073,53.840335,0.44,0
2022-08-29T09:38:16.280000,2.430359,53.78342,0.488,0
2022-08-29T09:38:17.224000,2.42066,53.726504,0.518,0
2022-08-29T09:38:18.167000,2.410976,53.669588,0.564,0
2022-08-29T09:38:19.111000,2.401308,53.61267,0.58,0
2022-08-29T09:38:20.054000,2.391656,53.555751,0.591,0
2022-08-29T09:38:20.997000,2.382019,53.498832,0.613,0
2022-08-29T09:38:21.941000,2.372397,53.441912,0.644,0
2022-08-29T09:38:22.884000,2.36279,53.384991,0.642,0
2022-08-29T09:38:23.828000,2.353198,53.32807,0.697,0
2022-08-29T09:38:24.771000,2.343621,53.271147,0.681,0
2022-08-29T09:38:25.715000,2.334059,53.214224,0.697,0
2022-08-29T09:38:26.658000,2.324512,53.1573,0.696,0
2022-08-29T09:38:27.601000,2.31498,53.100375,0.758,0
2022-08-29T09:38:28.545000,2.305463,53.043449,0.756,0
2022-08-29T09:38:29.488000,2.29596,52.986523,0.764,0
2022-08-29T09:38:30.432000,2.286472,52.929595,0.746,0
2022-08-29T09:38:31.375000,2.276998,52.872667,0.769,0
2022-08-29T09:38:32.319000,2.267539,52.815738,0.774,0
2022-08-29T09:38:33.262000,2.258094,52.758808,0.765,0
2022-08-29T09:38:34.206000,2.248664,52.701878,0.737,0
2022-08-29T09:38:35.149000,2.239247,52.644946,0.748,0
2022-08-29T09:38:36.092000,2.229845,52.588014,0.731,0
2022-08-29T09:38:37.036000,2.220458,52.531081,0.7,0
2022-08-29T09:38:37.979000,2.211084,52.474148,0.627,0
2022-08-29T09:38:38.923000,2.201724,52.417213,0.606,0
2022-08-29T09:38:39.866000,2.192378,52.360277,0.564,0
2022-08-29T09:38:40.810000,2.183046,52.303341,0.522,0
2022-08-29T09:38:41.753000,2.173727,52.246404,0.464,0
2022-08-29T09:38:42.696000,2.164423,52.189467,0.413,0
2022-08-29T09:38:43.640000,2.155132,52.132528,0.331,0
2022-08-29T09:38:44.583000,2.145855,52.075589,0.269,0
2022-08-29T09:38:45.527000,2.136591,52.018648,0.198,0
2022-08-29T09:38:46.470000,2.127341,51.961708,0.122,0
2022-08-29T09:38:47.414000,2.118104,51.904766,0.041,0
2022-08-29T09:38:48.357000,2.10888,51.847823,-0.054,0
2022-08-29T09:38:49.301000,2.09967,51.79088,-0.159,0
2022-08-29T09:38:50.244000,2.090473,51.733936,-0.232,0
2022-08-29T09:38:51.187000,2.08129,51.676991,-0.303,0
2022-08-29T09:38:52.131000,2.072119,51.620045,-0.408,0
2022-08-29T09:38:53.074000,2.062962,51.563099,-0.468,0
2022-08-29T09:38:54.018000,2.053817,51.506151,-0.557,0
2022-08-29T09:38:54.961000,2.044685,51.449203,-0.619,0
2022-08-29T09:38:55.905000,2.035567,51.392255,-0.692,0
2022-08-29T09:38:56.848000,2.026461,51.335305,-0.746,0
2022-08-29T09:38:57.791000,2.017368,51.278354,-0.823,0
2022-08-29T09:38:58.735000,2.008287,51.221403,-0.961,0
2022-08-29T09:38:59.678000,1.999219,51.164451,-1.03,0
2022-08-29T09:39:00.622000,1.990164,51.107499,-1.114,1
2022-08-29T09:39:01.565000,1.981122,51.050545,-1.217,1
2022-08-29T20:53:01.049000,7.85743,53.848476,-0.238,1
2022-08-29T20:53:01.992000,7.847692,53.905453,-0.269,1
2022-08-29T20:53:02.936000,7.837939,53.962429,-0.317,0
2022-08-29T20:53:03.879000,7.828169,54.019405,-0.368,0
2022-08-29T20:53:04.823000,7.818384,54.076379,-0.387,1
2022-08-29T20:53:05.766000,7.808582,54.133352,-0.381,1
2022-08-29T20:53:06.709000,7.798765,54.190324,-0.41,1
2022-08-29T20:53:07.653000,7.788931,54.247296,-0.464,1
2022-08-29T20:53:08.596000,7.779081,54.304266,-0.51,1
2022-08-29T20:53:09.540000,7.769215,54.361236,-0.518,0
2022-08-29T20:53:10.483000,7.759332,54.418204,-0.543,0
2022-08-29T20:53:11.427000,7.749433,54.475172,-0.562,0
2022-08-29T20:53:12.370000,7.739518,54.532139,-0.564,0
2022-08-29T20:53:13.313000,7.729585,54.589105,-0.602,0
2022-08-29T20:53:14.257000,7.719637,54.64607,-0.608,0
2022-08-29T20:53:15.200000,7.709671,54.703034,-0.616,0
2022-08-29T20:53:16.144000,7.699688,54.759997,-0.612,0
2022-08-29T20:53:17.087000,7.689688,54.816959,-0.624,0
2022-08-29T20:53:18.031000,7.679672,54.873921,-0.632,0
2022-08-29T20:53:18.974000,7.669638,54.930881,-0.61,0
2022-08-29T20:53:19.918000,7.659587,54.98784,-0.604,0
2022-08-29T20:53:20.861000,7.649518,55.044799,-0.58,0
2022-08-29T20:53:21.804000,7.639432,55.101756,-0.598,0
2022-08-29T20:53:22.748000,7.629329,55.158713,-0.596,0
2022-08-29T20:53:23.691000,7.619209,55.215669,-0.597,0
2022-08-29T20:53:24.635000,7.60907,55.272623,-0.58,0
2022-08-29T20:53:25.578000,7.598914,55.329577,-0.52,0
2022-08-29T20:53:26.522000,7.58874,55.38653,-0.535,0
2022-08-29T20:53:27.465000,7.578548,55.443482,-0.51,0
2022-08-29T20:53:28.408000,7.568338,55.500433,-0.482,0
2022-08-29T20:53:29.352000,7.55811,55.557383,-0.436,0
2022-08-29T20:53:30.295000,7.547864,55.614332,-0.406,0
2022-08-29T20:53:31.239000,7.537599,55.67128,-0.365,0
2022-08-29T20:53:32.182000,7.527316,55.728227,-0.359,0
2022-08-29T20:53:33.126000,7.517015,55.785174,-0.368,0
2022-08-29T20:53:34.069000,7.506695,55.842119,-0.327,0
2022-08-29T20:53:35.013000,7.496356,55.899063,-0.331,0
2022-08-29T20:53:35.956000,7.485999,55.956007,-0.295,0
2022-08-31T09:35:46.195000,1.80496,55.977215,-0.276,0
2022-08-31T09:35:47.138000,1.794604,55.920336,-0.277,0
2022-08-31T09:35:48.082000,1.784267,55.863457,-0.251,0
2022-08-31T09:35:49.025000,1.773948,55.806576,-0.213,0
2022-08-31T09:35:49.968000,1.763648,55.749695,-0.181,0
2022-08-31T09:35:50.912000,1.753367,55.692813,-0.167,0
2022-08-31T09:35:51.855000,1.743104,55.63593,-0.127,0
2022-08-31T09:35:52.799000,1.732859,55.579046,-0.131,0
2022-08-31T09:35:53.742000,1.722632,55.522161,-0.075,0
2022-08-31T09:35:54.686000,1.712424,55.465275,-0.077,0
2022-08-31T09:35:55.629000,1.702233,55.408389,-0.038,0
2022-08-31T09:35:56.572000,1.692061,55.351502,-0.003,0
2022-08-31T09:35:57.516000,1.681906,55.294614,0.066,0
2022-08-31T09:35:58.459000,1.671769,55.237724,0.081,0
2022-08-31T09:35:59.403000,1.661649,55.180835,0.086,0
2022-08-31T09:36:00.346000,1.651547,55.123944,0.144,0
2022-08-31T09:36:01.290000,1.641463,55.067052,0.192,0
2022-08-31T09:36:02.233000,1.631396,55.01016,0.23,0
2022-08-31T09:36:03.177000,1.621347,54.953266,0.253,0
2022-08-31T09:36:04.120000,1.611314,54.896372,0.3,0
2022-08-31T09:36:05.063000,1.601299,54.839477,0.327,0
2022-08-31T09:36:06.007000,1.5913,54.782582,0.339,0
2022-08-31T09:36:06.950000,1.581319,54.725685,0.396,0
2022-08-31T09:36:07.894000,1.571355,54.668787,0.433,0
2022-08-31T09:36:08.837000,1.561407,54.611889,0.455,0
2022-08-31T09:36:09.781000,1.551476,54.55499,0.478,0
2022-08-31T09:36:10.724000,1.541562,54.49809,0.545,0
2022-08-31T09:36:11.667000,1.531664,54.441189,0.586,0
2022-08-31T09:36:12.611000,1.521783,54.384287,0.621,0
2022-08-31T09:36:13.554000,1.511918,54.327385,0.672,0
2022-08-31T09:36:14.498000,1.50207,54.270481,0.716,0
2022-08-31T09:36:15.441000,1.492237,54.213577,0.777,0
2022-08-31T09:36:16.385000,1.482421,54.156672,0.799,0
2022-08-31T09:36:17.328000,1.472621,54.099766,0.835,0
2022-08-31T09:36:18.272000,1.462837,54.042859,0.885,0
2022-08-31T09:36:19.215000,1.453069,53.985952,0.915,0
2022-08-31T09:36:20.158000,1.443317,53.929044,0.989,0
2022-08-31T09:36:21.102000,1.43358,53.872134,1.026,0
2022-08-31T09:36:22.045000,1.423859,53.815224,1.116,0
2022-08-31T09:36:22.989000,1.414154,53.758314,1.187,0
2022-08-31T09:36:23.932000,1.404465,53.701402,1.227,0
2022-08-31T09:36:24.876000,1.394791,53.644489,1.327,0
2022-08-31T09:36:25.819000,1.385132,53.587576,1.34,0
2022-08-31T09:36:26.762000,1.375488,53.530662,1.424,0
2022-08-31T09:36:27.706000,1.36586,53.473747,1.47,0
2022-08-31T09:36:28.649000,1.356247,53.416831,1.534,0
2022-08-31T09:36:29.593000,1.346649,53.359915,1.587,0
2022-08-31T09:36:30.536000,1.337067,53.302997,1.615,0
2022-08-31T09:36:31.480000,1.327499,53.246079,1.68,0
2022-08-31T09:36:32.423000,1.317946,53.18916,1.721,0
2022-08-31T09:36:33.367000,1.308408,53.13224,1.794,0
2022-08-31T09:36:34.310000,1.298884,53.075319,1.835,0
2022-08-31T09:36:35.253000,1.289376,53.018398,1.941,1
2022-08-31T09:36:56.952000,1.074578,51.708982,-0.692,1
2022-08-31T09:37:00.726000,1.037953,51.481214,-1.283,1
2022-08-31T09:37:01.670000,1.028829,51.42427,-1.351,1
2022-08-31T09:37:11.104000,0.938288,50.854788,-2.303,1
2022-08-31T09:37:12.047000,0.929303,50.797835,-2.318,1
2022-08-31T09:37:12.991000,0.920329,50.740882,-2.291,0
2022-08-31T09:37:13.934000,0.911368,50.683928,-2.254,0
2022-08-31T09:37:14.878000,0.902419,50.626973,-2.162,0
2022-08-31T09:37:15.821000,0.893482,50.570017,-2.093,0
2022-08-31T09:37:16.765000,0.884557,50.513061,-2.033,0
2022-08-31T09:37:17.708000,0.875644,50.456104,-1.956,0
2022-08-31T09:37:18.652000,0.866743,50.399146,-1.862,0
2022-08-31T09:37:19.595000,0.857854,50.342187,-1.786,0
2022-08-31T09:37:20.538000,0.848977,50.285228,-1.697,0
2022-08-31T09:37:21.482000,0.840111,50.228267,-1.572,0
2022-08-31T09:37:22.425000,0.831257,50.171306,-1.486,0
2022-08-31T09:37:23.369000,0.822415,50.114344,-1.384,0
2022-08-31T09:37:24.312000,0.813584,50.057382,-1.266,0
2022-08-31T09:37:25.256000,0.804765,50.000418,-1.17,1
2022-08-31T09:37:26.199000,0.795958,49.943454,-1.053,1
2022-08-31T20:51:04.927000,6.871282,53.710572,-0.18,1
2022-08-31T20:51:05.870000,6.861584,53.767545,-0.23,1
2022-08-31T20:51:06.814000,6.851871,53.824518,-0.303,0
2022-08-31T20:51:07.757000,6.842142,53.88149,-0.357,0
2022-08-31T20:51:08.701000,6.832397,53.938461,-0.367,0
2022-08-31T20:51:09.644000,6.822637,53.995431,-0.412,0
2022-08-31T20:51:10.588000,6.81286,54.0524,-0.42,0
2022-08-31T20:51:11.531000,6.803068,54.109368,-0.429,0
2022-08-31T20:51:12.474000,6.79326,54.166336,-0.45,0
2022-08-31T20:51:13.418000,6.783435,54.223302,-0.469,0
2022-08-31T20:51:14.361000,6.773594,54.280268,-0.483,0
2022-08-31T20:51:15.305000,6.763737,54.337232,-0.484,0
2022-08-31T20:51:16.248000,6.753864,54.394196,-0.471,0
2022-08-31T20:51:17.192000,6.743974,54.451158,-0.455,0
2022-08-31T20:51:18.135000,6.734068,54.50812,-0.431,0
2022-08-31T20:51:19.079000,6.724145,54.565081,-0.418,0
2022-08-31T20:51:20.022000,6.714206,54.622041,-0.432,0
2022-08-31T20:51:20.965000,6.704249,54.679,-0.416,0
2022-08-31T20:51:21.909000,6.694276,54.735958,-0.386,0
2022-08-31T20:51:22.852000,6.684286,54.792915,-0.378,0
2022-08-31T20:51:23.796000,6.674279,54.849871,-0.383,0
2022-08-31T20:51:24.739000,6.664255,54.906827,-0.37,0
2022-08-31T20:51:25.683000,6.654214,54.963781,-0.353,0
2022-08-31T20:51:26.626000,6.644155,55.020734,-0.345,0
2022-08-31T20:51:27.569000,6.634079,55.077687,-0.327,0
2022-08-31T20:51:28.513000,6.623986,55.134638,-0.333,0
2022-08-31T20:51:29.456000,6.613875,55.191589,-0.313,0
2022-08-31T20:51:30.400000,6.603746,55.248539,-0.314,0
2022-08-31T20:51:31.343000,6.5936,55.305487,-0.292,0
2022-08-31T20:51:32.287000,6.583436,55.362435,-0.289,0
2022-08-31T20:51:33.230000,6.573254,55.419382,-0.293,0
2022-08-31T20:51:34.174000,6.563054,55.476328,-0.262,0
2022-08-31T20:51:35.117000,6.552836,55.533273,-0.276,0
2022-08-31T20:51:36.060000,6.5426,55.590217,-0.263,0
2022-08-31T20:51:37.004000,6.532346,55.64716,-0.25,0
2022-08-31T20:51:37.947000,6.522074,55.704102,-0.234,0
2022-08-31T20:51:38.891000,6.511783,55.761043,-0.225,0
2022-08-31T20:51:39.834000,6.501473,55.817983,-0.223,0
2022-08-31T20:51:40.778000,6.491145,55.874923,-0.212,0
2022-08-31T20:51:41.721000,6.480798,55.931861,-0.196,0
2022-09-02T09:33:52.903000,0.789399,55.957941,0.128,0
2022-09-02T09:33:53.847000,0.779051,55.901067,0.146,0
2022-09-02T09:33:54.790000,0.768721,55.844191,0.193,0
2022-09-02T09:33:55.733000,0.75841,55.787315,0.216,0
2022-09-02T09:33:56.677000,0.748117,55.730437,0.24,0
2022-09-02T09:33:57.620000,0.737843,55.673559,0.266,0
2022-09-02T09:33:58.564000,0.727587,55.61668,0.321,0
2022-09-02T09:33:59.507000,0.717349,55.5598,0.328,0
2022-09-02T09:34:00.451000,0.70713,55.502919,0.387,0
2022-09-02T09:34:01.394000,0.696928,55.446037,0.391,0
2022-09-02T09:34:02.338000,0.686745,55.389155,0.409,0
2022-09-02T09:34:03.281000,0.676579,55.332272,0.463,0
2022-09-02T09:34:04.224000,0.666432,55.275387,0.521,0
2022-09-02T09:34:05.168000,0.656301,55.218502,0.54,0
2022-09-02T09:34:06.111000,0.646189,55.161616,0.539,0
2022-09-02T09:34:07.055000,0.636094,55.104729,0.587,0
2022-09-02T09:34:07.998000,0.626017,55.047842,0.639,0
2022-09-02T09:34:08.942000,0.615957,54.990953,0.676,0
2022-09-02T09:34:09.885000,0.605914,54.934064,0.714,0
2022-09-02T09:34:10.828000,0.595888,54.877174,0.759,0
2022-09-02T09:34:11.772000,0.585879,54.820283,0.802,0
2022-09-02T09:34:12.715000,0.575888,54.763391,0.827,0
2022-09-02T09:34:13.659000,0.565913,54.706498,0.891,0
2022-09-02T09:34:14.602000,0.555955,54.649605,0.908,0
2022-09-02T09:34:15.546000,0.546014,54.59271,0.954,0
2022-09-02T09:34:16.489000,0.53609,54.535815,1.001,0
2022-09-02T09:34:17.433000,0.526182,54.478919,1.052,0
2022-09-02T09:34:18.376000,0.516291,54.422022,1.12,0
2022-09-02T09:34:19.319000,0.506416,54.365124,1.155,0
2022-09-02T09:34:20.263000,0.496558,54.308225,1.191,0
2022-09-02T09:34:21.206000,0.486716,54.251326,1.239,0
2022-09-02T09:34:22.150000,0.47689,54.194425,1.303,0
2022-09-02T09:34:23.093000,0.46708,54.137524,1.359,0
2022-09-02T09:34:24.037000,0.457286,54.080622,1.417,0
2022-09-02T09:34:24.980000,0.447508,54.023719,1.458,0
2022-09-02T09:34:25.923000,0.437747,53.966816,1.54,0
2022-09-02T09:34:26.867000,0.428001,53.909911,1.617,0
2022-09-02T09:34:27.810000,0.41827,53.853006,1.667,0
2022-09-02T09:34:28.754000,0.408556,53.7961,1.779,0
2022-09-02T09:34:29.697000,0.398857,53.739193,1.861,0
2022-09-02T09:34:30.641000,0.389173,53.682285,1.955,0
2022-09-02T09:34:31.584000,0.379505,53.625376,2.052,0
2022-09-02T09:34:32.528000,0.369852,53.568467,2.121,1
2022-09-02T09:34:33.471000,0.360215,53.511557,2.203,1
2022-09-02T09:34:34.414000,0.350593,53.454646,2.286,1
2022-09-02T09:34:35.358000,0.340986,53.397734,2.358,1
2022-09-02T09:34:41.962000,0.274155,52.999327,2.996,1
2022-09-02T09:34:42.905000,0.264667,52.942408,3.067,1
2022-09-02T09:34:43.849000,0.255193,52.885489,3.124,1
2022-09-02T09:35:19.699000,-0.094681,50.72196,-1.849,1
2022-09-02T09:35:20.643000,-0.103637,50.665009,-1.879,0
2022-09-02T09:35:21.586000,-0.112581,50.608058,-1.815,0
2022-09-02T09:35:22.530000,-0.121513,50.551106,-1.808,0
2022-09-02T09:35:23.473000,-0.130434,50.494153,-1.767,0
2022-09-02T09:35:24.417000,-0.139342,50.437199,-1.678,0
2022-09-02T09:35:25.360000,-0.148238,50.380245,-1.656,0
2022-09-02T09:35:26.303000,-0.157123,50.32329,-1.668,0
2022-09-02T09:35:27.247000,-0.165995,50.266334,-1.584,0
2022-09-02T09:35:28.190000,-0.174856,50.209377,-1.584,0
2022-09-02T09:35:29.134000,-0.183706,50.15242,-1.504,0
2022-09-02T09:35:30.077000,-0.192543,50.095461,-1.464,0
2022-09-02T09:35:31.021000,-0.201369,50.038502,-1.428,0
2022-09-02T09:35:31.964000,-0.210184,49.981542,-1.366,0
2022-09-02T09:35:32.907000,-0.218987,49.924582,-1.336,0
2022-09-02T09:35:33.851000,-0.227779,49.867621,-1.288,0
2022-09-02T09:35:34.794000,-0.236559,49.810658,-1.222,0
2022-09-02T09:35:35.738000,-0.245328,49.753696,-1.167,0
2022-09-02T20:49:08.805000,5.885064,53.561573,0.021,1
2022-09-02T20:49:09.749000,5.875408,53.618543,-0.008,0
2022-09-02T20:49:10.692000,5.865736,53.675512,-0.037,0
2022-09-02T20:49:11.635000,5.856049,53.732481,-0.062,0
2022-09-02T20:49:12.579000,5.846346,53.789448,-0.052,0
2022-09-02T20:49:13.522000,5.836627,53.846415,-0.044,0
2022-09-02T20:49:14.466000,5.826893,53.90338,-0.066,0
2022-09-02T20:49:15.409000,5.817143,53.960345,-0.088,0
2022-09-02T20:49:16.353000,5.807378,54.017309,-0.077,0
2022-09-02T20:49:17.296000,5.797596,54.074272,-0.09,0
2022-09-02T20:49:18.239000,5.787798,54.131234,-0.113,0
2022-09-02T20:49:19.183000,5.777984,54.188195,-0.1,0
2022-09-02T20:49:20.126000,5.768155,54.245155,-0.109,0
2022-09-02T20:49:21.070000,5.758309,54.302114,-0.065,0
2022-09-02T20:49:22.013000,5.748446,54.359072,-0.072,0
2022-09-02T20:49:22.957000,5.738567,54.41603,-0.058,0
2022-09-02T20:49:23.900000,5.728672,54.472986,-0.053,0
2022-09-02T20:49:24.844000,5.71876,54.529942,-0.059,0
2022-09-02T20:49:25.787000,5.708832,54.586896,-0.042,0
2022-09-02T20:49:26.730000,5.698887,54.64385,-0.047,0
2022-09-02T20:49:27.674000,5.688925,54.700803,-0.023,0
2022-09-02T20:49:28.617000,5.678946,54.757755,-0.025,0
2022-09-02T20:49:29.561000,5.66895,54.814705,-0.035,0
2022-09-02T20:49:30.504000,5.658938,54.871655,-0.024,0
2022-09-02T20:49:31.448000,5.648908,54.928604,-0.017,0
2022-09-02T20:49:32.391000,5.638861,54.985552,0.027,0
2022-09-02T20:49:33.334000,5.628796,55.042499,-0.006,0
2022-09-02T20:49:34.278000,5.618715,55.099446,0.015,0
2022-09-02T20:49:35.221000,5.608615,55.156391,0.023,0
2022-09-02T20:49:36.165000,5.598499,55.213335,0.016,0
2022-09-02T20:49:37.108000,5.588364,55.270279,0.019,0
2022-09-02T20:49:38.052000,5.578212,55.327221,0.004,0
2022-09-02T20:49:38.995000,5.568042,55.384162,0.038,0
2022-09-02T20:49:39.939000,5.557854,55.441103,0.037,0
2022-09-02T20:49:40.882000,5.547649,55.498042,0.037,0
2022-09-02T20:49:41.825000,5.537425,55.554981,0.051,0
2022-09-02T20:49:42.769000,5.527183,55.611919,0.028,0
2022-09-02T20:49:43.712000,5.516922,55.668856,0.04,0
2022-09-02T20:49:44.656000,5.506644,55.725791,0.056,0
2022-09-02T20:49:45.599000,5.496346,55.782726,0.063,0
2022-09-02T20:49:46.543000,5.486031,55.83966,0.067,0
2022-09-02T20:49:47.486000,5.475697,55.896593,0.054,0
2022-09-02T20:49:48.429000,5.465343,55.953525,0.055,0
2022-09-04T09:31:59.612000,-0.224186,55.951179,0.631,0
2022-09-04T09:32:00.555000,-0.234533,55.894308,0.679,0
2022-09-04T09:32:01.499000,-0.244861,55.837436,0.705,0
2022-09-04T09:32:02.442000,-0.25517,55.780563,0.713,0
2022-09-04T09:32:03.385000,-0.265461,55.723689,0.731,0
2022-09-04T09:32:04.329000,-0.275734,55.666815,0.775,0
2022-09-04T09:32:05.272000,-0.285988,55.609939,0.798,0
2022-09-04T09:32:06.216000,-0.296224,55.553063,0.824,0
2022-09-04T09:32:07.159000,-0.306442,55.496186,0.88,0
2022-09-04T09:32:08.103000,-0.316642,55.439307,0.881,0
2022-09-04T09:32:09.046000,-0.326824,55.382429,0.928,0
2022-09-04T09:32:09.989000,-0.336988,55.325549,0.968,0
2022-09-04T09:32:10.933000,-0.347134,55.268668,0.981,0
2022-09-04T09:32:11.876000,-0.357263,55.211787,1.006,0
2022-09-04T09:32:12.820000,-0.367373,55.154904,1.014,0
2022-09-04T09:32:13.763000,-0.377467,55.098021,1.009,0
2022-09-04T09:32:14.707000,-0.387543,55.041137,1.054,0
2022-09-04T09:32:15.650000,-0.397602,54.984252,1.101,0
2022-09-04T09:32:16.594000,-0.407643,54.927366,1.135,0
2022-09-04T09:32:17.537000,-0.417667,54.87048,1.134,0
2022-09-04T09:32:18.480000,-0.427674,54.813592,1.203,0
2022-09-04T09:32:19.424000,-0.437664,54.756704,1.219,0
2022-09-04T09:32:20.367000,-0.447638,54.699814,1.265,0
2022-09-04T09:32:21.311000,-0.457594,54.642924,1.272,0
2022-09-04T09:32:22.254000,-0.467533,54.586033,1.331,1
2022-09-04T09:32:23.198000,-0.477456,54.529142,1.359,1
2022-09-04T09:33:29.238000,-1.13498,50.544668,-0.729,1
2022-09-04T09:33:30.182000,-1.143899,50.487718,-0.698,1
2022-09-04T09:33:31.125000,-1.152806,50.430768,-0.723,0
2022-09-04T09:33:32.068000,-1.161702,50.373816,-0.692,0
2022-09-04T09:33:33.012000,-1.170586,50.316865,-0.707,0
2022-09-04T09:33:33.955000,-1.179457,50.259912,-0.716,0
2022-09-04T09:33:34.899000,-1.188317,50.202958,-0.747,0
2022-09-04T09:33:35.842000,-1.197166,50.146004,-0.776,0
2022-09-04T09:33:36.786000,-1.206003,50.089049,-0.759,0
2022-09-04T09:33:37.729000,-1.214828,50.032093,-0.781,0
2022-09-04T09:33:38.673000,-1.223642,49.975136,-0.835,0
2022-09-04T09:33:39.616000,-1.232444,49.918179,-0.835,0
2022-09-04T09:33:40.559000,-1.241235,49.86122,-0.86,0
2022-09-04T09:33:41.503000,-1.250014,49.804261,-0.901,1
2022-09-04T09:33:42.446000,-1.258782,49.747302,-0.945,1
2022-09-04T20:47:06.079000,4.965841,53.005641,0.054,1
2022-09-04T20:47:11.740000,4.908557,53.347466,0.028,1
2022-09-04T20:47:12.683000,4.898957,53.404433,-0.02,1
2022-09-04T20:47:13.627000,4.889342,53.4614,-0.048,0
2022-09-04T20:47:14.570000,4.879713,53.518366,-0.098,0
2022-09-04T20:47:15.514000,4.870067,53.575331,-0.148,0
2022-09-04T20:47:16.457000,4.860407,53.632295,-0.17,0
2022-09-04T20:47:17.400000,4.850731,53.689258,-0.195,0
2022-09-04T20:47:18.344000,4.84104,53.74622,-0.196,0
2022-09-04T20:47:19.287000,4.831333,53.803182,-0.23,0
2022-09-04T20:47:20.231000,4.82161,53.860142,-0.231,0
2022-09-04T20:47:21.174000,4.811872,53.917101,-0.249,0
2022-09-04T20:47:22.118000,4.802118,53.97406,-0.243,0
2022-09-04T20:47:23.061000,4.792348,54.031017,-0.264,0
2022-09-04T20:47:24.005000,4.782562,54.087974,-0.258,0
2022-09-04T20:47:24.948000,4.77276,54.14493,-0.253,0
2022-09-04T20:47:25.891000,4.762942,54.201885,-0.253,0
2022-09-04T20:47:26.835000,4.753108,54.258839,-0.259,0
2022-09-04T20:47:27.778000,4.743258,54.315792,-0.231,0
2022-09-04T20:47:28.722000,4.733391,54.372744,-0.223,0
2022-09-04T20:47:29.665000,4.723508,54.429695,-0.212,0
2022-09-04T20:47:30.609000,4.713608,54.486645,-0.22,0
2022-09-04T20:47:31.552000,4.703692,54.543594,-0.198,0
2022-09-04T20:47:32.495000,4.69376,54.600543,-0.187,0
2022-09-04T20:47:33.439000,4.68381,54.65749,-0.183,0
2022-09-04T20:47:34.382000,4.673844,54.714437,-0.191,0
2022-09-04T20:47:35.326000,4.663861,54.771382,-0.17,0
2022-09-04T20:47:36.269000,4.653861,54.828327,-0.161,0
2022-09-04T20:47:37.213000,4.643844,54.885271,-0.161,0
2022-09-04T20:47:38.156000,4.633809,54.942213,-0.16,0
2022-09-04T20:47:39.100000,4.623758,54.999155,-0.15,0
2022-09-04T20:47:40.043000,4.613689,55.056096,-0.14,0
2022-09-04T20:47:40.986000,4.603603,55.113036,-0.121,0
2022-09-04T20:47:41.930000,4.593499,55.169975,-0.119,0
2022-09-04T20:47:42.873000,4.583378,55.226913,-0.083,0
2022-09-04T20:47:43.817000,4.573239,55.28385,-0.1,0
2022-09-04T20:47:44.760000,4.563082,55.340786,-0.092,0
2022-09-04T20:47:45.704000,4.552907,55.397722,-0.08,0
2022-09-04T20:47:46.647000,4.542715,55.454656,-0.044,0
2022-09-04T20:47:47.590000,4.532504,55.511589,-0.062,0
2022-09-04T20:47:48.534000,4.522276,55.568522,-0.062,0
2022-09-04T20:47:49.477000,4.512029,55.625453,-0.037,0
2022-09-04T20:47:50.421000,4.501764,55.682384,-0.027,0
2022-09-04T20:47:51.364000,4.491481,55.739313,-0.04,0
2022-09-04T20:47:52.308000,4.481179,55.796242,-0.025,0
2022-09-04T20:47:53.251000,4.470858,55.853169,-0.021,0
2022-09-04T20:47:54.195000,4.460519,55.910096,0.001,0
2022-09-04T20:47:55.138000,4.450162,55.967022,-0.0,0
2022-09-06T09:30:06.320000,-1.237775,55.94268,0.884,0
2022-09-06T09:30:07.264000,-1.24812,55.885812,0.854,0
2022-09-06T09:30:08.207000,-1.258445,55.828943,0.863,0
2022-09-06T09:30:09.150000,-1.268753,55.772074,0.855,0
2022-09-06T09:30:10.094000,-1.279041,55.715203,0.811,0
2022-09-06T09:30:11.037000,-1.289312,55.658331,0.86,0
2022-09-06T09:30:11.981000,-1.299564,55.601459,0.856,0
2022-09-06T09:30:12.924000,-1.309798,55.544585,0.806,0
2022-09-06T09:30:13.868000,-1.320014,55.487711,0.814,0
2022-09-06T09:30:14.811000,-1.330211,55.430836,0.722,0
2022-09-06T09:30:15.754000,-1.340391,55.37396,0.852,1
2022-09-06T09:30:16.698000,-1.350553,55.317083,0.871,1
2022-09-06T09:30:17.641000,-1.360697,55.260206,0.881,1
2022-09-06T09:30:18.585000,-1.370824,55.203327,0.858,1
2022-09-06T09:30:19.528000,-1.380933,55.146448,0.816,1
2022-09-06T09:31:35.947000,-2.148409,50.536434,0.114,1
2022-09-06T09:31:36.890000,-2.157327,50.479486,0.041,1
2022-09-06T09:31:37.834000,-2.166233,50.422538,-0.022,0
2022-09-06T09:31:38.777000,-2.175127,50.36559,-0.076,0
2022-09-06T09:31:39.720000,-2.18401,50.30864,-0.152,0
2022-09-06T09:31:40.664000,-2.192881,50.25169,-0.167,0
2022-09-06T09:31:41.607000,-2.201739,50.194739,-0.239,0
2022-09-06T09:31:42.551000,-2.210587,50.137787,-0.346,0
2022-09-06T09:31:43.494000,-2.219422,50.080835,-0.351,0
2022-09-06T09:31:44.438000,-2.228246,50.023881,-0.473,0
2022-09-06T09:31:45.381000,-2.237059,49.966927,-0.517,0
2022-09-06T09:31:46.324000,-2.24586,49.909972,-0.654,0
2022-09-06T09:31:47.268000,-2.25465,49.853016,-0.649,1
2022-09-06T09:31:48.211000,-2.263428,49.79606,-0.672,1
2022-09-06T20:44:57.693000,4.101462,52.109619,0.786,1
2022-09-06T20:44:58.636000,4.092174,52.1666,0.66,1
2022-09-06T20:44:59.580000,4.082873,52.22358,0.554,0
2022-09-06T20:45:00.523000,4.073557,52.280559,0.521,0
2022-09-06T20:45:01.466000,4.064228,52.337538,0.441,0
2022-09-06T20:45:02.410000,4.054885,52.394515,0.366,0
2022-09-06T20:45:03.353000,4.045528,52.451492,0.298,0
2022-09-06T20:45:04.297000,4.036157,52.508467,0.226,0
2022-09-06T20:45:05.240000,4.026773,52.565442,0.151,0
2022-09-06T20:45:06.184000,4.017373,52.622416,0.106,0
2022-09-06T20:45:07.127000,4.00796,52.679389,0.035,0
2022-09-06T20:45:08.071000,3.998533,52.736361,-0.005,0
2022-09-06T20:45:09.014000,3.989091,52.793332,-0.072,0
2022-09-06T20:45:09.957000,3.979635,52.850303,-0.111,0
2022-09-06T20:45:10.901000,3.970164,52.907272,-0.173,0
2022-09-06T20:45:11.844000,3.960679,52.964241,-0.186,0
2022-09-06T20:45:12.788000,3.95118,53.021208,-0.22,0
2022-09-06T20:45:13.731000,3.941666,53.078175,-0.241,0
2022-09-06T20:45:14.675000,3.932137,53.135141,-0.251,0
2022-09-06T20:45:15.618000,3.922593,53.192106,-0.284,0
2022-09-06T20:45:16.561000,3.913034,53.24907,-0.321,0
2022-09-06T20:45:17.505000,3.903461,53.306033,-0.316,0
2022-09-06T20:45:18.448000,3.893872,53.362995,-0.325,0
2022-09-06T20:45:19.392000,3.884269,53.419956,-0.33,0
2022-09-06T20:45:20.335000,3.87465,53.476916,-0.349,0
2022-09-06T20:45:21.279000,3.865016,53.533876,-0.337,0
2022-09-06T20:45:22.222000,3.855367,53.590834,-0.359,0
2022-09-06T20:45:23.166000,3.845702,53.647792,-0.327,0
2022-09-06T20:45:24.109000,3.836022,53.704749,-0.331,0
2022-09-06T20:45:25.052000,3.826327,53.761705,-0.327,0
2022-09-06T20:45:25.996000,3.816616,53.818659,-0.308,0
2022-09-06T20:45:26.939000,3.806889,53.875613,-0.326,0
2022-09-06T20:45:27.883000,3.797147,53.932566,-0.317,0
2022-09-06T20:45:28.826000,3.787389,53.989518,-0.314,0
2022-09-06T20:45:29.770000,3.777614,54.04647,-0.334,0
2022-09-06T20:45:30.713000,3.767824,54.10342,-0.338,0
2022-09-06T20:45:31.656000,3.758018,54.160369,-0.331,0
2022-09-06T20:45:32.600000,3.748196,54.217318,-0.325,0
2022-09-06T20:45:33.543000,3.738358,54.274265,-0.303,0
2022-09-06T20:45:34.487000,3.728503,54.331212,-0.294,0
2022-09-06T20:45:35.430000,3.718632,54.388157,-0.322,0
2022-09-06T20:45:36.374000,3.708745,54.445102,-0.327,0
2022-09-06T20:45:37.317000,3.698841,54.502046,-0.322,0
2022-09-06T20:45:38.261000,3.688921,54.558989,-0.321,0
2022-09-06T20:45:39.204000,3.678983,54.615931,-0.292,0
2022-09-06T20:45:40.147000,3.66903,54.672872,-0.272,0
2022-09-06T20:45:41.091000,3.659059,54.729812,-0.235,0
2022-09-06T20:45:42.034000,3.649071,54.786751,-0.265,0
2022-09-06T20:45:42.978000,3.639067,54.843689,-0.26,0
2022-09-06T20:45:43.921000,3.629045,54.900626,-0.242,0
2022-09-06T20:45:44.865000,3.619006,54.957563,-0.233,0
2022-09-06T20:45:45.808000,3.60895,55.014498,-0.23,0
2022-09-06T20:45:46.751000,3.598877,55.071432,-0.204,0
2022-09-06T20:45:47.695000,3.588786,55.128366,-0.172,0
2022-09-06T20:45:48.638000,3.578678,55.185298,-0.176,0
2022-09-06T20:45:49.582000,3.568552,55.24223,-0.17,0
2022-09-06T20:45:50.525000,3.558408,55.299161,-0.162,0
2022-09-06T20:45:51.469000,3.548247,55.356091,-0.137,0
2022-09-06T20:45:52.412000,3.538068,55.413019,-0.124,0
2022-09-06T20:45:53.356000,3.527871,55.469947,-0.111,0
2022-09-06T20:45:54.299000,3.517656,55.526874,-0.095,0
2022-09-06T20:45:55.242000,3.507422,55.5838,-0.103,0
2022-09-06T20:45:56.186000,3.497171,55.640725,-0.065,0
2022-09-06T20:45:57.129000,3.486901,55.697649,-0.067,0
2022-09-06T20:45:58.073000,3.476613,55.754572,-0.052,0
2022-09-06T20:45:59.016000,3.466306,55.811494,-0.041,0
2022-09-06T20:45:59.960000,3.455981,55.868415,-0.034,0
2022-09-06T20:46:00.903000,3.445637,55.925335,-0.023,0
2022-09-06T20:46:01.846000,3.435274,55.982255,-0.024,0
2022-09-08T20:42:53.080000,3.198179,51.443975,0.078,1
2022-09-08T20:42:54.023000,3.189048,51.50096,0.105,0
2022-09-08T20:42:54.967000,3.179904,51.557945,0.132,0
2022-09-08T20:42:55.910000,3.170746,51.614928,0.09,0
2022-09-08T20:42:56.854000,3.161576,51.671911,0.116,0
2022-09-08T20:42:57.797000,3.152393,51.728892,0.103,0
2022-09-08T20:42:58.741000,3.143196,51.785873,0.145,0
2022-09-08T20:42:59.684000,3.133987,51.842853,0.104,0
2022-09-08T20:43:01.571000,3.115527,51.95681,0.119,0
2022-09-08T20:43:02.514000,3.106277,52.013787,0.129,0
2022-09-08T20:43:03.458000,3.097014,52.070764,0.151,0
2022-09-08T20:43:04.401000,3.087737,52.127739,0.158,0
2022-09-08T20:43:05.345000,3.078446,52.184714,0.168,0
2022-09-08T20:43:06.288000,3.069142,52.241687,0.218,0
2022-09-08T20:43:07.232000,3.059824,52.29866,0.225,0
2022-09-08T20:43:08.175000,3.050493,52.355632,0.261,0
2022-09-08T20:43:09.118000,3.041147,52.412603,0.256,0
2022-09-08T20:43:10.062000,3.031788,52.469573,0.273,0
2022-09-08T20:43:11.005000,3.022414,52.526542,0.28,0
2022-09-08T20:43:11.949000,3.013027,52.583511,0.272,0
2022-09-08T20:43:12.892000,3.003625,52.640478,0.253,0
2022-09-08T20:43:13.836000,2.994209,52.697444,0.284,0
2022-09-08T20:43:14.779000,2.984779,52.75441,0.281,0
2022-09-08T20:43:15.722000,2.975335,52.811375,0.263,0
2022-09-08T20:43:16.666000,2.965876,52.868339,0.271,0
2022-09-08T20:43:17.609000,2.956402,52.925302,0.288,0
2022-09-08T20:43:18.553000,2.946915,52.982264,0.275,0
2022-09-08T20:43:19.496000,2.937412,53.039225,0.255,0
2022-09-08T20:43:20.440000,2.927895,53.096185,0.233,0
2022-09-08T20:43:21.383000,2.918364,53.153144,0.231,0
2022-09-08T20:43:22.327000,2.908817,53.210103,0.224,0
2022-09-08T20:43:23.270000,2.899256,53.26706,0.209,0
2022-09-08T20:43:24.213000,2.889679,53.324017,0.185,0
2022-09-08T20:43:25.157000,2.880088,53.380972,0.173,0
2022-09-08T20:43:26.100000,2.870482,53.437927,0.123,0
2022-09-08T20:43:27.044000,2.86086,53.494881,0.1,0
2022-09-08T20:43:27.987000,2.851223,53.551834,0.092,0
2022-09-08T20:43:28.931000,2.841571,53.608786,0.037,0
2022-09-08T20:43:29.874000,2.831904,53.665737,0.015,0
2022-09-08T20:43:30.817000,2.822221,53.722687,-0.012,0
2022-09-08T20:43:31.761000,2.812522,53.779637,-0.041,0
2022-09-08T20:43:32.704000,2.802808,53.836585,-0.087,0
2022-09-08T20:43:33.648000,2.793079,53.893532,-0.13,0
2022-09-08T20:43:34.591000,2.783333,53.950479,-0.163,0
2022-09-08T20:43:35.535000,2.773572,54.007424,-0.198,0
2022-09-08T20:43:36.478000,2.763795,54.064369,-0.204,0
2022-09-08T20:43:37.421000,2.754002,54.121313,-0.246,0
2022-09-08T20:43:38.365000,2.744193,54.178256,-0.276,0
2022-09-08T20:43:39.308000,2.734368,54.235198,-0.297,0
2022-09-08T20:43:40.252000,2.724526,54.292139,-0.321,0
2022-09-08T20:43:41.195000,2.714668,54.349079,-0.359,0
2022-09-08T20:43:42.139000,2.704794,54.406018,-0.389,0
2022-09-08T20:43:43.082000,2.694904,54.462956,-0.404,0
2022-09-08T20:43:44.026000,2.684997,54.519893,-0.418,0
2022-09-08T20:43:44.969000,2.675073,54.57683,-0.418,0
2022-09-08T20:43:45.912000,2.665133,54.633765,-0.413,0
2022-09-08T20:43:46.856000,2.655176,54.6907,-0.456,0
2022-09-08T20:43:47.799000,2.645202,54.747633,-0.453,0
2022-09-08T20:43:48.743000,2.635211,54.804566,-0.441,0
2022-09-08T20:43:49.686000,2.625203,54.861497,-0.459,0
2022-09-08T20:43:50.630000,2.615178,54.918428,-0.456,0
2022-09-08T20:43:51.573000,2.605136,54.975358,-0.456,0
2022-09-08T20:43:52.516000,2.595077,55.032287,-0.448,0
2022-09-08T20:43:53.460000,2.585,55.089215,-0.449,0
2022-09-08T20:43:54.403000,2.574906,55.146142,-0.442,0
2022-09-08T20:43:55.347000,2.564794,55.203068,-0.462,0
2022-09-08T20:43:56.290000,2.554665,55.259993,-0.52,0
2022-09-08T20:43:57.234000,2.544518,55.316917,-0.486,0
2022-09-08T20:43:58.177000,2.534353,55.373841,-0.465,0
2022-09-08T20:43:59.121000,2.524171,55.430763,-0.458,0
2022-09-08T20:44:00.064000,2.51397,55.487684,-0.455,0
2022-09-08T20:44:01.007000,2.503751,55.544604,-0.453,0
2022-09-08T20:44:01.951000,2.493515,55.601524,-0.452,0
2022-09-08T20:44:02.894000,2.48326,55.658442,-0.676,0
2022-09-08T20:44:03.838000,2.472986,55.71536,-0.453,0
2022-09-08T20:44:04.781000,2.462695,55.772276,-0.412,0
2022-09-08T20:44:05.725000,2.452384,55.829192,-0.42,0
2022-09-08T20:44:06.668000,2.442055,55.886107,-0.396,0
2022-09-08T20:44:07.611000,2.431708,55.94302,-0.405,0
2022-09-10T20:40:54.128000,2.239167,51.124667,-1.147,1
2022-09-10T20:40:55.071000,2.23011,51.181651,-1.117,0
2022-09-10T20:40:56.015000,2.221041,51.238634,-1.064,0
2022-09-10T20:40:56.958000,2.211959,51.295616,-1.005,0
2022-09-10T20:40:57.902000,2.202864,51.352597,-0.969,0
2022-09-10T20:40:58.845000,2.193756,51.409578,-0.909,0
2022-09-10T20:40:59.788000,2.184636,51.466557,-0.848,0
2022-09-10T20:41:00.732000,2.175502,51.523536,-0.781,0
2022-09-10T20:41:01.675000,2.166356,51.580514,-0.69,0
2022-09-10T20:41:02.619000,2.157197,51.63749,-0.619,0
2022-09-10T20:41:03.562000,2.148024,51.694467,-0.529,0
2022-09-10T20:41:04.506000,2.138839,51.751442,-0.42,0
2022-09-10T20:41:05.449000,2.12964,51.808416,-0.354,0
2022-09-10T20:41:06.392000,2.120428,51.865389,-0.242,0
2022-09-10T20:41:07.336000,2.111203,51.922362,-0.15,0
2022-09-10T20:41:08.279000,2.101964,51.979333,-0.035,0
2022-09-10T20:41:09.223000,2.092712,52.036304,0.097,0
2022-09-10T20:41:10.166000,2.083447,52.093274,0.182,0
2022-09-10T20:41:11.110000,2.074167,52.150243,0.265,0
2022-09-10T20:41:12.053000,2.064875,52.207211,0.321,0
2022-09-10T20:41:12.997000,2.055568,52.264178,0.41,0
2022-09-10T20:41:13.940000,2.046248,52.321144,0.496,0
2022-09-10T20:41:14.883000,2.036914,52.37811,0.585,0
2022-09-10T20:41:15.827000,2.027566,52.435074,0.629,0
2022-09-10T20:41:16.770000,2.018204,52.492038,0.679,0
2022-09-10T20:41:17.714000,2.008828,52.549,0.735,0
2022-09-10T20:41:18.657000,1.999438,52.605962,0.761,0
2022-09-10T20:41:19.601000,1.990034,52.662923,0.843,0
2022-09-10T20:41:20.544000,1.980616,52.719883,0.946,0
2022-09-10T20:41:21.487000,1.971184,52.776842,0.968,0
2022-09-10T20:41:22.431000,1.961737,52.8338,0.964,0
2022-09-10T20:41:23.374000,1.952275,52.890758,0.941,0
2022-09-10T20:41:24.318000,1.9428,52.947714,0.965,0
2022-09-10T20:41:25.261000,1.93331,53.00467,1.0,0
2022-09-10T20:41:26.205000,1.923805,53.061624,0.986,0
2022-09-10T20:41:27.148000,1.914285,53.118578,0.984,0
2022-09-10T20:41:28.092000,1.904751,53.175531,0.911,0
2022-09-10T20:41:29.035000,1.895202,53.232483,0.887,0
2022-09-10T20:41:29.978000,1.885638,53.289434,0.865,0
2022-09-10T20:41:30.922000,1.876059,53.346384,0.847,0
2022-09-10T20:41:31.865000,1.866465,53.403333,0.798,0
2022-09-10T20:41:32.809000,1.856856,53.460281,0.748,0
2022-09-10T20:41:33.752000,1.847231,53.517228,0.7,0
2022-09-10T20:41:34.696000,1.837592,53.574175,0.664,0
2022-09-10T20:41:35.639000,1.827937,53.63112,0.636,0
2022-09-10T20:41:36.582000,1.818267,53.688065,0.587,0
2022-09-10T20:41:37.526000,1.808581,53.745009,0.507,0
2022-09-10T20:41:38.469000,1.79888,53.801952,0.428,0
2022-09-10T20:41:39.413000,1.789163,53.858893,0.391,0
2022-09-10T20:41:40.356000,1.779431,53.915834,0.388,0
2022-09-10T20:41:41.300000,1.769683,53.972774,0.297,0
2022-09-10T20:41:42.243000,1.759919,54.029713,0.264,0
2022-09-10T20:41:43.187000,1.750139,54.086652,0.169,0
2022-09-10T20:41:44.130000,1.740343,54.143589,0.139,0
2022-09-10T20:41:45.073000,1.730531,54.200525,0.06,0
2022-09-10T20:41:46.017000,1.720703,54.257461,0.014,0
2022-09-10T20:41:46.960000,1.710858,54.314395,-0.065,0
2022-09-10T20:41:47.904000,1.700998,54.371329,-0.118,0
2022-09-10T20:41:48.847000,1.691121,54.428261,-0.126,0
2022-09-10T20:41:49.791000,1.681227,54.485193,-0.173,0
2022-09-10T20:41:50.734000,1.671317,54.542124,-0.187,0
2022-09-10T20:41:51.677000,1.661391,54.599054,-0.251,0
2022-09-10T20:41:52.621000,1.651447,54.655983,-0.293,0
2022-09-10T20:41:53.564000,1.641487,54.712911,-0.332,0
2022-09-10T20:41:54.508000,1.63151,54.769838,-0.354,0
2022-09-10T20:41:55.451000,1.621516,54.826764,-0.416,0
2022-09-10T20:41:56.395000,1.611505,54.883689,-0.436,0
2022-09-10T20:41:57.338000,1.601477,54.940613,-0.469,0
2022-09-10T20:41:58.282000,1.591432,54.997537,-0.499,0
2022-09-10T20:41:59.225000,1.581369,55.054459,-0.532,0
2022-09-10T20:42:00.168000,1.57129,55.11138,-0.541,0
2022-09-10T20:42:01.112000,1.561192,55.168301,-0.577,0
2022-09-10T20:42:02.055000,1.551077,55.225221,-0.587,0
2022-09-10T20:42:02.999000,1.540945,55.282139,-0.587,0
2022-09-10T20:42:03.942000,1.530794,55.339057,-0.619,0
2022-09-10T20:42:04.886000,1.520626,55.395974,-0.639,0
2022-09-10T20:42:05.829000,1.51044,55.452889,-0.622,0
2022-09-10T20:42:06.772000,1.500236,55.509804,-0.663,0
2022-09-10T20:42:07.716000,1.490014,55.566718,-0.674,0
2022-09-10T20:42:08.659000,1.479774,55.623631,-0.679,0
2022-09-10T20:42:09.603000,1.469516,55.680543,-0.702,0
2022-09-10T20:42:10.546000,1.459239,55.737454,-0.704,0
2022-09-10T20:42:11.490000,1.448944,55.794364,-0.695,0
2022-09-10T20:42:12.433000,1.43863,55.851273,-0.715,0
2022-09-10T20:42:13.377000,1.428297,55.908181,-0.722,0
2022-09-10T20:42:14.320000,1.417946,55.965089,-0.727,0
2022-09-11T08:36:11.077000,8.383491,54.379576,0.18,1
2022-09-11T08:36:12.020000,8.373635,54.322689,0.272,1
2022-09-11T08:36:12.964000,8.363794,54.265802,0.355,0
2022-09-11T08:36:13.907000,8.35397,54.208913,0.412,0
2022-09-11T08:36:14.851000,8.344162,54.152024,0.482,0
2022-09-11T08:36:15.794000,8.33437,54.095134,0.559,0
2022-09-11T08:36:16.738000,8.324594,54.038243,0.604,0
2022-09-11T08:36:17.681000,8.314834,53.981351,0.605,1
2022-09-11T08:36:18.624000,8.30509,53.924459,0.635,1
2022-09-11T08:36:19.568000,8.295361,53.867565,0.638,1
2022-09-11T08:36:21.455000,8.275951,53.753775,0.411,1
2022-09-12T20:38:43.854000,1.385536,50.1273,-2.614,1
2022-09-12T20:38:44.798000,1.376694,50.184293,-2.712,1
2022-09-12T20:38:45.741000,1.36784,50.241285,-2.769,1
2022-09-12T20:38:46.685000,1.358974,50.298277,-2.878,1
2022-09-12T20:38:47.628000,1.350096,50.355267,-2.987,1
2022-09-12T20:38:48.572000,1.341207,50.412256,-2.961,0
2022-09-12T20:38:49.515000,1.332306,50.469245,-2.983,0
2022-09-12T20:38:50.458000,1.323392,50.526233,-2.985,0
2022-09-12T20:38:51.402000,1.314467,50.58322,-3.028,0
2022-09-12T20:38:52.345000,1.30553,50.640206,-3.026,0
2022-09-12T20:38:53.289000,1.296581,50.697191,-2.996,0
2022-09-12T20:38:54.232000,1.287619,50.754175,-3.007,0
2022-09-12T20:38:55.176000,1.278646,50.811159,-3.126,0
2022-09-12T20:38:56.119000,1.26966,50.868141,-3.067,0
2022-09-12T20:38:58.949000,1.242628,51.039084,-2.979,1
2022-09-12T20:39:07.440000,1.160855,51.551864,-1.949,0
2022-09-12T20:39:08.384000,1.151705,51.608835,-1.98,1
2022-09-12T20:39:10.271000,1.133365,51.722775,-1.732,1
2022-09-12T20:39:31.970000,0.918556,53.032827,2.725,1
2022-09-12T20:39:32.913000,0.909047,53.089775,2.707,1
2022-09-12T20:39:33.857000,0.899523,53.146722,2.674,0
2022-09-12T20:39:34.800000,0.889984,53.203668,2.567,0
2022-09-12T20:39:35.743000,0.880431,53.260613,2.488,0
2022-09-12T20:39:36.687000,0.870862,53.317558,2.403,0
2022-09-12T20:39:37.630000,0.861279,53.374501,2.265,0
2022-09-12T20:39:38.574000,0.85168,53.431444,2.192,0
2022-09-12T20:39:39.517000,0.842067,53.488386,2.064,0
2022-09-12T20:39:40.461000,0.832438,53.545326,1.942,0
2022-09-12T20:39:41.404000,0.822794,53.602266,1.873,0
2022-09-12T20:39:42.348000,0.813135,53.659205,1.767,0
2022-09-12T20:39:43.291000,0.80346,53.716143,1.679,0
2022-09-12T20:39:44.234000,0.793769,53.773081,1.556,0
2022-09-12T20:39:45.178000,0.784064,53.830017,1.473,0
2022-09-12T20:39:46.121000,0.774342,53.886952,1.415,0
2022-09-12T20:39:47.065000,0.764605,53.943886,1.329,0
2022-09-12T20:39:48.008000,0.754852,54.00082,1.278,0
2022-09-12T20:39:50.838000,0.725497,54.171615,1.049,0
2022-09-12T20:39:51.782000,0.71568,54.228545,0.991,0
2022-09-12T20:39:52.725000,0.705847,54.285474,0.913,0
2022-09-12T20:39:53.669000,0.695998,54.342402,0.856,0
2022-09-12T20:39:54.612000,0.686132,54.399329,0.762,0
2022-09-12T20:39:55.556000,0.67625,54.456255,0.699,0
2022-09-12T20:39:56.499000,0.666352,54.51318,0.622,0
2022-09-12T20:39:57.443000,0.656437,54.570104,0.527,0
2022-09-12T20:39:58.386000,0.646505,54.627027,0.469,0
2022-09-12T20:39:59.329000,0.636557,54.68395,0.418,0
2022-09-12T20:40:00.273000,0.626591,54.740871,0.359,0
2022-09-12T20:40:01.216000,0.616609,54.797792,0.286,0
2022-09-12T20:40:02.160000,0.60661,54.854712,0.223,0
2022-09-12T20:40:03.103000,0.596594,54.91163,0.171,0
2022-09-12T20:40:04.047000,0.58656,54.968548,0.113,0
2022-09-12T20:40:04.990000,0.57651,55.025465,0.067,0
2022-09-12T20:40:05.933000,0.566442,55.08238,0.017,0
2022-09-12T20:40:06.877000,0.556356,55.139295,-0.048,0
2022-09-12T20:40:07.820000,0.546254,55.196209,-0.066,0
2022-09-12T20:40:08.764000,0.536133,55.253122,-0.137,0
2022-09-12T20:40:09.707000,0.525995,55.310035,-0.16,0
2022-09-12T20:40:10.651000,0.51584,55.366946,-0.204,0
2022-09-12T20:40:11.594000,0.505666,55.423856,-0.225,0
2022-09-12T20:40:12.538000,0.495474,55.480765,-0.281,0
2022-09-12T20:40:13.481000,0.485265,55.537673,-0.307,0
2022-09-12T20:40:14.424000,0.475037,55.594581,-0.348,0
2022-09-12T20:40:15.368000,0.464791,55.651487,-0.389,0
2022-09-12T20:40:16.311000,0.454527,55.708393,-0.442,0
2022-09-12T20:40:17.255000,0.444244,55.765297,-0.471,0
2022-09-12T20:40:18.198000,0.433943,55.822201,-0.5,0
2022-09-12T20:40:19.142000,0.423624,55.879103,-0.548,0
2022-09-12T20:40:20.085000,0.413286,55.936005,-0.558,0
2022-09-13T08:33:51.369000,7.649399,55.947778,0.163,0
2022-09-13T08:33:52.313000,7.639063,55.890916,0.158,0
2022-09-13T08:33:53.256000,7.628745,55.834054,0.129,0
2022-09-13T08:33:54.200000,7.618446,55.77719,0.121,0
2022-09-13T08:33:55.143000,7.608165,55.720326,0.116,0
2022-09-13T08:33:56.086000,7.597903,55.663461,0.125,0
2022-09-13T08:33:57.030000,7.587659,55.606595,0.092,0
2022-09-13T08:33:57.973000,7.577433,55.549728,0.092,0
2022-09-13T08:33:58.917000,7.567225,55.49286,0.069,0
2022-09-13T08:33:59.860000,7.557035,55.435991,0.041,0
2022-09-13T08:34:00.804000,7.546863,55.379122,0.042,0
2022-09-13T08:34:01.747000,7.536709,55.322251,0.033,0
2022-09-13T08:34:02.690000,7.526573,55.26538,0.004,0
2022-09-13T08:34:03.634000,7.516454,55.208507,0.015,0
2022-09-13T08:34:04.577000,7.506353,55.151634,0.02,0
2022-09-13T08:34:05.521000,7.49627,55.09476,0.021,0
2022-09-13T08:34:06.464000,7.486203,55.037885,0.006,0
2022-09-13T08:34:07.408000,7.476155,54.981009,0.015,0
2022-09-13T08:34:08.351000,7.466123,54.924133,0.031,0
2022-09-13T08:34:09.294000,7.456108,54.867255,0.031,0
2022-09-13T08:34:10.238000,7.446111,54.810377,0.01,0
2022-09-13T08:34:11.181000,7.43613,54.753497,0.004,0
2022-09-13T08:34:12.125000,7.426167,54.696617,0.05,0
2022-09-13T08:34:13.068000,7.41622,54.639736,0.054,0
2022-09-13T08:34:14.012000,7.40629,54.582854,0.067,0
2022-09-13T08:34:14.955000,7.396377,54.525971,0.116,0
2022-09-13T08:34:15.899000,7.38648,54.469087,0.111,0
2022-09-13T08:34:16.842000,7.376599,54.412203,0.105,0
2022-09-13T08:34:17.785000,7.366735,54.355317,0.136,0
2022-09-13T08:34:18.729000,7.356888,54.298431,0.173,0
2022-09-13T08:34:19.672000,7.347056,54.241544,0.206,0
2022-09-13T08:34:20.616000,7.337241,54.184656,0.229,0
2022-09-13T08:34:21.559000,7.327442,54.127767,0.278,0
2022-09-13T08:34:22.503000,7.317659,54.070877,0.338,0
2022-09-13T08:34:23.446000,7.307891,54.013986,0.414,0
2022-09-13T08:34:24.389000,7.29814,53.957095,0.493,0
2022-09-13T08:34:25.333000,7.288405,53.900203,0.556,0
2022-09-13T08:34:26.276000,7.278685,53.843309,0.635,1
2022-09-13T08:34:27.220000,7.26898,53.786415,0.714,1
2022-09-14T20:36:46.789000,0.404683,49.933818,-2.568,1
2022-09-14T20:36:47.733000,0.395881,49.990808,-2.553,0
2022-09-14T20:36:48.676000,0.387068,50.047796,-2.541,0
2022-09-14T20:36:49.619000,0.378243,50.104784,-2.519,0
2022-09-14T20:36:50.563000,0.369406,50.161772,-2.478,0
2022-09-14T20:36:51.506000,0.360558,50.218758,-2.482,0
2022-09-14T20:36:52.450000,0.351698,50.275743,-2.455,0
2022-09-14T20:36:53.393000,0.342826,50.332728,-2.482,0
2022-09-14T20:36:54.337000,0.333943,50.389711,-2.454,0
2022-09-14T20:36:55.280000,0.325047,50.446694,-2.532,0
2022-09-14T20:36:57.167000,0.307221,50.560657,-2.493,0
2022-09-14T20:36:58.110000,0.29829,50.617637,-2.432,1
2022-09-14T20:36:59.054000,0.289347,50.674617,-2.496,1
2022-09-14T20:37:59.434000,-0.310789,54.319459,1.364,1
2022-09-14T20:38:00.377000,-0.320646,54.37638,1.302,1
2022-09-14T20:38:01.321000,-0.33052,54.4333,1.229,1
2022-09-14T20:38:02.264000,-0.340411,54.49022,1.194,1
2022-09-14T20:38:03.208000,-0.350318,54.547138,1.097,0
2022-09-14T20:38:04.151000,-0.360241,54.604056,1.051,0
2022-09-14T20:38:05.094000,-0.370181,54.660973,1.013,0
2022-09-14T20:38:06.038000,-0.380138,54.717889,0.942,0
2022-09-14T20:38:06.981000,-0.390112,54.774803,0.906,0
2022-09-14T20:38:07.925000,-0.400103,54.831717,0.868,0
2022-09-14T20:38:08.868000,-0.410111,54.88863,0.815,0
2022-09-14T20:38:09.812000,-0.420136,54.945542,0.78,0
2022-09-14T20:38:10.755000,-0.430178,55.002454,0.73,0
2022-09-14T20:38:11.698000,-0.440237,55.059364,0.69,0
2022-09-14T20:38:12.642000,-0.450314,55.116273,0.628,0
2022-09-14T20:38:13.585000,-0.460408,55.173181,0.601,0
2022-09-14T20:38:14.529000,-0.47052,55.230089,0.559,0
2022-09-14T20:38:15.472000,-0.480649,55.286995,0.524,0
2022-09-14T20:38:16.416000,-0.490796,55.343901,0.497,0
2022-09-14T20:38:17.359000,-0.500961,55.400805,0.432,0
2022-09-14T20:38:18.303000,-0.511144,55.457709,0.371,0
2022-09-14T20:38:19.246000,-0.521344,55.514612,0.357,0
2022-09-14T20:38:20.189000,-0.531563,55.571513,0.304,0
2022-09-14T20:38:21.133000,-0.5418,55.628414,0.283,0
2022-09-14T20:38:22.076000,-0.552055,55.685314,0.227,0
2022-09-14T20:38:23.020000,-0.562329,55.742213,0.217,0
2022-09-14T20:38:23.963000,-0.572621,55.799111,0.189,0
2022-09-14T20:38:24.907000,-0.582931,55.856008,0.159,0
2022-09-14T20:38:25.850000,-0.59326,55.912904,0.121,0
2022-09-14T20:38:26.793000,-0.603608,55.969799,0.067,0
2022-09-15T08:31:57.134000,6.64246,55.973951,0.345,0
2022-09-15T08:31:58.078000,6.632116,55.91709,0.331,0
2022-09-15T08:31:59.021000,6.62179,55.860228,0.354,0
2022-09-15T08:31:59.965000,6.611482,55.803366,0.295,0
2022-09-15T08:32:00.908000,6.601193,55.746502,0.32,0
2022-09-15T08:32:01.851000,6.590923,55.689637,0.313,0
2022-09-15T08:32:02.795000,6.580671,55.632772,0.329,0
2022-09-15T08:32:03.738000,6.570437,55.575906,0.336,0
2022-09-15T08:32:04.682000,6.560221,55.519039,0.324,0
2022-09-15T08:32:05.625000,6.550024,55.46217,0.31,0
2022-09-15T08:32:06.569000,6.539844,55.405301,0.333,0
2022-09-15T08:32:07.512000,6.529682,55.348431,0.306,0
2022-09-15T08:32:08.455000,6.519538,55.291561,0.306,0
2022-09-15T08:32:09.399000,6.509412,55.234689,0.312,0
2022-09-15T08:32:10.342000,6.499303,55.177816,0.291,0
2022-09-15T08:32:11.286000,6.489212,55.120943,0.276,0
2022-09-15T08:32:12.229000,6.479138,55.064068,0.278,0
2022-09-15T08:32:13.173000,6.469081,55.007193,0.294,0
2022-09-15T08:32:14.116000,6.459042,54.950317,0.332,0
2022-09-15T08:32:15.060000,6.44902,54.89344,0.313,0
2022-09-15T08:32:16.003000,6.439015,54.836562,0.294,0
2022-09-15T08:32:16.946000,6.429027,54.779683,0.28,0
2022-09-15T08:32:17.890000,6.419056,54.722804,0.283,0
2022-09-15T08:32:18.833000,6.409102,54.665923,0.294,0
2022-09-15T08:32:19.777000,6.399165,54.609042,0.318,0
2022-09-15T08:32:20.720000,6.389244,54.552159,0.315,0
2022-09-15T08:32:21.664000,6.37934,54.495276,0.326,0
2022-09-15T08:32:22.607000,6.369452,54.438392,0.32,0
2022-09-15T08:32:23.550000,6.359581,54.381507,0.302,0
2022-09-15T08:32:24.494000,6.349727,54.324621,0.294,0
2022-09-15T08:32:25.437000,6.339888,54.267734,0.349,0
2022-09-15T08:32:26.381000,6.330066,54.210847,0.379,0
2022-09-15T08:32:27.324000,6.320259,54.153958,0.381,0
2022-09-15T08:32:28.268000,6.310469,54.097069,0.407,0
2022-09-15T08:32:29.211000,6.300695,54.040179,0.447,0
2022-09-15T08:32:30.155000,6.290937,53.983288,0.491,0
2022-09-15T08:32:31.098000,6.281194,53.926396,0.499,0
2022-09-15T08:32:32.041000,6.271467,53.869503,0.545,0
2022-09-15T08:32:32.985000,6.261756,53.81261,0.603,0
2022-09-15T08:32:33.928000,6.252061,53.755715,0.634,0
2022-09-15T08:32:34.872000,6.242381,53.69882,0.688,0
2022-09-15T08:32:35.815000,6.232716,53.641923,0.779,0
2022-09-15T08:32:36.759000,6.223067,53.585026,0.858,1
2022-09-16T20:34:49.724000,-0.577451,49.745705,-1.562,0
2022-09-16T20:34:50.667000,-0.586215,49.802692,-1.574,0
2022-09-16T20:34:51.611000,-0.594991,49.859677,-1.53,0
2022-09-16T20:34:52.554000,-0.603778,49.916662,-1.493,0
2022-09-16T20:34:53.498000,-0.612576,49.973646,-1.444,0
2022-09-16T20:34:54.441000,-0.621386,50.030629,-1.402,0
2022-09-16T20:34:55.385000,-0.630208,50.087611,-1.34,0
2022-09-16T20:34:56.328000,-0.639041,50.144592,-1.277,0
2022-09-16T20:34:57.271000,-0.647885,50.201573,-1.273,0
2022-09-16T20:34:58.215000,-0.656742,50.258553,-1.235,0
2022-09-16T20:34:59.158000,-0.66561,50.315531,-1.214,0
2022-09-16T20:35:00.102000,-0.674489,50.372509,-1.17,0
2022-09-16T20:35:01.045000,-0.683381,50.429486,-1.164,0
2022-09-16T20:35:01.989000,-0.692285,50.486462,-1.132,0
2022-09-16T20:35:02.932000,-0.7012,50.543437,-1.152,0
2022-09-16T20:35:03.875000,-0.710128,50.600412,-1.159,1
2022-09-16T20:35:04.819000,-0.719067,50.657385,-1.175,1
2022-09-16T20:36:21.237000,-1.488687,55.269304,1.189,1
2022-09-16T20:36:23.124000,-1.508988,55.383103,1.105,1
2022-09-16T20:36:25.954000,-1.539573,55.553794,1.066,1
2022-09-16T20:36:26.898000,-1.549804,55.61069,1.011,1
2022-09-16T20:36:27.841000,-1.560053,55.667584,0.965,1
2022-09-16T20:36:28.785000,-1.570321,55.724477,0.872,1
2022-09-16T20:36:29.728000,-1.580607,55.78137,0.878,0
2022-09-16T20:36:30.672000,-1.590912,55.838261,0.849,0
2022-09-16T20:36:31.615000,-1.601235,55.895152,0.815,0
2022-09-16T20:36:32.559000,-1.611576,55.952041,0.756,0
2022-09-17T08:30:03.843000,5.624993,55.937442,0.651,0
2022-09-17T08:30:04.786000,5.614659,55.88058,0.648,0
2022-09-17T08:30:05.730000,5.604344,55.823717,0.65,0
2022-09-17T08:30:06.673000,5.594048,55.766854,0.631,0
2022-09-17T08:30:07.616000,5.58377,55.709989,0.631,0
2022-09-17T08:30:08.560000,5.573511,55.653123,0.6,0
2022-09-17T08:30:09.503000,5.563269,55.596257,0.629,0
2022-09-17T08:30:10.447000,5.553046,55.539389,0.582,0
2022-09-17T08:30:11.390000,5.542841,55.482521,0.665,0
2022-09-17T08:30:12.334000,5.532654,55.425652,0.574,0
2022-09-17T08:30:13.277000,5.522485,55.368782,0.566,0
2022-09-17T08:30:14.221000,5.512334,55.311911,0.605,0
2022-09-17T08:30:15.164000,5.502201,55.255039,0.562,0
2022-09-17T08:30:16.107000,5.492085,55.198166,0.552,0
2022-09-17T08:30:17.051000,5.481986,55.141293,0.537,0
2022-09-17T08:30:17.994000,5.471906,55.084418,0.543,0
2022-09-17T08:30:18.938000,5.461842,55.027543,0.543,0
2022-09-17T08:30:19.881000,5.451796,54.970666,0.602,0
2022-09-17T08:30:20.825000,5.441767,54.913789,0.532,0
2022-09-17T08:30:21.768000,5.431755,54.856911,0.539,0
2022-09-17T08:30:22.711000,5.42176,54.800032,0.545,0
2022-09-17T08:30:23.655000,5.411782,54.743152,0.586,0
2022-09-17T08:30:24.598000,5.401821,54.686271,0.537,0
2022-09-17T08:30:25.542000,5.391877,54.629389,0.523,0
2022-09-17T08:30:26.485000,5.38195,54.572507,0.566,0
2022-09-17T08:30:27.429000,5.372039,54.515623,0.539,0
2022-09-17T08:30:28.372000,5.362144,54.458739,0.507,0
2022-09-17T08:30:29.316000,5.352267,54.401853,0.523,0
2022-09-17T08:30:30.259000,5.342405,54.344967,0.476,0
2022-09-17T08:30:31.202000,5.33256,54.28808,0.446,0
2022-09-17T08:30:32.146000,5.322731,54.231192,0.443,0
2022-09-17T08:30:33.089000,5.312918,54.174304,0.49,0
2022-09-17T08:30:34.033000,5.303122,54.117414,0.48,0
2022-09-17T08:30:34.976000,5.293341,54.060524,0.512,0
2022-09-17T08:30:35.920000,5.283576,54.003632,0.453,0
2022-09-17T08:30:36.863000,5.273827,53.94674,0.47,0
2022-09-17T08:30:37.806000,5.264094,53.889847,0.525,0
2022-09-17T08:30:38.750000,5.254377,53.832953,0.493,0
2022-09-17T08:30:39.693000,5.244675,53.776058,0.601,0
2022-09-17T08:30:40.637000,5.234988,53.719162,0.613,0
2022-09-17T08:30:41.580000,5.225318,53.662265,0.641,0
2022-09-17T08:30:42.524000,5.215662,53.605368,0.66,0
2022-09-17T08:30:43.467000,5.206022,53.548469,0.704,0
2022-09-17T08:30:44.411000,5.196397,53.49157,0.715,1
2022-09-17T08:30:49.128000,5.148499,53.207061,0.342,1
2022-09-17T08:30:51.015000,5.129444,53.093251,0.426,1
2022-09-17T08:30:51.958000,5.119938,53.036345,0.641,1
2022-09-18T20:32:56.432000,-1.595067,49.789616,-0.657,1
2022-09-18T20:32:57.376000,-1.603841,49.846596,-0.578,0
2022-09-18T20:32:58.319000,-1.612625,49.903575,-0.537,0
2022-09-18T20:32:59.263000,-1.621421,49.960553,-0.471,0
2022-09-18T20:33:00.206000,-1.630229,50.017531,-0.42,0
2022-09-18T20:33:01.150000,-1.639048,50.074507,-0.36,0
2022-09-18T20:33:02.093000,-1.647878,50.131483,-0.319,0
2022-09-18T20:33:03.036000,-1.656721,50.188458,-0.262,0
2022-09-18T20:33:03.980000,-1.665574,50.245432,-0.24,0
2022-09-18T20:33:04.923000,-1.67444,50.302405,-0.178,0
2022-09-18T20:33:05.867000,-1.683317,50.359378,-0.169,0
2022-09-18T20:33:06.810000,-1.692206,50.416349,-0.082,0
2022-09-18T20:33:07.754000,-1.701107,50.47332,-0.068,0
2022-09-18T20:33:08.697000,-1.71002,50.530289,-0.021,0
2022-09-18T20:33:09.640000,-1.718945,50.587258,0.006,1
2022-09-18T20:33:10.584000,-1.727882,50.644226,0.043,1
2022-09-19T08:28:09.608000,4.617514,55.953112,0.39,0
2022-09-19T08:28:10.551000,4.607175,55.896249,0.344,0
2022-09-19T08:28:11.495000,4.596854,55.839385,0.365,0
2022-09-19T08:28:12.438000,4.586551,55.782521,0.35,0
2022-09-19T08:28:13.382000,4.576267,55.725655,0.367,0
2022-09-19T08:28:14.325000,4.566002,55.668789,0.344,0
2022-09-19T08:28:15.268000,4.555755,55.611921,0.356,0
2022-09-19T08:28:16.212000,4.545526,55.555053,0.368,0
2022-09-19T08:28:17.155000,4.535315,55.498183,0.382,0
2022-09-19T08:28:18.099000,4.525122,55.441313,0.346,0
2022-09-19T08:28:19.042000,4.514947,55.384442,0.307,0
2022-09-19T08:28:19.986000,4.50479,55.32757,0.337,0
2022-09-19T08:28:20.929000,4.49465,55.270697,0.361,0
2022-09-19T08:28:21.872000,4.484528,55.213823,0.292,0
2022-09-19T08:28:22.816000,4.474424,55.156949,0.289,0
2022-09-19T08:28:23.759000,4.464338,55.100073,0.286,0
2022-09-19T08:28:24.703000,4.454268,55.043197,0.279,0
2022-09-19T08:28:25.646000,4.444217,54.986319,0.304,0
2022-09-19T08:28:26.590000,4.434182,54.929441,0.268,0
2022-09-19T08:28:27.533000,4.424164,54.872561,0.256,0
2022-09-19T08:28:28.476000,4.414164,54.815681,0.236,0
2022-09-19T08:28:29.420000,4.40418,54.7588,0.216,0
2022-09-19T08:28:30.363000,4.394214,54.701918,0.251,0
2022-09-19T08:28:31.307000,4.384264,54.645036,0.223,0
2022-09-19T08:28:32.250000,4.374331,54.588152,0.197,0
2022-09-19T08:28:33.194000,4.364415,54.531267,0.229,0
2022-09-19T08:28:34.137000,4.354515,54.474382,0.181,0
2022-09-19T08:28:35.081000,4.344632,54.417495,0.178,0
2022-09-19T08:28:36.024000,4.334765,54.360608,0.184,0
2022-09-19T08:28:36.967000,4.324914,54.30372,0.173,0
2022-09-19T08:28:37.911000,4.31508,54.246831,0.141,0
2022-09-19T08:28:38.854000,4.305262,54.189941,0.142,0
2022-09-19T08:28:39.798000,4.29546,54.13305,0.12,0
2022-09-19T08:28:40.741000,4.285674,54.076158,0.123,0
2022-09-19T08:28:41.685000,4.275904,54.019266,0.115,0
2022-09-19T08:28:42.628000,4.266149,53.962372,0.106,0
2022-09-19T08:28:43.571000,4.256411,53.905478,0.137,0
2022-09-19T08:28:44.515000,4.246688,53.848583,0.128,0
2022-09-19T08:28:45.458000,4.236981,53.791687,0.028,0
2022-09-19T08:28:46.402000,4.227289,53.73479,0.142,0
2022-09-19T08:28:47.345000,4.217613,53.677892,0.129,0
2022-09-19T08:28:48.289000,4.207953,53.620993,0.143,0
2022-09-19T08:28:49.232000,4.198308,53.564093,0.096,0
2022-09-19T08:28:50.176000,4.188678,53.507193,0.092,0
2022-09-19T08:28:51.119000,4.179063,53.450292,0.145,0
2022-09-19T08:28:52.062000,4.169463,53.393389,0.165,0
2022-09-19T08:28:53.006000,4.159879,53.336486,0.158,0
2022-09-19T08:28:53.949000,4.150309,53.279582,0.197,0
2022-09-19T08:28:54.893000,4.140754,53.222677,0.139,0
2022-09-19T08:28:55.836000,4.131214,53.165772,0.255,0
2022-09-19T08:28:56.780000,4.121689,53.108865,0.291,0
2022-09-19T08:28:57.723000,4.112179,53.051958,0.333,0
2022-09-19T08:28:58.666000,4.102683,52.995049,0.379,0
2022-09-19T08:28:59.610000,4.093202,52.93814,0.381,0
2022-09-19T08:29:00.553000,4.083735,52.88123,0.4,0
2022-09-19T08:29:01.497000,4.074283,52.824319,0.446,0
2022-09-19T08:29:02.440000,4.064845,52.767407,0.501,0
2022-09-19T08:29:03.384000,4.055421,52.710495,0.522,0
2022-09-19T08:29:04.327000,4.046012,52.653581,0.557,0
2022-09-19T08:29:05.271000,4.036617,52.596667,0.598,0
2022-09-19T08:29:06.214000,4.027236,52.539752,0.562,0
2022-09-19T08:29:07.157000,4.017869,52.482836,0.619,0
2022-09-19T08:29:08.101000,4.008516,52.425919,0.658,0
2022-09-19T08:29:09.044000,3.999176,52.369001,0.669,0
2022-09-19T08:29:09.988000,3.989851,52.312082,0.663,0
2022-09-19T08:29:10.931000,3.980539,52.255163,0.715,0
2022-09-19T08:29:11.875000,3.971242,52.198243,0.701,0
2022-09-19T08:29:12.818000,3.961957,52.141321,0.737,0
2022-09-19T08:29:13.761000,3.952687,52.084399,0.723,1
2022-09-19T08:29:14.705000,3.94343,52.027476,0.739,1
2022-09-21T08:26:15.373000,3.609311,55.964461,-0.028,0
2022-09-21T08:26:16.316000,3.598967,55.907596,-0.042,0
2022-09-21T08:26:17.260000,3.588642,55.85073,-0.062,0
2022-09-21T08:26:18.203000,3.578336,55.793864,-0.052,0
2022-09-21T08:26:19.147000,3.568048,55.736996,-0.06,0
2022-09-21T08:26:20.090000,3.557779,55.680127,-0.067,0
2022-09-21T08:26:21.033000,3.547528,55.623258,-0.072,0
2022-09-21T08:26:21.977000,3.537295,55.566388,-0.098,0
2022-09-21T08:26:22.920000,3.52708,55.509517,-0.088,0
2022-09-21T08:26:23.864000,3.516884,55.452644,-0.11,0
2022-09-21T08:26:24.807000,3.506705,55.395771,-0.087,0
2022-09-21T08:26:25.751000,3.496544,55.338898,-0.084,0
2022-09-21T08:26:26.694000,3.486401,55.282023,-0.087,0
2022-09-21T08:26:27.637000,3.476276,55.225147,-0.085,0
2022-09-21T08:26:28.581000,3.466168,55.16827,-0.111,0
2022-09-21T08:26:29.524000,3.456078,55.111393,-0.107,0
2022-09-21T08:26:30.468000,3.446005,55.054514,-0.083,0
2022-09-21T08:26:31.411000,3.435949,54.997635,-0.105,0
2022-09-21T08:26:32.355000,3.425911,54.940755,-0.125,0
2022-09-21T08:26:33.298000,3.41589,54.883873,-0.131,0
2022-09-21T08:26:34.242000,3.405886,54.826991,-0.131,0
2022-09-21T08:26:35.185000,3.395899,54.770108,-0.151,0
2022-09-21T08:26:36.128000,3.385929,54.713224,-0.146,0
2022-09-21T08:26:37.072000,3.375976,54.656339,-0.156,0
2022-09-21T08:26:38.015000,3.366039,54.599454,-0.153,0
2022-09-21T08:26:38.959000,3.356119,54.542567,-0.143,0
2022-09-21T08:26:39.902000,3.346216,54.48568,-0.181,0
2022-09-21T08:26:40.846000,3.336329,54.428791,-0.18,0
2022-09-21T08:26:41.789000,3.326459,54.371902,-0.179,0
2022-09-21T08:26:42.732000,3.316605,54.315012,-0.212,0
2022-09-21T08:26:43.676000,3.306768,54.258121,-0.223,0
2022-09-21T08:26:44.619000,3.296946,54.201229,-0.211,0
2022-09-21T08:26:45.563000,3.287141,54.144336,-0.219,0
2022-09-21T08:26:46.506000,3.277351,54.087442,-0.198,0
2022-09-21T08:26:47.450000,3.267578,54.030547,-0.225,0
2022-09-21T08:26:48.393000,3.25782,53.973652,-0.283,0
2022-09-21T08:26:49.337000,3.248079,53.916756,-0.28,0
2022-09-21T08:26:50.280000,3.238353,53.859858,-0.283,0
2022-09-21T08:26:51.223000,3.228642,53.80296,-0.282,0
2022-09-21T08:26:52.167000,3.218948,53.746061,-0.252,0
2022-09-21T08:26:53.110000,3.209268,53.689161,-0.271,0
2022-09-21T08:26:54.054000,3.199605,53.63226,-0.21,0
2022-09-21T08:26:54.997000,3.189956,53.575358,-0.248,0
2022-09-21T08:26:55.941000,3.180323,53.518456,-0.218,0
2022-09-21T08:26:56.884000,3.170705,53.461552,-0.233,0
2022-09-21T08:26:57.827000,3.161102,53.404648,-0.257,0
2022-09-21T08:26:58.771000,3.151514,53.347743,-0.246,0
2022-09-21T08:26:59.714000,3.141942,53.290836,-0.22,0
2022-09-21T08:27:00.658000,3.132384,53.233929,-0.249,0
2022-09-21T08:27:01.601000,3.122841,53.177022,-0.245,0
2022-09-21T08:27:02.545000,3.113313,53.120113,-0.253,0
2022-09-21T08:27:03.488000,3.103799,53.063203,-0.234,0
2022-09-21T08:27:04.432000,3.094301,53.006293,-0.184,0
2022-09-21T08:27:05.375000,3.084816,52.949381,-0.159,0
2022-09-21T08:27:06.318000,3.075347,52.892469,-0.168,0
2022-09-21T08:27:07.262000,3.065891,52.835556,-0.165,0
2022-09-21T08:27:08.205000,3.05645,52.778642,-0.154,0
2022-09-21T08:27:09.149000,3.047024,52.721727,-0.123,0
2022-09-21T08:27:10.092000,3.037612,52.664811,-0.097,0
2022-09-21T08:27:11.036000,3.028213,52.607895,-0.062,0
2022-09-21T08:27:11.979000,3.018829,52.550977,-0.048,0
2022-09-21T08:27:12.922000,3.009459,52.494059,0.002,0
2022-09-21T08:27:13.866000,3.000103,52.43714,0.069,0
2022-09-21T08:27:14.809000,2.990761,52.38022,0.113,0
2022-09-21T08:27:15.753000,2.981433,52.323299,0.105,0
2022-09-21T08:27:16.696000,2.972119,52.266377,0.099,0
2022-09-21T08:27:17.640000,2.962818,52.209455,0.166,0
2022-09-21T08:27:18.583000,2.953531,52.152531,0.254,0
2022-09-21T08:27:19.527000,2.944257,52.095607,0.319,0
2022-09-21T08:27:20.470000,2.934997,52.038682,0.347,0
2022-09-21T08:27:21.413000,2.925751,51.981756,0.413,0
2022-09-21T08:27:22.357000,2.916518,51.924829,0.441,0
2022-09-21T08:27:23.300000,2.907298,51.867901,0.482,0
2022-09-21T08:27:24.244000,2.898092,51.810972,0.538,0
2022-09-21T08:27:25.187000,2.888899,51.754043,0.604,0
2022-09-21T08:27:26.131000,2.879719,51.697113,0.672,0
2022-09-21T08:27:28.017000,2.861398,51.58325,0.754,0
2022-09-21T08:27:28.961000,2.852257,51.526317,0.81,0
2022-09-21T08:27:29.904000,2.843129,51.469383,0.874,0
2022-09-21T08:27:30.848000,2.834014,51.412448,0.921,0
2022-09-21T08:27:31.791000,2.824912,51.355513,0.984,1
2022-09-21T08:27:32.735000,2.815823,51.298577,1.028,1
2022-09-21T08:27:33.678000,2.806746,51.241639,1.077,1
2022-09-21T19:41:40.709000,8.607299,54.179059,1.049,1
2022-09-23T08:24:21.138000,2.600139,55.972388,-0.251,0
2022-09-23T08:24:22.081000,2.589794,55.91552,-0.265,0
2022-09-23T08:24:23.025000,2.579468,55.858652,-0.268,0
2022-09-23T08:24:23.968000,2.56916,55.801782,-0.259,0
2022-09-23T08:24:24.912000,2.558871,55.744912,-0.269,0
2022-09-23T08:24:25.855000,2.548601,55.688041,-0.3,0
2022-09-23T08:24:26.798000,2.538348,55.631169,-0.294,0
2022-09-23T08:24:27.742000,2.528114,55.574296,-0.276,0
2022-09-23T08:24:28.685000,2.517898,55.517422,-0.313,0
2022-09-23T08:24:29.629000,2.5077,55.460547,-0.318,0
2022-09-23T08:24:30.572000,2.49752,55.403671,-0.312,0
2022-09-23T08:24:31.516000,2.487358,55.346794,-0.335,0
2022-09-23T08:24:32.459000,2.477214,55.289917,-0.315,0
2022-09-23T08:24:33.403000,2.467087,55.233038,-0.311,0
2022-09-23T08:24:34.346000,2.456978,55.176159,-0.313,0
2022-09-23T08:24:35.289000,2.446887,55.119278,-0.323,0
2022-09-23T08:24:36.233000,2.436812,55.062397,-0.318,0
2022-09-23T08:24:37.176000,2.426756,55.005515,-0.325,0
2022-09-23T08:24:38.120000,2.416716,54.948632,-0.313,0
2022-09-23T08:24:39.063000,2.406694,54.891748,-0.305,0
2022-09-23T08:24:40.007000,2.396689,54.834863,-0.324,0
2022-09-23T08:24:40.950000,2.386701,54.777977,-0.293,0
2022-09-23T08:24:41.893000,2.376729,54.72109,-0.295,0
2022-09-23T08:24:42.837000,2.366775,54.664202,-0.306,0
2022-09-23T08:24:43.780000,2.356837,54.607314,-0.302,0
2022-09-23T08:24:44.724000,2.346916,54.550424,-0.283,0
2022-09-23T08:24:45.667000,2.337012,54.493534,-0.279,0
2022-09-23T08:24:46.611000,2.327124,54.436643,-0.271,0
2022-09-23T08:24:47.554000,2.317252,54.379751,-0.277,0
2022-09-23T08:24:48.498000,2.307397,54.322857,-0.251,0
2022-09-23T08:24:49.441000,2.297559,54.265963,-0.255,0
2022-09-23T08:24:50.384000,2.287736,54.209069,-0.237,0
2022-09-23T08:24:51.328000,2.277929,54.152173,-0.241,0
2022-09-23T08:24:52.271000,2.268139,54.095276,-0.242,0
2022-09-23T08:24:53.215000,2.258364,54.038379,-0.225,0
2022-09-23T08:24:54.158000,2.248606,53.98148,-0.19,0
2022-09-23T08:24:55.102000,2.238863,53.924581,-0.151,0
2022-09-23T08:24:56.045000,2.229136,53.86768,-0.125,0
2022-09-23T08:24:56.988000,2.219425,53.810779,-0.134,0
2022-09-23T08:24:57.932000,2.209729,53.753877,-0.096,0
2022-09-23T08:24:58.875000,2.200049,53.696974,-0.091,0
2022-09-23T08:24:59.819000,2.190384,53.640071,-0.039,0
2022-09-23T08:25:00.762000,2.180734,53.583166,-0.017,0
2022-09-23T08:25:01.706000,2.1711,53.52626,-0.004,0
2022-09-23T08:25:02.649000,2.161481,53.469354,0.038,0
2022-09-23T08:25:03.593000,2.151877,53.412446,0.063,0
2022-09-23T08:25:04.536000,2.142289,53.355538,0.088,0
2022-09-23T08:25:05.479000,2.132715,53.298629,0.127,0
2022-09-23T08:25:06.423000,2.123156,53.241719,0.173,0
2022-09-23T08:25:07.366000,2.113612,53.184808,0.225,0
2022-09-23T08:25:08.310000,2.104083,53.127897,0.262,0
2022-09-23T08:25:09.253000,2.094569,53.070984,0.316,0
2022-09-23T08:25:10.197000,2.085069,53.01407,0.331,0
2022-09-23T08:25:11.140000,2.075584,52.957156,0.395,0
2022-09-23T08:25:12.083000,2.066113,52.900241,0.436,0
2022-09-23T08:25:13.027000,2.056657,52.843325,0.493,0
2022-09-23T08:25:13.970000,2.047215,52.786408,0.535,0
2022-09-23T08:25:14.914000,2.037787,52.72949,0.552,0
2022-09-23T08:25:15.857000,2.028374,52.672571,0.601,0
2022-09-23T08:25:16.801000,2.018975,52.615651,0.641,0
2022-09-23T08:25:17.744000,2.00959,52.558731,0.675,0
2022-09-23T08:25:18.687000,2.000219,52.501809,0.703,0
2022-09-23T08:25:19.631000,1.990862,52.444887,0.709,0
2022-09-23T08:25:20.574000,1.981519,52.387964,0.755,0
2022-09-23T08:25:21.518000,1.97219,52.33104,0.764,0
2022-09-23T08:25:22.461000,1.962875,52.274115,0.777,0
2022-09-23T08:25:23.405000,1.953573,52.217189,0.766,0
2022-09-23T08:25:24.348000,1.944285,52.160263,0.778,0
2022-09-23T08:25:25.292000,1.935011,52.103336,0.789,0
2022-09-23T08:25:26.235000,1.92575,52.046407,0.801,0
2022-09-23T08:25:27.178000,1.916503,51.989478,0.765,0
2022-09-23T08:25:28.122000,1.907269,51.932548,0.786,0
2022-09-23T08:25:29.065000,1.898049,51.875617,0.804,0
2022-09-23T08:25:30.009000,1.888841,51.818685,0.778,0
2022-09-23T08:25:30.952000,1.879647,51.761753,0.801,0
2022-09-23T08:25:31.896000,1.870467,51.704819,0.796,0
2022-09-23T08:25:32.839000,1.861299,51.647885,0.818,0
2022-09-23T08:25:33.782000,1.852144,51.59095,0.852,0
2022-09-23T08:25:34.726000,1.843003,51.534014,0.907,0
2022-09-23T08:25:35.669000,1.833874,51.477077,0.945,0
2022-09-23T08:25:36.613000,1.824758,51.420139,1.021,0
2022-09-23T08:25:37.556000,1.815655,51.3632,1.098,0
2022-09-23T08:25:38.500000,1.806565,51.306261,1.201,0
2022-09-23T08:25:39.443000,1.797488,51.249321,1.286,0
2022-09-23T08:25:40.387000,1.788423,51.192379,1.38,0
2022-09-23T08:25:41.330000,1.77937,51.135437,1.484,0
2022-09-23T08:25:42.273000,1.770331,51.078495,1.556,1
2022-09-23T08:25:43.217000,1.761304,51.021551,1.649,1
2022-09-23T19:39:40.814000,7.658057,53.831659,1.031,1
2022-09-23T19:39:41.757000,7.64834,53.888565,0.98,1
2022-09-23T19:39:42.700000,7.638607,53.945471,0.907,0
2022-09-23T19:39:43.644000,7.628859,54.002376,0.873,0
2022-09-23T19:39:44.587000,7.619095,54.05928,0.842,0
2022-09-23T19:39:45.531000,7.609315,54.116183,0.797,0
2022-09-23T19:39:46.474000,7.599519,54.173086,0.744,0
2022-09-23T19:39:47.418000,7.589707,54.229987,0.706,0
2022-09-23T19:39:48.361000,7.579879,54.286887,0.66,0
2022-09-23T19:39:49.304000,7.570035,54.343787,0.622,0
2022-09-23T19:39:50.248000,7.560174,54.400685,0.606,0
2022-09-23T19:39:51.191000,7.550297,54.457583,0.552,0
2022-09-23T19:39:52.135000,7.540403,54.51448,0.534,0
2022-09-23T19:39:53.078000,7.530493,54.571376,0.475,0
2022-09-23T19:39:54.022000,7.520566,54.628271,0.443,0
2022-09-23T19:39:54.965000,7.510623,54.685165,0.49,0
2022-09-23T19:39:55.909000,7.500663,54.742058,0.375,0
2022-09-23T19:39:56.852000,7.490686,54.79895,0.325,0
2022-09-23T19:39:57.795000,7.480692,54.855841,0.326,0
2022-09-23T19:39:58.739000,7.47068,54.912732,0.323,0
2022-09-23T19:39:59.682000,7.460652,54.969621,0.287,0
2022-09-23T19:40:00.626000,7.450607,55.02651,0.249,0
2022-09-23T19:40:01.569000,7.440544,55.083397,0.256,0
2022-09-23T19:40:02.513000,7.430464,55.140284,0.218,0
2022-09-23T19:40:03.456000,7.420366,55.19717,0.186,0
2022-09-23T19:40:04.399000,7.410251,55.254055,0.157,0
2022-09-23T19:40:05.343000,7.400118,55.310939,0.145,0
2022-09-23T19:40:06.286000,7.389968,55.367822,0.139,0
2022-09-23T19:40:07.230000,7.3798,55.424704,0.126,0
2022-09-23T19:40:08.173000,7.369613,55.481585,0.132,0
2022-09-23T19:40:09.117000,7.359409,55.538466,0.099,0
2022-09-23T19:40:10.060000,7.349187,55.595345,0.08,0
2022-09-23T19:40:11.004000,7.338946,55.652223,0.074,0
2022-09-23T19:40:11.947000,7.328688,55.709101,0.052,0
2022-09-23T19:40:12.890000,7.31841,55.765977,0.055,0
2022-09-23T19:40:13.834000,7.308115,55.822853,0.054,0
2022-09-23T19:40:14.777000,7.297801,55.879727,0.033,0
2022-09-23T19:40:15.721000,7.287468,55.936601,0.038,0
2022-09-25T08:22:26.903000,1.589902,55.976927,-0.612,0
2022-09-25T08:22:27.846000,1.579558,55.920056,-0.587,0
2022-09-25T08:22:28.790000,1.569233,55.863184,-0.612,0
2022-09-25T08:22:29.733000,1.558926,55.806311,-0.604,0
2022-09-25T08:22:30.677000,1.548638,55.749437,-0.616,0
2022-09-25T08:22:31.620000,1.538368,55.692563,-0.607,0
2022-09-25T08:22:32.564000,1.528117,55.635687,-0.645,0
2022-09-25T08:22:33.507000,1.517883,55.57881,-0.623,0
2022-09-25T08:22:34.450000,1.507668,55.521933,-0.626,0
2022-09-25T08:22:35.394000,1.497471,55.465054,-0.614,0
2022-09-25T08:22:36.337000,1.487292,55.408175,-0.632,0
2022-09-25T08:22:37.281000,1.477131,55.351295,-0.617,0
2022-09-25T08:22:38.224000,1.466987,55.294413,-0.636,0
2022-09-25T08:22:39.168000,1.456862,55.237531,-0.629,0
2022-09-25T08:22:40.111000,1.446753,55.180648,-0.602,0
2022-09-25T08:22:41.054000,1.436663,55.123764,-0.601,0
2022-09-25T08:22:41.998000,1.426589,55.066879,-0.595,0
2022-09-25T08:22:42.941000,1.416533,55.009993,-0.595,0
2022-09-25T08:22:43.885000,1.406495,54.953107,-0.575,0
2022-09-25T08:22:44.828000,1.396473,54.896219,-0.556,0
2022-09-25T08:22:45.772000,1.386469,54.83933,-0.532,0
2022-09-25T08:22:46.715000,1.376482,54.782441,-0.521,0
2022-09-25T08:22:47.658000,1.366511,54.72555,-0.493,0
2022-09-25T08:22:48.602000,1.356558,54.668659,-0.472,0
2022-09-25T08:22:49.545000,1.346621,54.611767,-0.438,0
2022-09-25T08:22:50.489000,1.336701,54.554874,-0.448,0
2022-09-25T08:22:51.432000,1.326797,54.49798,-0.43,0
2022-09-25T08:22:52.376000,1.31691,54.441085,-0.414,0
2022-09-25T08:22:53.319000,1.30704,54.384189,-0.38,0
2022-09-25T08:22:54.263000,1.297185,54.327292,-0.354,0
2022-09-25T08:22:55.206000,1.287348,54.270394,-0.319,0
2022-09-25T08:22:56.149000,1.277526,54.213496,-0.328,0
2022-09-25T08:22:57.093000,1.26772,54.156596,-0.269,0
2022-09-25T08:22:58.036000,1.257931,54.099696,-0.244,0
2022-09-25T08:22:58.980000,1.248157,54.042795,-0.215,0
2022-09-25T08:22:59.923000,1.238399,53.985892,-0.203,0
2022-09-25T08:23:00.867000,1.228657,53.928989,-0.149,0
2022-09-25T08:23:01.810000,1.218931,53.872085,-0.058,0
2022-09-25T08:23:02.753000,1.209221,53.815181,-0.042,0
2022-09-25T08:23:03.697000,1.199526,53.758275,-0.029,0
2022-09-25T08:23:04.640000,1.189847,53.701368,0.05,0
2022-09-25T08:23:05.584000,1.180182,53.644461,0.108,0
2022-09-25T08:23:06.527000,1.170534,53.587552,0.184,0
2022-09-25T08:23:07.471000,1.160901,53.530643,0.262,0
2022-09-25T08:23:08.414000,1.151282,53.473733,0.335,0
2022-09-25T08:23:09.358000,1.14168,53.416821,0.401,0
2022-09-25T08:23:10.301000,1.132092,53.35991,0.509,0
2022-09-25T08:23:11.244000,1.122519,53.302997,0.57,0
2022-09-25T08:23:12.188000,1.112961,53.246083,0.655,0
2022-09-25T08:23:13.131000,1.103418,53.189168,0.762,0
2022-09-25T08:23:14.075000,1.09389,53.132253,0.853,0
2022-09-25T08:23:15.018000,1.084376,53.075336,0.905,1
2022-09-25T08:23:15.962000,1.074877,53.018419,0.952,1
2022-09-25T08:23:41.434000,0.823707,51.481321,0.004,1
2022-09-25T08:23:52.756000,0.715162,50.797964,0.582,1
2022-09-25T08:23:53.699000,0.706197,50.741012,0.634,1
2022-09-25T08:23:54.643000,0.697244,50.684059,0.713,0
2022-09-25T08:23:55.586000,0.688304,50.627105,0.768,0
2022-09-25T08:23:56.529000,0.679375,50.570151,0.873,0
2022-09-25T08:23:57.473000,0.670459,50.513195,0.944,0
2022-09-25T08:23:58.416000,0.661554,50.456239,1.024,0
2022-09-25T08:23:59.360000,0.652662,50.399282,1.101,0
2022-09-25T08:24:00.303000,0.643781,50.342324,1.188,0
2022-09-25T08:24:01.247000,0.634912,50.285366,1.293,0
2022-09-25T08:24:02.190000,0.626055,50.228406,1.392,0
2022-09-25T08:24:03.133000,0.617209,50.171446,1.488,0
2022-09-25T08:24:04.077000,0.608375,50.114484,1.561,0
2022-09-25T08:24:05.020000,0.599553,50.057522,1.667,0
2022-09-25T08:24:05.964000,0.590742,50.000559,1.775,0
2022-09-25T08:24:06.907000,0.581942,49.943596,1.845,1
2022-09-25T19:37:43.748000,6.679271,53.657626,0.847,1
2022-09-25T19:37:44.692000,6.669605,53.714532,0.812,1
2022-09-25T19:37:45.635000,6.659923,53.771437,0.738,0
2022-09-25T19:37:46.579000,6.650226,53.828341,0.697,0
2022-09-25T19:37:47.522000,6.640514,53.885244,0.638,0
2022-09-25T19:37:48.465000,6.630785,53.942146,0.629,0
2022-09-25T19:37:49.409000,6.621041,53.999047,0.577,0
2022-09-25T19:37:50.352000,6.611281,54.055948,0.557,0
2022-09-25T19:37:51.296000,6.601505,54.112847,0.496,0
2022-09-25T19:37:52.239000,6.591713,54.169746,0.479,0
2022-09-25T19:37:53.183000,6.581905,54.226644,0.424,0
2022-09-25T19:37:54.126000,6.572081,54.283541,0.384,0
2022-09-25T19:37:55.070000,6.562241,54.340436,0.369,0
2022-09-25T19:37:56.013000,6.552384,54.397331,0.326,0
2022-09-25T19:37:56.956000,6.542511,54.454226,0.322,0
2022-09-25T19:37:57.900000,6.532622,54.511119,0.316,0
2022-09-25T19:37:58.843000,6.522716,54.568011,0.298,0
2022-09-25T19:37:59.787000,6.512793,54.624903,0.296,0
2022-09-25T19:38:00.730000,6.502854,54.681793,0.286,0
2022-09-25T19:38:01.674000,6.492898,54.738683,0.223,0
2022-09-25T19:38:02.617000,6.482925,54.795571,0.189,0
2022-09-25T19:38:03.560000,6.472935,54.852459,0.215,0
2022-09-25T19:38:04.504000,6.462928,54.909346,0.196,0
2022-09-25T19:38:05.447000,6.452905,54.966232,0.211,0
2022-09-25T19:38:06.391000,6.442863,55.023117,0.203,0
2022-09-25T19:38:07.334000,6.432805,55.080001,0.184,0
2022-09-25T19:38:08.278000,6.422729,55.136885,0.156,0
2022-09-25T19:38:09.221000,6.412636,55.193767,0.153,0
2022-09-25T19:38:10.165000,6.402525,55.250648,0.152,0
2022-09-25T19:38:11.108000,6.392397,55.307529,0.155,0
2022-09-25T19:38:12.051000,6.38225,55.364408,0.126,0
2022-09-25T19:38:12.995000,6.372086,55.421287,0.105,0
2022-09-25T19:38:13.938000,6.361905,55.478165,0.132,0
2022-09-25T19:38:14.882000,6.351705,55.535042,0.108,0
2022-09-25T19:38:15.825000,6.341487,55.591918,0.119,0
2022-09-25T19:38:16.769000,6.331251,55.648792,0.099,0
2022-09-25T19:38:17.712000,6.320997,55.705667,0.132,0
2022-09-25T19:38:18.655000,6.310724,55.76254,0.138,0
2022-09-25T19:38:19.599000,6.300433,55.819412,0.154,0
2022-09-25T19:38:20.542000,6.290123,55.876283,0.148,0
2022-09-25T19:38:21.486000,6.279795,55.933153,0.134,0
2022-09-27T08:20:32.668000,0.578892,55.978033,-0.536,0
2022-09-27T08:20:33.611000,0.56855,55.921157,-0.54,0
2022-09-27T08:20:34.555000,0.558226,55.864281,-0.503,0
2022-09-27T08:20:35.498000,0.547921,55.807404,-0.462,0
2022-09-27T08:20:36.442000,0.537635,55.750526,-0.457,0
2022-09-27T08:20:37.385000,0.527367,55.693647,-0.452,0
2022-09-27T08:20:38.329000,0.517118,55.636767,-0.414,0
2022-09-27T08:20:39.272000,0.506886,55.579886,-0.377,0
2022-09-27T08:20:40.215000,0.496673,55.523004,-0.325,0
2022-09-27T08:20:41.159000,0.486478,55.466122,-0.341,0
2022-09-27T08:20:42.102000,0.4763,55.409238,-0.314,0
2022-09-27T08:20:43.046000,0.466141,55.352353,-0.277,0
2022-09-27T08:20:43.989000,0.456,55.295468,-0.336,0
2022-09-27T08:20:44.933000,0.445876,55.238581,-0.235,0
2022-09-27T08:20:45.876000,0.435769,55.181694,-0.205,0
2022-09-27T08:20:46.819000,0.425681,55.124806,-0.221,0
2022-09-27T08:20:47.763000,0.415609,55.067916,-0.156,0
2022-09-27T08:20:48.706000,0.405555,55.011026,-0.149,0
2022-09-27T08:20:49.650000,0.395518,54.954135,-0.11,0
2022-09-27T08:20:50.593000,0.385499,54.897243,-0.113,0
2022-09-27T08:20:51.537000,0.375496,54.84035,-0.097,0
2022-09-27T08:20:52.480000,0.365511,54.783456,-0.052,0
2022-09-27T08:20:53.424000,0.355542,54.726562,-0.043,0
2022-09-27T08:20:54.367000,0.345591,54.669666,0.029,0
2022-09-27T08:20:55.310000,0.335656,54.612769,0.037,0
2022-09-27T08:20:56.254000,0.325737,54.555872,0.08,0
2022-09-27T08:20:57.197000,0.315836,54.498974,0.089,0
2022-09-27T08:20:58.141000,0.30595,54.442074,0.163,0
2022-09-27T08:20:59.084000,0.296082,54.385174,0.213,0
2022-09-27T08:21:00.028000,0.286229,54.328273,0.244,0
2022-09-27T08:21:00.971000,0.276393,54.271371,0.327,0
2022-09-27T08:21:01.914000,0.266573,54.214468,0.34,0
2022-09-27T08:21:02.858000,0.256769,54.157564,0.393,0
2022-09-27T08:21:03.801000,0.246982,54.100659,0.459,0
2022-09-27T08:21:04.745000,0.23721,54.043754,0.498,0
2022-09-27T08:21:05.688000,0.227454,53.986847,0.6,0
2022-09-27T08:21:06.632000,0.217714,53.92994,0.64,0
2022-09-27T08:21:07.575000,0.207989,53.873031,0.697,0
2022-09-27T08:21:08.519000,0.198281,53.816122,0.751,1
2022-09-27T08:21:09.462000,0.188588,53.759212,0.802,1
2022-09-27T08:21:10.405000,0.17891,53.702301,0.903,1
2022-09-27T08:21:59.464000,-0.304651,50.741708,-0.595,1
2022-09-27T08:22:00.408000,-0.313602,50.684751,-0.549,1
2022-09-27T08:22:01.351000,-0.322541,50.627792,-0.418,0
2022-09-27T08:22:02.294000,-0.331468,50.570833,-0.291,0
2022-09-27T08:22:03.238000,-0.340383,50.513873,-0.2,0
2022-09-27T08:22:04.181000,-0.349286,50.456912,-0.091,0
2022-09-27T08:22:05.125000,-0.358177,50.399951,0.028,0
2022-09-27T08:22:06.068000,-0.367056,50.342988,0.161,0
2022-09-27T08:22:07.012000,-0.375923,50.286025,0.292,0
2022-09-27T08:22:07.955000,-0.384779,50.22906,0.416,0
2022-09-27T08:22:08.899000,-0.393623,50.172095,0.577,0
2022-09-27T08:22:09.842000,-0.402456,50.115129,0.728,0
2022-09-27T08:22:10.785000,-0.411276,50.058162,0.864,0
2022-09-27T08:22:11.729000,-0.420086,50.001195,1.01,0
2022-09-27T08:22:12.672000,-0.428883,49.944226,1.158,0
2022-09-27T08:22:13.616000,-0.43767,49.887257,1.299,0
2022-09-27T08:22:14.559000,-0.446445,49.830287,1.46,0
2022-09-27T08:22:15.503000,-0.455209,49.773316,1.599,0
2022-09-27T08:22:16.446000,-0.463961,49.716344,1.796,0
2022-09-27T19:35:47.626000,5.689908,53.542928,1.042,1
2022-09-27T19:35:48.570000,5.680275,53.599832,0.933,0
2022-09-27T19:35:49.513000,5.670628,53.656736,0.932,0
2022-09-27T19:35:50.457000,5.660964,53.713639,0.88,0
2022-09-27T19:35:51.400000,5.651286,53.770541,0.886,0
2022-09-27T19:35:52.344000,5.641591,53.827442,0.791,0
2022-09-27T19:35:53.287000,5.631882,53.884342,0.826,0
2022-09-27T19:35:54.231000,5.622156,53.941241,0.817,0
2022-09-27T19:35:55.174000,5.612415,53.99814,0.656,0
2022-09-27T19:35:56.117000,5.602658,54.055037,0.685,0
2022-09-27T19:35:57.061000,5.592885,54.111933,0.649,0
2022-09-27T19:35:58.004000,5.583096,54.168829,0.64,0
2022-09-27T19:35:58.948000,5.573291,54.225724,0.636,0
2022-09-27T19:35:59.891000,5.56347,54.282618,0.613,0
2022-09-27T19:36:00.835000,5.553633,54.339511,0.555,0
2022-09-27T19:36:01.778000,5.543779,54.396403,0.566,0
2022-09-27T19:36:02.721000,5.533909,54.453294,0.515,0
2022-09-27T19:36:03.665000,5.524023,54.510184,0.488,0
2022-09-27T19:36:04.608000,5.51412,54.567074,0.484,0
2022-09-27T19:36:05.552000,5.504201,54.623962,0.478,0
2022-09-27T19:36:06.495000,5.494264,54.68085,0.493,0
2022-09-27T19:36:07.439000,5.484311,54.737737,0.467,0
2022-09-27T19:36:08.382000,5.474342,54.794623,0.405,0
2022-09-27T19:36:09.326000,5.464355,54.851507,0.413,0
2022-09-27T19:36:10.269000,5.454351,54.908392,0.409,0
2022-09-27T19:36:11.212000,5.44433,54.965275,0.376,0
2022-09-27T19:36:12.156000,5.434292,55.022157,0.411,0
2022-09-27T19:36:13.099000,5.424237,55.079038,0.404,0
2022-09-27T19:36:14.043000,5.414164,55.135918,0.253,0
2022-09-27T19:36:14.986000,5.404074,55.192798,0.31,0
2022-09-27T19:36:15.930000,5.393967,55.249676,0.263,0
2022-09-27T19:36:16.873000,5.383841,55.306554,0.36,0
2022-09-27T19:36:17.816000,5.373698,55.363431,0.351,0
2022-09-27T19:36:18.760000,5.363538,55.420307,0.181,0
2022-09-27T19:36:19.703000,5.353359,55.477182,0.243,0
2022-09-27T19:36:20.647000,5.343162,55.534056,0.123,0
2022-09-27T19:36:21.590000,5.332948,55.590929,0.162,1
2022-09-27T19:36:22.534000,5.322715,55.647801,0.187,0
2022-09-27T19:36:23.477000,5.312464,55.704672,0.334,0
2022-09-27T19:36:24.420000,5.302194,55.761543,0.303,0
2022-09-27T19:36:25.364000,5.291907,55.818412,0.337,0
2022-09-27T19:36:26.307000,5.2816,55.87528,0.346,0
2022-09-27T19:36:27.251000,5.271275,55.932148,0.32,0
2022-09-29T08:18:38.433000,-0.432351,55.975243,-0.438,0
2022-09-29T08:18:39.376000,-0.442691,55.918363,-0.409,0
2022-09-29T08:18:40.320000,-0.453013,55.861482,-0.397,0
2022-09-29T08:18:41.263000,-0.463316,55.8046,-0.369,0
2022-09-29T08:18:42.207000,-0.473601,55.747717,-0.323,0
2022-09-29T08:18:43.150000,-0.483867,55.690833,-0.263,0
2022-09-29T08:18:44.094000,-0.494115,55.633948,-0.257,0
2022-09-29T08:18:45.037000,-0.504345,55.577063,-0.194,0
2022-09-29T08:18:45.980000,-0.514556,55.520176,-0.181,0
2022-09-29T08:18:46.924000,-0.52475,55.463288,-0.105,0
2022-09-29T08:18:47.867000,-0.534925,55.4064,-0.064,0
2022-09-29T08:18:48.811000,-0.545083,55.349511,-0.023,0
2022-09-29T08:18:49.754000,-0.555223,55.29262,0.005,0
2022-09-29T08:18:50.698000,-0.565345,55.235729,0.068,0
2022-09-29T08:18:51.641000,-0.57545,55.178836,0.09,0
2022-09-29T08:18:52.585000,-0.585537,55.121943,0.15,0
2022-09-29T08:18:53.528000,-0.595606,55.065049,0.18,0
2022-09-29T08:18:54.471000,-0.605659,55.008154,0.22,0
2022-09-29T08:18:55.415000,-0.615694,54.951258,0.274,0
2022-09-29T08:18:56.358000,-0.625712,54.894361,0.31,0
2022-09-29T08:18:57.302000,-0.635713,54.837463,0.31,0
2022-09-29T08:18:58.245000,-0.645697,54.780565,0.367,0
2022-09-29T08:18:59.189000,-0.655663,54.723665,0.426,0
2022-09-29T08:19:00.132000,-0.665614,54.666764,0.436,1
2022-09-29T08:19:01.075000,-0.675547,54.609863,0.488,1
2022-09-29T08:20:09.003000,-1.351482,50.510601,0.148,1
2022-09-29T08:20:09.946000,-1.360383,50.453635,0.269,1
2022-09-29T08:20:10.890000,-1.369273,50.396668,0.343,0
2022-09-29T08:20:11.833000,-1.378151,50.3397,0.444,0
2022-09-29T08:20:12.777000,-1.387017,50.282731,0.558,0
2022-09-29T08:20:13.720000,-1.395872,50.225762,0.649,0
2022-09-29T08:20:14.664000,-1.404714,50.168792,0.757,0
2022-09-29T08:20:15.607000,-1.413545,50.11182,0.912,0
2022-09-29T08:20:16.550000,-1.422365,50.054848,1.006,0
2022-09-29T08:20:17.494000,-1.431173,49.997875,1.101,0
2022-09-29T08:20:18.437000,-1.43997,49.940902,1.205,0
2022-09-29T08:20:19.381000,-1.448755,49.883927,1.344,0
2022-09-29T08:20:20.324000,-1.457529,49.826951,1.49,1
2022-09-29T08:20:21.268000,-1.466291,49.769975,1.656,1
2022-09-29T19:33:47.731000,4.737625,53.20022,0.812,1
2022-09-29T19:33:48.674000,4.728084,53.257128,0.729,1
2022-09-29T19:33:49.618000,4.718528,53.314034,0.723,1
2022-09-29T19:33:50.561000,4.708958,53.37094,0.714,0
2022-09-29T19:33:51.505000,4.699372,53.427845,0.697,0
2022-09-29T19:33:52.448000,4.689771,53.484749,0.641,0
2022-09-29T19:33:54.335000,4.670524,53.598555,0.679,0
2022-09-29T19:33:55.278000,4.660878,53.655456,0.624,0
2022-09-29T19:33:56.222000,4.651216,53.712357,0.592,0
2022-09-29T19:33:57.165000,4.641539,53.769256,0.599,0
2022-09-29T19:33:58.109000,4.631846,53.826155,0.587,0
2022-09-29T19:33:59.052000,4.622138,53.883053,0.543,0
2022-09-29T19:33:59.996000,4.612414,53.93995,0.552,0
2022-09-29T19:34:00.939000,4.602674,53.996846,0.55,0
2022-09-29T19:34:01.882000,4.592918,54.053741,0.543,0
2022-09-29T19:34:02.826000,4.583147,54.110636,0.534,0
2022-09-29T19:34:03.769000,4.57336,54.167529,0.511,0
2022-09-29T19:34:04.713000,4.563556,54.224422,0.552,0
2022-09-29T19:34:05.656000,4.553737,54.281313,0.529,0
2022-09-29T19:34:06.600000,4.543901,54.338204,0.529,0
2022-09-29T19:34:07.543000,4.534049,54.395094,0.539,0
2022-09-29T19:34:08.486000,4.52418,54.451983,0.508,0
2022-09-29T19:34:09.430000,4.514296,54.508871,0.482,0
2022-09-29T19:34:10.373000,4.504394,54.565758,0.456,0
2022-09-29T19:34:11.317000,4.494476,54.622645,0.453,0
2022-09-29T19:34:12.260000,4.484542,54.67953,0.452,0
2022-09-29T19:34:13.204000,4.47459,54.736415,0.461,0
2022-09-29T19:34:14.147000,4.464622,54.793299,0.427,0
2022-09-29T19:34:15.091000,4.454637,54.850181,0.421,0
2022-09-29T19:34:16.034000,4.444635,54.907063,0.413,0
2022-09-29T19:34:16.977000,4.434615,54.963944,0.407,0
2022-09-29T19:34:17.921000,4.424579,55.020824,0.392,0
2022-09-29T19:34:18.864000,4.414525,55.077704,0.367,0
2022-09-29T19:34:19.808000,4.404454,55.134582,0.346,0
2022-09-29T19:34:20.751000,4.394366,55.191459,0.341,0
2022-09-29T19:34:21.695000,4.38426,55.248336,0.33,0
2022-09-29T19:34:22.638000,4.374136,55.305211,0.339,0
2022-09-29T19:34:23.581000,4.363995,55.362086,0.333,0
2022-09-29T19:34:24.525000,4.353835,55.41896,0.329,0
2022-09-29T19:34:25.468000,4.343658,55.475833,0.28,0
2022-09-29T19:34:26.412000,4.333463,55.532705,0.283,0
2022-09-29T19:34:27.355000,4.32325,55.589576,0.297,0
2022-09-29T19:34:28.299000,4.313019,55.646446,0.232,0
2022-09-29T19:34:29.242000,4.30277,55.703315,0.257,0
2022-09-29T19:34:30.186000,4.292502,55.760183,0.231,0
2022-09-29T19:34:31.129000,4.282216,55.817051,0.2,0
2022-09-29T19:34:32.072000,4.271911,55.873917,0.214,0
2022-09-29T19:34:33.016000,4.261588,55.930783,0.197,0
2022-10-01T08:16:45.141000,-1.4494,55.95022,0.734,0
2022-10-01T08:16:46.085000,-1.459733,55.893335,0.765,0
2022-10-01T08:16:47.028000,-1.470048,55.836448,0.83,0
2022-10-01T08:16:47.972000,-1.480344,55.779561,0.891,0
2022-10-01T08:16:48.915000,-1.490621,55.722672,0.946,1
2022-10-01T08:16:49.859000,-1.500881,55.665783,0.98,1
2022-10-01T08:16:50.802000,-1.511122,55.608892,1.053,1
2022-10-01T08:16:51.746000,-1.521344,55.552001,1.117,1
2022-10-01T08:18:15.711000,-2.367986,50.48503,0.929,1
2022-10-01T08:18:16.655000,-2.376883,50.428058,0.985,1
2022-10-01T08:18:17.598000,-2.385768,50.371085,1.049,0
2022-10-01T08:18:18.542000,-2.394642,50.314111,1.1,0
2022-10-01T08:18:19.485000,-2.403503,50.257137,1.135,0
2022-10-01T08:18:20.429000,-2.412353,50.200161,1.188,0
2022-10-01T19:31:34.627000,3.918516,52.020371,0.887,1
2022-10-01T19:31:35.571000,3.909268,52.077295,0.901,1
2022-10-01T19:31:36.514000,3.900006,52.134218,0.933,0
2022-10-01T19:31:37.457000,3.890731,52.191139,0.859,0
2022-10-01T19:31:38.401000,3.881442,52.24806,0.894,0
2022-10-01T19:31:39.344000,3.872139,52.30498,0.869,0
2022-10-01T19:31:40.288000,3.862823,52.3619,0.854,0
2022-10-01T19:31:41.231000,3.853493,52.418818,0.876,0
2022-10-01T19:31:42.175000,3.844148,52.475736,0.881,0
2022-10-01T19:31:43.118000,3.83479,52.532652,0.861,0
2022-10-01T19:31:44.062000,3.825418,52.589568,0.862,0
2022-10-01T19:31:45.005000,3.816032,52.646483,0.844,0
2022-10-01T19:31:45.948000,3.806632,52.703398,0.853,0
2022-10-01T19:31:46.892000,3.797217,52.760311,0.827,0
2022-10-01T19:31:47.835000,3.787789,52.817223,0.825,0
2022-10-01T19:31:48.779000,3.778346,52.874135,0.836,0
2022-10-01T19:31:49.722000,3.768888,52.931046,0.833,0
2022-10-01T19:31:50.666000,3.759416,52.987956,0.851,0
2022-10-01T19:31:51.609000,3.74993,53.044865,0.812,0
2022-10-01T19:31:52.552000,3.740428,53.101773,0.796,0
2022-10-01T19:31:53.496000,3.730913,53.15868,0.815,0
2022-10-01T19:31:54.439000,3.721382,53.215587,0.786,0
2022-10-01T19:31:55.383000,3.711837,53.272492,0.797,0
2022-10-01T19:31:56.326000,3.702276,53.329397,0.765,0
2022-10-01T19:31:57.270000,3.692701,53.386301,0.77,0
2022-10-01T19:31:58.213000,3.683111,53.443204,0.758,0
2022-10-01T19:31:59.157000,3.673506,53.500106,0.758,0
2022-10-01T19:32:00.100000,3.663885,53.557007,0.751,0
2022-10-01T19:32:01.043000,3.654249,53.613907,0.739,0
2022-10-01T19:32:01.987000,3.644598,53.670807,0.764,0
2022-10-01T19:32:02.930000,3.634932,53.727705,0.752,0
2022-10-01T19:32:03.874000,3.62525,53.784603,0.737,0
2022-10-01T19:32:04.817000,3.615553,53.8415,0.751,0
2022-10-01T19:32:05.761000,3.605839,53.898396,0.755,0
2022-10-01T19:32:06.704000,3.596111,53.955291,0.75,0
2022-10-01T19:32:07.647000,3.586366,54.012186,0.748,0
2022-10-01T19:32:08.591000,3.576606,54.069079,0.72,0
2022-10-01T19:32:09.534000,3.56683,54.125971,0.72,0
2022-10-01T19:32:10.478000,3.557037,54.182863,0.723,0
2022-10-01T19:32:11.421000,3.547229,54.239754,0.738,0
2022-10-01T19:32:12.365000,3.537405,54.296644,0.728,0
2022-10-01T19:32:13.308000,3.527564,54.353533,0.733,0
2022-10-01T19:32:14.252000,3.517707,54.410421,0.714,0
2022-10-01T19:32:15.195000,3.507833,54.467308,0.73,0
2022-10-01T19:32:16.138000,3.497944,54.524195,0.73,0
2022-10-01T19:32:17.082000,3.488037,54.58108,0.716,0
2022-10-01T19:32:18.025000,3.478114,54.637965,0.746,0
2022-10-01T19:32:18.969000,3.468175,54.694848,0.723,0
2022-10-01T19:32:19.912000,3.458218,54.751731,0.757,0
2022-10-01T19:32:20.856000,3.448245,54.808613,0.725,0
2022-10-01T19:32:21.799000,3.438254,54.865494,0.754,0
2022-10-01T19:32:22.742000,3.428247,54.922374,0.775,0
2022-10-01T19:32:23.686000,3.418222,54.979253,0.76,0
2022-10-01T19:32:24.629000,3.408181,55.036132,0.764,0
2022-10-01T19:32:25.573000,3.398122,55.093009,0.767,0
2022-10-01T19:32:26.516000,3.388046,55.149886,0.738,0
2022-10-01T19:32:27.460000,3.377952,55.206761,0.773,0
2022-10-01T19:32:28.403000,3.36784,55.263636,0.781,0
2022-10-01T19:32:29.347000,3.357711,55.32051,0.769,0
2022-10-01T19:32:30.290000,3.347565,55.377383,0.781,0
2022-10-01T19:32:31.233000,3.3374,55.434255,0.808,0
2022-10-01T19:32:32.177000,3.327218,55.491126,0.796,0
2022-10-01T19:32:33.120000,3.317017,55.547997,0.771,0
2022-10-01T19:32:34.064000,3.306799,55.604866,0.793,0
2022-10-01T19:32:35.007000,3.296562,55.661734,0.785,0
2022-10-01T19:32:35.951000,3.286307,55.718602,0.773,0
2022-10-01T19:32:36.894000,3.276034,55.775469,0.745,0
2022-10-01T19:32:37.837000,3.265742,55.832334,0.755,0
2022-10-01T19:32:38.781000,3.255432,55.889199,0.717,0
2022-10-01T19:32:39.724000,3.245103,55.946063,0.719,0
2022-10-03T19:29:29.071000,3.018416,51.330322,1.106,1
2022-10-03T19:29:30.014000,3.009325,51.387255,1.095,1
2022-10-03T19:29:30.958000,3.000222,51.444188,1.028,0
2022-10-03T19:29:31.901000,2.991106,51.501119,0.997,0
2022-10-03T19:29:32.845000,2.981978,51.55805,0.955,0
2022-10-03T19:29:33.788000,2.972836,51.61498,0.935,0
2022-10-03T19:29:34.732000,2.963681,51.671909,0.866,0
2022-10-03T19:29:35.675000,2.954514,51.728838,0.856,0
2022-10-03T19:29:36.618000,2.945332,51.785765,0.78,0
2022-10-03T19:29:37.562000,2.936138,51.842692,0.751,0
2022-10-03T19:29:38.505000,2.926931,51.899617,0.725,0
2022-10-03T19:29:39.449000,2.91771,51.956542,0.65,0
2022-10-03T19:29:40.392000,2.908476,52.013466,0.598,0
2022-10-03T19:29:41.336000,2.899229,52.07039,0.532,0
2022-10-03T19:29:42.279000,2.889968,52.127312,0.503,0
2022-10-03T19:29:43.223000,2.880693,52.184234,0.432,0
2022-10-03T19:29:44.166000,2.871405,52.241155,0.419,0
2022-10-03T19:29:45.109000,2.862103,52.298074,0.343,0
2022-10-03T19:29:46.053000,2.852787,52.354993,0.332,0
2022-10-03T19:29:46.996000,2.843458,52.411912,0.278,0
2022-10-03T19:29:47.940000,2.834115,52.468829,0.292,0
2022-10-03T19:29:48.883000,2.824758,52.525745,0.258,0
2022-10-03T19:29:49.827000,2.815386,52.582661,0.227,0
2022-10-03T19:29:50.770000,2.806001,52.639576,0.218,0
2022-10-03T19:29:51.713000,2.796601,52.69649,0.164,0
2022-10-03T19:29:52.657000,2.787188,52.753403,0.108,0
2022-10-03T19:29:53.600000,2.77776,52.810315,0.084,0
2022-10-03T19:29:54.544000,2.768318,52.867227,0.046,0
2022-10-03T19:29:55.487000,2.758861,52.924137,0.031,0
2022-10-03T19:29:56.431000,2.74939,52.981047,0.019,0
2022-10-03T19:29:57.374000,2.739904,53.037956,0.004,0
2022-10-03T19:29:58.318000,2.730404,53.094864,-0.012,0
2022-10-03T19:29:59.261000,2.720889,53.151771,-0.046,0
2022-10-03T19:30:00.204000,2.711359,53.208677,-0.053,0
2022-10-03T19:30:01.148000,2.701815,53.265583,-0.059,0
2022-10-03T19:30:02.091000,2.692256,53.322487,-0.065,0
2022-10-03T19:30:03.035000,2.682681,53.379391,-0.063,0
2022-10-03T19:30:03.978000,2.673092,53.436294,-0.081,0
2022-10-03T19:30:04.922000,2.663488,53.493196,-0.107,0
2022-10-03T19:30:05.865000,2.653868,53.550097,-0.089,0
2022-10-03T19:30:06.808000,2.644233,53.606997,-0.104,0
2022-10-03T19:30:07.752000,2.634583,53.663897,-0.108,0
2022-10-03T19:30:08.695000,2.624917,53.720795,-0.077,0
2022-10-03T19:30:09.639000,2.615236,53.777693,-0.095,0
2022-10-03T19:30:10.582000,2.60554,53.83459,-0.074,0
2022-10-03T19:30:11.526000,2.595828,53.891486,-0.066,0
2022-10-03T19:30:12.469000,2.5861,53.948381,-0.069,0
2022-10-03T19:30:13.413000,2.576356,54.005275,-0.055,0
2022-10-03T19:30:14.356000,2.566597,54.062168,-0.032,0
2022-10-03T19:30:15.299000,2.556822,54.119061,-0.003,0
2022-10-03T19:30:16.243000,2.54703,54.175953,0.011,0
2022-10-03T19:30:17.186000,2.537223,54.232843,0.018,0
2022-10-03T19:30:18.130000,2.5274,54.289733,0.034,0
2022-10-03T19:30:19.073000,2.51756,54.346622,0.032,0
2022-10-03T19:30:20.017000,2.507704,54.40351,0.084,0
2022-10-03T19:30:20.960000,2.497832,54.460397,0.105,0
2022-10-03T19:30:21.903000,2.487943,54.517284,0.128,0
2022-10-03T19:30:22.847000,2.478037,54.574169,0.149,0
2022-10-03T19:30:23.790000,2.468115,54.631054,0.157,0
2022-10-03T19:30:24.734000,2.458177,54.687938,0.127,0
2022-10-03T19:30:25.677000,2.448221,54.74482,0.178,0
2022-10-03T19:30:26.621000,2.438249,54.801702,0.158,0
2022-10-03T19:30:27.564000,2.42826,54.858584,0.163,0
2022-10-03T19:30:28.508000,2.418254,54.915464,0.185,0
2022-10-03T19:30:29.451000,2.40823,54.972343,0.18,0
2022-10-03T19:30:30.394000,2.398189,55.029221,0.177,0
2022-10-03T19:30:31.338000,2.388132,55.086099,0.186,0
2022-10-03T19:30:32.281000,2.378056,55.142976,0.204,0
2022-10-03T19:30:33.225000,2.367964,55.199851,0.227,0
2022-10-03T19:30:34.168000,2.357853,55.256726,0.25,0
2022-10-03T19:30:35.112000,2.347725,55.3136,0.273,0
2022-10-03T19:30:36.055000,2.33758,55.370473,0.291,0
2022-10-03T19:30:36.998000,2.327416,55.427345,0.291,0
2022-10-03T19:30:37.942000,2.317235,55.484217,0.288,0
2022-10-03T19:30:38.885000,2.307036,55.541087,0.303,0
2022-10-03T19:30:39.829000,2.296819,55.597957,0.311,0
2022-10-03T19:30:40.772000,2.286583,55.654825,0.316,0
2022-10-03T19:30:41.716000,2.276329,55.711693,0.3,0
2022-10-03T19:30:42.659000,2.266057,55.76856,0.344,0
2022-10-03T19:30:43.603000,2.255767,55.825425,0.358,0
2022-10-03T19:30:44.546000,2.245458,55.88229,0.361,0
2022-10-03T19:30:45.489000,2.23513,55.939155,0.376,0
2022-10-06T07:22:32.916000,8.338705,55.292574,1.467,1
2022-10-06T07:22:33.860000,8.328581,55.235663,1.503,1
2022-10-06T07:22:34.803000,8.318475,55.178752,1.548,1
2022-10-06T07:22:35.747000,8.308386,55.12184,1.523,1
2022-10-06T07:22:36.690000,8.298315,55.064927,1.541,1
2022-10-06T07:22:44.238000,8.218364,54.609587,1.859,1
2022-10-06T07:22:45.181000,8.208446,54.552665,1.925,1
2022-10-06T07:22:46.125000,8.198544,54.495743,1.927,0
2022-10-06T07:22:47.068000,8.188659,54.438819,1.95,0
2022-10-06T07:22:48.011000,8.178791,54.381895,1.968,0
2022-10-06T07:22:48.955000,8.168939,54.32497,1.976,0
2022-10-06T07:22:49.898000,8.159103,54.268043,2.011,0
2022-10-06T07:22:50.842000,8.149283,54.211116,1.991,0
2022-10-06T07:22:51.785000,8.13948,54.154188,2.036,0
2022-10-06T07:22:52.729000,8.129692,54.097259,2.035,0
2022-10-06T07:22:53.672000,8.119921,54.040329,2.05,0
2022-10-06T07:22:54.615000,8.110165,53.983398,2.061,0
2022-10-06T07:22:55.559000,8.100426,53.926467,2.028,0
2022-10-06T07:22:56.502000,8.090701,53.869534,2.096,1
2022-10-06T07:22:57.446000,8.080993,53.8126,2.158,1
2022-10-08T07:20:28.304000,7.4447,55.95937,0.528,0
2022-10-08T07:20:29.247000,7.434365,55.902465,0.52,0
2022-10-08T07:20:30.191000,7.424049,55.845559,0.534,0
2022-10-08T07:20:31.134000,7.413751,55.788652,0.571,0
2022-10-08T07:20:32.077000,7.403472,55.731743,0.588,0
2022-10-08T07:20:33.021000,7.393212,55.674834,0.6,0
2022-10-08T07:20:33.964000,7.382969,55.617924,0.619,0
2022-10-08T07:20:34.908000,7.372745,55.561013,0.611,0
2022-10-08T07:20:35.851000,7.362539,55.504101,0.628,0
2022-10-08T07:20:36.795000,7.352351,55.447188,0.605,0
2022-10-08T07:20:37.738000,7.34218,55.390274,0.681,0
2022-10-08T07:20:38.681000,7.332028,55.33336,0.69,0
2022-10-08T07:20:39.625000,7.321894,55.276444,0.688,0
2022-10-08T07:20:40.568000,7.311777,55.219527,0.715,0
2022-10-08T07:20:41.512000,7.301677,55.16261,0.792,0
2022-10-08T07:20:42.455000,7.291596,55.105691,0.804,0
2022-10-08T07:20:43.399000,7.281531,55.048772,0.812,0
2022-10-08T07:20:44.342000,7.271484,54.991851,0.814,0
2022-10-08T07:20:45.286000,7.261454,54.93493,0.865,0
2022-10-08T07:20:46.229000,7.251441,54.878007,0.889,0
2022-10-08T07:20:47.172000,7.241446,54.821084,0.916,0
2022-10-08T07:20:48.116000,7.231467,54.76416,0.948,0
2022-10-08T07:20:49.059000,7.221505,54.707235,0.97,0
2022-10-08T07:20:50.003000,7.21156,54.650309,0.994,0
2022-10-08T07:20:50.946000,7.201632,54.593382,1.039,0
2022-10-08T07:20:51.890000,7.191721,54.536454,1.063,0
2022-10-08T07:20:52.833000,7.181826,54.479525,1.11,0
2022-10-08T07:20:53.776000,7.171947,54.422596,1.164,0
2022-10-08T07:20:54.720000,7.162085,54.365665,1.197,0
2022-10-08T07:20:55.663000,7.152239,54.308733,1.243,0
2022-10-08T07:20:56.607000,7.14241,54.251801,1.287,0
2022-10-08T07:20:57.550000,7.132596,54.194868,1.321,0
2022-10-08T07:20:58.494000,7.122799,54.137933,1.337,0
2022-10-08T07:20:59.437000,7.113018,54.080998,1.369,0
2022-10-08T07:21:00.381000,7.103252,54.024062,1.426,0
2022-10-08T07:21:01.324000,7.093503,53.967125,1.477,0
2022-10-08T07:21:02.267000,7.083769,53.910187,1.548,0
2022-10-08T07:21:03.211000,7.074051,53.853248,1.578,0
2022-10-08T07:21:04.154000,7.064349,53.796308,1.635,1
2022-10-08T07:21:05.098000,7.054663,53.739367,1.695,1
2022-10-09T19:23:21.837000,0.227099,49.796622,1.022,1
2022-10-09T19:23:22.780000,0.218336,49.853577,0.847,1
2022-10-09T19:23:23.724000,0.209562,49.910532,0.724,0
2022-10-09T19:23:24.667000,0.200777,49.967487,0.561,0
2022-10-09T19:23:25.610000,0.19198,50.02444,0.391,0
2022-10-09T19:23:26.554000,0.183172,50.081393,0.243,0
2022-10-09T19:23:27.497000,0.174353,50.138345,0.125,0
2022-10-09T19:23:28.441000,0.165521,50.195296,0.015,0
2022-10-09T19:23:29.384000,0.156679,50.252246,-0.137,0
2022-10-09T19:23:30.328000,0.147824,50.309196,-0.272,0
2022-10-09T19:23:31.271000,0.138958,50.366144,-0.373,0
2022-10-09T19:23:32.215000,0.13008,50.423092,-0.487,0
2022-10-09T19:23:33.158000,0.12119,50.480039,-0.596,0
2022-10-09T19:23:34.101000,0.112288,50.536986,-0.7,0
2022-10-09T19:23:35.045000,0.103374,50.593931,-0.816,0
2022-10-09T19:23:35.988000,0.094448,50.650876,-0.876,1
2022-10-09T19:23:36.932000,0.085511,50.70782,-0.947,1
2022-10-09T19:24:40.142000,-0.543882,54.521193,-0.629,1
2022-10-09T19:24:41.085000,-0.553784,54.578081,-0.654,1
2022-10-09T19:24:42.029000,-0.563702,54.634968,-0.65,0
2022-10-09T19:24:42.972000,-0.573637,54.691853,-0.718,0
2022-10-09T19:24:43.916000,-0.583588,54.748738,-0.728,0
2022-10-09T19:24:44.859000,-0.593557,54.805622,-0.759,0
2022-10-09T19:24:45.803000,-0.603542,54.862505,-0.79,0
2022-10-09T19:24:46.746000,-0.613544,54.919388,-0.827,0
2022-10-09T19:24:47.690000,-0.623564,54.976269,-0.866,0
2022-10-09T19:24:48.633000,-0.633601,55.03315,-0.9,0
2022-10-09T19:24:49.576000,-0.643655,55.090029,-0.912,0
2022-10-09T19:24:50.520000,-0.653726,55.146908,-0.95,0
2022-10-09T19:24:51.463000,-0.663815,55.203786,-0.939,0
2022-10-09T19:24:52.407000,-0.673921,55.260663,-0.995,0
2022-10-09T19:24:53.350000,-0.684045,55.317539,-1.012,0
2022-10-09T19:24:54.294000,-0.694187,55.374415,-1.034,0
2022-10-09T19:24:55.237000,-0.704346,55.431289,-1.056,0
2022-10-09T19:24:56.180000,-0.714523,55.488163,-1.098,0
2022-10-09T19:24:57.124000,-0.724719,55.545035,-1.099,0
2022-10-09T19:24:58.067000,-0.734932,55.601907,-1.112,0
2022-10-09T19:24:59.011000,-0.745164,55.658778,-1.131,0
2022-10-09T19:24:59.954000,-0.755413,55.715648,-1.155,0
2022-10-09T19:25:00.898000,-0.765682,55.772517,-1.15,0
2022-10-09T19:25:01.841000,-0.775968,55.829386,-1.162,0
2022-10-09T19:25:02.785000,-0.786273,55.886253,-1.156,0
2022-10-09T19:25:03.728000,-0.796597,55.943119,-1.184,0
2022-10-10T07:18:35.012000,6.426074,55.931367,0.082,0
2022-10-10T07:18:35.956000,6.41575,55.874455,0.068,0
2022-10-10T07:18:36.899000,6.405445,55.817542,0.062,0
2022-10-10T07:18:37.842000,6.395158,55.760628,0.067,0
2022-10-10T07:18:38.786000,6.38489,55.703713,0.071,0
2022-10-10T07:18:39.729000,6.37464,55.646798,0.068,0
2022-10-10T07:18:40.673000,6.364409,55.589881,0.107,0
2022-10-10T07:18:41.616000,6.354195,55.532964,0.129,0
2022-10-10T07:18:42.560000,6.344,55.476045,0.103,0
2022-10-10T07:18:43.503000,6.333822,55.419125,0.109,0
2022-10-10T07:18:44.446000,6.323663,55.362205,0.133,0
2022-10-10T07:18:45.390000,6.313521,55.305284,0.115,0
2022-10-10T07:18:46.333000,6.303397,55.248361,0.184,0
2022-10-10T07:18:47.277000,6.293291,55.191438,0.161,0
2022-10-10T07:18:48.220000,6.283202,55.134514,0.203,0
2022-10-10T07:18:49.164000,6.27313,55.077589,0.187,0
2022-10-10T07:18:50.107000,6.263076,55.020663,0.243,0
2022-10-10T07:18:51.051000,6.253039,54.963736,0.271,0
2022-10-10T07:18:51.994000,6.24302,54.906808,0.286,0
2022-10-10T07:18:52.937000,6.233017,54.849879,0.326,0
2022-10-10T07:18:53.881000,6.223032,54.792949,0.333,0
2022-10-10T07:18:54.824000,6.213063,54.736018,0.367,0
2022-10-10T07:18:55.768000,6.203111,54.679087,0.405,0
2022-10-10T07:18:56.711000,6.193176,54.622154,0.421,0
2022-10-10T07:18:57.655000,6.183258,54.56522,0.477,0
2022-10-10T07:18:58.598000,6.173357,54.508286,0.508,0
2022-10-10T07:18:59.541000,6.163471,54.451351,0.575,0
2022-10-10T07:19:00.485000,6.153603,54.394414,0.622,0
2022-10-10T07:19:01.428000,6.143751,54.337477,0.644,0
2022-10-10T07:19:02.372000,6.133915,54.280539,0.66,0
2022-10-10T07:19:03.315000,6.124095,54.2236,0.697,0
2022-10-10T07:19:04.259000,6.114291,54.16666,0.738,0
2022-10-10T07:19:05.202000,6.104503,54.109719,0.81,0
2022-10-10T07:19:06.146000,6.094732,54.052777,0.842,0
2022-10-10T07:19:07.089000,6.084976,53.995834,0.91,0
2022-10-10T07:19:08.032000,6.075236,53.938891,0.967,0
2022-10-10T07:19:08.976000,6.065512,53.881946,1.007,0
2022-10-10T07:19:09.919000,6.055804,53.825001,1.063,0
2022-10-10T07:19:10.863000,6.046111,53.768054,1.125,0
2022-10-10T07:19:11.806000,6.036433,53.711107,1.165,0
2022-10-10T07:19:12.750000,6.026771,53.654159,1.222,0
2022-10-10T07:19:13.693000,6.017125,53.597209,1.277,1
2022-10-10T07:19:14.636000,6.007494,53.540259,1.36,1
2022-10-11T19:21:26.658000,-0.772012,49.71423,-0.249,0
2022-10-11T19:21:27.602000,-0.780757,49.771189,-0.279,0
2022-10-11T19:21:28.545000,-0.789513,49.828146,-0.27,0
2022-10-11T19:21:29.489000,-0.798281,49.885103,-0.289,0
2022-10-11T19:21:30.432000,-0.80706,49.942059,-0.313,0
2022-10-11T19:21:31.376000,-0.81585,49.999015,-0.348,0
2022-10-11T19:21:32.319000,-0.824652,50.055969,-0.368,0
2022-10-11T19:21:33.262000,-0.833465,50.112923,-0.404,0
2022-10-11T19:21:34.206000,-0.84229,50.169876,-0.461,0
2022-10-11T19:21:35.149000,-0.851127,50.226828,-0.51,0
2022-10-11T19:21:36.093000,-0.859975,50.28378,-0.603,0
2022-10-11T19:21:37.036000,-0.868835,50.34073,-0.698,0
2022-10-11T19:21:37.980000,-0.877707,50.39768,-0.78,0
2022-10-11T19:21:38.923000,-0.88659,50.454629,-0.858,0
2022-10-11T19:21:39.866000,-0.895486,50.511577,-0.908,0
2022-10-11T19:21:40.810000,-0.904393,50.568525,-0.979,0
2022-10-11T19:21:41.753000,-0.913312,50.625471,-1.023,1
2022-10-11T19:21:42.697000,-0.922243,50.682417,-1.059,1
2022-10-11T19:23:06.663000,-1.772733,55.747313,-0.86,1
2022-10-11T19:23:07.606000,-1.78301,55.804184,-0.887,1
2022-10-11T19:23:08.550000,-1.793305,55.861054,-0.917,0
2022-10-11T19:23:09.493000,-1.803619,55.917923,-0.947,0
2022-10-11T19:23:10.436000,-1.813952,55.974791,-0.987,0
2022-10-12T07:16:40.777000,5.416748,55.948873,0.124,0
2022-10-12T07:16:41.721000,5.406419,55.891955,0.153,0
2022-10-12T07:16:42.664000,5.396109,55.835036,0.127,0
2022-10-12T07:16:43.607000,5.385817,55.778117,0.129,0
2022-10-12T07:16:44.551000,5.375543,55.721196,0.146,0
2022-10-12T07:16:45.494000,5.365288,55.664275,0.176,0
2022-10-12T07:16:46.438000,5.355052,55.607352,0.21,0
2022-10-12T07:16:47.381000,5.344833,55.550429,0.188,0
2022-10-12T07:16:48.325000,5.334632,55.493505,0.185,0
2022-10-12T07:16:49.268000,5.32445,55.436579,0.218,0
2022-10-12T07:16:50.212000,5.314285,55.379653,0.236,0
2022-10-12T07:16:51.155000,5.304139,55.322726,0.249,0
2022-10-12T07:16:52.098000,5.294009,55.265798,0.261,0
2022-10-12T07:16:53.042000,5.283898,55.208869,0.28,0
2022-10-12T07:16:53.985000,5.273804,55.151939,0.313,0
2022-10-12T07:16:54.929000,5.263728,55.095008,0.323,0
2022-10-12T07:16:55.872000,5.253669,55.038076,0.354,0
2022-10-12T07:16:56.816000,5.243627,54.981143,0.35,0
2022-10-12T07:16:57.759000,5.233603,54.924209,0.383,0
2022-10-12T07:16:58.702000,5.223596,54.867275,0.375,0
2022-10-12T07:16:59.646000,5.213605,54.810339,0.374,0
2022-10-12T07:17:00.589000,5.203632,54.753403,0.403,0
2022-10-12T07:17:01.533000,5.193675,54.696465,0.406,0
2022-10-12T07:17:02.476000,5.183736,54.639527,0.438,0
2022-10-12T07:17:03.420000,5.173813,54.582587,0.468,0
2022-10-12T07:17:04.363000,5.163907,54.525647,0.445,0
2022-10-12T07:17:05.307000,5.154017,54.468706,0.5,0
2022-10-12T07:17:06.250000,5.144144,54.411764,0.511,0
2022-10-12T07:17:07.193000,5.134287,54.354821,0.495,0
2022-10-12T07:17:08.137000,5.124446,54.297877,0.512,0
2022-10-12T07:17:09.080000,5.114622,54.240932,0.545,0
2022-10-12T07:17:10.024000,5.104814,54.183986,0.544,0
2022-10-12T07:17:10.967000,5.095022,54.127039,0.554,0
2022-10-12T07:17:11.911000,5.085246,54.070092,0.589,0
2022-10-12T07:17:12.854000,5.075486,54.013143,0.611,0
2022-10-12T07:17:13.797000,5.065741,53.956194,0.653,0
2022-10-12T07:17:14.741000,5.056013,53.899243,0.69,0
2022-10-12T07:17:15.684000,5.0463,53.842292,0.71,0
2022-10-12T07:17:16.628000,5.036602,53.78534,0.736,0
2022-10-12T07:17:17.571000,5.026921,53.728386,0.762,0
2022-10-12T07:17:18.515000,5.017255,53.671432,0.816,0
2022-10-12T07:17:19.458000,5.007604,53.614477,0.852,0
2022-10-12T07:17:20.402000,4.997968,53.557522,0.9,0
2022-10-12T07:17:21.345000,4.988348,53.500565,0.937,0
2022-10-12T07:17:22.288000,4.978743,53.443607,0.989,0
2022-10-12T07:17:23.232000,4.969153,53.386648,1.018,1
2022-10-12T07:17:24.175000,4.959578,53.329689,1.085,1
2022-10-12T07:17:29.836000,4.902441,52.987913,0.696,1
2022-10-13T19:19:33.367000,-1.790212,49.754217,0.596,1
2022-10-13T19:19:34.310000,-1.798965,49.811177,0.586,1
2022-10-13T19:19:35.254000,-1.807729,49.868137,0.592,0
2022-10-13T19:19:36.197000,-1.816505,49.925095,0.564,0
2022-10-13T19:19:37.141000,-1.825292,49.982053,0.525,0
2022-10-13T19:19:38.084000,-1.834091,50.03901,0.497,0
2022-10-13T19:19:39.027000,-1.842901,50.095966,0.488,0
2022-10-13T19:19:39.971000,-1.851723,50.152921,0.443,0
2022-10-13T19:19:40.914000,-1.860556,50.209876,0.419,0
2022-10-13T19:19:41.858000,-1.869401,50.26683,0.417,0
2022-10-13T19:19:42.801000,-1.878258,50.323783,0.396,0
2022-10-13T19:19:43.745000,-1.887126,50.380735,0.358,0
2022-10-13T19:19:44.688000,-1.896007,50.437687,0.321,0
2022-10-13T19:19:45.632000,-1.904899,50.494637,0.297,1
2022-10-13T19:19:46.575000,-1.913803,50.551587,0.263,1
2022-10-14T07:14:46.542000,4.407004,55.957953,0.26,0
2022-10-14T07:14:47.486000,4.396671,55.901029,0.294,0
2022-10-14T07:14:48.429000,4.386356,55.844105,0.315,0
2022-10-14T07:14:49.373000,4.37606,55.787179,0.294,0
2022-10-14T07:14:50.316000,4.365783,55.730253,0.322,0
2022-10-14T07:14:51.259000,4.355524,55.673325,0.324,0
2022-10-14T07:14:52.203000,4.345283,55.616397,0.36,0
2022-10-14T07:14:53.146000,4.33506,55.559468,0.36,0
2022-10-14T07:14:54.090000,4.324856,55.502538,0.353,0
2022-10-14T07:14:55.033000,4.314669,55.445606,0.381,0
2022-10-14T07:14:55.977000,4.304501,55.388674,0.399,0
2022-10-14T07:14:56.920000,4.29435,55.331741,0.398,0
2022-10-14T07:14:57.863000,4.284217,55.274807,0.402,0
2022-10-14T07:14:58.807000,4.274102,55.217872,0.418,0
2022-10-14T07:14:59.750000,4.264004,55.160937,0.405,0
2022-10-14T07:15:00.694000,4.253924,55.104,0.429,0
2022-10-14T07:15:01.637000,4.243862,55.047062,0.436,0
2022-10-14T07:15:02.581000,4.233816,54.990123,0.429,0
2022-10-14T07:15:03.524000,4.223788,54.933184,0.444,0
2022-10-14T07:15:04.468000,4.213777,54.876243,0.465,0
2022-10-14T07:15:05.411000,4.203783,54.819302,0.486,0
2022-10-14T07:15:06.354000,4.193806,54.762359,0.496,0
2022-10-14T07:15:07.298000,4.183846,54.705416,0.503,0
2022-10-14T07:15:08.241000,4.173902,54.648472,0.519,0
2022-10-14T07:15:09.185000,4.163976,54.591527,0.524,0
2022-10-14T07:15:10.128000,4.154066,54.53458,0.548,0
2022-10-14T07:15:11.072000,4.144173,54.477633,0.58,0
2022-10-14T07:15:12.015000,4.134296,54.420685,0.583,0
2022-10-14T07:15:12.958000,4.124435,54.363737,0.599,0
2022-10-14T07:15:13.902000,4.114591,54.306787,0.594,0
2022-10-14T07:15:14.845000,4.104763,54.249836,0.596,0
2022-10-14T07:15:15.789000,4.094952,54.192884,0.615,0
2022-10-14T07:15:16.732000,4.085156,54.135932,0.609,0
2022-10-14T07:15:17.676000,4.075377,54.078978,0.632,0
2022-10-14T07:15:18.619000,4.065613,54.022024,0.61,0
2022-10-14T07:15:19.563000,4.055865,53.965068,0.625,0
2022-10-14T07:15:20.506000,4.046133,53.908112,0.639,0
2022-10-14T07:15:21.449000,4.036417,53.851155,0.657,0
2022-10-14T07:15:22.393000,4.026716,53.794197,0.671,0
2022-10-14T07:15:23.336000,4.017031,53.737238,0.659,0
2022-10-14T07:15:24.280000,4.007362,53.680278,0.63,0
2022-10-14T07:15:25.223000,3.997707,53.623317,0.633,0
2022-10-14T07:15:26.167000,3.988069,53.566355,0.601,0
2022-10-14T07:15:27.110000,3.978445,53.509393,0.602,0
2022-10-14T07:15:28.053000,3.968837,53.452429,0.601,0
2022-10-14T07:15:28.997000,3.959243,53.395465,0.588,0
2022-10-14T07:15:29.940000,3.949665,53.338499,0.559,0
2022-10-14T07:15:30.884000,3.940102,53.281533,0.549,0
2022-10-14T07:15:31.827000,3.930554,53.224566,0.52,0
2022-10-14T07:15:32.771000,3.92102,53.167598,0.527,0
2022-10-14T07:15:33.714000,3.911502,53.110629,0.522,0
2022-10-14T07:15:34.658000,3.901998,53.053659,0.495,0
2022-10-14T07:15:35.601000,3.892508,52.996688,0.483,0
2022-10-14T07:15:36.544000,3.883033,52.939717,0.45,0
2022-10-14T07:15:37.488000,3.873573,52.882744,0.412,0
2022-10-14T07:15:38.431000,3.864127,52.825771,0.385,0
2022-10-14T07:15:39.375000,3.854696,52.768796,0.383,0
2022-10-14T07:15:40.318000,3.845279,52.711821,0.359,0
2022-10-14T07:15:41.262000,3.835875,52.654845,0.329,0
2022-10-14T07:15:42.205000,3.826487,52.597868,0.291,0
2022-10-14T07:15:43.148000,3.817112,52.54089,0.305,0
2022-10-14T07:15:44.092000,3.807751,52.483911,0.28,0
2022-10-14T07:15:45.035000,3.798404,52.426931,0.265,0
2022-10-14T07:15:45.979000,3.789072,52.36995,0.256,0
2022-10-14T07:15:46.922000,3.779753,52.312969,0.211,0
2022-10-14T07:15:47.866000,3.770447,52.255987,0.176,0
2022-10-14T07:15:48.809000,3.761156,52.199003,0.158,0
2022-10-14T07:15:49.752000,3.751878,52.142019,0.123,0
2022-10-14T07:15:50.696000,3.742614,52.085034,0.097,0
2022-10-14T07:15:51.639000,3.733363,52.028048,0.054,0
2022-10-14T07:15:52.583000,3.724126,51.971061,0.022,0
2022-10-14T07:15:53.526000,3.714902,51.914074,-0.007,0
2022-10-14T07:15:54.470000,3.705691,51.857085,-0.026,1
2022-10-14T07:15:55.413000,3.696494,51.800095,-0.04,1
2022-10-16T07:12:52.307000,3.396755,55.959231,0.322,0
2022-10-16T07:12:53.251000,3.386419,55.902302,0.301,0
2022-10-16T07:12:54.194000,3.376103,55.845371,0.285,0
2022-10-16T07:12:55.138000,3.365805,55.78844,0.274,0
2022-10-16T07:12:56.081000,3.355525,55.731508,0.341,0
2022-10-16T07:12:57.024000,3.345264,55.674574,0.305,0
2022-10-16T07:12:57.968000,3.335021,55.61764,0.31,0
2022-10-16T07:12:58.911000,3.324797,55.560705,0.298,0
2022-10-16T07:12:59.855000,3.31459,55.503769,0.319,0
2022-10-16T07:13:00.798000,3.304402,55.446832,0.337,0
2022-10-16T07:13:01.742000,3.294231,55.389894,0.349,0
2022-10-16T07:13:02.685000,3.284078,55.332955,0.323,0
2022-10-16T07:13:03.629000,3.273943,55.276015,0.354,0
2022-10-16T07:13:04.572000,3.263826,55.219074,0.378,0
2022-10-16T07:13:05.515000,3.253726,55.162133,0.41,0
2022-10-16T07:13:06.459000,3.243644,55.10519,0.396,0
2022-10-16T07:13:07.402000,3.23358,55.048246,0.429,0
2022-10-16T07:13:08.346000,3.223532,54.991302,0.397,0
2022-10-16T07:13:09.289000,3.213502,54.934356,0.425,0
2022-10-16T07:13:10.233000,3.203489,54.87741,0.442,0
2022-10-16T07:13:11.176000,3.193493,54.820462,0.432,0
2022-10-16T07:13:12.119000,3.183514,54.763514,0.408,0
2022-10-16T07:13:13.063000,3.173552,54.706565,0.423,0
2022-10-16T07:13:14.006000,3.163607,54.649615,0.43,0
2022-10-16T07:13:14.950000,3.153678,54.592664,0.429,0
2022-10-16T07:13:15.893000,3.143766,54.535712,0.433,0
2022-10-16T07:13:16.837000,3.133871,54.478759,0.462,0
2022-10-16T07:13:17.780000,3.123992,54.421805,0.453,0
2022-10-16T07:13:18.723000,3.11413,54.36485,0.5,0
2022-10-16T07:13:19.667000,3.104284,54.307894,0.466,0
2022-10-16T07:13:20.610000,3.094454,54.250938,0.456,0
2022-10-16T07:13:21.554000,3.084641,54.19398,0.423,0
2022-10-16T07:13:22.497000,3.074843,54.137022,0.449,0
2022-10-16T07:13:23.441000,3.065062,54.080062,0.441,0
2022-10-16T07:13:24.384000,3.055296,54.023102,0.425,0
2022-10-16T07:13:25.328000,3.045547,53.966141,0.414,0
2022-10-16T07:13:26.271000,3.035813,53.909179,0.385,0
2022-10-16T07:13:27.214000,3.026095,53.852216,0.366,0
2022-10-16T07:13:28.158000,3.016392,53.795252,0.387,0
2022-10-16T07:13:29.101000,3.006705,53.738287,0.416,0
2022-10-16T07:13:30.045000,2.997034,53.681321,0.379,0
2022-10-16T07:13:30.988000,2.987378,53.624354,0.398,0
2022-10-16T07:13:31.932000,2.977737,53.567387,0.362,0
2022-10-16T07:13:32.875000,2.968112,53.510418,0.359,0
2022-10-16T07:13:33.818000,2.958502,53.453449,0.344,0
2022-10-16T07:13:34.762000,2.948907,53.396479,0.326,0
2022-10-16T07:13:35.705000,2.939327,53.339507,0.31,0
2022-10-16T07:13:36.649000,2.929762,53.282535,0.281,0
2022-10-16T07:13:37.592000,2.920212,53.225562,0.272,0
2022-10-16T07:13:38.536000,2.910677,53.168588,0.26,0
2022-10-16T07:13:39.479000,2.901156,53.111613,0.265,0
2022-10-16T07:13:40.423000,2.89165,53.054638,0.22,0
2022-10-16T07:13:41.366000,2.882159,52.997661,0.229,0
2022-10-16T07:13:42.309000,2.872683,52.940684,0.191,0
2022-10-16T07:13:43.253000,2.863221,52.883705,0.139,0
2022-10-16T07:13:44.196000,2.853773,52.826726,0.125,0
2022-10-16T07:13:45.140000,2.84434,52.769746,0.112,0
2022-10-16T07:13:46.083000,2.834921,52.712764,0.086,0
2022-10-16T07:13:47.027000,2.825516,52.655783,0.066,0
2022-10-16T07:13:47.970000,2.816126,52.5988,0.039,0
2022-10-16T07:13:48.913000,2.80675,52.541816,0.069,0
2022-10-16T07:13:49.857000,2.797387,52.484831,0.037,0
2022-10-16T07:13:50.800000,2.788039,52.427846,0.051,0
2022-10-16T07:13:51.744000,2.778704,52.370859,0.021,0
2022-10-16T07:13:52.687000,2.769383,52.313872,0.014,0
2022-10-16T07:13:53.631000,2.760077,52.256884,0.009,0
2022-10-16T07:13:54.574000,2.750783,52.199894,-0.023,0
2022-10-16T07:13:55.518000,2.741504,52.142904,-0.024,0
2022-10-16T07:13:56.461000,2.732238,52.085914,-0.028,0
2022-10-16T07:13:57.404000,2.722986,52.028922,-0.048,0
2022-10-16T07:13:58.348000,2.713747,51.971929,-0.05,0
2022-10-16T07:13:59.291000,2.704521,51.914936,-0.014,0
2022-10-16T07:14:00.235000,2.695309,51.857941,-0.055,0
2022-10-16T07:14:01.178000,2.68611,51.800946,-0.045,0
2022-10-16T07:14:02.122000,2.676924,51.74395,-0.057,0
2022-10-16T07:14:03.065000,2.667752,51.686953,-0.036,0
2022-10-16T07:14:04.008000,2.658592,51.629955,-0.056,0
2022-10-16T07:14:04.952000,2.649446,51.572956,-0.063,0
2022-10-16T07:14:05.895000,2.640313,51.515956,-0.087,0
2022-10-16T07:14:06.839000,2.631192,51.458956,-0.079,0
2022-10-16T07:14:07.782000,2.622085,51.401954,-0.123,0
2022-10-16T07:14:08.726000,2.61299,51.344952,-0.128,0
2022-10-16T07:14:09.669000,2.603908,51.287949,-0.144,0
2022-10-16T07:14:10.613000,2.594838,51.230944,-0.15,1
2022-10-16T07:14:11.556000,2.585782,51.17394,-0.158,1
2022-10-16T18:28:15.757000,8.430406,54.030585,0.024,1
2022-10-16T18:28:16.700000,8.420645,54.087489,0.076,0
2022-10-16T18:28:17.644000,8.410867,54.144393,0.121,0
2022-10-16T18:28:18.587000,8.401073,54.201297,0.171,0
2022-10-16T18:28:19.530000,8.391264,54.258199,0.235,1
2022-10-16T18:28:20.474000,8.381438,54.3151,0.234,1
2022-10-16T18:28:21.417000,8.371596,54.372001,0.276,1
2022-10-16T18:28:31.795000,8.262237,54.997853,0.68,1
2022-10-16T18:28:32.739000,8.252194,55.054743,0.701,1
2022-10-16T18:28:33.682000,8.242133,55.111633,0.712,1
2022-10-16T18:28:34.625000,8.232055,55.168522,0.741,0
2022-10-16T18:28:35.569000,8.221959,55.225409,0.763,0
2022-10-16T18:28:36.512000,8.211846,55.282297,0.786,0
2022-10-16T18:28:37.456000,8.201715,55.339183,0.828,1
2022-10-16T18:28:38.399000,8.191567,55.396068,0.832,1
2022-10-16T18:28:39.343000,8.1814,55.452953,0.843,1
2022-10-18T07:10:58.072000,2.385813,55.954431,0.232,0
2022-10-18T07:10:59.016000,2.375478,55.897496,0.231,0
2022-10-18T07:10:59.959000,2.365162,55.84056,0.222,0
2022-10-18T07:11:00.903000,2.354864,55.783622,0.24,0
2022-10-18T07:11:01.846000,2.344585,55.726684,0.205,0
2022-10-18T07:11:02.789000,2.334324,55.669745,0.228,0
2022-10-18T07:11:03.733000,2.324081,55.612805,0.178,0
2022-10-18T07:11:04.676000,2.313857,55.555864,0.224,0
2022-10-18T07:11:05.620000,2.303651,55.498922,0.205,0
2022-10-18T07:11:06.563000,2.293463,55.441979,0.208,0
2022-10-18T07:11:07.507000,2.283293,55.385035,0.203,0
2022-10-18T07:11:08.450000,2.27314,55.32809,0.184,0
2022-10-18T07:11:09.394000,2.263006,55.271145,0.204,0
2022-10-18T07:11:10.337000,2.252889,55.214198,0.192,0
2022-10-18T07:11:11.280000,2.242789,55.15725,0.194,0
2022-10-18T07:11:12.224000,2.232708,55.100302,0.193,0
2022-10-18T07:11:13.167000,2.222643,55.043352,0.196,0
2022-10-18T07:11:14.111000,2.212596,54.986402,0.184,0
2022-10-18T07:11:15.054000,2.202566,54.92945,0.177,0
2022-10-18T07:11:15.998000,2.192553,54.872498,0.173,0
2022-10-18T07:11:16.941000,2.182558,54.815545,0.18,0
2022-10-18T07:11:17.884000,2.172579,54.758591,0.158,0
2022-10-18T07:11:18.828000,2.162617,54.701636,0.157,0
2022-10-18T07:11:19.771000,2.152672,54.64468,0.157,0
2022-10-18T07:11:20.715000,2.142744,54.587723,0.146,0
2022-10-18T07:11:21.658000,2.132833,54.530765,0.144,0
2022-10-18T07:11:22.602000,2.122938,54.473806,0.117,0
2022-10-18T07:11:23.545000,2.113059,54.416847,0.111,0
2022-10-18T07:11:24.489000,2.103197,54.359886,0.1,0
2022-10-18T07:11:25.432000,2.093351,54.302924,0.096,0
2022-10-18T07:11:26.375000,2.083522,54.245962,0.091,0
2022-10-18T07:11:27.319000,2.073709,54.188999,0.076,0
2022-10-18T07:11:28.262000,2.063912,54.132034,0.078,0
2022-10-18T07:11:29.206000,2.05413,54.075069,0.054,0
2022-10-18T07:11:30.149000,2.044365,54.018103,0.016,0
2022-10-18T07:11:31.093000,2.034616,53.961136,-0.027,0
2022-10-18T07:11:32.036000,2.024882,53.904168,-0.026,0
2022-10-18T07:11:32.979000,2.015165,53.847199,-0.051,0
2022-10-18T07:11:33.923000,2.005462,53.790229,-0.036,0
2022-10-18T07:11:34.866000,1.995776,53.733259,-0.045,0
2022-10-18T07:11:35.810000,1.986105,53.676287,-0.057,0
2022-10-18T07:11:36.753000,1.976449,53.619315,-0.077,0
2022-10-18T07:11:37.697000,1.966809,53.562341,-0.094,0
2022-10-18T07:11:38.640000,1.957183,53.505367,-0.13,0
2022-10-18T07:11:39.584000,1.947574,53.448392,-0.121,0
2022-10-18T07:11:40.527000,1.937979,53.391416,-0.155,0
2022-10-18T07:11:41.470000,1.928399,53.334439,-0.166,0
2022-10-18T07:11:42.414000,1.918834,53.277461,-0.156,0
2022-10-18T07:11:43.357000,1.909285,53.220482,-0.194,0
2022-10-18T07:11:44.301000,1.89975,53.163502,-0.177,0
2022-10-18T07:11:45.244000,1.89023,53.106521,-0.163,0
2022-10-18T07:11:46.188000,1.880724,53.04954,-0.183,0
2022-10-18T07:11:47.131000,1.871233,52.992558,-0.196,0
2022-10-18T07:11:48.074000,1.861757,52.935574,-0.205,0
2022-10-18T07:11:49.018000,1.852295,52.87859,-0.204,0
2022-10-18T07:11:49.961000,1.842848,52.821605,-0.215,1
2022-10-18T07:11:50.905000,1.833415,52.764619,-0.238,1
2022-10-18T07:11:51.848000,1.823996,52.707632,-0.294,1
2022-10-18T07:11:52.792000,1.814592,52.650644,-0.341,1
2022-10-18T07:11:59.396000,1.749154,52.251705,0.085,1
2022-10-18T07:12:00.339000,1.739861,52.19471,0.108,1
2022-10-18T07:12:01.283000,1.730582,52.137714,0.163,1
2022-10-18T07:12:02.226000,1.721316,52.080718,0.162,1
2022-10-18T07:12:03.169000,1.712064,52.02372,0.206,1
2022-10-18T07:12:04.113000,1.702825,51.966722,0.251,0
2022-10-18T07:12:05.056000,1.6936,51.909722,0.258,0
2022-10-18T07:12:06.000000,1.684388,51.852722,0.269,0
2022-10-18T07:12:06.943000,1.675189,51.795721,0.31,0
2022-10-18T07:12:07.887000,1.666004,51.738719,0.336,0
2022-10-18T07:12:08.830000,1.656831,51.681717,0.342,0
2022-10-18T07:12:09.774000,1.647672,51.624713,0.374,0
2022-10-18T07:12:10.717000,1.638526,51.567708,0.371,0
2022-10-18T07:12:11.660000,1.629393,51.510703,0.361,0
2022-10-18T07:12:12.604000,1.620273,51.453697,0.376,1
2022-10-18T07:12:13.547000,1.611165,51.396689,0.418,1
2022-10-18T07:12:14.491000,1.602071,51.339681,0.434,1
2022-10-18T07:12:15.434000,1.592989,51.282672,0.468,1
2022-10-18T07:12:16.378000,1.58392,51.225663,0.46,1
2022-10-18T07:12:17.321000,1.574863,51.168652,0.447,1
2022-10-18T07:12:18.264000,1.565819,51.111641,0.445,1
2022-10-18T07:12:19.208000,1.556788,51.054628,0.433,0
2022-10-18T07:12:20.151000,1.547769,50.997615,0.436,1
2022-10-18T07:12:21.095000,1.538762,50.940601,0.39,1
2022-10-18T07:12:23.925000,1.511817,50.769553,0.264,1
2022-10-18T07:12:25.812000,1.493914,50.655517,0.248,1
2022-10-18T07:12:27.699000,1.47606,50.541478,0.2,1
2022-10-18T07:12:28.642000,1.46715,50.484457,0.104,1
2022-10-18T07:12:29.586000,1.458253,50.427435,0.156,1
2022-10-18T07:12:30.529000,1.449368,50.370412,0.115,1
2022-10-18T07:12:32.416000,1.431632,50.256364,0.056,1
2022-10-18T07:12:33.359000,1.422782,50.199339,0.02,1
2022-10-18T18:26:17.748000,7.458736,53.802208,0.354,1
2022-10-18T18:26:18.691000,7.449037,53.859121,0.359,1
2022-10-18T18:26:19.635000,7.439322,53.916032,0.365,0
2022-10-18T18:26:20.578000,7.429592,53.972943,0.397,0
2022-10-18T18:26:21.522000,7.419846,54.029852,0.394,0
2022-10-18T18:26:22.465000,7.410084,54.086761,0.413,0
2022-10-18T18:26:23.409000,7.400306,54.143669,0.422,0
2022-10-18T18:26:24.352000,7.390512,54.200576,0.434,0
2022-10-18T18:26:25.296000,7.380701,54.257483,0.431,0
2022-10-18T18:26:26.239000,7.370875,54.314388,0.44,0
2022-10-18T18:26:27.182000,7.361033,54.371293,0.457,0
2022-10-18T18:26:28.126000,7.351174,54.428197,0.454,0
2022-10-18T18:26:29.069000,7.341298,54.4851,0.458,0
2022-10-18T18:26:30.013000,7.331407,54.542002,0.474,0
2022-10-18T18:26:30.956000,7.321498,54.598904,0.477,0
2022-10-18T18:26:31.900000,7.311573,54.655804,0.506,0
2022-10-18T18:26:32.843000,7.301632,54.712704,0.482,0
2022-10-18T18:26:33.786000,7.291673,54.769603,0.479,0
2022-10-18T18:26:34.730000,7.281698,54.826501,0.492,0
2022-10-18T18:26:35.673000,7.271705,54.883398,0.505,0
2022-10-18T18:26:36.617000,7.261696,54.940294,0.478,0
2022-10-18T18:26:37.560000,7.251669,54.99719,0.475,0
2022-10-18T18:26:38.504000,7.241626,55.054084,0.483,0
2022-10-18T18:26:39.447000,7.231564,55.110978,0.476,0
2022-10-18T18:26:40.390000,7.221486,55.167871,0.474,0
2022-10-18T18:26:41.334000,7.21139,55.224763,0.485,0
2022-10-18T18:26:42.277000,7.201276,55.281654,0.468,0
2022-10-18T18:26:43.221000,7.191145,55.338545,0.465,0
2022-10-18T18:26:44.164000,7.180996,55.395434,0.487,0
2022-10-18T18:26:45.108000,7.170829,55.452323,0.472,0
2022-10-18T18:26:46.051000,7.160644,55.509211,0.458,0
2022-10-18T18:26:46.995000,7.150441,55.566098,0.439,0
2022-10-18T18:26:47.938000,7.140221,55.622984,0.428,0
2022-10-18T18:26:48.881000,7.129981,55.679869,0.406,0
2022-10-18T18:26:49.825000,7.119724,55.736754,0.405,0
2022-10-18T18:26:50.768000,7.109448,55.793637,0.392,0
2022-10-18T18:26:51.712000,7.099154,55.85052,0.367,0
2022-10-18T18:26:52.655000,7.088841,55.907401,0.378,0
2022-10-18T18:26:53.599000,7.07851,55.964282,0.366,0
2022-10-20T07:09:03.837000,1.373959,55.9452,-0.263,0
2022-10-20T07:09:04.781000,1.363627,55.888258,-0.253,0
2022-10-20T07:09:05.724000,1.353313,55.831316,-0.282,0
2022-10-20T07:09:06.668000,1.343019,55.774373,-0.282,0
2022-10-20T07:09:07.611000,1.332743,55.717429,-0.339,0
2022-10-20T07:09:08.555000,1.322485,55.660484,-0.329,0
2022-10-20T07:09:09.498000,1.312245,55.603539,-0.354,0
2022-10-20T07:09:10.441000,1.302024,55.546592,-0.355,0
2022-10-20T07:09:11.385000,1.291821,55.489644,-0.371,0
2022-10-20T07:09:12.328000,1.281636,55.432695,-0.389,0
2022-10-20T07:09:13.272000,1.271469,55.375746,-0.404,0
2022-10-20T07:09:14.215000,1.261319,55.318795,-0.44,0
2022-10-20T07:09:15.159000,1.251188,55.261844,-0.456,0
2022-10-20T07:09:16.102000,1.241074,55.204891,-0.471,0
2022-10-20T07:09:17.045000,1.230977,55.147938,-0.508,0
2022-10-20T07:09:17.989000,1.220898,55.090984,-0.537,0
2022-10-20T07:09:18.932000,1.210837,55.034028,-0.557,0
2022-10-20T07:09:19.876000,1.200792,54.977072,-0.551,0
2022-10-20T07:09:20.819000,1.190765,54.920115,-0.579,0
2022-10-20T07:09:21.763000,1.180756,54.863157,-0.601,0
2022-10-20T07:09:22.706000,1.170763,54.806198,-0.604,0
2022-10-20T07:09:23.650000,1.160787,54.749238,-0.64,0
2022-10-20T07:09:24.593000,1.150828,54.692277,-0.621,0
2022-10-20T07:09:25.536000,1.140886,54.635316,-0.646,0
2022-10-20T07:09:26.480000,1.130961,54.578353,-0.646,0
2022-10-20T07:09:27.423000,1.121052,54.521389,-0.683,0
2022-10-20T07:09:28.367000,1.11116,54.464425,-0.723,0
2022-10-20T07:09:29.310000,1.101284,54.40746,-0.704,0
2022-10-20T07:09:30.254000,1.091425,54.350493,-0.726,0
2022-10-20T07:09:31.197000,1.081582,54.293526,-0.759,0
2022-10-20T07:09:32.140000,1.071755,54.236558,-0.735,0
2022-10-20T07:09:33.084000,1.061944,54.179589,-0.776,0
2022-10-20T07:09:34.027000,1.05215,54.122619,-0.797,0
2022-10-20T07:09:34.971000,1.042372,54.065648,-0.806,0
2022-10-20T07:09:35.914000,1.032609,54.008676,-0.828,0
2022-10-20T07:09:36.858000,1.022862,53.951703,-0.853,0
2022-10-20T07:09:37.801000,1.013131,53.89473,-0.874,0
2022-10-20T07:09:38.745000,1.003416,53.837755,-0.88,0
2022-10-20T07:09:39.688000,0.993717,53.78078,-0.908,0
2022-10-20T07:09:40.631000,0.984033,53.723803,-0.929,0
2022-10-20T07:09:41.575000,0.974364,53.666826,-0.941,0
2022-10-20T07:09:42.518000,0.964711,53.609848,-0.957,0
2022-10-20T07:09:43.462000,0.955073,53.552869,-0.946,0
2022-10-20T07:09:44.405000,0.945451,53.495889,-0.913,0
2022-10-20T07:09:45.349000,0.935844,53.438908,-0.875,0
2022-10-20T07:09:46.292000,0.926252,53.381926,-0.832,0
2022-10-20T07:09:47.235000,0.916674,53.324944,-0.788,0
2022-10-20T07:09:48.179000,0.907112,53.26796,-0.793,0
2022-10-20T07:09:49.122000,0.897565,53.210976,-0.766,0
2022-10-20T07:09:50.066000,0.888033,53.15399,-0.726,0
2022-10-20T07:09:51.009000,0.878515,53.097004,-0.73,1
2022-10-20T07:09:51.953000,0.869012,53.040017,-0.75,1
2022-10-20T07:10:29.690000,0.500197,50.759807,1.654,1
2022-10-20T07:10:30.634000,0.491242,50.702784,1.656,1
2022-10-20T07:10:31.577000,0.482299,50.64576,1.644,0
2022-10-20T07:10:32.520000,0.473368,50.588735,1.676,0
2022-10-20T07:10:33.464000,0.464449,50.53171,1.679,0
2022-10-20T07:10:34.407000,0.455542,50.474683,1.687,0
2022-10-20T07:10:35.351000,0.446647,50.417656,1.665,0
2022-10-20T07:10:36.294000,0.437763,50.360628,1.679,0
2022-10-20T07:10:37.238000,0.428892,50.303599,1.691,0
2022-10-20T07:10:38.181000,0.420032,50.246569,1.724,0
2022-10-20T07:10:39.124000,0.411184,50.189538,1.726,0
2022-10-20T07:10:40.068000,0.402348,50.132506,1.699,0
2022-10-20T07:10:41.011000,0.393523,50.075474,1.69,0
2022-10-20T07:10:41.955000,0.38471,50.01844,1.661,0
2022-10-20T07:10:42.898000,0.375908,49.961406,1.63,0
2022-10-20T07:10:43.842000,0.367118,49.904371,1.639,1
2022-10-20T07:10:44.785000,0.358339,49.847335,1.66,1
2022-10-20T18:24:20.683000,6.477508,53.634679,0.69,1
2022-10-20T18:24:21.626000,6.467855,53.691598,0.673,0
2022-10-20T18:24:22.570000,6.458187,53.748517,0.645,0
2022-10-20T18:24:23.513000,6.448503,53.805434,0.577,0
2022-10-20T18:24:24.456000,6.438803,53.862351,0.537,0
2022-10-20T18:24:25.400000,6.429088,53.919267,0.515,0
2022-10-20T18:24:26.343000,6.419357,53.976182,0.537,0
2022-10-20T18:24:27.287000,6.409611,54.033097,0.476,0
2022-10-20T18:24:28.230000,6.399849,54.09001,0.475,0
2022-10-20T18:24:29.174000,6.39007,54.146923,0.457,0
2022-10-20T18:24:30.117000,6.380276,54.203835,0.438,0
2022-10-20T18:24:31.061000,6.370465,54.260746,0.409,0
2022-10-20T18:24:32.004000,6.360639,54.317656,0.372,0
2022-10-20T18:24:32.947000,6.350796,54.374565,0.354,0
2022-10-20T18:24:33.891000,6.340937,54.431474,0.359,0
2022-10-20T18:24:34.834000,6.331061,54.488381,0.341,0
2022-10-20T18:24:35.778000,6.321169,54.545288,0.311,0
2022-10-20T18:24:36.721000,6.31126,54.602194,0.288,0
2022-10-20T18:24:37.665000,6.301335,54.6591,0.252,0
2022-10-20T18:24:38.608000,6.291393,54.716004,0.206,0
2022-10-20T18:24:39.551000,6.281434,54.772907,0.25,0
2022-10-20T18:24:40.495000,6.271458,54.82981,0.217,0
2022-10-20T18:24:41.438000,6.261465,54.886712,0.183,0
2022-10-20T18:24:42.382000,6.251456,54.943613,0.18,0
2022-10-20T18:24:43.325000,6.241429,55.000513,0.162,0
2022-10-20T18:24:44.269000,6.231384,55.057412,0.178,0
2022-10-20T18:24:45.212000,6.221323,55.114311,0.157,0
2022-10-20T18:24:46.156000,6.211244,55.171208,0.106,0
2022-10-20T18:24:47.099000,6.201147,55.228105,0.084,0
2022-10-20T18:24:48.042000,6.191033,55.285001,0.059,0
2022-10-20T18:24:48.986000,6.180902,55.341896,0.078,0
2022-10-20T18:24:49.929000,6.170752,55.398791,0.005,0
2022-10-20T18:24:50.873000,6.160585,55.455684,0.003,0
2022-10-20T18:24:51.816000,6.1504,55.512576,0.003,0
2022-10-20T18:24:52.760000,6.140196,55.569468,0.004,0
2022-10-20T18:24:53.703000,6.129975,55.626359,-0.02,0
2022-10-20T18:24:54.646000,6.119735,55.683249,-0.036,0
2022-10-20T18:24:55.590000,6.109477,55.740138,-0.041,0
2022-10-20T18:24:56.533000,6.099201,55.797026,-0.037,0
2022-10-20T18:24:57.477000,6.088906,55.853914,0.01,0
2022-10-20T18:24:58.420000,6.078593,55.9108,-0.024,0
2022-10-20T18:24:59.364000,6.068261,55.967686,-0.052,0
2022-10-22T07:07:09.602000,0.360995,55.93199,-0.717,0
2022-10-22T07:07:10.546000,0.350669,55.875043,-0.73,0
2022-10-22T07:07:11.489000,0.340361,55.818095,-0.745,0
2022-10-22T07:07:12.433000,0.330072,55.761147,-0.766,0
2022-10-22T07:07:13.376000,0.319802,55.704197,-0.784,0
2022-10-22T07:07:14.320000,0.30955,55.647247,-0.798,0
2022-10-22T07:07:15.263000,0.299316,55.590295,-0.826,0
2022-10-22T07:07:16.206000,0.2891,55.533343,-0.838,0
2022-10-22T07:07:17.150000,0.278903,55.47639,-0.85,0
2022-10-22T07:07:18.093000,0.268723,55.419435,-0.854,0
2022-10-22T07:07:19.037000,0.258562,55.36248,-0.86,0
2022-10-22T07:07:19.980000,0.248418,55.305524,-0.894,0
2022-10-22T07:07:20.924000,0.238292,55.248567,-0.922,0
2022-10-22T07:07:21.867000,0.228183,55.191609,-0.938,0
2022-10-22T07:07:22.811000,0.218092,55.13465,-0.944,0
2022-10-22T07:07:23.754000,0.208019,55.07769,-0.959,0
2022-10-22T07:07:24.697000,0.197963,55.02073,-0.996,0
2022-10-22T07:07:25.641000,0.187924,54.963768,-1.027,0
2022-10-22T07:07:26.584000,0.177903,54.906805,-1.034,0
2022-10-22T07:07:27.528000,0.167898,54.849842,-1.063,0
2022-10-22T07:07:28.471000,0.157911,54.792877,-1.042,0
2022-10-22T07:07:29.415000,0.14794,54.735912,-1.075,0
2022-10-22T07:07:30.358000,0.137987,54.678946,-1.086,0
2022-10-22T07:07:31.301000,0.12805,54.621979,-1.109,0
2022-10-22T07:07:32.245000,0.11813,54.56501,-1.101,0
2022-10-22T07:07:33.188000,0.108226,54.508041,-1.137,0
2022-10-22T07:07:34.132000,0.098339,54.451071,-1.151,0
2022-10-22T07:07:35.075000,0.088469,54.394101,-1.133,0
2022-10-22T07:07:36.019000,0.078615,54.337129,-1.135,0
2022-10-22T07:07:36.962000,0.068777,54.280156,-1.146,0
2022-10-22T07:07:37.905000,0.058956,54.223183,-1.164,1
2022-10-22T07:07:38.849000,0.04915,54.166208,-1.195,1
2022-10-22T07:07:39.792000,0.039361,54.109233,-1.201,1
2022-10-22T07:07:40.736000,0.029587,54.052256,-1.189,1
2022-10-22T07:07:41.679000,0.01983,53.995279,-1.198,1
2022-10-22T07:07:42.623000,0.010089,53.938301,-1.191,1
2022-10-22T07:07:43.566000,0.000363,53.881322,-1.161,1
2022-10-22T07:08:35.455000,-0.512321,50.746106,1.198,1
2022-10-22T07:08:36.399000,-0.521272,50.689078,1.207,1
2022-10-22T07:08:37.342000,-0.530211,50.632049,1.209,0
2022-10-22T07:08:38.285000,-0.539138,50.575019,1.276,0
2022-10-22T07:08:39.229000,-0.548053,50.517988,1.307,0
2022-10-22T07:08:40.172000,-0.556956,50.460956,1.35,0
2022-10-22T07:08:41.116000,-0.565847,50.403924,1.358,0
2022-10-22T07:08:42.059000,-0.574727,50.34689,1.43,0
2022-10-22T07:08:43.003000,-0.583594,50.289856,1.486,0
2022-10-22T07:08:43.946000,-0.59245,50.232821,1.547,0
2022-10-22T07:08:44.890000,-0.601294,50.175785,1.603,0
2022-10-22T07:08:45.833000,-0.610126,50.118748,1.666,0
2022-10-22T07:08:46.776000,-0.618947,50.061711,1.7,0
2022-10-22T07:08:47.720000,-0.627756,50.004672,1.771,0
2022-10-22T07:08:48.663000,-0.636554,49.947633,1.811,0
2022-10-22T07:08:49.607000,-0.645341,49.890593,1.84,0
2022-10-22T07:08:50.550000,-0.654116,49.833552,1.874,0
2022-10-22T07:08:51.494000,-0.662879,49.77651,1.946,0
2022-10-22T07:08:52.437000,-0.671631,49.719467,1.996,0
2022-10-22T18:22:24.561000,5.486619,53.527982,0.918,1
2022-10-22T18:22:25.504000,5.476997,53.584907,0.88,0
2022-10-22T18:22:26.448000,5.467359,53.641833,0.858,0
2022-10-22T18:22:27.391000,5.457706,53.698757,0.834,0
2022-10-22T18:22:28.335000,5.448037,53.75568,0.811,0
2022-10-22T18:22:29.278000,5.438353,53.812603,0.761,0
2022-10-22T18:22:30.222000,5.428653,53.869525,0.732,0
2022-10-22T18:22:31.165000,5.418938,53.926446,0.718,0
2022-10-22T18:22:32.108000,5.409207,53.983366,0.679,0
2022-10-22T18:22:33.052000,5.39946,54.040286,0.64,0
2022-10-22T18:22:33.995000,5.389698,54.097204,0.609,0
2022-10-22T18:22:34.939000,5.379919,54.154122,0.578,0
2022-10-22T18:22:35.882000,5.370124,54.211039,0.544,0
2022-10-22T18:22:36.826000,5.360314,54.267955,0.542,0
2022-10-22T18:22:37.769000,5.350486,54.32487,0.519,0
2022-10-22T18:22:38.712000,5.340643,54.381785,0.487,0
2022-10-22T18:22:39.656000,5.330784,54.438698,0.491,0
2022-10-22T18:22:40.599000,5.320908,54.495611,0.475,0
2022-10-22T18:22:41.543000,5.311015,54.552523,0.453,0
2022-10-22T18:22:42.486000,5.301106,54.609434,0.42,0
2022-10-22T18:22:43.430000,5.29118,54.666345,0.397,0
2022-10-22T18:22:44.373000,5.281238,54.723254,0.375,0
2022-10-22T18:22:45.317000,5.271279,54.780163,0.369,0
2022-10-22T18:22:46.260000,5.261302,54.83707,0.332,0
2022-10-22T18:22:47.203000,5.251309,54.893977,0.327,0
2022-10-22T18:22:48.147000,5.241299,54.950883,0.326,0
2022-10-22T18:22:49.090000,5.231272,55.007789,0.293,0
2022-10-22T18:22:50.034000,5.221227,55.064693,0.265,0
2022-10-22T18:22:50.977000,5.211165,55.121597,0.258,0
2022-10-22T18:22:51.921000,5.201085,55.1785,0.208,0
2022-10-22T18:22:52.864000,5.190988,55.235401,0.225,0
2022-10-22T18:22:53.807000,5.180874,55.292303,0.191,0
2022-10-22T18:22:54.751000,5.170742,55.349203,0.168,0
2022-10-22T18:22:55.694000,5.160592,55.406102,0.174,0
2022-10-22T18:22:56.638000,5.150424,55.463001,0.172,0
2022-10-22T18:22:57.581000,5.140238,55.519898,0.14,0
2022-10-22T18:22:58.525000,5.130034,55.576795,0.127,0
2022-10-22T18:22:59.468000,5.119813,55.633691,0.116,0
2022-10-22T18:23:00.412000,5.109572,55.690586,0.091,0
2022-10-22T18:23:01.355000,5.099314,55.747481,0.125,0
2022-10-22T18:23:02.298000,5.089037,55.804374,0.126,0
2022-10-22T18:23:03.242000,5.078742,55.861267,0.114,0
2022-10-22T18:23:04.185000,5.068428,55.918158,0.115,0
2022-10-22T18:23:05.129000,5.058095,55.975049,0.128,0
2022-10-24T07:05:14.424000,-0.642773,55.970573,-1.067,0
2022-10-24T07:05:15.367000,-0.65311,55.913622,-1.127,0
2022-10-24T07:05:16.311000,-0.663428,55.85667,-1.095,0
2022-10-24T07:05:17.254000,-0.673727,55.799717,-1.059,0
2022-10-24T07:05:18.198000,-0.684008,55.742763,-1.083,0
2022-10-24T07:05:19.141000,-0.69427,55.685808,-1.072,0
2022-10-24T07:05:20.085000,-0.704514,55.628853,-1.087,0
2022-10-24T07:05:21.028000,-0.71474,55.571896,-1.082,0
2022-10-24T07:05:21.971000,-0.724948,55.514938,-1.111,0
2022-10-24T07:05:22.915000,-0.735137,55.45798,-1.108,0
2022-10-24T07:05:23.858000,-0.745309,55.40102,-1.08,0
2022-10-24T07:05:24.802000,-0.755463,55.34406,-1.081,0
2022-10-24T07:05:25.745000,-0.765599,55.287099,-1.081,0
2022-10-24T07:05:26.689000,-0.775717,55.230137,-1.074,0
2022-10-24T07:05:27.632000,-0.785818,55.173173,-1.076,0
2022-10-24T07:05:28.576000,-0.795901,55.116209,-1.026,0
2022-10-24T07:05:29.519000,-0.805967,55.059244,-1.021,0
2022-10-24T07:05:30.462000,-0.816015,55.002279,-1.045,0
2022-10-24T07:05:31.406000,-0.826046,54.945312,-1.031,0
2022-10-24T07:05:32.349000,-0.83606,54.888344,-1.035,0
2022-10-24T07:05:33.293000,-0.846057,54.831375,-1.006,0
2022-10-24T07:05:34.236000,-0.856037,54.774406,-1.022,0
2022-10-24T07:05:35.180000,-0.866,54.717435,-1.002,0
2022-10-24T07:05:36.123000,-0.875946,54.660464,-1.008,1
2022-10-24T07:06:43.107000,-1.543681,50.613214,0.827,1
2022-10-24T07:06:44.051000,-1.552603,50.556179,0.877,1
2022-10-24T07:06:44.994000,-1.561512,50.499144,0.935,0
2022-10-24T07:06:45.937000,-1.570409,50.442107,1.022,0
2022-10-24T07:06:46.881000,-1.579295,50.38507,1.148,0
2022-10-24T07:06:47.824000,-1.588169,50.328031,1.226,0
2022-10-24T07:06:48.768000,-1.597031,50.270992,1.367,0
2022-10-24T07:06:49.711000,-1.605881,50.213953,1.447,0
2022-10-24T07:06:50.655000,-1.614719,50.156912,1.555,0
2022-10-24T07:06:51.598000,-1.623546,50.09987,1.719,0
2022-10-24T07:06:52.541000,-1.632362,50.042828,1.809,0
2022-10-24T07:06:53.485000,-1.641165,49.985785,1.939,0
2022-10-24T07:06:54.428000,-1.649958,49.928741,2.067,0
2022-10-24T07:06:55.372000,-1.658738,49.871696,2.196,0
2022-10-24T07:06:56.315000,-1.667508,49.81465,2.269,0
2022-10-24T07:06:57.259000,-1.676266,49.757603,2.392,1
2022-10-24T18:20:18.061000,4.599464,52.800443,0.731,1
2022-10-24T18:20:19.005000,4.590032,52.857385,0.786,1
2022-10-24T18:20:19.948000,4.580586,52.914326,0.871,1
2022-10-24T18:20:20.892000,4.571125,52.971266,0.878,1
2022-10-24T18:20:21.835000,4.56165,53.028205,0.917,1
2022-10-24T18:20:22.778000,4.552161,53.085144,0.951,1
2022-10-24T18:20:23.722000,4.542656,53.142081,0.976,1
2022-10-24T18:20:24.665000,4.533137,53.199018,0.983,0
2022-10-24T18:20:25.609000,4.523603,53.255955,0.998,0
2022-10-24T18:20:26.552000,4.514055,53.31289,0.984,0
2022-10-24T18:20:27.496000,4.504491,53.369825,1.019,0
2022-10-24T18:20:28.439000,4.494912,53.426758,1.021,0
2022-10-24T18:20:29.383000,4.485319,53.483691,1.015,0
2022-10-24T18:20:30.326000,4.47571,53.540623,0.988,0
2022-10-24T18:20:31.269000,4.466086,53.597555,0.954,0
2022-10-24T18:20:32.213000,4.456447,53.654485,0.922,0
2022-10-24T18:20:33.156000,4.446792,53.711415,0.905,0
2022-10-24T18:20:34.100000,4.437122,53.768344,0.842,0
2022-10-24T18:20:35.043000,4.427436,53.825272,0.829,0
2022-10-24T18:20:35.987000,4.417735,53.882199,0.79,0
2022-10-24T18:20:36.930000,4.408018,53.939125,0.767,0
2022-10-24T18:20:37.873000,4.398285,53.996051,0.766,0
2022-10-24T18:20:38.817000,4.388537,54.052976,0.694,0
2022-10-24T18:20:39.760000,4.378772,54.1099,0.701,0
2022-10-24T18:20:40.704000,4.368992,54.166823,0.646,0
2022-10-24T18:20:41.647000,4.359196,54.223745,0.619,0
2022-10-24T18:20:42.591000,4.349383,54.280667,0.618,0
2022-10-24T18:20:43.534000,4.339555,54.337587,0.558,0
2022-10-24T18:20:44.478000,4.32971,54.394507,0.54,0
2022-10-24T18:20:45.421000,4.319848,54.451426,0.494,0
2022-10-24T18:20:46.364000,4.30997,54.508344,0.491,0
2022-10-24T18:20:47.308000,4.300076,54.565262,0.473,0
2022-10-24T18:20:48.251000,4.290165,54.622178,0.414,0
2022-10-24T18:20:49.195000,4.280238,54.679094,0.412,0
2022-10-24T18:20:50.138000,4.270294,54.736009,0.408,0
2022-10-24T18:20:51.082000,4.260333,54.792923,0.357,0
2022-10-24T18:20:52.025000,4.250354,54.849836,0.344,0
2022-10-24T18:20:52.968000,4.240359,54.906749,0.333,0
2022-10-24T18:20:53.912000,4.230347,54.96366,0.31,0
2022-10-24T18:20:54.855000,4.220318,55.020571,0.28,0
2022-10-24T18:20:55.799000,4.210272,55.077481,0.3,0
2022-10-24T18:20:56.742000,4.200208,55.13439,0.255,0
2022-10-24T18:20:57.686000,4.190126,55.191298,0.252,0
2022-10-24T18:20:58.629000,4.180027,55.248205,0.238,0
2022-10-24T18:20:59.573000,4.169911,55.305112,0.222,0
2022-10-24T18:21:00.516000,4.159777,55.362018,0.183,0
2022-10-24T18:21:01.459000,4.149625,55.418923,0.17,0
2022-10-24T18:21:02.403000,4.139455,55.475827,0.186,0
2022-10-24T18:21:03.346000,4.129267,55.53273,0.173,0
2022-10-24T18:21:04.290000,4.119061,55.589632,0.168,0
2022-10-24T18:21:05.233000,4.108837,55.646533,0.157,0
2022-10-24T18:21:06.177000,4.098595,55.703434,0.173,0
2022-10-24T18:21:07.120000,4.088335,55.760334,0.146,0
2022-10-24T18:21:08.063000,4.078056,55.817233,0.164,0
2022-10-24T18:21:09.007000,4.067758,55.874131,0.141,0
2022-10-24T18:21:09.950000,4.057442,55.931028,0.083,0
2022-10-26T07:03:20.189000,-1.657484,55.947031,-1.078,0
2022-10-26T07:03:21.132000,-1.667812,55.890075,-1.07,0
2022-10-26T07:03:22.076000,-1.678121,55.833118,-1.052,0
2022-10-26T07:03:23.019000,-1.688411,55.776161,-1.045,1
2022-10-26T07:03:23.963000,-1.698683,55.719202,-1.025,1
2022-10-26T18:18:06.844000,3.754548,51.792764,-0.695,1
2022-10-26T18:18:07.788000,3.74536,51.849726,-0.685,1
2022-10-26T18:18:08.731000,3.73616,51.906687,-0.657,1
2022-10-26T18:18:09.675000,3.726946,51.963647,-0.605,0
2022-10-26T18:18:10.618000,3.717718,52.020606,-0.547,0
2022-10-26T18:18:11.562000,3.708478,52.077564,-0.46,0
2022-10-26T18:18:12.505000,3.699223,52.134522,-0.402,0
2022-10-26T18:18:13.449000,3.689955,52.191479,-0.361,0
2022-10-26T18:18:14.392000,3.680674,52.248435,-0.314,0
2022-10-26T18:18:15.335000,3.671379,52.30539,-0.207,0
2022-10-26T18:18:16.279000,3.66207,52.362344,-0.137,0
2022-10-26T18:18:17.222000,3.652747,52.419298,-0.088,0
2022-10-26T18:18:18.166000,3.643411,52.476251,-0.024,0
2022-10-26T18:18:19.109000,3.63406,52.533203,0.032,0
2022-10-26T18:18:20.053000,3.624696,52.590154,0.1,0
2022-10-26T18:18:20.996000,3.615317,52.647105,0.173,0
2022-10-26T18:18:21.939000,3.605924,52.704055,0.224,0
2022-10-26T18:18:22.883000,3.596517,52.761004,0.282,0
2022-10-26T18:18:23.826000,3.587096,52.817952,0.344,0
2022-10-26T18:18:24.770000,3.577661,52.874899,0.369,0
2022-10-26T18:18:25.713000,3.568211,52.931845,0.427,0
2022-10-26T18:18:26.657000,3.558746,52.988791,0.484,0
2022-10-26T18:18:27.600000,3.549268,53.045736,0.516,0
2022-10-26T18:18:28.544000,3.539774,53.10268,0.548,0
2022-10-26T18:18:29.487000,3.530266,53.159624,0.596,0
2022-10-26T18:18:30.430000,3.520743,53.216566,0.586,0
2022-10-26T18:18:31.374000,3.511205,53.273508,0.618,0
2022-10-26T18:18:32.317000,3.501652,53.330449,0.622,0
2022-10-26T18:18:33.261000,3.492085,53.387389,0.652,0
2022-10-26T18:18:34.204000,3.482502,53.444328,0.655,0
2022-10-26T18:18:35.148000,3.472904,53.501267,0.669,0
2022-10-26T18:18:36.091000,3.463292,53.558204,0.681,0
2022-10-26T18:18:37.034000,3.453663,53.615141,0.669,0
2022-10-26T18:18:37.978000,3.44402,53.672078,0.672,0
2022-10-26T18:18:38.921000,3.434361,53.729013,0.706,0
2022-10-26T18:18:39.865000,3.424687,53.785947,0.721,0
2022-10-26T18:18:40.808000,3.414997,53.842881,0.733,0
2022-10-26T18:18:41.752000,3.405292,53.899814,0.739,0
2022-10-26T18:18:42.695000,3.395571,53.956746,0.726,0
2022-10-26T18:18:43.638000,3.385834,54.013677,0.749,0
2022-10-26T18:18:44.582000,3.376081,54.070607,0.743,0
2022-10-26T18:18:45.525000,3.366312,54.127537,0.771,0
2022-10-26T18:18:46.469000,3.356528,54.184466,0.771,0
2022-10-26T18:18:47.412000,3.346727,54.241394,0.769,0
2022-10-26T18:18:48.356000,3.33691,54.298321,0.791,0
2022-10-26T18:18:49.299000,3.327077,54.355247,0.782,0
2022-10-26T18:18:50.243000,3.317228,54.412172,0.769,0
2022-10-26T18:18:51.186000,3.307362,54.469097,0.76,0
2022-10-26T18:18:52.129000,3.29748,54.526021,0.739,0
2022-10-26T18:18:53.073000,3.287581,54.582944,0.717,0
2022-10-26T18:18:54.016000,3.277666,54.639866,0.702,0
2022-10-26T18:18:54.960000,3.267734,54.696787,0.685,0
2022-10-26T18:18:55.903000,3.257785,54.753708,0.677,0
2022-10-26T18:18:56.847000,3.24782,54.810628,0.654,0
2022-10-26T18:18:57.790000,3.237837,54.867547,0.638,0
2022-10-26T18:18:58.733000,3.227837,54.924465,0.62,0
2022-10-26T18:18:59.677000,3.217821,54.981382,0.566,0
2022-10-26T18:19:00.620000,3.207787,55.038298,0.565,0
2022-10-26T18:19:01.564000,3.197735,55.095214,0.537,0
2022-10-26T18:19:02.507000,3.187667,55.152128,0.491,0
2022-10-26T18:19:03.451000,3.177581,55.209042,0.448,0
2022-10-26T18:19:04.394000,3.167477,55.265955,0.445,0
2022-10-26T18:19:05.338000,3.157356,55.322867,0.384,0
2022-10-26T18:19:06.281000,3.147217,55.379779,0.368,0
2022-10-26T18:19:07.224000,3.13706,55.436689,0.331,0
2022-10-26T18:19:08.168000,3.126885,55.493599,0.315,0
2022-10-26T18:19:09.111000,3.116693,55.550508,0.277,0
2022-10-26T18:19:10.055000,3.106482,55.607415,0.271,0
2022-10-26T18:19:10.998000,3.096253,55.664323,0.259,0
2022-10-26T18:19:11.942000,3.086006,55.721229,0.237,0
2022-10-26T18:19:12.885000,3.07574,55.778134,0.229,0
2022-10-26T18:19:13.828000,3.065456,55.835039,0.215,0
2022-10-26T18:19:14.772000,3.055154,55.891942,0.191,0
2022-10-26T18:19:15.715000,3.044833,55.948845,0.206,0
2022-10-28T18:16:04.119000,2.825842,51.26891,-0.724,1
2022-10-28T18:16:05.062000,2.816773,51.325885,-0.698,1
2022-10-28T18:16:06.005000,2.807691,51.382858,-0.647,0
2022-10-28T18:16:06.949000,2.798596,51.439831,-0.607,0
2022-10-28T18:16:07.892000,2.789488,51.496803,-0.589,0
2022-10-28T18:16:08.836000,2.780367,51.553774,-0.539,0
2022-10-28T18:16:09.779000,2.771234,51.610745,-0.507,0
2022-10-28T18:16:10.723000,2.762087,51.667715,-0.482,0
2022-10-28T18:16:11.666000,2.752927,51.724684,-0.465,0
2022-10-28T18:16:12.609000,2.743755,51.781652,-0.448,0
2022-10-28T18:16:13.553000,2.734569,51.838619,-0.422,0
2022-10-28T18:16:14.496000,2.725369,51.895586,-0.395,0
2022-10-28T18:16:15.440000,2.716157,51.952552,-0.374,0
2022-10-28T18:16:16.383000,2.706931,52.009517,-0.363,0
2022-10-28T18:16:17.327000,2.697692,52.066481,-0.329,0
2022-10-28T18:16:18.270000,2.688439,52.123445,-0.336,0
2022-10-28T18:16:19.214000,2.679172,52.180407,-0.291,0
2022-10-28T18:16:20.157000,2.669893,52.237369,-0.261,0
2022-10-28T18:16:21.100000,2.660599,52.29433,-0.216,0
2022-10-28T18:16:22.044000,2.651291,52.351291,-0.199,0
2022-10-28T18:16:22.987000,2.64197,52.40825,-0.165,0
2022-10-28T18:16:23.931000,2.632635,52.465209,-0.109,0
2022-10-28T18:16:24.874000,2.623286,52.522167,-0.103,0
2022-10-28T18:16:25.818000,2.613923,52.579124,-0.056,0
2022-10-28T18:16:26.761000,2.604546,52.63608,-0.002,0
2022-10-28T18:16:27.704000,2.595155,52.693036,0.054,0
2022-10-28T18:16:28.648000,2.58575,52.749991,0.109,0
2022-10-28T18:16:29.591000,2.57633,52.806945,0.157,0
2022-10-28T18:16:30.535000,2.566896,52.863898,0.221,0
2022-10-28T18:16:31.478000,2.557448,52.920851,0.273,0
2022-10-28T18:16:32.422000,2.547985,52.977802,0.312,0
2022-10-28T18:16:33.365000,2.538508,53.034753,0.366,0
2022-10-28T18:16:34.309000,2.529016,53.091703,0.446,0
2022-10-28T18:16:35.252000,2.519509,53.148652,0.504,0
2022-10-28T18:16:36.195000,2.509988,53.2056,0.563,0
2022-10-28T18:16:37.139000,2.500452,53.262548,0.639,0
2022-10-28T18:16:38.082000,2.490901,53.319495,0.659,0
2022-10-28T18:16:39.026000,2.481335,53.376441,0.699,0
2022-10-28T18:16:39.969000,2.471754,53.433386,0.726,0
2022-10-28T18:16:40.913000,2.462158,53.490331,0.78,0
2022-10-28T18:16:41.856000,2.452547,53.547274,0.818,0
2022-10-28T18:16:42.799000,2.44292,53.604217,0.833,0
2022-10-28T18:16:43.743000,2.433279,53.661159,0.865,0
2022-10-28T18:16:44.686000,2.423622,53.7181,0.876,0
2022-10-28T18:16:45.630000,2.413949,53.77504,0.923,0
2022-10-28T18:16:46.573000,2.404261,53.83198,0.929,0
2022-10-28T18:16:47.517000,2.394557,53.888919,0.935,0
2022-10-28T18:16:48.460000,2.384838,53.945857,0.934,0
2022-10-28T18:16:49.404000,2.375103,54.002794,0.964,0
2022-10-28T18:16:50.347000,2.365352,54.05973,0.995,0
2022-10-28T18:16:51.290000,2.355585,54.116665,1.006,0
2022-10-28T18:16:52.234000,2.345802,54.1736,1.013,0
2022-10-28T18:16:53.177000,2.336003,54.230534,1.019,0
2022-10-28T18:16:54.121000,2.326188,54.287467,1.04,0
2022-10-28T18:16:55.064000,2.316357,54.344399,1.055,0
2022-10-28T18:16:56.008000,2.30651,54.401331,1.037,0
2022-10-28T18:16:56.951000,2.296646,54.458261,1.042,0
2022-10-28T18:16:57.894000,2.286766,54.515191,1.051,0
2022-10-28T18:16:58.838000,2.276869,54.57212,1.012,0
2022-10-28T18:16:59.781000,2.266955,54.629048,1.027,0
2022-10-28T18:17:00.725000,2.257025,54.685975,1.039,0
2022-10-28T18:17:01.668000,2.247078,54.742901,1.055,0
2022-10-28T18:17:02.612000,2.237115,54.799827,1.049,0
2022-10-28T18:17:03.555000,2.227134,54.856752,1.034,0
2022-10-28T18:17:04.499000,2.217136,54.913676,1.0,0
2022-10-28T18:17:05.442000,2.207121,54.970599,0.988,0
2022-10-28T18:17:06.385000,2.197089,55.027521,1.0,0
2022-10-28T18:17:07.329000,2.18704,55.084443,0.994,0
2022-10-28T18:17:08.272000,2.176973,55.141363,0.985,0
2022-10-28T18:17:09.216000,2.166889,55.198283,0.962,0
2022-10-28T18:17:10.159000,2.156788,55.255202,0.918,0
2022-10-28T18:17:11.103000,2.146668,55.31212,0.927,0
2022-10-28T18:17:12.046000,2.136531,55.369037,0.902,0
2022-10-28T18:17:12.989000,2.126377,55.425953,0.843,0
2022-10-28T18:17:13.933000,2.116204,55.482869,0.806,0
2022-10-28T18:17:14.876000,2.106013,55.539784,0.805,0
2022-10-28T18:17:15.820000,2.095805,55.596698,0.81,0
2022-10-28T18:17:16.763000,2.085578,55.653611,0.813,0
2022-10-28T18:17:17.707000,2.075333,55.710523,0.767,0
2022-10-28T18:17:18.650000,2.065069,55.767434,0.746,0
2022-10-28T18:17:19.594000,2.054787,55.824345,0.732,0
2022-10-28T18:17:20.537000,2.044487,55.881254,0.719,0
2022-10-28T18:17:21.480000,2.034168,55.938163,0.703,0
2022-10-30T18:14:07.053000,1.844032,51.062968,-0.014,1
2022-10-30T18:14:07.997000,1.835006,51.119951,0.013,0
2022-10-30T18:14:08.940000,1.825968,51.176933,0.013,0
2022-10-30T18:14:09.884000,1.816917,51.233915,0.032,0
2022-10-30T18:14:10.827000,1.807853,51.290896,0.03,0
2022-10-30T18:14:11.770000,1.798777,51.347876,-0.024,0
2022-10-30T18:14:12.714000,1.789688,51.404855,0.021,0
2022-10-30T18:14:13.657000,1.780586,51.461834,-0.009,0
2022-10-30T18:14:14.601000,1.771471,51.518811,-0.054,0
2022-10-30T18:14:15.544000,1.762343,51.575788,-0.072,0
2022-10-30T18:14:16.488000,1.753203,51.632765,-0.071,0
2022-10-30T18:14:17.431000,1.744049,51.68974,-0.123,0
2022-10-30T18:14:18.375000,1.734882,51.746714,-0.14,0
2022-10-30T18:14:19.318000,1.725702,51.803688,-0.166,0
2022-10-30T18:14:20.261000,1.716509,51.860661,-0.186,0
2022-10-30T18:14:21.205000,1.707303,51.917634,-0.243,0
2022-10-30T18:14:22.148000,1.698083,51.974605,-0.283,1
2022-10-30T18:14:23.092000,1.68885,52.031576,-0.293,1
2022-10-30T18:14:24.035000,1.679604,52.088546,-0.369,1
2022-10-30T18:14:37.243000,1.548703,52.886042,-0.589,1
2022-10-30T18:14:38.187000,1.539247,52.943001,-0.537,1
2022-10-30T18:14:39.130000,1.529776,52.999958,-0.463,1
2022-10-30T18:14:40.074000,1.520291,53.056914,-0.402,0
2022-10-30T18:14:41.017000,1.510791,53.11387,-0.314,0
2022-10-30T18:14:41.960000,1.501277,53.170825,-0.262,0
2022-10-30T18:14:42.904000,1.491748,53.227779,-0.174,0
2022-10-30T18:14:43.847000,1.482204,53.284732,-0.065,0
2022-10-30T18:14:44.791000,1.472645,53.341685,-0.018,0
2022-10-30T18:14:45.734000,1.463071,53.398636,0.059,0
2022-10-30T18:14:46.678000,1.453482,53.455587,0.137,0
2022-10-30T18:14:47.621000,1.443877,53.512538,0.222,0
2022-10-30T18:14:48.565000,1.434258,53.569487,0.292,0
2022-10-30T18:14:49.508000,1.424624,53.626435,0.36,0
2022-10-30T18:14:50.451000,1.414974,53.683383,0.439,0
2022-10-30T18:14:51.395000,1.405308,53.74033,0.52,0
2022-10-30T18:14:52.338000,1.395628,53.797276,0.571,0
2022-10-30T18:14:53.282000,1.385931,53.854221,0.631,0
2022-10-30T18:14:54.225000,1.376219,53.911165,0.669,0
2022-10-30T18:14:55.169000,1.366491,53.968109,0.723,0
2022-10-30T18:14:56.112000,1.356748,54.025052,0.77,0
2022-10-30T18:14:57.055000,1.346988,54.081994,0.832,0
2022-10-30T18:14:57.999000,1.337213,54.138935,0.86,0
2022-10-30T18:14:58.942000,1.327422,54.195875,0.88,0
2022-10-30T18:14:59.886000,1.317614,54.252815,0.91,0
2022-10-30T18:15:00.829000,1.307791,54.309753,0.956,0
2022-10-30T18:15:01.773000,1.297951,54.366691,0.967,0
2022-10-30T18:15:02.716000,1.288095,54.423628,0.955,0
2022-10-30T18:15:03.660000,1.278222,54.480565,0.979,0
2022-10-30T18:15:04.603000,1.268333,54.5375,1.022,0
2022-10-30T18:15:05.546000,1.258427,54.594435,1.028,0
2022-10-30T18:15:06.490000,1.248505,54.651368,1.046,0
2022-10-30T18:15:07.433000,1.238566,54.708301,1.037,0
2022-10-30T18:15:08.377000,1.22861,54.765233,1.055,0
2022-10-30T18:15:09.320000,1.218637,54.822165,1.037,0
2022-10-30T18:15:10.264000,1.208648,54.879095,1.053,0
2022-10-30T18:15:11.207000,1.198641,54.936025,1.062,0
2022-10-30T18:15:12.150000,1.188617,54.992953,1.071,0
2022-10-30T18:15:13.094000,1.178576,55.049881,1.083,0
2022-10-30T18:15:14.037000,1.168517,55.106809,1.085,0
2022-10-30T18:15:14.981000,1.158441,55.163735,1.071,0
2022-10-30T18:15:15.924000,1.148348,55.22066,1.07,0
2022-10-30T18:15:16.868000,1.138237,55.277585,1.051,0
2022-10-30T18:15:17.811000,1.128108,55.334509,1.067,0
2022-10-30T18:15:18.755000,1.117962,55.391432,1.055,0
2022-10-30T18:15:19.698000,1.107798,55.448354,1.072,0
2022-10-30T18:15:20.641000,1.097616,55.505275,1.035,0
2022-10-30T18:15:21.585000,1.087415,55.562195,1.074,0
2022-10-30T18:15:22.528000,1.077197,55.619115,1.076,0
2022-10-30T18:15:23.472000,1.066961,55.676034,1.083,0
2022-10-30T18:15:24.415000,1.056706,55.732951,1.091,0
2022-10-30T18:15:25.359000,1.046433,55.789868,1.084,0
2022-10-30T18:15:26.302000,1.036141,55.846785,1.096,0
2022-10-30T18:15:27.245000,1.025831,55.9037,1.086,0
2022-10-30T18:15:28.189000,1.015502,55.960614,1.078,0
2022-10-31T06:09:06.077000,8.153683,55.447486,0.953,1
2022-10-31T06:09:07.021000,8.143514,55.390516,0.895,1
2022-10-31T06:09:07.964000,8.133363,55.333545,0.884,0
2022-10-31T06:09:08.907000,8.12323,55.276573,0.859,0
2022-10-31T06:09:09.851000,8.113114,55.2196,0.837,0
2022-10-31T06:09:10.794000,8.103016,55.162626,0.811,0
2022-10-31T06:09:11.738000,8.092936,55.105652,0.742,0
2022-10-31T06:09:12.681000,8.082873,55.048676,0.72,0
2022-10-31T06:09:13.625000,8.072827,54.991699,0.708,0
2022-10-31T06:09:14.568000,8.062799,54.934722,0.656,0
2022-10-31T06:09:15.511000,8.052787,54.877744,0.655,0
2022-10-31T06:09:16.455000,8.042793,54.820764,0.576,0
2022-10-31T06:09:17.398000,8.032816,54.763784,0.531,0
2022-10-31T06:09:18.342000,8.022856,54.706803,0.524,0
2022-10-31T06:09:19.285000,8.012912,54.649821,0.451,0
2022-10-31T06:09:20.229000,8.002985,54.592838,0.356,0
2022-10-31T06:09:21.172000,7.993075,54.535855,0.317,0
2022-10-31T06:09:22.116000,7.983182,54.47887,0.296,0
2022-10-31T06:09:23.059000,7.973305,54.421885,0.197,0
2022-10-31T06:09:24.002000,7.963445,54.364898,0.154,0
2022-10-31T06:09:24.946000,7.9536,54.307911,0.08,1
2022-10-31T06:09:25.889000,7.943772,54.250923,0.044,1
2022-10-31T06:09:28.720000,7.914386,54.079953,-0.092,1
2022-10-31T06:09:29.663000,7.904622,54.022961,-0.123,0
2022-10-31T06:09:30.606000,7.894874,53.965969,-0.185,0
2022-10-31T06:09:31.550000,7.885142,53.908975,-0.234,1
2022-10-31T06:09:32.493000,7.875426,53.851981,-0.281,1
2022-11-01T18:11:55.836000,0.995347,50.011236,1.383,1
2022-11-01T18:11:56.780000,0.986541,50.068239,1.536,0
2022-11-01T18:11:57.723000,0.977724,50.125242,1.501,0
2022-11-01T18:11:58.667000,0.968895,50.182243,1.536,0
2022-11-01T18:11:59.610000,0.960054,50.239244,1.519,0
2022-11-01T18:12:00.554000,0.951202,50.296244,1.533,0
2022-11-01T18:12:01.497000,0.942338,50.353244,1.547,0
2022-11-01T18:12:02.441000,0.933462,50.410242,1.541,0
2022-11-01T18:12:03.384000,0.924574,50.46724,1.574,0
2022-11-01T18:12:04.327000,0.915675,50.524237,1.573,0
2022-11-01T18:12:05.271000,0.906763,50.581234,1.6,0
2022-11-01T18:12:06.214000,0.89784,50.63823,1.607,0
2022-11-01T18:12:07.158000,0.888904,50.695224,1.583,0
2022-11-01T18:12:08.101000,0.879956,50.752218,1.564,0
2022-11-01T18:12:09.045000,0.870997,50.809212,1.569,1
2022-11-01T18:12:09.988000,0.862024,50.866204,1.506,1
2022-11-01T18:12:45.839000,0.511462,53.031346,-1.118,1
2022-11-01T18:12:46.782000,0.501968,53.088308,-1.118,1
2022-11-01T18:12:47.726000,0.492459,53.145269,-1.078,1
2022-11-01T18:12:48.669000,0.482935,53.20223,-1.009,1
2022-11-01T18:12:49.612000,0.473396,53.259189,-0.895,1
2022-11-01T18:12:50.556000,0.463842,53.316148,-0.822,1
2022-11-01T18:12:51.499000,0.454274,53.373106,-0.78,1
2022-11-01T18:12:52.443000,0.44469,53.430064,-0.748,1
2022-11-01T18:12:53.386000,0.435091,53.48702,-0.73,0
2022-11-01T18:12:54.330000,0.425478,53.543976,-0.675,0
2022-11-01T18:12:55.273000,0.415848,53.60093,-0.598,0
2022-11-01T18:12:56.216000,0.406204,53.657884,-0.569,0
2022-11-01T18:12:57.160000,0.396544,53.714838,-0.5,0
2022-11-01T18:12:58.103000,0.386869,53.77179,-0.478,0
2022-11-01T18:12:59.047000,0.377178,53.828742,-0.426,0
2022-11-01T18:12:59.990000,0.367472,53.885692,-0.375,0
2022-11-01T18:13:00.934000,0.35775,53.942642,-0.32,0
2022-11-01T18:13:01.877000,0.348012,53.999592,-0.272,0
2022-11-01T18:13:02.820000,0.338258,54.05654,-0.219,0
2022-11-01T18:13:03.764000,0.328489,54.113487,-0.174,0
2022-11-01T18:13:04.707000,0.318703,54.170434,-0.131,0
2022-11-01T18:13:05.651000,0.308901,54.22738,-0.086,0
2022-11-01T18:13:06.594000,0.299084,54.284325,-0.064,0
2022-11-01T18:13:07.538000,0.28925,54.341269,-0.015,0
2022-11-01T18:13:08.481000,0.279399,54.398212,0.004,0
2022-11-01T18:13:09.425000,0.269533,54.455155,0.027,0
2022-11-01T18:13:10.368000,0.25965,54.512097,0.047,0
2022-11-01T18:13:11.311000,0.24975,54.569038,0.085,0
2022-11-01T18:13:12.255000,0.239834,54.625978,0.104,0
2022-11-01T18:13:13.198000,0.229901,54.682917,0.144,0
2022-11-01T18:13:14.142000,0.219951,54.739856,0.194,0
2022-11-01T18:13:15.085000,0.209984,54.796793,0.204,0
2022-11-01T18:13:16.029000,0.200001,54.85373,0.214,0
2022-11-01T18:13:16.972000,0.19,54.910666,0.256,0
2022-11-01T18:13:17.915000,0.179982,54.967601,0.256,0
2022-11-01T18:13:18.859000,0.169948,55.024535,0.298,0
2022-11-01T18:13:19.802000,0.159895,55.081469,0.325,0
2022-11-01T18:13:20.746000,0.149826,55.138402,0.344,0
2022-11-01T18:13:21.689000,0.139739,55.195333,0.356,0
2022-11-01T18:13:22.633000,0.129634,55.252264,0.37,0
2022-11-01T18:13:23.576000,0.119512,55.309194,0.409,0
2022-11-01T18:13:24.520000,0.109372,55.366124,0.421,0
2022-11-01T18:13:25.463000,0.099214,55.423052,0.451,0
2022-11-01T18:13:26.406000,0.089038,55.47998,0.462,0
2022-11-01T18:13:27.350000,0.078845,55.536907,0.455,0
2022-11-01T18:13:28.293000,0.068633,55.593832,0.498,0
2022-11-01T18:13:29.237000,0.058403,55.650757,0.522,0
2022-11-01T18:13:30.180000,0.048155,55.707682,0.54,0
2022-11-01T18:13:31.124000,0.037889,55.764605,0.595,0
2022-11-01T18:13:32.067000,0.027604,55.821528,0.614,0
2022-11-01T18:13:33.010000,0.0173,55.878449,0.595,0
2022-11-01T18:13:33.954000,0.006978,55.93537,0.612,0
2022-11-02T06:07:03.351000,7.237294,55.977918,0.759,0
2022-11-02T06:07:04.295000,7.226954,55.920955,0.764,0
2022-11-02T06:07:05.238000,7.216632,55.86399,0.8,0
2022-11-02T06:07:06.182000,7.206329,55.807025,0.802,0
2022-11-02T06:07:07.125000,7.196045,55.750059,0.794,0
2022-11-02T06:07:08.068000,7.185779,55.693092,0.858,0
2022-11-02T06:07:09.012000,7.175532,55.636124,0.834,0
2022-11-02T06:07:09.955000,7.165302,55.579155,0.868,0
2022-11-02T06:07:10.899000,7.155091,55.522185,0.884,0
2022-11-02T06:07:11.842000,7.144898,55.465215,0.854,0
2022-11-02T06:07:12.786000,7.134723,55.408243,0.902,0
2022-11-02T06:07:13.729000,7.124566,55.35127,0.951,0
2022-11-02T06:07:14.672000,7.114426,55.294297,0.955,0
2022-11-02T06:07:15.616000,7.104304,55.237323,0.931,0
2022-11-02T06:07:16.559000,7.0942,55.180348,0.964,0
2022-11-02T06:07:17.503000,7.084114,55.123371,0.994,0
2022-11-02T06:07:18.446000,7.074045,55.066394,0.842,0
2022-11-02T06:07:19.390000,7.063993,55.009417,0.87,0
2022-11-02T06:07:20.333000,7.053958,54.952438,0.903,0
2022-11-02T06:07:21.277000,7.043941,54.895458,0.916,0
2022-11-02T06:07:22.220000,7.033941,54.838477,0.948,0
2022-11-02T06:07:23.163000,7.023958,54.781496,0.938,0
2022-11-02T06:07:24.107000,7.013992,54.724513,0.923,0
2022-11-02T06:07:25.050000,7.004042,54.66753,0.937,0
2022-11-02T06:07:25.994000,6.99411,54.610546,0.902,0
2022-11-02T06:07:26.937000,6.984194,54.553561,0.896,0
2022-11-02T06:07:27.881000,6.974295,54.496575,0.885,0
2022-11-02T06:07:28.824000,6.964412,54.439588,0.861,0
2022-11-02T06:07:29.767000,6.954546,54.3826,0.861,0
2022-11-02T06:07:30.711000,6.944696,54.325612,0.898,0
2022-11-02T06:07:31.654000,6.934862,54.268622,0.861,0
2022-11-02T06:07:32.598000,6.925045,54.211631,0.818,0
2022-11-02T06:07:33.541000,6.915244,54.15464,0.826,0
2022-11-02T06:07:34.485000,6.905459,54.097648,0.792,0
2022-11-02T06:07:35.428000,6.895689,54.040655,0.776,0
2022-11-02T06:07:36.372000,6.885936,53.983661,0.778,0
2022-11-02T06:07:37.315000,6.876199,53.926666,0.727,0
2022-11-02T06:07:38.258000,6.866477,53.86967,0.677,0
2022-11-02T06:07:39.202000,6.856771,53.812674,0.648,0
2022-11-02T06:07:40.145000,6.84708,53.755676,0.663,1
2022-11-03T18:09:56.884000,0.030191,49.710567,2.496,1
2022-11-03T18:09:57.828000,0.021445,49.76758,2.501,1
2022-11-03T18:09:58.771000,0.012689,49.824593,2.488,0
2022-11-03T18:09:59.715000,0.003921,49.881604,2.507,0
2022-11-03T18:10:00.658000,-0.004859,49.938615,2.424,0
2022-11-03T18:10:01.602000,-0.01365,49.995625,2.461,0
2022-11-03T18:10:02.545000,-0.022452,50.052635,2.475,0
2022-11-03T18:10:03.488000,-0.031266,50.109644,2.435,0
2022-11-03T18:10:04.432000,-0.040091,50.166652,2.413,0
2022-11-03T18:10:05.375000,-0.048928,50.223659,2.372,0
2022-11-03T18:10:06.319000,-0.057777,50.280665,2.382,0
2022-11-03T18:10:07.262000,-0.066638,50.337671,2.353,0
2022-11-03T18:10:08.206000,-0.07551,50.394676,2.338,0
2022-11-03T18:10:09.149000,-0.084394,50.45168,2.3,0
2022-11-03T18:10:10.092000,-0.09329,50.508683,2.288,0
2022-11-03T18:10:11.036000,-0.102198,50.565686,2.247,0
2022-11-03T18:10:11.979000,-0.111118,50.622688,2.231,0
2022-11-03T18:10:12.923000,-0.12005,50.679689,2.218,1
2022-11-03T18:10:13.866000,-0.128994,50.736689,2.208,1
2022-11-03T18:11:19.907000,-0.788703,54.724762,-0.41,0
2022-11-03T18:11:20.850000,-0.798664,54.781706,-0.388,0
2022-11-03T18:11:21.794000,-0.808643,54.838649,-0.373,0
2022-11-03T18:11:23.681000,-0.828651,54.952532,-0.346,0
2022-11-03T18:11:24.624000,-0.838681,55.009473,-0.322,0
2022-11-03T18:11:25.567000,-0.848729,55.066413,-0.388,0
2022-11-03T18:11:26.511000,-0.858793,55.123351,-0.342,0
2022-11-03T18:11:28.398000,-0.878975,55.237227,-0.31,0
2022-11-03T18:11:29.341000,-0.889092,55.294163,-0.278,0
2022-11-03T18:11:30.285000,-0.899227,55.351098,-0.239,0
2022-11-03T18:11:31.228000,-0.909379,55.408033,-0.221,0
2022-11-03T18:11:32.171000,-0.91955,55.464967,-0.205,0
2022-11-03T18:11:33.115000,-0.929738,55.5219,-0.202,0
2022-11-03T18:11:34.058000,-0.939945,55.578832,-0.169,0
2022-11-03T18:11:35.002000,-0.950169,55.635763,-0.183,0
2022-11-03T18:11:35.945000,-0.960412,55.692694,-0.134,0
2022-11-03T18:11:36.889000,-0.970673,55.749623,-0.092,0
2022-11-03T18:11:37.832000,-0.980953,55.806552,-0.092,0
2022-11-03T18:11:38.776000,-0.991251,55.86348,-0.073,0
2022-11-03T18:11:39.719000,-1.001568,55.920407,-0.019,0
2022-11-03T18:11:40.662000,-1.011903,55.977333,-0.01,0
2022-11-04T06:05:09.116000,6.226641,55.985415,0.399,0
2022-11-04T06:05:10.060000,6.2163,55.92845,0.365,0
2022-11-04T06:05:11.003000,6.205977,55.871485,0.443,0
2022-11-04T06:05:11.947000,6.195673,55.814519,0.424,0
2022-11-04T06:05:12.890000,6.185388,55.757552,0.325,0
2022-11-04T06:05:14.777000,6.164872,55.643614,0.46,0
2022-11-04T06:05:15.720000,6.154641,55.586644,0.51,0
2022-11-04T06:05:16.664000,6.144429,55.529674,0.531,0
2022-11-04T06:05:17.607000,6.134235,55.472702,0.561,0
2022-11-04T06:05:18.551000,6.124059,55.415729,0.544,0
2022-11-04T06:05:19.494000,6.1139,55.358756,0.586,0
2022-11-04T06:05:20.438000,6.10376,55.301781,0.646,0
2022-11-04T06:05:21.381000,6.093637,55.244806,0.653,0
2022-11-04T06:05:22.324000,6.083532,55.18783,0.671,0
2022-11-04T06:05:23.268000,6.073444,55.130853,0.728,0
2022-11-04T06:05:24.211000,6.063374,55.073874,0.82,0
2022-11-04T06:05:25.155000,6.053322,55.016896,0.786,0
2022-11-04T06:05:26.098000,6.043286,54.959916,0.796,0
2022-11-04T06:05:27.042000,6.033268,54.902935,0.874,0
2022-11-04T06:05:27.985000,6.023267,54.845954,0.874,0
2022-11-04T06:05:28.928000,6.013283,54.788971,0.945,0
2022-11-04T06:05:29.872000,6.003315,54.731988,1.008,0
2022-11-04T06:05:30.815000,5.993365,54.675003,0.976,0
2022-11-04T06:05:31.759000,5.983432,54.618018,1.025,0
2022-11-04T06:05:32.702000,5.973515,54.561032,1.066,0
2022-11-04T06:05:33.646000,5.963615,54.504045,1.089,0
2022-11-04T06:05:34.589000,5.953731,54.447057,1.123,0
2022-11-04T06:05:35.533000,5.943864,54.390069,1.157,0
2022-11-04T06:05:36.476000,5.934013,54.333079,1.179,0
2022-11-04T06:05:37.419000,5.924179,54.276089,1.197,0
2022-11-04T06:05:38.363000,5.91436,54.219097,1.246,0
2022-11-04T06:05:39.306000,5.904558,54.162105,1.234,0
2022-11-04T06:05:40.250000,5.894772,54.105112,1.288,0
2022-11-04T06:05:41.193000,5.885002,54.048118,1.307,0
2022-11-04T06:05:42.137000,5.875248,53.991124,1.345,0
2022-11-04T06:05:43.080000,5.865509,53.934128,1.369,0
2022-11-04T06:05:44.023000,5.855787,53.877131,1.389,0
2022-11-04T06:05:44.967000,5.84608,53.820134,1.425,0
2022-11-04T06:05:45.910000,5.836389,53.763135,1.408,0
2022-11-04T06:05:46.854000,5.826713,53.706136,1.43,0
2022-11-04T06:05:47.797000,5.817053,53.649136,1.413,0
2022-11-04T06:05:48.741000,5.807408,53.592135,1.432,1
2022-11-04T06:05:49.684000,5.797778,53.535134,1.426,1
2022-11-05T18:08:02.649000,-0.979594,49.707219,2.032,0
2022-11-05T18:08:03.593000,-0.988337,49.764238,1.94,0
2022-11-05T18:08:04.536000,-0.997092,49.821257,1.873,0
2022-11-05T18:08:05.480000,-1.005859,49.878274,1.757,0
2022-11-05T18:08:06.423000,-1.014636,49.935291,1.646,0
2022-11-05T18:08:07.367000,-1.023425,49.992308,1.542,0
2022-11-05T18:08:08.310000,-1.032226,50.049323,1.488,0
2022-11-05T18:08:09.253000,-1.041038,50.106338,1.375,0
2022-11-05T18:08:10.197000,-1.049861,50.163352,1.256,0
2022-11-05T18:08:11.140000,-1.058696,50.220365,1.15,0
2022-11-05T18:08:12.084000,-1.067543,50.277378,0.996,0
2022-11-05T18:08:13.027000,-1.076402,50.33439,0.847,0
2022-11-05T18:08:13.971000,-1.085272,50.3914,0.71,0
2022-11-05T18:08:14.914000,-1.094154,50.448411,0.558,0
2022-11-05T18:08:15.857000,-1.103048,50.50542,0.482,1
2022-11-05T18:08:16.801000,-1.111954,50.562429,0.351,1
2022-11-05T18:09:45.484000,-2.011118,55.917714,-1.322,1
2022-11-05T18:09:46.427000,-2.021451,55.974646,-1.311,1
2022-11-06T06:03:14.881000,5.214091,55.981444,0.174,0
2022-11-06T06:03:15.825000,5.203753,55.924479,0.187,0
2022-11-06T06:03:16.768000,5.193433,55.867513,0.187,0
2022-11-06T06:03:17.712000,5.183133,55.810546,0.192,0
2022-11-06T06:03:18.655000,5.172851,55.753578,0.206,0
2022-11-06T06:03:19.599000,5.162587,55.69661,0.217,0
2022-11-06T06:03:20.542000,5.152342,55.63964,0.195,0
2022-11-06T06:03:21.485000,5.142115,55.58267,0.217,0
2022-11-06T06:03:22.429000,5.131906,55.525698,0.236,0
2022-11-06T06:03:23.372000,5.121715,55.468726,0.264,0
2022-11-06T06:03:24.316000,5.111542,55.411753,0.277,0
2022-11-06T06:03:25.259000,5.101387,55.354779,0.254,0
2022-11-06T06:03:26.203000,5.09125,55.297804,0.277,0
2022-11-06T06:03:27.146000,5.08113,55.240828,0.291,0
2022-11-06T06:03:28.089000,5.071029,55.183851,0.324,0
2022-11-06T06:03:29.033000,5.060944,55.126873,0.363,0
2022-11-06T06:03:29.976000,5.050878,55.069895,0.388,0
2022-11-06T06:03:30.920000,5.040828,55.012915,0.416,0
2022-11-06T06:03:31.863000,5.030796,54.955935,0.428,0
2022-11-06T06:03:32.807000,5.020781,54.898954,0.427,0
2022-11-06T06:03:33.750000,5.010783,54.841971,0.478,0
2022-11-06T06:03:34.693000,5.000802,54.784988,0.489,0
2022-11-06T06:03:35.637000,4.990838,54.728005,0.572,0
2022-11-06T06:03:36.580000,4.980891,54.67102,0.574,0
2022-11-06T06:03:37.524000,4.970961,54.614034,0.569,0
2022-11-06T06:03:38.467000,4.961047,54.557048,0.653,0
2022-11-06T06:03:39.411000,4.95115,54.50006,0.635,0
2022-11-06T06:03:40.354000,4.94127,54.443072,0.677,0
2022-11-06T06:03:41.298000,4.931406,54.386083,0.702,0
2022-11-06T06:03:42.241000,4.921558,54.329093,0.716,0
2022-11-06T06:03:43.184000,4.911727,54.272102,0.716,0
2022-11-06T06:03:44.128000,4.901912,54.21511,0.758,0
2022-11-06T06:03:45.071000,4.892113,54.158118,0.779,0
2022-11-06T06:03:46.015000,4.88233,54.101124,0.792,0
2022-11-06T06:03:46.958000,4.872563,54.04413,0.864,0
2022-11-06T06:03:47.902000,4.862812,53.987134,0.878,0
2022-11-06T06:03:48.845000,4.853076,53.930138,0.931,0
2022-11-06T06:03:49.788000,4.843357,53.873141,1.003,0
2022-11-06T06:03:50.732000,4.833653,53.816144,1.031,0
2022-11-06T06:03:51.675000,4.823965,53.759145,1.026,0
2022-11-06T06:03:52.619000,4.814292,53.702146,1.116,0
2022-11-06T06:03:53.562000,4.804635,53.645145,1.125,0
2022-11-06T06:03:54.506000,4.794993,53.588144,1.136,0
2022-11-06T06:03:55.449000,4.785366,53.531142,1.173,0
2022-11-06T06:03:56.393000,4.775755,53.474139,1.167,0
2022-11-06T06:03:57.336000,4.766159,53.417135,1.198,0
2022-11-06T06:03:58.279000,4.756578,53.36013,1.22,0
2022-11-06T06:03:59.223000,4.747012,53.303124,1.242,1
2022-11-06T06:04:00.166000,4.737461,53.246118,1.184,1
2022-11-06T06:04:01.110000,4.727924,53.189111,1.161,1
2022-11-07T18:06:09.358000,-1.999555,49.770975,2.761,1
2022-11-07T18:06:10.301000,-2.00831,49.827999,2.668,1
2022-11-07T18:06:11.245000,-2.017077,49.885023,2.53,0
2022-11-07T18:06:12.188000,-2.025855,49.942046,2.404,0
2022-11-07T18:06:13.132000,-2.034645,49.999068,2.266,0
2022-11-07T18:06:14.075000,-2.043446,50.056089,2.204,0
2022-11-07T18:06:15.018000,-2.052258,50.11311,2.05,0
2022-11-07T18:06:15.962000,-2.061082,50.170129,1.976,0
2022-11-07T18:06:16.905000,-2.069918,50.227148,1.881,0
2022-11-07T18:06:17.849000,-2.078765,50.284167,1.76,0
2022-11-07T18:06:18.792000,-2.087624,50.341184,1.69,0
2022-11-07T18:06:19.736000,-2.096495,50.398201,1.579,0
2022-11-07T18:06:20.679000,-2.105378,50.455217,1.51,1
2022-11-07T18:06:21.623000,-2.114273,50.512232,1.397,1
2022-11-08T06:01:20.646000,4.200496,55.968219,0.501,0
2022-11-08T06:01:21.590000,4.190164,55.911254,0.48,0
2022-11-08T06:01:22.533000,4.17985,55.854288,0.49,0
2022-11-08T06:01:23.477000,4.169555,55.797321,0.518,0
2022-11-08T06:01:24.420000,4.159279,55.740353,0.51,0
2022-11-08T06:01:25.364000,4.149021,55.683384,0.522,0
2022-11-08T06:01:26.307000,4.138781,55.626414,0.541,0
2022-11-08T06:01:27.250000,4.12856,55.569444,0.578,0
2022-11-08T06:01:28.194000,4.118356,55.512472,0.57,0
2022-11-08T06:01:29.137000,4.108171,55.4555,0.58,0
2022-11-08T06:01:30.081000,4.098004,55.398527,0.603,0
2022-11-08T06:01:31.024000,4.087854,55.341553,0.583,0
2022-11-08T06:01:31.968000,4.077723,55.284578,0.622,0
2022-11-08T06:01:32.911000,4.067609,55.227602,0.64,0
2022-11-08T06:01:33.854000,4.057512,55.170625,0.659,0
2022-11-08T06:01:34.798000,4.047433,55.113647,0.645,0
2022-11-08T06:01:35.741000,4.037372,55.056669,0.695,0
2022-11-08T06:01:36.685000,4.027328,54.999689,0.69,0
2022-11-08T06:01:37.628000,4.017301,54.942709,0.731,0
2022-11-08T06:01:38.572000,4.007291,54.885728,0.77,0
2022-11-08T06:01:39.515000,3.997299,54.828746,0.776,0
2022-11-08T06:01:40.459000,3.987323,54.771763,0.793,0
2022-11-08T06:01:41.402000,3.977364,54.714779,0.804,0
2022-11-08T06:01:42.345000,3.967422,54.657794,0.827,0
2022-11-08T06:01:43.289000,3.957497,54.600809,0.821,0
2022-11-08T06:01:44.232000,3.947589,54.543822,0.843,0
2022-11-08T06:01:45.176000,3.937697,54.486835,0.882,0
2022-11-08T06:01:46.119000,3.927822,54.429847,0.901,0
2022-11-08T06:01:47.063000,3.917963,54.372858,0.912,0
2022-11-08T06:01:48.006000,3.90812,54.315868,0.934,0
2022-11-08T06:01:48.949000,3.898294,54.258877,0.943,0
2022-11-08T06:01:49.893000,3.888484,54.201885,0.958,0
2022-11-08T06:01:50.836000,3.87869,54.144893,0.984,0
2022-11-08T06:01:51.780000,3.868912,54.087899,1.029,0
2022-11-08T06:01:52.723000,3.85915,54.030905,1.027,0
2022-11-08T06:01:53.667000,3.849404,53.97391,1.058,0
2022-11-08T06:01:54.610000,3.839673,53.916914,1.095,0
2022-11-08T06:01:55.554000,3.829959,53.859917,1.091,0
2022-11-08T06:01:56.497000,3.82026,53.802919,1.091,0
2022-11-08T06:01:57.440000,3.810577,53.745921,1.102,0
2022-11-08T06:01:58.384000,3.800909,53.688921,1.122,0
2022-11-08T06:01:59.327000,3.791256,53.631921,1.117,0
2022-11-08T06:02:00.271000,3.781619,53.57492,1.134,0
2022-11-08T06:02:01.214000,3.771998,53.517918,1.125,0
2022-11-08T06:02:02.158000,3.762391,53.460915,1.156,0
2022-11-08T06:02:03.101000,3.7528,53.403911,1.132,0
2022-11-08T06:02:04.044000,3.743223,53.346907,1.143,0
2022-11-08T06:02:04.988000,3.733662,53.289902,1.092,0
2022-11-08T06:02:05.931000,3.724115,53.232895,1.093,0
2022-11-08T06:02:06.875000,3.714584,53.175888,1.071,0
2022-11-08T06:02:07.818000,3.705067,53.11888,1.062,0
2022-11-08T06:02:08.762000,3.695565,53.061872,1.014,0
2022-11-08T06:02:09.705000,3.686078,53.004862,1.006,0
2022-11-08T06:02:10.649000,3.676605,52.947852,0.96,0
2022-11-08T06:02:11.592000,3.667146,52.89084,0.904,0
2022-11-08T06:02:12.535000,3.657703,52.833828,0.825,0
2022-11-08T06:02:13.479000,3.648273,52.776815,0.778,0
2022-11-08T06:02:14.422000,3.638858,52.719801,0.702,0
2022-11-08T06:02:15.366000,3.629457,52.662787,0.641,0
2022-11-08T06:02:16.309000,3.62007,52.605771,0.555,0
2022-11-08T06:02:17.253000,3.610697,52.548755,0.509,0
2022-11-08T06:02:18.196000,3.601339,52.491738,0.422,0
2022-11-08T06:02:19.139000,3.591994,52.43472,0.313,0
2022-11-08T06:02:20.083000,3.582663,52.377701,0.278,0
2022-11-08T06:02:21.026000,3.573346,52.320681,0.215,0
2022-11-08T06:02:21.970000,3.564043,52.263661,0.084,0
2022-11-08T06:02:22.913000,3.554754,52.20664,-0.01,0
2022-11-08T06:02:23.857000,3.545478,52.149618,-0.073,0
2022-11-08T06:02:24.800000,3.536216,52.092595,-0.174,0
2022-11-08T06:02:25.744000,3.526967,52.035571,-0.24,0
2022-11-08T06:02:26.687000,3.517732,51.978546,-0.343,0
2022-11-08T06:02:27.630000,3.508511,51.921521,-0.407,0
2022-11-08T06:02:28.574000,3.499302,51.864494,-0.524,0
2022-11-08T06:02:29.517000,3.490107,51.807467,-0.614,0
2022-11-08T06:02:30.461000,3.480925,51.750439,-0.706,1
2022-11-08T06:02:31.404000,3.471757,51.693411,-0.82,1
2022-11-08T06:02:32.348000,3.462601,51.636381,-0.932,1
2022-11-08T06:02:35.178000,3.435212,51.465287,-1.258,1
2022-11-10T05:59:26.411000,3.186324,55.945452,0.689,0
2022-11-10T05:59:27.355000,3.175999,55.888487,0.711,0
2022-11-10T05:59:28.298000,3.165693,55.831522,0.688,0
2022-11-10T05:59:29.242000,3.155405,55.774555,0.715,0
2022-11-10T05:59:30.185000,3.145136,55.717588,0.723,0
2022-11-10T05:59:31.129000,3.134885,55.66062,0.78,0
2022-11-10T05:59:32.072000,3.124653,55.603651,0.786,0
2022-11-10T05:59:33.015000,3.114439,55.546681,0.821,0
2022-11-10T05:59:33.959000,3.104242,55.48971,0.844,0
2022-11-10T05:59:34.902000,3.094064,55.432738,0.85,0
2022-11-10T05:59:35.846000,3.083904,55.375765,0.849,0
2022-11-10T05:59:36.789000,3.073761,55.318791,0.901,0
2022-11-10T05:59:37.733000,3.063637,55.261817,0.933,0
2022-11-10T05:59:38.676000,3.05353,55.204842,0.933,0
2022-11-10T05:59:39.620000,3.04344,55.147865,0.944,0
2022-11-10T05:59:40.563000,3.033368,55.090888,0.968,0
2022-11-10T05:59:41.506000,3.023313,55.03391,1.029,0
2022-11-10T05:59:42.450000,3.013276,54.976931,1.031,0
2022-11-10T05:59:43.393000,3.003256,54.919952,1.022,0
2022-11-10T05:59:44.337000,2.993253,54.862971,1.056,0
2022-11-10T05:59:45.280000,2.983267,54.80599,1.074,0
2022-11-10T05:59:46.224000,2.973298,54.749007,1.13,0
2022-11-10T05:59:47.167000,2.963346,54.692024,1.181,0
2022-11-10T05:59:48.110000,2.953411,54.63504,1.173,0
2022-11-10T05:59:49.054000,2.943492,54.578055,1.185,0
2022-11-10T05:59:49.997000,2.93359,54.521069,1.243,0
2022-11-10T05:59:50.941000,2.923705,54.464083,1.235,0
2022-11-10T05:59:51.884000,2.913836,54.407095,1.247,0
2022-11-10T05:59:52.828000,2.903983,54.350107,1.226,0
2022-11-10T05:59:53.771000,2.894147,54.293117,1.268,0
2022-11-10T05:59:54.715000,2.884327,54.236127,1.257,0
2022-11-10T05:59:55.658000,2.874524,54.179136,1.253,0
2022-11-10T05:59:56.601000,2.864736,54.122144,1.249,0
2022-11-10T05:59:57.545000,2.854964,54.065152,1.279,0
2022-11-10T05:59:58.488000,2.845209,54.008158,1.262,0
2022-11-10T05:59:59.432000,2.835469,53.951164,1.261,0
2022-11-10T06:00:00.375000,2.825744,53.894168,1.266,0
2022-11-10T06:00:01.319000,2.816036,53.837172,1.244,0
2022-11-10T06:00:02.262000,2.806343,53.780175,1.237,0
2022-11-10T06:00:03.205000,2.796666,53.723177,1.234,0
2022-11-10T06:00:04.149000,2.787004,53.666179,1.199,0
2022-11-10T06:00:05.092000,2.777358,53.609179,1.222,0
2022-11-10T06:00:06.036000,2.767727,53.552179,1.179,0
2022-11-10T06:00:06.979000,2.758111,53.495178,1.151,0
2022-11-10T06:00:07.923000,2.74851,53.438176,1.16,0
2022-11-10T06:00:08.866000,2.738925,53.381173,1.135,0
2022-11-10T06:00:09.810000,2.729354,53.324169,1.116,0
2022-11-10T06:00:10.753000,2.719799,53.267164,1.084,0
2022-11-10T06:00:11.696000,2.710258,53.210159,1.064,0
2022-11-10T06:00:12.640000,2.700733,53.153153,1.0,0
2022-11-10T06:00:13.583000,2.691222,53.096145,0.97,0
2022-11-10T06:00:14.527000,2.681725,53.039138,0.912,0
2022-11-10T06:00:15.470000,2.672244,52.982129,0.898,0
2022-11-10T06:00:16.414000,2.662776,52.925119,0.82,0
2022-11-10T06:00:17.357000,2.653324,52.868109,0.754,0
2022-11-10T06:00:18.300000,2.643886,52.811097,0.689,0
2022-11-10T06:00:19.244000,2.634462,52.754085,0.625,0
2022-11-10T06:00:20.187000,2.625052,52.697072,0.568,0
2022-11-10T06:00:21.131000,2.615657,52.640058,0.496,0
2022-11-10T06:00:22.074000,2.606275,52.583044,0.389,0
2022-11-10T06:00:23.018000,2.596908,52.526028,0.36,0
2022-11-10T06:00:23.961000,2.587555,52.469012,0.249,0
2022-11-10T06:00:24.904000,2.578216,52.411995,0.195,0
2022-11-10T06:00:25.848000,2.568891,52.354977,0.086,0
2022-11-10T06:00:26.791000,2.559579,52.297958,0.006,0
2022-11-10T06:00:27.735000,2.550281,52.240939,-0.07,0
2022-11-10T06:00:28.678000,2.540997,52.183918,-0.148,0
2022-11-10T06:00:29.622000,2.531727,52.126897,-0.244,0
2022-11-10T06:00:30.565000,2.52247,52.069875,-0.331,0
2022-11-10T06:00:31.509000,2.513227,52.012852,-0.41,0
2022-11-10T06:00:32.452000,2.503997,51.955828,-0.496,0
2022-11-10T06:00:33.395000,2.494781,51.898804,-0.552,0
2022-11-10T06:00:34.339000,2.485577,51.841779,-0.618,0
2022-11-10T06:00:35.282000,2.476387,51.784752,-0.709,0
2022-11-10T06:00:36.226000,2.467211,51.727725,-0.777,0
2022-11-10T06:00:37.169000,2.458047,51.670698,-0.881,0
2022-11-10T06:00:38.113000,2.448897,51.613669,-0.941,0
2022-11-10T06:00:39.056000,2.439759,51.55664,-0.997,0
2022-11-10T06:00:39.999000,2.430635,51.499609,-1.073,0
2022-11-10T06:00:40.943000,2.421523,51.442578,-1.126,0
2022-11-10T06:00:41.886000,2.412425,51.385546,-1.198,0
2022-11-10T06:00:42.830000,2.403339,51.328514,-1.271,0
2022-11-10T06:00:43.773000,2.394266,51.27148,-1.316,0
2022-11-10T06:00:44.717000,2.385205,51.214446,-1.408,0
2022-11-10T06:00:45.660000,2.376157,51.157411,-1.437,1
2022-11-10T06:00:46.604000,2.367122,51.100375,-1.565,1
2022-11-10T17:14:48.917000,8.24518,53.921885,-0.547,1
2022-11-10T17:14:50.804000,8.225706,54.035836,-0.648,0
2022-11-10T17:14:52.691000,8.206167,54.149783,-0.439,0
2022-11-10T17:14:53.635000,8.196374,54.206755,-0.337,0
2022-11-10T17:14:54.578000,8.186565,54.263726,-0.325,0
2022-11-10T17:14:55.521000,8.176739,54.320697,-0.3,0
2022-11-10T17:14:56.465000,8.166897,54.377667,-0.19,0
2022-11-10T17:14:57.408000,8.157039,54.434636,-0.147,0
2022-11-10T17:14:58.352000,8.147165,54.491604,-0.044,0
2022-11-10T17:14:59.295000,8.137274,54.548571,0.05,0
2022-11-10T17:15:00.239000,8.127366,54.605538,0.129,1
2022-11-10T17:15:01.182000,8.117442,54.662503,0.175,1
2022-11-10T17:15:02.126000,8.107501,54.719468,0.246,1
2022-11-10T17:15:03.069000,8.097543,54.776432,0.291,1
2022-11-10T17:15:04.012000,8.087568,54.833395,0.305,1
2022-11-10T17:15:04.956000,8.077576,54.890357,0.373,1
2022-11-10T17:15:05.899000,8.067567,54.947319,0.414,0
2022-11-10T17:15:06.843000,8.057541,55.004279,0.45,0
2022-11-10T17:15:07.786000,8.047498,55.061239,0.47,0
2022-11-10T17:15:08.730000,8.037437,55.118198,0.522,0
2022-11-10T17:15:09.673000,8.027359,55.175156,0.573,0
2022-11-10T17:15:10.616000,8.017263,55.232113,0.634,0
2022-11-10T17:15:11.560000,8.00715,55.28907,0.665,0
2022-11-10T17:15:12.503000,7.997019,55.346025,0.734,0
2022-11-10T17:15:13.447000,7.98687,55.40298,0.753,0
2022-11-10T17:15:14.390000,7.976704,55.459933,0.803,1
2022-11-10T17:15:15.334000,7.966519,55.516886,0.849,1
2022-11-10T17:15:16.277000,7.956317,55.573839,0.847,1
2022-11-10T17:15:17.221000,7.946096,55.63079,0.851,1
2022-11-10T17:15:18.164000,7.935857,55.68774,0.914,1
2022-11-10T17:15:19.107000,7.9256,55.74469,0.873,0
2022-11-10T17:15:20.051000,7.915324,55.801638,0.874,0
2022-11-10T17:15:20.994000,7.90503,55.858586,0.903,0
2022-11-10T17:15:21.938000,7.894717,55.915533,0.937,0
2022-11-10T17:15:22.881000,7.884386,55.972479,0.949,1
2022-11-12T05:57:31.233000,2.182425,55.974106,0.837,0
2022-11-12T05:57:32.176000,2.17209,55.917144,0.857,0
2022-11-12T05:57:33.120000,2.161773,55.86018,0.808,0
2022-11-12T05:57:34.063000,2.151475,55.803215,0.857,0
2022-11-12T05:57:35.007000,2.141195,55.74625,0.87,0
2022-11-12T05:57:35.950000,2.130934,55.689284,0.897,0
2022-11-12T05:57:36.894000,2.120691,55.632317,0.897,0
2022-11-12T05:57:37.837000,2.110466,55.575349,0.933,0
2022-11-12T05:57:38.781000,2.10026,55.51838,0.933,0
2022-11-12T05:57:39.724000,2.090071,55.46141,0.952,0
2022-11-12T05:57:40.667000,2.079901,55.404439,0.98,0
2022-11-12T05:57:41.611000,2.069748,55.347468,0.967,0
2022-11-12T05:57:42.554000,2.059613,55.290495,0.993,0
2022-11-12T05:57:43.498000,2.049496,55.233522,0.997,0
2022-11-12T05:57:44.441000,2.039397,55.176548,1.043,0
2022-11-12T05:57:45.385000,2.029315,55.119573,1.057,0
2022-11-12T05:57:46.328000,2.01925,55.062597,1.075,0
2022-11-12T05:57:47.271000,2.009203,55.00562,1.098,0
2022-11-12T05:57:48.215000,1.999173,54.948642,1.1,0
2022-11-12T05:57:49.158000,1.98916,54.891664,1.134,0
2022-11-12T05:57:50.102000,1.979165,54.834684,1.153,0
2022-11-12T05:57:51.045000,1.969186,54.777704,1.122,0
2022-11-12T05:57:51.989000,1.959225,54.720723,1.164,0
2022-11-12T05:57:52.932000,1.94928,54.663741,1.176,0
2022-11-12T05:57:53.875000,1.939352,54.606758,1.181,0
2022-11-12T05:57:54.819000,1.92944,54.549774,1.175,0
2022-11-12T05:57:55.762000,1.919545,54.49279,1.173,0
2022-11-12T05:57:56.706000,1.909667,54.435804,1.156,0
2022-11-12T05:57:57.649000,1.899805,54.378818,1.16,0
2022-11-12T05:57:58.593000,1.88996,54.321831,1.146,0
2022-11-12T05:57:59.536000,1.880131,54.264843,1.206,0
2022-11-12T05:58:00.480000,1.870318,54.207854,1.187,0
2022-11-12T05:58:01.423000,1.860521,54.150864,1.195,0
2022-11-12T05:58:02.366000,1.85074,54.093874,1.184,0
2022-11-12T05:58:03.310000,1.840975,54.036882,1.169,0
2022-11-12T05:58:04.253000,1.831226,53.97989,1.144,0
2022-11-12T05:58:05.197000,1.821493,53.922897,1.137,0
2022-11-12T05:58:06.140000,1.811776,53.865903,1.127,0
2022-11-12T05:58:07.084000,1.802074,53.808908,1.091,0
2022-11-12T05:58:08.027000,1.792388,53.751913,1.047,0
2022-11-12T05:58:08.970000,1.782717,53.694916,1.053,0
2022-11-12T05:58:09.914000,1.773062,53.637919,1.036,0
2022-11-12T05:58:10.857000,1.763422,53.580921,1.017,0
2022-11-12T05:58:11.801000,1.753798,53.523922,0.964,0
2022-11-12T05:58:12.744000,1.744188,53.466922,0.927,0
2022-11-12T05:58:13.688000,1.734594,53.409921,0.903,0
2022-11-12T05:58:14.631000,1.725015,53.35292,0.858,0
2022-11-12T05:58:15.575000,1.715451,53.295917,0.825,0
2022-11-12T05:58:16.518000,1.705902,53.238914,0.781,0
2022-11-12T05:58:17.461000,1.696368,53.18191,0.744,0
2022-11-12T05:58:18.405000,1.686848,53.124905,0.694,0
2022-11-12T05:58:19.348000,1.677343,53.067899,0.666,0
2022-11-12T05:58:20.292000,1.667853,53.010893,0.611,0
2022-11-12T05:58:21.235000,1.658378,52.953885,0.524,0
2022-11-12T05:58:22.179000,1.648917,52.896877,0.418,1
2022-11-12T05:58:23.122000,1.63947,52.839868,0.329,1
2022-11-12T05:58:37.274000,1.499462,51.984634,-0.836,1
2022-11-12T05:58:38.217000,1.490238,51.927611,-0.88,1
2022-11-12T05:58:39.160000,1.481027,51.870588,-0.872,1
2022-11-12T05:58:40.104000,1.471829,51.813565,-0.83,1
2022-11-12T05:58:41.047000,1.462645,51.75654,-0.789,0
2022-11-12T05:58:41.991000,1.453474,51.699515,-0.824,0
2022-11-12T05:58:42.934000,1.444316,51.642488,-0.874,1
2022-11-12T05:58:43.878000,1.435171,51.585461,-0.962,0
2022-11-12T05:58:44.821000,1.426039,51.528433,-0.978,0
2022-11-12T05:58:45.765000,1.41692,51.471405,-0.984,1
2022-11-12T05:58:53.312000,1.344427,51.015147,-1.561,1
2022-11-12T05:58:54.255000,1.335422,50.958111,-1.623,0
2022-11-12T05:58:55.199000,1.326429,50.901074,-1.703,0
2022-11-12T05:58:56.142000,1.317449,50.844036,-1.804,0
2022-11-12T05:58:57.086000,1.30848,50.786998,-1.848,0
2022-11-12T05:58:58.029000,1.299524,50.729959,-1.927,0
2022-11-12T05:58:58.973000,1.290581,50.672919,-1.99,0
2022-11-12T05:58:59.916000,1.281649,50.615878,-2.068,0
2022-11-12T05:59:00.860000,1.272729,50.558837,-2.141,0
2022-11-12T05:59:01.803000,1.263821,50.501795,-2.188,0
2022-11-12T05:59:02.746000,1.254926,50.444752,-2.261,0
2022-11-12T05:59:03.690000,1.246042,50.387708,-2.305,0
2022-11-12T05:59:04.633000,1.23717,50.330663,-2.364,0
2022-11-12T05:59:05.577000,1.228309,50.273618,-2.432,0
2022-11-12T05:59:06.520000,1.219461,50.216571,-2.49,0
2022-11-12T05:59:07.464000,1.210624,50.159524,-2.52,0
2022-11-12T05:59:08.407000,1.201799,50.102477,-2.573,1
2022-11-12T05:59:09.350000,1.192985,50.045428,-2.603,1
2022-11-12T17:12:52.796000,7.249633,53.835394,-0.536,1
2022-11-12T17:12:54.682000,7.230202,53.949357,-0.43,0
2022-11-12T17:12:55.626000,7.220464,54.006336,-0.374,0
2022-11-12T17:12:56.569000,7.210709,54.063315,-0.355,0
2022-11-12T17:12:57.513000,7.200938,54.120294,-0.319,0
2022-11-12T17:12:58.456000,7.191152,54.177271,-0.284,0
2022-11-12T17:12:59.400000,7.181349,54.234248,-0.255,0
2022-11-12T17:13:00.343000,7.17153,54.291224,-0.209,0
2022-11-12T17:13:01.287000,7.161695,54.348198,-0.166,0
2022-11-12T17:13:02.230000,7.151843,54.405173,-0.132,0
2022-11-12T17:13:03.173000,7.141976,54.462146,-0.085,0
2022-11-12T17:13:04.117000,7.132091,54.519118,-0.042,0
2022-11-12T17:13:05.060000,7.12219,54.57609,0.023,0
2022-11-12T17:13:06.004000,7.112273,54.633061,0.053,0
2022-11-12T17:13:06.947000,7.102339,54.69003,0.051,0
2022-11-12T17:13:07.891000,7.092388,54.747,0.105,0
2022-11-12T17:13:08.834000,7.08242,54.803968,0.113,0
2022-11-12T17:13:09.777000,7.072435,54.860935,0.159,0
2022-11-12T17:13:10.721000,7.062433,54.917902,0.183,0
2022-11-12T17:13:11.664000,7.052414,54.974867,0.208,0
2022-11-12T17:13:12.608000,7.042378,55.031832,0.243,0
2022-11-12T17:13:13.551000,7.032324,55.088796,0.285,0
2022-11-12T17:13:14.495000,7.022253,55.145759,0.306,0
2022-11-12T17:13:15.438000,7.012165,55.202722,0.337,0
2022-11-12T17:13:16.382000,7.002059,55.259683,0.324,0
2022-11-12T17:13:17.325000,6.991935,55.316644,0.358,0
2022-11-12T17:13:18.268000,6.981794,55.373603,0.378,0
2022-11-12T17:13:19.212000,6.971635,55.430562,0.351,0
2022-11-12T17:13:20.155000,6.961458,55.48752,0.412,0
2022-11-12T17:13:21.099000,6.951263,55.544477,0.474,0
2022-11-12T17:13:22.042000,6.941049,55.601434,0.478,0
2022-11-12T17:13:22.986000,6.930818,55.658389,0.492,0
2022-11-12T17:13:23.929000,6.920568,55.715344,0.522,0
2022-11-12T17:13:24.872000,6.9103,55.772298,0.477,0
2022-11-12T17:13:25.816000,6.900014,55.82925,0.494,0
2022-11-12T17:13:26.759000,6.889709,55.886202,0.494,0
2022-11-12T17:13:27.703000,6.879385,55.943153,0.524,0
2022-11-14T05:55:36.998000,1.167917,55.941032,0.7,0
2022-11-14T05:55:37.941000,1.157591,55.884071,0.698,0
2022-11-14T05:55:38.885000,1.147284,55.827109,0.721,0
2022-11-14T05:55:39.828000,1.136995,55.770146,0.661,0
2022-11-14T05:55:40.772000,1.126725,55.713182,0.656,0
2022-11-14T05:55:41.715000,1.116473,55.656217,0.666,0
2022-11-14T05:55:42.659000,1.10624,55.599252,0.684,0
2022-11-14T05:55:43.602000,1.096025,55.542286,0.673,0
2022-11-14T05:55:44.546000,1.085827,55.485318,0.661,0
2022-11-14T05:55:45.489000,1.075648,55.42835,0.658,0
2022-11-14T05:55:46.432000,1.065487,55.371381,0.641,0
2022-11-14T05:55:47.376000,1.055343,55.314411,0.652,0
2022-11-14T05:55:48.319000,1.045218,55.257441,0.648,0
2022-11-14T05:55:49.263000,1.03511,55.200469,0.65,0
2022-11-14T05:55:50.206000,1.025019,55.143497,0.646,0
2022-11-14T05:55:51.150000,1.014946,55.086523,0.664,0
2022-11-14T05:55:52.093000,1.004891,55.029549,0.671,0
2022-11-14T05:55:53.036000,0.994852,54.972574,0.681,0
2022-11-14T05:55:53.980000,0.984831,54.915598,0.661,0
2022-11-14T05:55:54.923000,0.974827,54.858621,0.653,0
2022-11-14T05:55:55.867000,0.96484,54.801644,0.647,0
2022-11-14T05:55:56.810000,0.95487,54.744665,0.659,0
2022-11-14T05:55:57.754000,0.944917,54.687686,0.661,0
2022-11-14T05:55:58.697000,0.934981,54.630706,0.662,0
2022-11-14T05:55:59.641000,0.925062,54.573724,0.621,0
2022-11-14T05:56:00.584000,0.915159,54.516743,0.625,0
2022-11-14T05:56:01.527000,0.905272,54.45976,0.629,0
2022-11-14T05:56:02.471000,0.895402,54.402776,0.6,0
2022-11-14T05:56:03.414000,0.885549,54.345792,0.593,0
2022-11-14T05:56:04.358000,0.875712,54.288806,0.575,0
2022-11-14T05:56:05.301000,0.865891,54.23182,0.573,0
2022-11-14T05:56:06.245000,0.856086,54.174833,0.571,0
2022-11-14T05:56:07.188000,0.846298,54.117845,0.528,0
2022-11-14T05:56:08.131000,0.836525,54.060857,0.495,0
2022-11-14T05:56:09.075000,0.826768,54.003867,0.492,0
2022-11-14T05:56:10.018000,0.817027,53.946877,0.444,0
2022-11-14T05:56:10.962000,0.807302,53.889885,0.417,0
2022-11-14T05:56:11.905000,0.797593,53.832893,0.382,0
2022-11-14T05:56:12.849000,0.787899,53.7759,0.324,0
2022-11-14T05:56:13.792000,0.778221,53.718907,0.309,0
2022-11-14T05:56:14.736000,0.768558,53.661912,0.258,0
2022-11-14T05:56:15.679000,0.758911,53.604917,0.207,0
2022-11-14T05:56:16.622000,0.749279,53.54792,0.173,0
2022-11-14T05:56:17.566000,0.739662,53.490923,0.122,0
2022-11-14T05:56:18.509000,0.730061,53.433925,0.098,0
2022-11-14T05:56:19.453000,0.720474,53.376926,0.048,0
2022-11-14T05:56:20.396000,0.710903,53.319927,-0.011,0
2022-11-14T05:56:21.340000,0.701346,53.262926,-0.046,0
2022-11-14T05:56:22.283000,0.691805,53.205925,-0.138,0
2022-11-14T05:56:23.226000,0.682278,53.148923,-0.234,0
2022-11-14T05:56:24.170000,0.672766,53.09192,-0.263,1
2022-11-14T05:56:25.113000,0.663269,53.034916,-0.385,1
2022-11-14T05:57:03.794000,0.285726,50.697061,-0.473,1
2022-11-14T05:57:04.738000,0.276788,50.640023,-0.519,1
2022-11-14T05:57:05.681000,0.267862,50.582985,-0.568,0
2022-11-14T05:57:06.625000,0.258949,50.525945,-0.583,0
2022-11-14T05:57:07.568000,0.250047,50.468905,-0.631,0
2022-11-14T05:57:08.511000,0.241157,50.411865,-0.654,0
2022-11-14T05:57:09.455000,0.232279,50.354823,-0.726,0
2022-11-14T05:57:10.398000,0.223413,50.297781,-0.756,0
2022-11-14T05:57:11.342000,0.214558,50.240737,-0.829,0
2022-11-14T05:57:12.285000,0.205716,50.183693,-0.896,0
2022-11-14T05:57:13.229000,0.196885,50.126649,-0.961,0
2022-11-14T05:57:14.172000,0.188065,50.069603,-1.03,0
2022-11-14T05:57:15.115000,0.179257,50.012557,-1.101,0
2022-11-14T05:57:16.059000,0.170461,49.95551,-1.143,0
2022-11-14T05:57:17.002000,0.161676,49.898462,-1.248,0
2022-11-14T05:57:17.946000,0.152902,49.841413,-1.322,1
2022-11-14T05:57:18.889000,0.14414,49.784364,-1.397,1
2022-11-14T17:10:53.843000,6.282832,53.583072,-0.751,1
2022-11-14T17:10:54.787000,6.273192,53.640061,-0.695,1
2022-11-14T17:10:55.730000,6.263536,53.69705,-0.71,0
2022-11-14T17:10:56.674000,6.253865,53.754038,-0.65,0
2022-11-14T17:10:57.617000,6.244179,53.811025,-0.563,0
2022-11-14T17:10:58.561000,6.234476,53.868011,-0.531,0
2022-11-14T17:10:59.504000,6.224758,53.924997,-0.491,0
2022-11-14T17:11:00.448000,6.215025,53.981981,-0.438,0
2022-11-14T17:11:01.391000,6.205275,54.038965,-0.378,0
2022-11-14T17:11:02.334000,6.19551,54.095948,-0.381,0
2022-11-14T17:11:03.278000,6.185729,54.15293,-0.403,0
2022-11-14T17:11:04.221000,6.175931,54.209912,-0.288,0
2022-11-14T17:11:05.165000,6.166118,54.266892,-0.279,0
2022-11-14T17:11:06.108000,6.156288,54.323872,-0.26,0
2022-11-14T17:11:07.052000,6.146442,54.380851,-0.203,0
2022-11-14T17:11:07.995000,6.136579,54.437828,-0.196,0
2022-11-14T17:11:08.938000,6.126701,54.494806,-0.217,0
2022-11-14T17:11:09.882000,6.116805,54.551782,-0.04,0
2022-11-14T17:11:10.825000,6.106893,54.608757,-0.076,0
2022-11-14T17:11:11.769000,6.096965,54.665732,-0.087,0
2022-11-14T17:11:12.712000,6.087019,54.722706,0.042,0
2022-11-14T17:11:13.656000,6.077057,54.779678,-0.073,0
2022-11-14T17:11:14.599000,6.067078,54.83665,0.052,0
2022-11-14T17:11:15.543000,6.057082,54.893622,-0.025,0
2022-11-14T17:11:16.486000,6.047068,54.950592,0.067,0
2022-11-14T17:11:17.429000,6.037038,55.007561,0.027,0
2022-11-14T17:11:18.373000,6.02699,55.06453,0.077,0
2022-11-14T17:11:19.316000,6.016925,55.121498,0.085,0
2022-11-14T17:11:20.260000,6.006842,55.178465,0.147,0
2022-11-14T17:11:21.203000,5.996742,55.235431,0.117,0
2022-11-14T17:11:22.147000,5.986624,55.292396,0.081,0
2022-11-14T17:11:23.090000,5.976489,55.34936,0.189,0
2022-11-14T17:11:24.033000,5.966336,55.406324,0.097,0
2022-11-14T17:11:24.977000,5.956165,55.463286,0.125,0
2022-11-14T17:11:25.920000,5.945975,55.520248,0.098,0
2022-11-14T17:11:26.864000,5.935768,55.577209,0.195,0
2022-11-14T17:11:27.807000,5.925543,55.634169,0.071,0
2022-11-14T17:11:28.751000,5.915299,55.691128,0.086,0
2022-11-14T17:11:29.694000,5.905038,55.748087,0.187,0
2022-11-14T17:11:30.637000,5.894757,55.805044,0.136,0
2022-11-14T17:11:31.581000,5.884459,55.862001,0.176,0
2022-11-14T17:11:32.524000,5.874141,55.918956,0.188,0
2022-11-14T17:11:33.468000,5.863805,55.975911,0.137,0
2022-11-16T05:53:41.820000,0.163191,55.96132,0.22,0
2022-11-16T05:53:42.763000,0.152858,55.904362,0.201,0
2022-11-16T05:53:43.707000,0.142544,55.847403,0.171,0
2022-11-16T05:53:44.650000,0.132249,55.790444,0.167,0
2022-11-16T05:53:45.593000,0.121972,55.733483,0.168,0
2022-11-16T05:53:46.537000,0.111713,55.676522,0.132,0
2022-11-16T05:53:47.480000,0.101473,55.619559,0.125,0
2022-11-16T05:53:48.424000,0.091251,55.562596,0.103,0
2022-11-16T05:53:49.367000,0.081047,55.505632,0.108,0
2022-11-16T05:53:50.311000,0.070861,55.448667,0.078,0
2022-11-16T05:53:51.254000,0.060693,55.391701,0.106,0
2022-11-16T05:53:52.197000,0.050543,55.334734,0.066,0
2022-11-16T05:53:53.141000,0.040411,55.277766,0.082,0
2022-11-16T05:53:54.084000,0.030296,55.220798,0.063,0
2022-11-16T05:53:55.028000,0.020199,55.163829,0.063,0
2022-11-16T05:53:55.971000,0.01012,55.106858,0.039,0
2022-11-16T05:53:56.915000,5.8e-05,55.049887,-0.011,0
2022-11-16T05:53:57.858000,-0.009987,54.992915,-0.031,0
2022-11-16T05:53:58.802000,-0.020014,54.935942,-0.038,0
2022-11-16T05:53:59.745000,-0.030025,54.878969,-0.057,0
2022-11-16T05:54:00.688000,-0.040018,54.821994,-0.067,0
2022-11-16T05:54:01.632000,-0.049994,54.765019,-0.084,0
2022-11-16T05:54:02.575000,-0.059954,54.708043,-0.103,0
2022-11-16T05:54:03.519000,-0.069896,54.651066,-0.138,0
2022-11-16T05:54:04.462000,-0.079822,54.594088,-0.154,0
2022-11-16T05:54:05.406000,-0.089731,54.537109,-0.165,0
2022-11-16T05:54:06.349000,-0.099623,54.480129,-0.17,0
2022-11-16T05:54:07.292000,-0.109499,54.423149,-0.18,0
2022-11-16T05:54:08.236000,-0.119359,54.366168,-0.218,0
2022-11-16T05:54:09.179000,-0.129202,54.309186,-0.251,1
2022-11-16T05:54:10.123000,-0.139029,54.252203,-0.244,1
2022-11-16T05:54:11.066000,-0.14884,54.195219,-0.28,1
2022-11-16T05:55:09.559000,-0.728461,50.660616,0.842,1
2022-11-16T05:55:10.503000,-0.737391,50.603581,0.83,1
2022-11-16T05:55:11.446000,-0.74631,50.546545,0.776,0
2022-11-16T05:55:12.390000,-0.755216,50.489509,0.772,0
2022-11-16T05:55:13.333000,-0.76411,50.432471,0.696,0
2022-11-16T05:55:14.276000,-0.772993,50.375433,0.66,0
2022-11-16T05:55:15.220000,-0.781863,50.318394,0.604,0
2022-11-16T05:55:16.163000,-0.790722,50.261355,0.565,0
2022-11-16T05:55:17.107000,-0.799569,50.204314,0.519,0
2022-11-16T05:55:18.050000,-0.808404,50.147273,0.482,0
2022-11-16T05:55:18.994000,-0.817228,50.090231,0.417,0
2022-11-16T05:55:19.937000,-0.82604,50.033188,0.356,0
2022-11-16T05:55:20.881000,-0.834841,49.976145,0.322,0
2022-11-16T05:55:21.824000,-0.84363,49.9191,0.231,0
2022-11-16T05:55:22.767000,-0.852408,49.862055,0.18,0
2022-11-16T05:55:23.711000,-0.861175,49.805009,0.133,0
2022-11-16T05:55:24.654000,-0.86993,49.747963,0.065,0
2022-11-16T17:08:57.722000,5.287244,53.50589,-0.234,1
2022-11-16T17:08:58.665000,5.277624,53.562885,-0.203,0
2022-11-16T17:08:59.608000,5.267988,53.619878,-0.197,0
2022-11-16T17:09:00.552000,5.258337,53.676872,-0.178,0
2022-11-16T17:09:01.495000,5.248671,53.733864,-0.137,0
2022-11-16T17:09:02.439000,5.238989,53.790855,-0.094,0
2022-11-16T17:09:03.382000,5.229292,53.847846,-0.118,0
2022-11-16T17:09:04.326000,5.219579,53.904835,-0.12,0
2022-11-16T17:09:05.269000,5.209851,53.961824,-0.114,0
2022-11-16T17:09:06.213000,5.200106,54.018812,-0.148,0
2022-11-16T17:09:07.156000,5.190346,54.075799,-0.122,0
2022-11-16T17:09:08.099000,5.18057,54.132786,-0.113,0
2022-11-16T17:09:09.043000,5.170777,54.189771,-0.131,0
2022-11-16T17:09:09.986000,5.160969,54.246756,-0.088,0
2022-11-16T17:09:10.930000,5.151145,54.30374,-0.086,0
2022-11-16T17:09:11.873000,5.141304,54.360723,-0.089,0
2022-11-16T17:09:12.817000,5.131447,54.417705,-0.079,0
2022-11-16T17:09:13.760000,5.121573,54.474686,-0.094,0
2022-11-16T17:09:14.703000,5.111683,54.531667,-0.083,0
2022-11-16T17:09:15.647000,5.101776,54.588646,-0.096,0
2022-11-16T17:09:16.590000,5.091853,54.645625,-0.13,0
2022-11-16T17:09:17.534000,5.081913,54.702603,-0.103,0
2022-11-16T17:09:18.477000,5.071956,54.75958,-0.098,0
2022-11-16T17:09:19.421000,5.061982,54.816556,-0.115,0
2022-11-16T17:09:20.364000,5.051991,54.873531,-0.147,0
2022-11-16T17:09:22.251000,5.031959,54.987479,-0.135,0
2022-11-16T17:09:23.194000,5.021916,55.044452,-0.145,0
2022-11-16T17:09:24.138000,5.011857,55.101424,-0.135,0
2022-11-16T17:09:25.081000,5.00178,55.158395,-0.163,0
2022-11-16T17:09:26.025000,4.991685,55.215365,-0.162,0
2022-11-16T17:09:26.968000,4.981573,55.272335,-0.168,0
2022-11-16T17:09:27.912000,4.971443,55.329303,-0.169,0
2022-11-16T17:09:28.855000,4.961296,55.386271,-0.169,0
2022-11-16T17:09:29.798000,4.95113,55.443237,-0.18,0
2022-11-16T17:09:30.742000,4.940947,55.500203,-0.188,0
2022-11-16T17:09:31.685000,4.930746,55.557168,-0.202,0
2022-11-16T17:09:32.629000,4.920526,55.614133,-0.247,0
2022-11-16T17:09:33.572000,4.910289,55.671096,-0.241,0
2022-11-16T17:09:34.516000,4.900033,55.728058,-0.24,0
2022-11-16T17:09:35.459000,4.889758,55.78502,-0.242,0
2022-11-16T17:09:36.403000,4.879465,55.84198,-0.188,0
2022-11-16T17:09:37.346000,4.869154,55.89894,-0.216,0
2022-11-16T17:09:38.289000,4.858823,55.955899,-0.182,0
2022-11-18T05:51:46.641000,-0.842431,55.97812,-0.575,0
2022-11-18T05:51:47.585000,-0.852768,55.921166,-0.647,0
2022-11-18T05:51:48.528000,-0.863086,55.86421,-0.659,0
2022-11-18T05:51:49.472000,-0.873386,55.807254,-0.731,0
2022-11-18T05:51:50.415000,-0.883667,55.750297,-0.7,0
2022-11-18T05:51:51.358000,-0.89393,55.693339,-0.794,0
2022-11-18T05:51:52.302000,-0.904175,55.63638,-0.77,0
2022-11-18T05:51:53.245000,-0.914401,55.57942,-0.806,0
2022-11-18T05:51:54.189000,-0.924609,55.52246,-0.788,0
2022-11-18T05:51:55.132000,-0.934799,55.465498,-0.759,0
2022-11-18T05:51:56.076000,-0.944971,55.408536,-0.742,0
2022-11-18T05:51:57.019000,-0.955125,55.351573,-0.81,0
2022-11-18T05:51:57.963000,-0.965262,55.294609,-0.775,0
2022-11-18T05:51:58.906000,-0.975381,55.237644,-0.806,0
2022-11-18T05:51:59.849000,-0.985482,55.180678,-0.834,0
2022-11-18T05:52:00.793000,-0.995565,55.123712,-0.851,0
2022-11-18T05:52:01.736000,-1.005631,55.066744,-0.77,0
2022-11-18T05:52:02.680000,-1.01568,55.009776,-0.797,0
2022-11-18T05:52:03.623000,-1.025712,54.952807,-0.878,0
2022-11-18T05:52:04.567000,-1.035726,54.895837,-0.843,0
2022-11-18T05:52:05.510000,-1.045723,54.838866,-0.801,0
2022-11-18T05:52:06.453000,-1.055703,54.781894,-0.858,1
2022-11-18T05:52:07.397000,-1.065666,54.724921,-0.921,1
2022-11-18T05:53:15.324000,-1.743338,50.620734,0.593,1
2022-11-18T05:53:16.268000,-1.752259,50.563703,0.592,1
2022-11-18T05:53:17.211000,-1.761168,50.50667,0.549,0
2022-11-18T05:53:18.155000,-1.770065,50.449637,0.551,0
2022-11-18T05:53:19.098000,-1.77895,50.392603,0.532,0
2022-11-18T05:53:20.042000,-1.787823,50.335568,0.526,0
2022-11-18T05:53:20.985000,-1.796685,50.278532,0.538,0
2022-11-18T05:53:21.928000,-1.805534,50.221496,0.521,0
2022-11-18T05:53:22.872000,-1.814372,50.164458,0.502,0
2022-11-18T05:53:23.815000,-1.823199,50.10742,0.529,0
2022-11-18T05:53:24.759000,-1.832014,50.050382,0.526,0
2022-11-18T05:53:25.702000,-1.840817,49.993342,0.501,0
2022-11-18T05:53:26.646000,-1.849609,49.936302,0.468,0
2022-11-18T05:53:27.589000,-1.858389,49.879261,0.453,0
2022-11-18T05:53:28.532000,-1.867158,49.822219,0.388,1
2022-11-18T05:53:29.476000,-1.875916,49.765176,0.413,1
2022-11-18T17:06:46.505000,4.443436,52.520964,-0.362,1
2022-11-18T17:06:47.448000,4.43407,52.577976,-0.335,1
2022-11-18T17:06:48.392000,4.424689,52.634988,-0.332,1
2022-11-18T17:06:49.335000,4.415294,52.691999,-0.297,1
2022-11-18T17:06:50.279000,4.405885,52.749009,-0.312,0
2022-11-18T17:06:51.222000,4.396462,52.806018,-0.273,0
2022-11-18T17:06:52.165000,4.387024,52.863026,-0.274,0
2022-11-18T17:06:53.109000,4.377572,52.920033,-0.265,0
2022-11-18T17:06:54.052000,4.368105,52.97704,-0.264,0
2022-11-18T17:06:54.996000,4.358624,53.034046,-0.265,0
2022-11-18T17:06:55.939000,4.349128,53.091051,-0.252,0
2022-11-18T17:06:56.883000,4.339618,53.148055,-0.251,0
2022-11-18T17:06:57.826000,4.330093,53.205058,-0.233,0
2022-11-18T17:06:58.769000,4.320553,53.262061,-0.207,0
2022-11-18T17:06:59.713000,4.310998,53.319063,-0.18,0
2022-11-18T17:07:00.656000,4.301428,53.376064,-0.198,0
2022-11-18T17:07:01.600000,4.291843,53.433064,-0.189,0
2022-11-18T17:07:02.543000,4.282243,53.490063,-0.182,0
2022-11-18T17:07:03.487000,4.272627,53.547061,-0.191,0
2022-11-18T17:07:04.430000,4.262997,53.604059,-0.2,0
2022-11-18T17:07:05.374000,4.253351,53.661055,-0.235,0
2022-11-18T17:07:06.317000,4.24369,53.718051,-0.283,0
2022-11-18T17:07:07.260000,4.234013,53.775046,-0.308,0
2022-11-18T17:07:08.204000,4.224321,53.832041,-0.355,0
2022-11-18T17:07:09.147000,4.214613,53.889034,-0.328,0
2022-11-18T17:07:10.091000,4.20489,53.946026,-0.374,0
2022-11-18T17:07:11.034000,4.19515,54.003018,-0.399,0
2022-11-18T17:07:11.978000,4.185395,54.060009,-0.414,0
2022-11-18T17:07:12.921000,4.175624,54.116999,-0.436,0
2022-11-18T17:07:13.864000,4.165837,54.173988,-0.488,0
2022-11-18T17:07:14.808000,4.156034,54.230976,-0.505,0
2022-11-18T17:07:15.751000,4.146214,54.287964,-0.513,0
2022-11-18T17:07:16.695000,4.136379,54.34495,-0.542,0
2022-11-18T17:07:17.638000,4.126527,54.401936,-0.532,0
2022-11-18T17:07:18.582000,4.116659,54.458921,-0.556,0
2022-11-18T17:07:19.525000,4.106774,54.515905,-0.553,0
2022-11-18T17:07:20.469000,4.096873,54.572888,-0.58,0
2022-11-18T17:07:21.412000,4.086955,54.62987,-0.578,0
2022-11-18T17:07:22.355000,4.07702,54.686852,-0.59,0
2022-11-18T17:07:23.299000,4.067068,54.743833,-0.646,0
2022-11-18T17:07:24.242000,4.0571,54.800812,-0.612,0
2022-11-18T17:07:25.186000,4.047115,54.857791,-0.636,0
2022-11-18T17:07:26.129000,4.037112,54.914769,-0.651,0
2022-11-18T17:07:27.073000,4.027093,54.971747,-0.636,0
2022-11-18T17:07:28.016000,4.017056,55.028723,-0.671,0
2022-11-18T17:07:28.959000,4.007002,55.085698,-0.669,0
2022-11-18T17:07:29.903000,3.996931,55.142673,-0.683,0
2022-11-18T17:07:30.846000,3.986842,55.199647,-0.674,0
2022-11-18T17:07:31.790000,3.976735,55.25662,-0.659,0
2022-11-18T17:07:32.733000,3.966611,55.313592,-0.676,0
2022-11-18T17:07:33.677000,3.956469,55.370563,-0.678,0
2022-11-18T17:07:34.620000,3.94631,55.427533,-0.678,0
2022-11-18T17:07:35.564000,3.936132,55.484502,-0.761,0
2022-11-18T17:07:36.507000,3.925937,55.541471,-0.696,0
2022-11-18T17:07:37.450000,3.915723,55.598439,-0.767,0
2022-11-18T17:07:38.394000,3.905491,55.655405,-0.714,0
2022-11-18T17:07:39.337000,3.895241,55.712371,-0.714,0
2022-11-18T17:07:40.281000,3.884972,55.769336,-0.747,0
2022-11-18T17:07:41.224000,3.874685,55.8263,-0.731,0
2022-11-18T17:07:42.168000,3.86438,55.883264,-0.735,0
2022-11-18T17:07:43.111000,3.854056,55.940226,-0.725,0
2022-11-20T05:49:52.406000,-1.859484,55.933678,-1.283,1
2022-11-20T05:49:53.350000,-1.869804,55.876727,-1.316,1
2022-11-20T05:49:54.293000,-1.880106,55.819775,-1.318,1
2022-11-20T05:49:55.237000,-1.890389,55.762822,-1.355,1
2022-11-20T17:04:37.175000,3.576796,51.65515,-0.731,1
2022-11-20T17:04:38.118000,3.567637,51.712177,-0.649,1
2022-11-20T17:04:39.062000,3.558465,51.769204,-0.606,1
2022-11-20T17:04:40.005000,3.549279,51.82623,-0.571,0
2022-11-20T17:04:40.949000,3.54008,51.883256,-0.514,0
2022-11-20T17:04:41.892000,3.530868,51.94028,-0.466,0
2022-11-20T17:04:42.835000,3.521643,51.997304,-0.421,0
2022-11-20T17:04:43.779000,3.512404,52.054327,-0.355,0
2022-11-20T17:04:44.722000,3.503151,52.111349,-0.287,0
2022-11-20T17:04:45.666000,3.493885,52.16837,-0.262,0
2022-11-20T17:04:46.609000,3.484606,52.22539,-0.208,0
2022-11-20T17:04:47.553000,3.475312,52.28241,-0.165,0
2022-11-20T17:04:48.496000,3.466005,52.339429,-0.132,0
2022-11-20T17:04:49.440000,3.456684,52.396447,-0.104,0
2022-11-20T17:04:50.383000,3.44735,52.453464,-0.014,0
2022-11-20T17:04:51.326000,3.438001,52.51048,0.026,0
2022-11-20T17:04:52.270000,3.428638,52.567495,0.067,0
2022-11-20T17:04:53.213000,3.419262,52.62451,0.106,0
2022-11-20T17:04:54.157000,3.409871,52.681524,0.134,0
2022-11-20T17:04:55.100000,3.400466,52.738537,0.154,0
2022-11-20T17:04:56.044000,3.391047,52.795549,0.227,0
2022-11-20T17:04:56.987000,3.381613,52.85256,0.225,0
2022-11-20T17:04:57.930000,3.372165,52.909571,0.298,0
2022-11-20T17:04:58.874000,3.362702,52.966581,0.258,0
2022-11-20T17:04:59.817000,3.353225,53.02359,0.317,0
2022-11-20T17:05:00.761000,3.343734,53.080598,0.364,0
2022-11-20T17:05:01.704000,3.334227,53.137605,0.396,0
2022-11-20T17:05:02.648000,3.324706,53.194611,0.392,0
2022-11-20T17:05:03.591000,3.315171,53.251617,0.369,0
2022-11-20T17:05:04.535000,3.30562,53.308622,0.403,0
2022-11-20T17:05:05.478000,3.296054,53.365625,0.442,0
2022-11-20T17:05:06.421000,3.286474,53.422628,0.477,0
2022-11-20T17:05:07.365000,3.276878,53.479631,0.465,0
2022-11-20T17:05:08.308000,3.267267,53.536632,0.491,0
2022-11-20T17:05:09.252000,3.257641,53.593632,0.478,0
2022-11-20T17:05:10.195000,3.247999,53.650632,0.485,0
2022-11-20T17:05:11.139000,3.238342,53.707631,0.506,0
2022-11-20T17:05:12.082000,3.22867,53.764629,0.508,0
2022-11-20T17:05:13.025000,3.218982,53.821626,0.49,0
2022-11-20T17:05:13.969000,3.209278,53.878622,0.503,0
2022-11-20T17:05:14.912000,3.199559,53.935618,0.48,0
2022-11-20T17:05:15.856000,3.189824,53.992612,0.479,0
2022-11-20T17:05:16.799000,3.180074,54.049606,0.488,0
2022-11-20T17:05:17.743000,3.170307,54.106599,0.442,0
2022-11-20T17:05:18.686000,3.160524,54.163591,0.45,0
2022-11-20T17:05:19.630000,3.150726,54.220582,0.432,0
2022-11-20T17:05:20.573000,3.140911,54.277573,0.42,0
2022-11-20T17:05:21.516000,3.13108,54.334562,0.387,0
2022-11-20T17:05:22.460000,3.121233,54.391551,0.358,0
2022-11-20T17:05:23.403000,3.111369,54.448539,0.329,0
2022-11-20T17:05:24.347000,3.101489,54.505526,0.318,0
2022-11-20T17:05:25.290000,3.091592,54.562512,0.312,0
2022-11-20T17:05:26.234000,3.081679,54.619497,0.302,0
2022-11-20T17:05:27.177000,3.071749,54.676481,0.299,0
2022-11-20T17:05:28.120000,3.061802,54.733465,0.262,0
2022-11-20T17:05:29.064000,3.051838,54.790448,0.241,0
2022-11-20T17:05:30.007000,3.041857,54.847429,0.222,0
2022-11-20T17:05:30.951000,3.03186,54.90441,0.223,0
2022-11-20T17:05:31.894000,3.021845,54.96139,0.199,0
2022-11-20T17:05:32.838000,3.011813,55.018369,0.18,0
2022-11-20T17:05:33.781000,3.001764,55.075348,0.139,0
2022-11-20T17:05:34.725000,2.991697,55.132325,0.131,0
2022-11-20T17:05:35.668000,2.981613,55.189302,0.11,0
2022-11-20T17:05:36.611000,2.971512,55.246278,0.111,0
2022-11-20T17:05:37.555000,2.961392,55.303252,0.083,0
2022-11-20T17:05:38.498000,2.951255,55.360226,0.058,0
2022-11-20T17:05:39.442000,2.941101,55.417199,0.068,0
2022-11-20T17:05:40.385000,2.930928,55.474172,0.051,0
2022-11-20T17:05:41.329000,2.920737,55.531143,0.033,0
2022-11-20T17:05:42.272000,2.910529,55.588113,0.06,0
2022-11-20T17:05:43.215000,2.900302,55.645083,0.037,0
2022-11-20T17:05:44.159000,2.890057,55.702052,0.029,0
2022-11-20T17:05:45.102000,2.879793,55.759019,0.043,0
2022-11-20T17:05:46.046000,2.869511,55.815986,0.03,0
2022-11-20T17:05:46.989000,2.859211,55.872952,0.011,0
2022-11-20T17:05:47.933000,2.848891,55.929918,0.01,0
2022-11-24T17:00:36.440000,1.667122,50.963231,-2.35,1
2022-11-24T17:00:37.384000,1.658118,51.020272,-2.279,1
2022-11-24T17:00:38.327000,1.649101,51.077312,-2.17,0
2022-11-24T17:00:39.271000,1.640072,51.134351,-2.092,0
2022-11-24T17:00:40.214000,1.63103,51.191389,-2.01,0
2022-11-24T17:00:41.157000,1.621976,51.248427,-1.979,0
2022-11-24T17:00:42.101000,1.612909,51.305463,-1.865,1
2022-11-24T17:00:43.044000,1.603829,51.362499,-1.827,1
2022-11-24T17:00:43.988000,1.594737,51.419534,-1.785,1
2022-11-24T17:00:44.931000,1.585631,51.476568,-1.746,1
2022-11-24T17:00:45.875000,1.576513,51.533601,-1.7,0
2022-11-24T17:00:46.818000,1.567382,51.590634,-1.669,0
2022-11-24T17:00:47.761000,1.558238,51.647666,-1.568,0
2022-11-24T17:00:48.705000,1.549081,51.704697,-1.509,0
2022-11-24T17:00:49.648000,1.53991,51.761727,-1.457,0
2022-11-24T17:00:50.592000,1.530727,51.818756,-1.413,0
2022-11-24T17:00:51.535000,1.52153,51.875784,-1.439,1
2022-11-24T17:00:52.479000,1.51232,51.932812,-1.391,1
2022-11-24T17:00:53.422000,1.503097,51.989839,-1.353,1
2022-11-24T17:01:10.404000,1.33472,53.016179,1.444,1
2022-11-24T17:01:11.347000,1.32523,53.07319,1.496,0
2022-11-24T17:01:12.291000,1.315726,53.1302,1.548,0
2022-11-24T17:01:13.234000,1.306208,53.187209,1.527,0
2022-11-24T17:01:14.178000,1.296674,53.244218,1.628,0
2022-11-24T17:01:15.121000,1.287126,53.301225,1.707,0
2022-11-24T17:01:16.065000,1.277562,53.358232,1.729,0
2022-11-24T17:01:17.008000,1.267984,53.415238,1.648,0
2022-11-24T17:01:17.951000,1.258391,53.472243,1.691,0
2022-11-24T17:01:18.895000,1.248782,53.529247,1.849,0
2022-11-24T17:01:19.838000,1.239159,53.58625,1.82,0
2022-11-24T17:01:20.782000,1.229519,53.643253,1.867,0
2022-11-24T17:01:21.725000,1.219865,53.700254,1.883,0
2022-11-24T17:01:22.669000,1.210195,53.757255,1.867,0
2022-11-24T17:01:23.612000,1.20051,53.814255,2.007,0
2022-11-24T17:01:24.556000,1.190809,53.871254,1.909,0
2022-11-24T17:01:25.499000,1.181092,53.928252,1.894,0
2022-11-24T17:01:26.442000,1.17136,53.98525,1.882,0
2022-11-24T17:01:27.386000,1.161611,54.042246,1.86,0
2022-11-24T17:01:28.329000,1.151847,54.099242,1.784,0
2022-11-24T17:01:29.273000,1.142067,54.156237,1.766,0
2022-11-24T17:01:30.216000,1.132271,54.21323,1.749,0
2022-11-24T17:01:31.160000,1.122459,54.270224,1.722,0
2022-11-24T17:01:32.103000,1.11263,54.327216,1.683,0
2022-11-24T17:01:33.046000,1.102785,54.384207,1.736,0
2022-11-24T17:01:33.990000,1.092924,54.441197,1.593,0
2022-11-24T17:01:34.933000,1.083047,54.498187,1.617,0
2022-11-24T17:01:35.877000,1.073153,54.555176,1.455,0
2022-11-24T17:01:36.820000,1.063242,54.612163,1.549,0
2022-11-24T17:01:37.764000,1.053315,54.66915,1.521,0
2022-11-24T17:01:38.707000,1.04337,54.726136,1.559,0
2022-11-24T17:01:39.651000,1.033409,54.783122,1.533,0
2022-11-24T17:01:40.594000,1.023431,54.840106,1.526,0
2022-11-24T17:01:41.537000,1.013436,54.897089,1.583,0
2022-11-24T17:01:42.481000,1.003424,54.954072,1.396,0
2022-11-24T17:01:43.424000,0.993395,55.011054,1.373,0
2022-11-24T17:01:44.368000,0.983349,55.068035,1.38,0
2022-11-24T17:01:45.311000,0.973285,55.125014,1.43,0
2022-11-24T17:01:46.255000,0.963203,55.181994,1.358,0
2022-11-24T17:01:47.198000,0.953105,55.238972,1.318,0
2022-11-24T17:01:48.141000,0.942988,55.295949,1.249,0
2022-11-24T17:01:49.085000,0.932854,55.352925,1.245,0
2022-11-24T17:01:50.028000,0.922702,55.409901,1.261,0
2022-11-24T17:01:50.972000,0.912532,55.466876,1.124,0
2022-11-24T17:01:51.915000,0.902344,55.523849,1.168,0
2022-11-24T17:01:52.859000,0.892138,55.580822,1.166,0
2022-11-24T17:01:53.802000,0.881914,55.637794,1.045,0
2022-11-24T17:01:54.746000,0.871672,55.694765,1.048,0
2022-11-24T17:01:55.689000,0.861412,55.751735,1.034,0
2022-11-24T17:01:56.632000,0.851132,55.808705,1.062,0
2022-11-24T17:01:57.576000,0.840835,55.865673,1.007,0
2022-11-24T17:01:58.519000,0.830519,55.92264,0.99,0
2022-11-24T17:01:59.463000,0.820184,55.979607,1.013,0
2022-11-25T04:55:27.917000,8.052387,55.973169,0.426,1
2022-11-25T04:55:28.860000,8.042058,55.916231,0.398,1
2022-11-25T04:55:29.803000,8.031747,55.859293,0.36,1
2022-11-25T04:55:30.747000,8.021455,55.802354,0.349,1
2022-11-25T04:55:31.690000,8.011182,55.745414,0.318,1
2022-11-25T04:55:32.634000,8.000927,55.688473,0.329,1
2022-11-25T04:55:33.577000,7.99069,55.631531,0.316,1
2022-11-25T04:55:34.521000,7.980471,55.574589,0.276,1
2022-11-25T04:55:35.464000,7.97027,55.517645,0.225,1
2022-11-25T04:55:36.408000,7.960088,55.460701,0.189,1
2022-11-25T04:55:37.351000,7.949923,55.403756,0.114,0
2022-11-25T04:55:38.294000,7.939777,55.34681,0.06,0
2022-11-25T04:55:39.238000,7.929648,55.289863,0.023,0
2022-11-25T04:55:40.181000,7.919537,55.232915,-0.014,0
2022-11-25T04:55:41.125000,7.909443,55.175967,-0.078,0
2022-11-25T04:55:42.068000,7.899367,55.119017,-0.118,0
2022-11-25T04:55:43.012000,7.889308,55.062067,-0.173,0
2022-11-25T04:55:43.955000,7.879267,55.005116,-0.222,0
2022-11-25T04:55:44.898000,7.869243,54.948164,-0.293,0
2022-11-25T04:55:45.842000,7.859236,54.891211,-0.335,0
2022-11-25T04:55:46.785000,7.849246,54.834258,-0.373,0
2022-11-25T04:55:47.729000,7.839273,54.777303,-0.438,0
2022-11-25T04:55:48.672000,7.829317,54.720348,-0.491,0
2022-11-25T04:55:49.616000,7.819378,54.663392,-0.545,0
2022-11-25T04:55:50.559000,7.809455,54.606435,-0.561,0
2022-11-25T04:55:51.503000,7.799549,54.549478,-0.647,0
2022-11-25T04:55:52.446000,7.78966,54.492519,-0.687,0
2022-11-25T04:55:53.389000,7.779788,54.43556,-0.733,0
2022-11-25T04:55:54.333000,7.769931,54.378599,-0.788,0
2022-11-25T04:55:55.276000,7.760091,54.321638,-0.819,0
2022-11-25T04:55:56.220000,7.750268,54.264677,-0.884,1
2022-11-25T04:55:57.163000,7.74046,54.207714,-0.912,1
2022-11-25T04:55:58.107000,7.730669,54.15075,-0.946,1
2022-11-25T04:55:59.050000,7.720893,54.093786,-0.982,1
2022-11-25T04:55:59.993000,7.711134,54.036821,-1.059,0
2022-11-25T04:56:00.937000,7.701391,53.979855,-1.107,0
2022-11-25T04:56:01.880000,7.691663,53.922888,-1.127,0
2022-11-25T04:56:02.824000,7.681951,53.86592,-1.175,1
2022-11-26T16:58:25.223000,0.814049,49.940054,-2.335,1
2022-11-26T16:58:26.167000,0.805256,49.99711,-2.342,1
2022-11-26T16:58:28.054000,0.787636,50.11122,-2.167,0
2022-11-26T16:58:28.997000,0.778809,50.168273,-2.113,0
2022-11-26T16:58:29.941000,0.769971,50.225326,-2.045,0
2022-11-26T16:58:30.884000,0.76112,50.282378,-2.001,0
2022-11-26T16:58:31.827000,0.752258,50.339429,-1.95,0
2022-11-26T16:58:32.771000,0.743384,50.39648,-1.882,0
2022-11-26T16:58:33.714000,0.734498,50.453529,-1.816,0
2022-11-26T16:58:34.658000,0.7256,50.510578,-1.76,0
2022-11-26T16:58:35.601000,0.716691,50.567626,-1.681,0
2022-11-26T16:58:36.545000,0.707769,50.624673,-1.625,0
2022-11-26T16:58:37.488000,0.698835,50.681719,-1.587,0
2022-11-26T16:58:38.432000,0.689889,50.738765,-1.556,1
2022-11-26T16:58:39.375000,0.680932,50.79581,-1.517,1
2022-11-26T16:59:15.226000,0.330951,52.962898,-0.023,1
2022-11-26T16:59:16.169000,0.321473,53.01991,0.049,1
2022-11-26T16:59:24.660000,0.235506,53.532983,1.489,1
2022-11-26T16:59:25.603000,0.225879,53.589987,1.57,1
2022-11-26T16:59:26.547000,0.216237,53.64699,1.698,1
2022-11-26T16:59:27.490000,0.206579,53.703992,1.785,1
2022-11-26T16:59:28.434000,0.196906,53.760993,1.828,1
2022-11-26T16:59:29.377000,0.187217,53.817993,1.852,1
2022-11-26T16:59:30.321000,0.177513,53.874993,1.873,0
2022-11-26T16:59:31.264000,0.167793,53.931991,1.856,0
2022-11-26T16:59:32.207000,0.158057,53.988989,1.902,0
2022-11-26T16:59:33.151000,0.148305,54.045986,1.887,0
2022-11-26T16:59:34.094000,0.138538,54.102982,1.908,1
2022-11-26T16:59:35.038000,0.128754,54.159977,1.918,1
2022-11-26T16:59:35.981000,0.118955,54.216971,1.881,0
2022-11-26T16:59:36.925000,0.109139,54.273965,1.88,0
2022-11-26T16:59:37.868000,0.099307,54.330957,1.832,0
2022-11-26T16:59:38.812000,0.089459,54.387949,1.856,0
2022-11-26T16:59:39.755000,0.079594,54.44494,1.813,0
2022-11-26T16:59:40.698000,0.069713,54.50193,1.808,0
2022-11-26T16:59:41.642000,0.059816,54.558919,1.786,0
2022-11-26T16:59:42.585000,0.049902,54.615907,1.763,0
2022-11-26T16:59:43.529000,0.039971,54.672894,1.727,0
2022-11-26T16:59:44.472000,0.030023,54.729881,1.728,0
2022-11-26T16:59:45.416000,0.020058,54.786866,1.754,0
2022-11-26T16:59:46.359000,0.010077,54.843851,1.69,0
2022-11-26T16:59:47.302000,7.9e-05,54.900835,1.703,0
2022-11-26T16:59:48.246000,-0.009937,54.957818,1.699,0
2022-11-26T16:59:49.189000,-0.01997,55.0148,1.697,0
2022-11-26T16:59:50.133000,-0.03002,55.071781,1.672,0
2022-11-26T16:59:51.076000,-0.040087,55.128761,1.657,0
2022-11-26T16:59:52.020000,-0.050172,55.18574,1.629,0
2022-11-26T16:59:52.963000,-0.060275,55.242719,1.667,0
2022-11-26T16:59:53.907000,-0.070395,55.299697,1.638,0
2022-11-26T16:59:54.850000,-0.080533,55.356673,1.594,0
2022-11-26T16:59:55.793000,-0.090688,55.413649,1.56,0
2022-11-26T16:59:56.737000,-0.100862,55.470624,1.55,0
2022-11-26T16:59:57.680000,-0.111053,55.527598,1.547,0
2022-11-26T16:59:58.624000,-0.121263,55.584571,1.496,0
2022-11-26T16:59:59.567000,-0.131491,55.641543,1.5,0
2022-11-26T17:00:00.511000,-0.141737,55.698514,1.512,0
2022-11-26T17:00:01.454000,-0.152001,55.755485,1.473,0
2022-11-26T17:00:02.397000,-0.162284,55.812454,1.43,0
2022-11-26T17:00:03.341000,-0.172585,55.869423,1.438,0
2022-11-26T17:00:04.284000,-0.182905,55.926391,1.429,0
2022-11-26T17:00:05.228000,-0.193244,55.983357,1.396,0
2022-11-27T04:53:33.682000,7.041695,55.971593,0.408,0
2022-11-27T04:53:34.625000,7.031364,55.914661,0.357,0
2022-11-27T04:53:35.569000,7.021052,55.857729,0.348,0
2022-11-27T04:53:36.512000,7.010759,55.800795,0.326,0
2022-11-27T04:53:37.455000,7.000483,55.743861,0.332,0
2022-11-27T04:53:38.399000,6.990227,55.686926,0.329,0
2022-11-27T04:53:39.342000,6.979988,55.629989,0.32,0
2022-11-27T04:53:40.286000,6.969768,55.573052,0.301,0
2022-11-27T04:53:41.229000,6.959566,55.516115,0.259,0
2022-11-27T04:53:42.173000,6.949382,55.459176,0.242,0
2022-11-27T04:53:43.116000,6.939215,55.402237,0.215,0
2022-11-27T04:53:44.059000,6.929067,55.345296,0.163,0
2022-11-27T04:53:45.003000,6.918937,55.288355,0.164,0
2022-11-27T04:53:45.946000,6.908824,55.231413,0.148,0
2022-11-27T04:53:46.890000,6.898729,55.174471,0.129,0
2022-11-27T04:53:47.833000,6.888651,55.117527,0.083,0
2022-11-27T04:53:48.777000,6.87859,55.060583,0.044,0
2022-11-27T04:53:49.720000,6.868548,55.003637,-0.002,0
2022-11-27T04:53:50.663000,6.858522,54.946691,-0.026,0
2022-11-27T04:53:51.607000,6.848513,54.889744,-0.083,0
2022-11-27T04:53:52.550000,6.838522,54.832796,-0.142,0
2022-11-27T04:53:53.494000,6.828547,54.775848,-0.16,0
2022-11-27T04:53:54.437000,6.81859,54.718898,-0.203,0
2022-11-27T04:53:55.381000,6.808649,54.661948,-0.262,0
2022-11-27T04:53:56.324000,6.798725,54.604997,-0.299,0
2022-11-27T04:53:57.268000,6.788817,54.548045,-0.354,0
2022-11-27T04:53:58.211000,6.778927,54.491092,-0.408,0
2022-11-27T04:53:59.154000,6.769052,54.434138,-0.465,0
2022-11-27T04:54:00.098000,6.759195,54.377184,-0.537,0
2022-11-27T04:54:01.041000,6.749353,54.320228,-0.57,0
2022-11-27T04:54:01.985000,6.739528,54.263272,-0.643,0
2022-11-27T04:54:02.928000,6.729719,54.206315,-0.654,0
2022-11-27T04:54:03.872000,6.719926,54.149358,-0.715,0
2022-11-27T04:54:04.815000,6.710149,54.092399,-0.757,0
2022-11-27T04:54:05.758000,6.700388,54.03544,-0.801,0
2022-11-27T04:54:06.702000,6.690643,53.97848,-0.865,0
2022-11-27T04:54:07.645000,6.680914,53.921519,-0.925,0
2022-11-27T04:54:08.589000,6.6712,53.864557,-0.983,0
2022-11-27T04:54:09.532000,6.661502,53.807594,-1.04,0
2022-11-27T04:54:10.476000,6.65182,53.750631,-1.083,0
2022-11-27T04:54:11.419000,6.642153,53.693666,-1.103,1
2022-11-28T16:56:27.215000,-0.163989,49.722109,-0.763,0
2022-11-28T16:56:28.158000,-0.17274,49.779168,-0.613,0
2022-11-28T16:56:29.102000,-0.181502,49.836227,-0.608,0
2022-11-28T16:56:30.045000,-0.190275,49.893284,-0.527,0
2022-11-28T16:56:30.988000,-0.19906,49.950341,-0.374,0
2022-11-28T16:56:31.932000,-0.207857,50.007397,-0.456,0
2022-11-28T16:56:32.875000,-0.216664,50.064452,-0.344,0
2022-11-28T16:56:33.819000,-0.225484,50.121507,-0.257,0
2022-11-28T16:56:34.762000,-0.234315,50.17856,-0.111,0
2022-11-28T16:56:35.706000,-0.243157,50.235613,-0.138,0
2022-11-28T16:56:36.649000,-0.252012,50.292665,-0.028,0
2022-11-28T16:56:37.593000,-0.260878,50.349716,0.085,0
2022-11-28T16:56:38.536000,-0.269756,50.406767,0.186,0
2022-11-28T16:56:39.479000,-0.278645,50.463816,0.218,0
2022-11-28T16:56:40.423000,-0.287547,50.520865,0.301,0
2022-11-28T16:56:41.366000,-0.296461,50.577913,0.322,0
2022-11-28T16:56:42.310000,-0.305386,50.63496,0.438,0
2022-11-28T16:56:43.253000,-0.314324,50.692006,0.413,1
2022-11-28T16:56:44.197000,-0.323274,50.749052,0.215,1
2022-11-28T16:57:49.294000,-0.973504,54.683159,1.552,1
2022-11-28T16:57:50.237000,-0.983456,54.740145,1.61,1
2022-11-28T16:57:51.181000,-0.993426,54.79713,1.604,0
2022-11-28T16:57:52.124000,-1.003413,54.854114,1.613,0
2022-11-28T16:57:53.067000,-1.013416,54.911098,1.624,0
2022-11-28T16:57:54.011000,-1.023437,54.96808,1.537,0
2022-11-28T16:57:54.954000,-1.033475,55.025061,1.596,0
2022-11-28T16:57:55.898000,-1.043531,55.082042,1.606,0
2022-11-28T16:57:56.841000,-1.053603,55.139022,1.62,0
2022-11-28T16:57:57.785000,-1.063693,55.196,1.65,0
2022-11-28T16:57:58.728000,-1.073801,55.252978,1.67,0
2022-11-28T16:58:00.615000,-1.09407,55.366931,1.698,0
2022-11-28T16:58:01.558000,-1.104231,55.423907,1.649,0
2022-11-28T16:58:03.445000,-1.124607,55.537854,1.61,1
2022-11-28T16:58:04.389000,-1.134822,55.594827,1.629,0
2022-11-28T16:58:05.332000,-1.145055,55.651798,1.643,0
2022-11-28T16:58:06.276000,-1.155306,55.708769,1.721,0
2022-11-28T16:58:07.219000,-1.165576,55.765739,1.746,0
2022-11-28T16:58:08.162000,-1.175864,55.822707,1.599,1
2022-11-28T16:58:09.106000,-1.186171,55.879675,1.736,0
2022-11-28T16:58:10.049000,-1.196497,55.936642,1.752,0
2022-11-29T04:51:39.447000,6.030461,55.964293,0.305,0
2022-11-29T04:51:40.390000,6.020131,55.907367,0.331,0
2022-11-29T04:51:41.334000,6.00982,55.85044,0.322,0
2022-11-29T04:51:42.277000,5.999527,55.793513,0.324,0
2022-11-29T04:51:43.220000,5.989253,55.736584,0.321,0
2022-11-29T04:51:44.164000,5.978998,55.679655,0.313,0
2022-11-29T04:51:45.107000,5.96876,55.622725,0.303,0
2022-11-29T04:51:46.051000,5.958541,55.565794,0.29,0
2022-11-29T04:51:46.994000,5.94834,55.508862,0.283,0
2022-11-29T04:51:47.938000,5.938157,55.451929,0.286,0
2022-11-29T04:51:48.881000,5.927992,55.394996,0.269,0
2022-11-29T04:51:49.824000,5.917844,55.338061,0.246,0
2022-11-29T04:51:50.768000,5.907715,55.281126,0.257,0
2022-11-29T04:51:51.711000,5.897603,55.22419,0.244,0
2022-11-29T04:51:52.655000,5.887509,55.167253,0.245,0
2022-11-29T04:51:53.598000,5.877432,55.110315,0.225,0
2022-11-29T04:51:54.542000,5.867373,55.053376,0.216,0
2022-11-29T04:51:55.485000,5.85733,54.996437,0.208,0
2022-11-29T04:51:56.429000,5.847306,54.939497,0.183,0
2022-11-29T04:51:57.372000,5.837298,54.882556,0.17,0
2022-11-29T04:51:58.315000,5.827307,54.825614,0.135,0
2022-11-29T04:51:59.259000,5.817334,54.768671,0.135,0
2022-11-29T04:52:00.202000,5.807377,54.711727,0.126,0
2022-11-29T04:52:01.146000,5.797437,54.654783,0.083,0
2022-11-29T04:52:02.089000,5.787514,54.597838,0.055,0
2022-11-29T04:52:03.033000,5.777608,54.540892,0.034,0
2022-11-29T04:52:03.976000,5.767718,54.483945,-0.016,0
2022-11-29T04:52:04.919000,5.757844,54.426997,-0.032,0
2022-11-29T04:52:05.863000,5.747987,54.370048,-0.064,0
2022-11-29T04:52:06.806000,5.738147,54.313099,-0.101,0
2022-11-29T04:52:07.750000,5.728322,54.256149,-0.135,0
2022-11-29T04:52:08.693000,5.718514,54.199198,-0.201,0
2022-11-29T04:52:09.637000,5.708722,54.142246,-0.224,0
2022-11-29T04:52:10.580000,5.698946,54.085293,-0.258,0
2022-11-29T04:52:11.524000,5.689186,54.02834,-0.299,0
2022-11-29T04:52:12.467000,5.679441,53.971386,-0.333,0
2022-11-29T04:52:13.410000,5.669713,53.91443,-0.367,0
2022-11-29T04:52:14.354000,5.66,53.857475,-0.39,0
2022-11-29T04:52:15.297000,5.650303,53.800518,-0.425,0
2022-11-29T04:52:16.241000,5.640621,53.74356,-0.479,0
2022-11-29T04:52:17.184000,5.630955,53.686602,-0.551,0
2022-11-29T04:52:18.128000,5.621305,53.629643,-0.59,0
2022-11-29T04:52:19.071000,5.611669,53.572683,-0.653,1
2022-11-29T04:52:20.014000,5.602049,53.515722,-0.724,1
2022-11-30T16:54:32.980000,-1.176538,49.739055,0.45,1
2022-11-30T16:54:33.923000,-1.185292,49.796113,0.445,1
2022-11-30T16:54:34.867000,-1.194058,49.853171,0.442,0
2022-11-30T16:54:35.810000,-1.202835,49.910228,0.464,0
2022-11-30T16:54:36.754000,-1.211623,49.967284,0.479,0
2022-11-30T16:54:37.697000,-1.220423,50.024339,0.532,0
2022-11-30T16:54:38.640000,-1.229235,50.081393,0.547,0
2022-11-30T16:54:39.584000,-1.238058,50.138447,0.55,0
2022-11-30T16:54:40.527000,-1.246892,50.1955,0.584,0
2022-11-30T16:54:41.471000,-1.255739,50.252552,0.627,0
2022-11-30T16:54:42.414000,-1.264597,50.309603,0.652,0
2022-11-30T16:54:43.358000,-1.273467,50.366653,0.702,0
2022-11-30T16:54:44.301000,-1.282348,50.423703,0.733,0
2022-11-30T16:54:45.244000,-1.291242,50.480751,0.764,1
2022-12-01T04:49:45.212000,5.017879,55.951032,0.068,0
2022-12-01T04:49:46.155000,5.007554,55.894112,0.071,0
2022-12-01T04:49:47.099000,4.997248,55.837191,0.065,0
2022-12-01T04:49:48.042000,4.986961,55.780269,0.058,0
2022-12-01T04:49:48.985000,4.976692,55.723347,0.056,0
2022-12-01T04:49:49.929000,4.966441,55.666423,0.078,0
2022-12-01T04:49:50.872000,4.956208,55.609499,0.067,0
2022-12-01T04:49:51.816000,4.945994,55.552574,0.075,0
2022-12-01T04:49:52.759000,4.935798,55.495648,0.05,0
2022-12-01T04:49:53.703000,4.92562,55.438721,0.06,0
2022-12-01T04:49:54.646000,4.91546,55.381793,0.074,0
2022-12-01T04:49:55.590000,4.905317,55.324864,0.058,0
2022-12-01T04:49:56.533000,4.895193,55.267935,0.056,0
2022-12-01T04:49:57.476000,4.885086,55.211005,0.046,0
2022-12-01T04:49:58.420000,4.874996,55.154074,0.056,0
2022-12-01T04:49:59.363000,4.864924,55.097142,0.024,0
2022-12-01T04:50:00.307000,4.85487,55.040209,0.046,0
2022-12-01T04:50:01.250000,4.844832,54.983275,0.034,0
2022-12-01T04:50:02.194000,4.834812,54.926341,0.035,0
2022-12-01T04:50:03.137000,4.824809,54.869406,0.028,0
2022-12-01T04:50:04.080000,4.814824,54.81247,0.005,0
2022-12-01T04:50:05.024000,4.804854,54.755533,0.026,0
2022-12-01T04:50:05.967000,4.794903,54.698595,0.013,0
2022-12-01T04:50:06.911000,4.784967,54.641656,0.022,0
2022-12-01T04:50:07.854000,4.775049,54.584717,0.015,0
2022-12-01T04:50:08.798000,4.765147,54.527777,0.013,0
2022-12-01T04:50:09.741000,4.755261,54.470836,0.004,0
2022-12-01T04:50:10.685000,4.745393,54.413894,-0.024,0
2022-12-01T04:50:11.628000,4.73554,54.356951,-0.014,0
2022-12-01T04:50:12.571000,4.725704,54.300008,-0.022,0
2022-12-01T04:50:13.515000,4.715884,54.243063,-0.026,0
2022-12-01T04:50:14.458000,4.70608,54.186118,-0.027,0
2022-12-01T04:50:15.402000,4.696293,54.129172,-0.058,0
2022-12-01T04:50:16.345000,4.686521,54.072225,-0.085,0
2022-12-01T04:50:17.289000,4.676765,54.015278,-0.094,0
2022-12-01T04:50:18.232000,4.667025,53.958329,-0.093,0
2022-12-01T04:50:19.175000,4.657301,53.90138,-0.092,0
2022-12-01T04:50:20.119000,4.647592,53.84443,-0.117,0
2022-12-01T04:50:21.062000,4.637899,53.787479,-0.147,0
2022-12-01T04:50:22.006000,4.628222,53.730528,-0.151,0
2022-12-01T04:50:22.949000,4.61856,53.673575,-0.158,0
2022-12-01T04:50:23.893000,4.608914,53.616622,-0.195,0
2022-12-01T04:50:24.836000,4.599283,53.559668,-0.237,0
2022-12-01T04:50:25.780000,4.589667,53.502713,-0.248,0
2022-12-01T04:50:26.723000,4.580066,53.445757,-0.264,0
2022-12-01T04:50:27.666000,4.570481,53.3888,-0.312,0
2022-12-01T04:50:28.610000,4.56091,53.331843,-0.322,0
2022-12-01T04:50:29.553000,4.551355,53.274885,-0.352,0
2022-12-01T04:50:30.497000,4.541814,53.217926,-0.376,0
2022-12-01T04:50:31.440000,4.532288,53.160966,-0.392,0
2022-12-01T04:50:32.384000,4.522777,53.104006,-0.393,1
2022-12-01T04:50:33.327000,4.513281,53.047044,-0.383,1
2022-12-01T04:50:34.270000,4.503799,52.990082,-0.373,1
2022-12-01T04:50:35.214000,4.494331,52.933119,-0.37,1
2022-12-01T04:50:36.157000,4.484879,52.876156,-0.348,1
2022-12-01T04:50:37.101000,4.47544,52.819191,-0.335,1
2022-12-01T04:50:38.044000,4.466016,52.762226,-0.349,1
2022-12-01T04:50:38.988000,4.456607,52.70526,-0.345,1
2022-12-01T04:50:39.931000,4.447211,52.648293,-0.337,1
2022-12-01T04:50:40.874000,4.43783,52.591325,-0.326,1
2022-12-01T04:50:41.818000,4.428462,52.534357,-0.285,1
2022-12-01T04:50:42.761000,4.419109,52.477387,-0.264,1
2022-12-01T04:50:43.705000,4.40977,52.420417,-0.249,1
2022-12-01T04:50:44.648000,4.400444,52.363446,-0.241,1
2022-12-01T04:50:45.592000,4.391133,52.306475,-0.236,1
2022-12-02T16:52:39.688000,-2.195809,49.796272,0.49,1
2022-12-02T16:52:40.632000,-2.204573,49.853328,0.465,1
2022-12-02T16:52:41.575000,-2.213349,49.910383,0.43,0
2022-12-02T16:52:42.519000,-2.222137,49.967437,0.435,0
2022-12-02T16:52:43.462000,-2.230935,50.024491,0.36,0
2022-12-02T16:52:44.405000,-2.239746,50.081543,0.336,0
2022-12-02T16:52:45.349000,-2.248568,50.138595,0.322,0
2022-12-02T16:52:46.292000,-2.257401,50.195646,0.278,0
2022-12-02T16:52:47.236000,-2.266246,50.252697,0.217,0
2022-12-02T16:52:48.179000,-2.275103,50.309746,0.181,0
2022-12-02T16:52:49.123000,-2.283971,50.366794,0.139,0
2022-12-02T16:52:50.066000,-2.292852,50.423842,0.075,0
2022-12-02T16:52:51.009000,-2.301744,50.480889,0.042,1
2022-12-02T16:52:51.953000,-2.310648,50.537935,-0.02,1
2022-12-03T04:47:50.977000,4.007941,55.967856,-0.092,0
2022-12-03T04:47:51.920000,3.997613,55.910943,-0.071,0
2022-12-03T04:47:52.864000,3.987304,55.854028,-0.066,0
2022-12-03T04:47:53.807000,3.977013,55.797113,-0.081,0
2022-12-03T04:47:54.751000,3.966741,55.740197,-0.052,0
2022-12-03T04:47:55.694000,3.956487,55.68328,-0.058,0
2022-12-03T04:47:56.637000,3.946251,55.626362,-0.029,0
2022-12-03T04:47:57.581000,3.936033,55.569443,-0.033,0
2022-12-03T04:47:58.524000,3.925834,55.512524,-0.015,0
2022-12-03T04:47:59.468000,3.915653,55.455603,-0.043,0
2022-12-03T04:48:00.411000,3.905489,55.398682,-0.015,0
2022-12-03T04:48:01.355000,3.895344,55.34176,-0.011,0
2022-12-03T04:48:02.298000,3.885216,55.284837,-0.014,0
2022-12-03T04:48:03.241000,3.875106,55.227913,0.006,0
2022-12-03T04:48:04.185000,3.865013,55.170989,0.007,0
2022-12-03T04:48:05.128000,3.854938,55.114063,0.019,0
2022-12-03T04:48:06.072000,3.844881,55.057137,0.05,0
2022-12-03T04:48:07.015000,3.83484,55.00021,0.061,0
2022-12-03T04:48:07.959000,3.824817,54.943282,0.07,0
2022-12-03T04:48:08.902000,3.814811,54.886353,0.089,0
2022-12-03T04:48:09.845000,3.804822,54.829424,0.093,0
2022-12-03T04:48:10.789000,3.794851,54.772493,0.097,0
2022-12-03T04:48:11.732000,3.784896,54.715562,0.143,0
2022-12-03T04:48:12.676000,3.774957,54.65863,0.14,0
2022-12-03T04:48:13.619000,3.765036,54.601697,0.187,0
2022-12-03T04:48:14.563000,3.755131,54.544763,0.163,0
2022-12-03T04:48:15.506000,3.745243,54.487829,0.179,0
2022-12-03T04:48:16.450000,3.735371,54.430893,0.18,0
2022-12-03T04:48:17.393000,3.725516,54.373957,0.158,0
2022-12-03T04:48:18.336000,3.715677,54.31702,0.178,0
2022-12-03T04:48:19.280000,3.705854,54.260082,0.251,0
2022-12-03T04:48:20.223000,3.696047,54.203144,0.242,0
2022-12-03T04:48:21.167000,3.686257,54.146204,0.227,0
2022-12-03T04:48:22.110000,3.676482,54.089264,0.245,0
2022-12-03T04:48:23.054000,3.666724,54.032323,0.253,0
2022-12-03T04:48:23.997000,3.656981,53.975381,0.288,0
2022-12-03T04:48:24.940000,3.647254,53.918438,0.276,0
2022-12-03T04:48:25.884000,3.637543,53.861495,0.292,0
2022-12-03T04:48:26.827000,3.627847,53.80455,0.295,0
2022-12-03T04:48:27.771000,3.618168,53.747605,0.297,0
2022-12-03T04:48:28.714000,3.608503,53.690659,0.296,0
2022-12-03T04:48:29.658000,3.598854,53.633712,0.307,0
2022-12-03T04:48:30.601000,3.58922,53.576764,0.341,0
2022-12-03T04:48:31.545000,3.579602,53.519816,0.327,0
2022-12-03T04:48:32.488000,3.569998,53.462867,0.301,0
2022-12-03T04:48:33.431000,3.56041,53.405917,0.3,0
2022-12-03T04:48:34.375000,3.550837,53.348966,0.289,0
2022-12-03T04:48:35.318000,3.541279,53.292014,0.286,0
2022-12-03T04:48:36.262000,3.531736,53.235062,0.283,0
2022-12-03T04:48:37.205000,3.522207,53.178109,0.222,0
2022-12-03T04:48:38.149000,3.512694,53.121155,0.229,0
2022-12-03T04:48:39.092000,3.503195,53.0642,0.21,0
2022-12-03T04:48:40.035000,3.49371,53.007244,0.199,0
2022-12-03T04:48:40.979000,3.484241,52.950288,0.189,0
2022-12-03T04:48:41.922000,3.474785,52.893331,0.158,0
2022-12-03T04:48:42.866000,3.465345,52.836372,0.152,0
2022-12-03T04:48:43.809000,3.455918,52.779414,0.158,0
2022-12-03T04:48:44.753000,3.446506,52.722454,0.135,0
2022-12-03T04:48:45.696000,3.437108,52.665494,0.115,0
2022-12-03T04:48:46.640000,3.427724,52.608532,0.087,0
2022-12-03T04:48:47.583000,3.418355,52.55157,0.045,0
2022-12-03T04:48:48.526000,3.408999,52.494608,0.026,0
2022-12-03T04:48:49.470000,3.399657,52.437644,0.068,0
2022-12-03T04:48:50.413000,3.390329,52.38068,0.003,0
2022-12-03T04:48:51.357000,3.381016,52.323715,-0.013,0
2022-12-03T04:48:52.300000,3.371715,52.266749,-0.047,0
2022-12-03T04:48:53.244000,3.362429,52.209782,-0.042,0
2022-12-03T04:48:54.187000,3.353156,52.152814,-0.103,0
2022-12-03T04:48:55.130000,3.343897,52.095846,-0.131,0
2022-12-03T04:48:56.074000,3.334651,52.038877,-0.175,0
2022-12-03T04:48:57.017000,3.325419,51.981907,-0.209,0
2022-12-03T04:48:57.961000,3.3162,51.924937,-0.219,0
2022-12-03T04:48:58.904000,3.306994,51.867965,-0.273,0
2022-12-03T04:48:59.848000,3.297802,51.810993,-0.308,0
2022-12-03T04:49:00.791000,3.288623,51.75402,-0.361,0
2022-12-03T04:49:01.735000,3.279457,51.697046,-0.379,0
2022-12-03T04:49:02.678000,3.270304,51.640071,-0.44,0
2022-12-03T04:49:03.621000,3.261164,51.583096,-0.455,1
2022-12-03T04:49:04.565000,3.252038,51.52612,-0.497,1
2022-12-03T04:49:05.508000,3.242924,51.469143,-0.536,1
2022-12-03T04:49:06.452000,3.233823,51.412166,-0.614,1
2022-12-05T04:45:57.685000,2.988431,55.936456,0.113,0
2022-12-05T04:45:58.629000,2.978115,55.879548,0.162,0
2022-12-05T04:45:59.572000,2.967818,55.822639,0.136,0
2022-12-05T04:46:00.516000,2.957539,55.765729,0.168,0
2022-12-05T04:46:01.459000,2.947279,55.708818,0.146,0
2022-12-05T04:46:02.402000,2.937037,55.651906,0.187,0
2022-12-05T04:46:03.346000,2.926813,55.594994,0.206,0
2022-12-05T04:46:04.289000,2.916608,55.538081,0.259,0
2022-12-05T04:46:05.233000,2.90642,55.481167,0.252,0
2022-12-05T04:46:06.176000,2.89625,55.424251,0.29,0
2022-12-05T04:46:07.120000,2.886099,55.367336,0.298,0
2022-12-05T04:46:08.063000,2.875965,55.310419,0.296,0
2022-12-05T04:46:09.006000,2.865848,55.253501,0.345,0
2022-12-05T04:46:09.950000,2.85575,55.196583,0.366,0
2022-12-05T04:46:10.893000,2.845669,55.139664,0.353,0
2022-12-05T04:46:11.837000,2.835605,55.082744,0.402,0
2022-12-05T04:46:12.780000,2.825559,55.025823,0.403,0
2022-12-05T04:46:13.724000,2.81553,54.968901,0.411,0
2022-12-05T04:46:14.667000,2.805518,54.911978,0.442,0
2022-12-05T04:46:15.611000,2.795523,54.855055,0.47,0
2022-12-05T04:46:16.554000,2.785545,54.798131,0.507,0
2022-12-05T04:46:17.497000,2.775585,54.741206,0.537,0
2022-12-05T04:46:18.441000,2.765641,54.68428,0.504,0
2022-12-05T04:46:19.384000,2.755713,54.627353,0.583,0
2022-12-05T04:46:20.328000,2.745803,54.570426,0.612,0
2022-12-05T04:46:21.271000,2.735909,54.513497,0.601,0
2022-12-05T04:46:22.215000,2.726031,54.456568,0.633,0
2022-12-05T04:46:23.158000,2.716171,54.399638,0.649,0
2022-12-05T04:46:24.101000,2.706326,54.342707,0.677,0
2022-12-05T04:46:25.045000,2.696497,54.285776,0.744,0
2022-12-05T04:46:25.988000,2.686685,54.228843,0.776,0
2022-12-05T04:46:26.932000,2.676889,54.17191,0.79,0
2022-12-05T04:46:27.875000,2.667109,54.114976,0.855,0
2022-12-05T04:46:28.819000,2.657345,54.058041,0.852,0
2022-12-05T04:46:29.762000,2.647597,54.001105,0.89,0
2022-12-05T04:46:30.706000,2.637865,53.944168,0.921,0
2022-12-05T04:46:31.649000,2.628148,53.887231,0.951,0
2022-12-05T04:46:32.592000,2.618447,53.830293,0.991,0
2022-12-05T04:46:33.536000,2.608762,53.773354,0.975,0
2022-12-05T04:46:34.479000,2.599092,53.716414,0.946,0
2022-12-05T04:46:35.423000,2.589438,53.659473,0.97,0
2022-12-05T04:46:36.366000,2.579799,53.602532,0.99,0
2022-12-05T04:46:37.310000,2.570175,53.54559,0.994,0
2022-12-05T04:46:38.253000,2.560567,53.488647,1.005,0
2022-12-05T04:46:39.196000,2.550974,53.431703,0.989,0
2022-12-05T04:46:40.140000,2.541395,53.374758,0.971,0
2022-12-05T04:46:41.083000,2.531832,53.317813,0.948,0
2022-12-05T04:46:42.027000,2.522284,53.260866,0.939,0
2022-12-05T04:46:42.970000,2.51275,53.203919,0.938,0
2022-12-05T04:46:43.914000,2.503232,53.146972,0.903,0
2022-12-05T04:46:44.857000,2.493728,53.090023,0.85,0
2022-12-05T04:46:45.801000,2.484238,53.033073,0.81,0
2022-12-05T04:46:46.744000,2.474764,52.976123,0.775,0
2022-12-05T04:46:47.687000,2.465304,52.919172,0.735,0
2022-12-05T04:46:48.631000,2.455858,52.86222,0.717,0
2022-12-05T04:46:49.574000,2.446426,52.805268,0.659,0
2022-12-05T04:46:50.518000,2.437009,52.748314,0.625,0
2022-12-05T04:46:51.461000,2.427607,52.69136,0.554,0
2022-12-05T04:46:52.405000,2.418218,52.634405,0.503,0
2022-12-05T04:46:53.348000,2.408843,52.577449,0.455,0
2022-12-05T04:46:54.291000,2.399483,52.520492,0.401,0
2022-12-05T04:46:55.235000,2.390137,52.463535,0.344,0
2022-12-05T04:46:56.178000,2.380804,52.406577,0.281,0
2022-12-05T04:46:57.122000,2.371485,52.349618,0.189,0
2022-12-05T04:46:58.065000,2.362181,52.292658,0.129,0
2022-12-05T04:46:59.009000,2.352889,52.235697,0.08,0
2022-12-05T04:46:59.952000,2.343612,52.178736,0.027,0
2022-12-05T04:47:00.896000,2.334348,52.121774,-0.05,0
2022-12-05T04:47:01.839000,2.325098,52.064811,-0.14,0
2022-12-05T04:47:02.782000,2.315861,52.007847,-0.239,0
2022-12-05T04:47:03.726000,2.306638,51.950883,-0.334,0
2022-12-05T04:47:04.669000,2.297428,51.893918,-0.406,0
2022-12-05T04:47:05.613000,2.288231,51.836951,-0.522,0
2022-12-05T04:47:06.556000,2.279047,51.779985,-0.6,0
2022-12-05T04:47:07.500000,2.269877,51.723017,-0.662,0
2022-12-05T04:47:08.443000,2.26072,51.666049,-0.785,0
2022-12-05T04:47:09.386000,2.251575,51.609079,-0.881,0
2022-12-05T04:47:10.330000,2.242444,51.552109,-0.953,0
2022-12-05T04:47:11.273000,2.233326,51.495139,-1.074,0
2022-12-05T04:47:12.217000,2.224221,51.438167,-1.154,0
2022-12-05T04:47:13.160000,2.215128,51.381195,-1.259,0
2022-12-05T04:47:14.104000,2.206048,51.324222,-1.344,0
2022-12-05T04:47:15.047000,2.196981,51.267248,-1.433,0
2022-12-05T04:47:15.991000,2.187927,51.210273,-1.504,0
2022-12-05T04:47:16.934000,2.178885,51.153298,-1.613,1
2022-12-05T04:47:17.877000,2.169856,51.096322,-1.762,1
2022-12-05T16:01:18.304000,8.065011,53.834454,-1.312,1
2022-12-05T16:01:19.248000,8.055304,53.891447,-1.289,1
2022-12-05T16:01:20.191000,8.045581,53.948439,-1.247,0
2022-12-05T16:01:21.135000,8.035843,54.00543,-1.235,0
2022-12-05T16:01:22.078000,8.026089,54.062421,-1.207,1
2022-12-05T16:01:23.022000,8.016318,54.11941,-1.199,1
2022-12-05T16:01:23.965000,8.006532,54.176399,-1.205,1
2022-12-05T16:01:24.908000,7.99673,54.233386,-1.21,1
2022-12-05T16:01:25.852000,7.986912,54.290373,-1.187,1
2022-12-05T16:01:26.795000,7.977077,54.347359,-1.193,0
2022-12-05T16:01:27.739000,7.967226,54.404344,-1.181,0
2022-12-05T16:01:28.682000,7.957359,54.461328,-1.169,0
2022-12-05T16:01:29.626000,7.947475,54.518311,-1.147,0
2022-12-05T16:01:30.569000,7.937575,54.575294,-1.131,0
2022-12-05T16:01:31.513000,7.927658,54.632275,-1.094,0
2022-12-05T16:01:32.456000,7.917724,54.689255,-1.035,0
2022-12-05T16:01:33.399000,7.907774,54.746235,-0.999,0
2022-12-05T16:01:34.343000,7.897807,54.803214,-0.972,0
2022-12-05T16:01:35.286000,7.887822,54.860191,-0.934,0
2022-12-05T16:01:36.230000,7.877821,54.917168,-0.9,0
2022-12-05T16:01:37.173000,7.867803,54.974144,-0.883,0
2022-12-05T16:01:38.117000,7.857767,55.031119,-0.83,0
2022-12-05T16:01:39.060000,7.847714,55.088093,-0.803,0
2022-12-05T16:01:40.003000,7.837644,55.145066,-0.765,0
2022-12-05T16:01:40.947000,7.827556,55.202039,-0.762,0
2022-12-05T16:01:41.890000,7.81745,55.25901,-0.719,0
2022-12-05T16:01:42.834000,7.807327,55.31598,-0.72,0
2022-12-05T16:01:43.777000,7.797187,55.37295,-0.706,0
2022-12-05T16:01:44.721000,7.787028,55.429919,-0.685,0
2022-12-05T16:01:45.664000,7.776852,55.486886,-0.659,0
2022-12-05T16:01:46.607000,7.766657,55.543853,-0.597,0
2022-12-05T16:01:47.551000,7.756445,55.600819,-0.542,0
2022-12-05T16:01:48.494000,7.746214,55.657784,-0.499,0
2022-12-05T16:01:49.438000,7.735965,55.714748,-0.473,0
2022-12-05T16:01:50.381000,7.725698,55.771711,-0.447,0
2022-12-05T16:01:51.325000,7.715412,55.828673,-0.42,0
2022-12-05T16:01:52.268000,7.705108,55.885634,-0.38,0
2022-12-05T16:01:53.212000,7.694784,55.942595,-0.38,0
2022-12-07T04:44:03.450000,1.979092,55.957199,0.498,0
2022-12-07T04:44:04.394000,1.968769,55.900297,0.596,0
2022-12-07T04:44:05.337000,1.958466,55.843394,0.599,0
2022-12-07T04:44:06.281000,1.948181,55.78649,0.579,0
2022-12-07T04:44:07.224000,1.937914,55.729585,0.644,0
2022-12-07T04:44:08.167000,1.927666,55.67268,0.643,0
2022-12-07T04:44:09.111000,1.917436,55.615773,0.722,0
2022-12-07T04:44:10.054000,1.907224,55.558866,0.745,0
2022-12-07T04:44:10.998000,1.897031,55.501958,0.773,0
2022-12-07T04:44:11.941000,1.886855,55.445049,0.807,0
2022-12-07T04:44:12.885000,1.876697,55.388139,0.841,0
2022-12-07T04:44:13.828000,1.866557,55.331228,0.894,0
2022-12-07T04:44:14.772000,1.856435,55.274317,0.885,0
2022-12-07T04:44:15.715000,1.846331,55.217404,0.937,0
2022-12-07T04:44:16.658000,1.836244,55.160491,0.957,0
2022-12-07T04:44:17.602000,1.826174,55.103577,0.992,0
2022-12-07T04:44:18.545000,1.816122,55.046662,1.007,0
2022-12-07T04:44:19.489000,1.806087,54.989746,1.07,0
2022-12-07T04:44:20.432000,1.796069,54.93283,1.065,0
2022-12-07T04:44:21.376000,1.786069,54.875912,1.079,0
2022-12-07T04:44:22.319000,1.776085,54.818994,1.11,0
2022-12-07T04:44:23.262000,1.766119,54.762075,1.171,0
2022-12-07T04:44:24.206000,1.756169,54.705155,1.237,0
2022-12-07T04:44:25.149000,1.746236,54.648235,1.219,0
2022-12-07T04:44:26.093000,1.73632,54.591313,1.282,0
2022-12-07T04:44:27.036000,1.726421,54.534391,1.292,0
2022-12-07T04:44:27.980000,1.716538,54.477467,1.3,0
2022-12-07T04:44:28.923000,1.706671,54.420543,1.318,0
2022-12-07T04:44:29.867000,1.696821,54.363619,1.407,0
2022-12-07T04:44:30.810000,1.686987,54.306693,1.368,0
2022-12-07T04:44:31.753000,1.677169,54.249766,1.5,0
2022-12-07T04:44:32.697000,1.667368,54.192839,1.475,0
2022-12-07T04:44:33.640000,1.657583,54.135911,1.532,0
2022-12-07T04:44:34.584000,1.647813,54.078982,1.553,0
2022-12-07T04:44:35.527000,1.63806,54.022052,1.587,0
2022-12-07T04:44:36.471000,1.628322,53.965122,1.636,0
2022-12-07T04:44:37.414000,1.6186,53.90819,1.633,0
2022-12-07T04:44:38.357000,1.608894,53.851258,1.638,0
2022-12-07T04:44:39.301000,1.599203,53.794325,1.669,0
2022-12-07T04:44:40.244000,1.589528,53.737391,1.731,0
2022-12-07T04:44:41.188000,1.579869,53.680457,1.736,0
2022-12-07T04:44:42.131000,1.570224,53.623521,1.741,0
2022-12-07T04:44:43.075000,1.560596,53.566585,1.726,0
2022-12-07T04:44:44.018000,1.550982,53.509648,1.73,0
2022-12-07T04:44:44.962000,1.541383,53.45271,1.719,0
2022-12-07T04:44:45.905000,1.5318,53.395771,1.732,0
2022-12-07T04:44:46.848000,1.522232,53.338832,1.742,0
2022-12-07T04:44:47.792000,1.512678,53.281892,1.761,0
2022-12-07T04:44:48.735000,1.50314,53.22495,1.735,0
2022-12-07T04:44:49.679000,1.493616,53.168008,1.749,0
2022-12-07T04:44:50.622000,1.484107,53.111066,1.786,0
2022-12-07T04:44:51.566000,1.474613,53.054122,1.779,0
2022-12-07T04:44:52.509000,1.465133,52.997178,1.789,1
2022-12-07T04:44:53.452000,1.455668,52.940233,1.779,1
2022-12-07T04:45:13.265000,1.260143,51.744202,-1.239,1
2022-12-07T04:45:14.208000,1.250981,51.68724,-1.297,1
2022-12-07T04:45:15.151000,1.241833,51.630277,-1.341,0
2022-12-07T04:45:16.095000,1.232697,51.573313,-1.373,0
2022-12-07T04:45:17.038000,1.223574,51.516348,-1.422,0
2022-12-07T04:45:26.473000,1.133048,50.946657,-2.53,1
2022-12-07T04:45:27.416000,1.124064,50.889684,-2.605,1
2022-12-07T04:45:28.360000,1.115092,50.83271,-2.657,1
2022-12-07T04:45:29.303000,1.106133,50.775735,-2.723,0
2022-12-07T04:45:30.246000,1.097186,50.718759,-2.796,0
2022-12-07T04:45:31.190000,1.08825,50.661783,-2.841,0
2022-12-07T04:45:32.133000,1.079327,50.604806,-2.88,0
2022-12-07T04:45:33.077000,1.070416,50.547828,-2.93,0
2022-12-07T04:45:34.020000,1.061517,50.490849,-2.927,0
2022-12-07T04:45:34.964000,1.05263,50.43387,-2.957,0
2022-12-07T04:45:35.907000,1.043755,50.376889,-3.012,0
2022-12-07T04:45:36.851000,1.034891,50.319908,-3.041,0
2022-12-07T04:45:37.794000,1.026039,50.262927,-3.032,0
2022-12-07T04:45:38.737000,1.017199,50.205944,-3.034,0
2022-12-07T04:45:39.681000,1.008371,50.148961,-3.064,0
2022-12-07T04:45:40.624000,0.999554,50.091977,-3.069,0
2022-12-07T04:45:41.568000,0.990748,50.034992,-3.091,1
2022-12-07T04:45:42.511000,0.981954,49.978006,-3.117,1
2022-12-07T15:59:23.126000,7.064186,53.764064,-0.737,1
2022-12-07T15:59:24.069000,7.054498,53.821055,-0.726,1
2022-12-07T15:59:25.013000,7.044795,53.878045,-0.695,0
2022-12-07T15:59:25.956000,7.035076,53.935034,-0.664,0
2022-12-07T15:59:26.900000,7.025341,53.992022,-0.616,0
2022-12-07T15:59:27.843000,7.015591,54.049009,-0.596,0
2022-12-07T15:59:28.787000,7.005824,54.105996,-0.523,0
2022-12-07T15:59:29.730000,6.996042,54.162982,-0.521,0
2022-12-07T15:59:30.673000,6.986243,54.219966,-0.48,0
2022-12-07T15:59:31.617000,6.976429,54.27695,-0.401,0
2022-12-07T15:59:32.560000,6.966598,54.333933,-0.338,0
2022-12-07T15:59:33.504000,6.956751,54.390915,-0.301,0
2022-12-07T15:59:34.447000,6.946887,54.447896,-0.263,0
2022-12-07T15:59:35.391000,6.937007,54.504876,-0.219,0
2022-12-07T15:59:36.334000,6.927111,54.561855,-0.221,0
2022-12-07T15:59:37.278000,6.917198,54.618834,-0.166,0
2022-12-07T15:59:38.221000,6.907268,54.675811,-0.121,0
2022-12-07T15:59:39.164000,6.897322,54.732787,-0.065,0
2022-12-07T15:59:40.108000,6.887358,54.789763,-0.075,0
2022-12-07T15:59:41.051000,6.877378,54.846738,-0.032,0
2022-12-07T15:59:41.995000,6.867381,54.903711,-0.002,0
2022-12-07T15:59:42.938000,6.857366,54.960684,0.037,0
2022-12-07T15:59:43.882000,6.847335,55.017656,0.083,0
2022-12-07T15:59:44.825000,6.837286,55.074627,0.098,0
2022-12-07T15:59:45.768000,6.82722,55.131597,0.119,0
2022-12-07T15:59:46.712000,6.817136,55.188567,0.157,0
2022-12-07T15:59:47.655000,6.807035,55.245535,0.145,0
2022-12-07T15:59:48.599000,6.796916,55.302502,0.163,0
2022-12-07T15:59:49.542000,6.786779,55.359468,0.178,0
2022-12-07T15:59:50.486000,6.776625,55.416434,0.214,0
2022-12-07T15:59:51.429000,6.766453,55.473398,0.274,0
2022-12-07T15:59:52.373000,6.756263,55.530362,0.283,0
2022-12-07T15:59:53.316000,6.746054,55.587325,0.288,0
2022-12-07T15:59:54.259000,6.735828,55.644287,0.299,0
2022-12-07T15:59:55.203000,6.725583,55.701248,0.282,0
2022-12-07T15:59:56.146000,6.71532,55.758207,0.32,0
2022-12-07T15:59:57.090000,6.705039,55.815166,0.334,0
2022-12-07T15:59:58.033000,6.694739,55.872124,0.309,0
2022-12-07T15:59:58.977000,6.68442,55.929082,0.309,0
2022-12-07T15:59:59.920000,6.674083,55.986038,0.32,0
2022-12-09T04:42:09.215000,0.969917,55.973602,0.688,0
2022-12-09T04:42:10.159000,0.959589,55.916705,0.756,0
2022-12-09T04:42:11.102000,0.949279,55.859808,0.796,0
2022-12-09T04:42:12.046000,0.938988,55.80291,0.848,0
2022-12-09T04:42:12.989000,0.928715,55.746011,0.872,0
2022-12-09T04:42:13.933000,0.918461,55.689111,0.859,0
2022-12-09T04:42:14.876000,0.908225,55.632211,0.886,0
2022-12-09T04:42:15.819000,0.898007,55.575309,0.956,0
2022-12-09T04:42:16.763000,0.887807,55.518407,1.027,0
2022-12-09T04:42:17.706000,0.877625,55.461503,1.012,0
2022-12-09T04:42:18.650000,0.867461,55.404599,1.017,0
2022-12-09T04:42:19.593000,0.857315,55.347694,1.156,0
2022-12-09T04:42:20.537000,0.847187,55.290789,1.124,0
2022-12-09T04:42:21.480000,0.837077,55.233882,1.154,0
2022-12-09T04:42:22.423000,0.826983,55.176975,1.205,0
2022-12-09T04:42:23.367000,0.816908,55.120066,1.229,0
2022-12-09T04:42:24.310000,0.80685,55.063157,1.259,0
2022-12-09T04:42:25.254000,0.796809,55.006247,1.252,0
2022-12-09T04:42:26.197000,0.786785,54.949337,1.281,0
2022-12-09T04:42:27.141000,0.776779,54.892425,1.323,0
2022-12-09T04:42:28.084000,0.76679,54.835513,1.367,0
2022-12-09T04:42:29.028000,0.756817,54.778599,1.372,0
2022-12-09T04:42:29.971000,0.746862,54.721685,1.384,0
2022-12-09T04:42:30.914000,0.736923,54.66477,1.431,0
2022-12-09T04:42:31.858000,0.727001,54.607854,1.434,0
2022-12-09T04:42:32.801000,0.717096,54.550938,1.498,0
2022-12-09T04:42:33.745000,0.707207,54.49402,1.472,0
2022-12-09T04:42:34.688000,0.697335,54.437102,1.562,0
2022-12-09T04:42:35.632000,0.687479,54.380183,1.499,0
2022-12-09T04:42:36.575000,0.67764,54.323263,1.61,0
2022-12-09T04:42:37.518000,0.667817,54.266342,1.62,0
2022-12-09T04:42:38.462000,0.65801,54.209421,1.648,0
2022-12-09T04:42:39.405000,0.648219,54.152498,1.659,0
2022-12-09T04:42:40.349000,0.638444,54.095575,1.688,0
2022-12-09T04:42:41.292000,0.628685,54.038651,1.695,0
2022-12-09T04:42:42.236000,0.618942,53.981726,1.742,0
2022-12-09T04:42:43.179000,0.609214,53.9248,1.788,0
2022-12-09T04:42:44.122000,0.599503,53.867874,1.78,0
2022-12-09T04:42:45.066000,0.589807,53.810947,1.822,0
2022-12-09T04:42:46.009000,0.580126,53.754019,1.853,0
2022-12-09T04:42:46.953000,0.570461,53.69709,1.864,0
2022-12-09T04:42:47.896000,0.560812,53.64016,1.863,0
2022-12-09T04:42:48.840000,0.551177,53.583229,1.872,0
2022-12-09T04:42:49.783000,0.541558,53.526298,1.844,0
2022-12-09T04:42:50.727000,0.531955,53.469366,1.831,0
2022-12-09T04:42:51.670000,0.522366,53.412433,1.834,0
2022-12-09T04:42:52.613000,0.512792,53.355499,1.864,0
2022-12-09T04:42:53.557000,0.503234,53.298564,1.847,1
2022-12-09T04:42:54.500000,0.49369,53.241629,1.76,1
2022-12-09T04:42:55.444000,0.484161,53.184693,1.675,1
2022-12-09T04:42:56.387000,0.474647,53.127756,1.61,1
2022-12-09T04:42:57.331000,0.465148,53.070818,1.61,1
2022-12-09T04:42:58.274000,0.455663,53.013879,1.605,1
2022-12-09T04:43:36.955000,0.078587,50.678715,-1.991,1
2022-12-09T04:43:37.898000,0.06966,50.621744,-2.047,0
2022-12-09T04:43:38.842000,0.060744,50.564772,-2.068,0
2022-12-09T04:43:39.785000,0.051841,50.507798,-2.077,0
2022-12-09T04:43:40.729000,0.042949,50.450825,-2.128,0
2022-12-09T04:43:41.672000,0.03407,50.39385,-2.164,0
2022-12-09T04:43:42.616000,0.025202,50.336875,-2.194,0
2022-12-09T04:43:43.559000,0.016346,50.279898,-2.242,0
2022-12-09T04:43:44.502000,0.007501,50.222922,-2.306,0
2022-12-09T04:43:45.446000,-0.001331,50.165944,-2.334,0
2022-12-09T04:43:46.389000,-0.010152,50.108965,-2.395,0
2022-12-09T04:43:47.333000,-0.018962,50.051986,-2.429,0
2022-12-09T04:43:48.276000,-0.02776,49.995006,-2.457,0
2022-12-09T04:43:49.220000,-0.036546,49.938025,-2.543,0
2022-12-09T04:43:50.163000,-0.045322,49.881044,-2.594,0
2022-12-09T04:43:51.107000,-0.054085,49.824062,-2.628,0
2022-12-09T04:43:52.050000,-0.062838,49.767079,-2.63,0
2022-12-09T04:43:52.993000,-0.071579,49.710095,-2.633,0
2022-12-09T15:57:26.061000,6.081649,53.584408,-0.792,1
2022-12-09T15:57:27.004000,6.072008,53.641397,-0.789,0
2022-12-09T15:57:27.948000,6.062353,53.698387,-0.748,0
2022-12-09T15:57:28.891000,6.052682,53.755375,-0.767,0
2022-12-09T15:57:29.834000,6.042995,53.812362,-0.644,0
2022-12-09T15:57:30.778000,6.033293,53.869349,-0.517,0
2022-12-09T15:57:31.721000,6.023576,53.926334,-0.554,0
2022-12-09T15:57:32.665000,6.013842,53.983318,-0.549,0
2022-12-09T15:57:33.608000,6.004093,54.040302,-0.603,0
2022-12-09T15:57:34.552000,5.994328,54.097285,-0.435,0
2022-12-09T15:57:35.495000,5.984547,54.154267,-0.455,0
2022-12-09T15:57:36.439000,5.974749,54.211248,-0.496,0
2022-12-09T15:57:37.382000,5.964936,54.268228,-0.367,0
2022-12-09T15:57:38.325000,5.955107,54.325207,-0.399,0
2022-12-09T15:57:39.269000,5.945261,54.382185,-0.317,0
2022-12-09T15:57:40.212000,5.935399,54.439163,-0.288,0
2022-12-09T15:57:41.156000,5.92552,54.496139,-0.13,0
2022-12-09T15:57:42.099000,5.915625,54.553115,-0.068,0
2022-12-09T15:57:43.043000,5.905714,54.610089,-0.084,0
2022-12-09T15:57:43.986000,5.895785,54.667063,-0.048,0
2022-12-09T15:57:44.929000,5.88584,54.724036,-0.106,0
2022-12-09T15:57:45.873000,5.875878,54.781008,0.015,0
2022-12-09T15:57:46.816000,5.865899,54.837979,-0.021,0
2022-12-09T15:57:47.760000,5.855903,54.894949,0.037,0
2022-12-09T15:57:48.703000,5.84589,54.951918,0.014,0
2022-12-09T15:57:49.647000,5.83586,55.008886,0.057,0
2022-12-09T15:57:50.590000,5.825813,55.065853,-0.001,0
2022-12-09T15:57:51.534000,5.815748,55.122819,0.023,0
2022-12-09T15:57:52.477000,5.805666,55.179785,0.096,0
2022-12-09T15:57:53.420000,5.795566,55.236749,0.211,0
2022-12-09T15:57:54.364000,5.785449,55.293713,0.208,0
2022-12-09T15:57:55.307000,5.775313,55.350676,0.174,0
2022-12-09T15:57:56.251000,5.765161,55.407637,0.166,0
2022-12-09T15:57:57.194000,5.75499,55.464598,0.173,0
2022-12-09T15:57:58.138000,5.744801,55.521558,0.124,0
2022-12-09T15:57:59.081000,5.734595,55.578517,0.179,0
2022-12-09T15:58:00.024000,5.72437,55.635475,0.144,0
2022-12-09T15:58:00.968000,5.714127,55.692432,0.293,0
2022-12-09T15:58:01.911000,5.703865,55.749388,0.267,0
2022-12-09T15:58:02.855000,5.693585,55.806343,0.213,0
2022-12-09T15:58:03.798000,5.683287,55.863298,0.241,0
2022-12-09T15:58:04.742000,5.67297,55.920251,0.239,0
2022-12-09T15:58:05.685000,5.662634,55.977203,0.377,0
2022-12-11T04:40:14.980000,-0.039211,55.98577,0.953,0
2022-12-11T04:40:15.924000,-0.049545,55.928879,0.976,0
2022-12-11T04:40:16.867000,-0.05986,55.871987,0.987,0
2022-12-11T04:40:17.811000,-0.070157,55.815094,1.013,0
2022-12-11T04:40:19.698000,-0.090696,55.701306,1.044,0
2022-12-11T04:40:20.641000,-0.100937,55.644411,1.086,0
2022-12-11T04:40:21.584000,-0.111161,55.587515,1.093,0
2022-12-11T04:40:22.528000,-0.121366,55.530618,1.028,0
2022-12-11T04:40:23.471000,-0.131553,55.47372,1.135,0
2022-12-11T04:40:24.415000,-0.141722,55.416822,1.126,0
2022-12-11T04:40:25.358000,-0.151874,55.359922,1.17,0
2022-12-11T04:40:26.302000,-0.162007,55.303022,1.193,0
2022-12-11T04:40:27.245000,-0.172123,55.246121,1.202,0
2022-12-11T04:40:28.188000,-0.182221,55.189219,1.293,0
2022-12-11T04:40:30.075000,-0.202366,55.075413,1.401,0
2022-12-11T04:40:31.962000,-0.22244,54.961603,1.315,0
2022-12-11T04:40:32.906000,-0.232452,54.904697,1.165,0
2022-12-11T04:40:33.849000,-0.242447,54.847789,1.246,0
2022-12-11T04:40:34.793000,-0.252424,54.790882,1.319,0
2022-12-11T04:40:35.736000,-0.262385,54.733973,1.346,0
2022-12-11T04:40:36.679000,-0.272329,54.677063,1.345,0
2022-12-11T04:40:37.623000,-0.282256,54.620153,1.347,0
2022-12-11T04:40:38.566000,-0.292166,54.563242,1.344,0
2022-12-11T04:40:39.510000,-0.30206,54.50633,1.365,0
2022-12-11T04:40:40.453000,-0.311937,54.449417,1.414,1
2022-12-11T04:40:41.397000,-0.321798,54.392503,1.447,1
2022-12-11T04:40:42.340000,-0.331642,54.335589,1.458,1
2022-12-11T04:41:42.720000,-0.93098,50.691382,-0.705,1
2022-12-11T04:41:46.494000,-0.966633,50.463512,-0.851,0
2022-12-11T04:41:47.437000,-0.975517,50.406542,-0.949,0
2022-12-11T04:41:48.381000,-0.984389,50.349572,-0.992,0
2022-12-11T04:41:49.324000,-0.993249,50.292601,-1.026,0
2022-12-11T04:41:50.268000,-1.002097,50.23563,-1.116,0
2022-12-11T04:41:51.211000,-1.010933,50.178657,-1.214,0
2022-12-11T04:41:52.154000,-1.019758,50.121684,-1.289,0
2022-12-11T04:41:53.098000,-1.028572,50.06471,-1.371,0
2022-12-11T04:41:54.041000,-1.037374,50.007735,-1.464,0
2022-12-11T04:41:54.985000,-1.046164,49.95076,-1.602,0
2022-12-11T04:41:55.928000,-1.054943,49.893783,-1.658,0
2022-12-11T04:41:56.872000,-1.063711,49.836806,-1.772,0
2022-12-11T04:41:57.815000,-1.072467,49.779828,-1.87,0
2022-12-11T04:41:58.758000,-1.081212,49.72285,-1.953,1
2022-12-11T15:55:28.995000,5.098669,53.408876,-0.802,1
2022-12-11T15:55:29.939000,5.089075,53.465864,-0.786,1
2022-12-11T15:55:30.882000,5.079465,53.522852,-0.77,0
2022-12-11T15:55:31.826000,5.06984,53.579839,-0.754,0
2022-12-11T15:55:32.769000,5.060199,53.636824,-0.694,0
2022-12-11T15:55:33.713000,5.050544,53.693809,-0.672,0
2022-12-11T15:55:34.656000,5.040873,53.750793,-0.637,0
2022-12-11T15:55:35.600000,5.031186,53.807776,-0.58,0
2022-12-11T15:55:36.543000,5.021484,53.864759,-0.535,0
2022-12-11T15:55:37.486000,5.011766,53.92174,-0.533,0
2022-12-11T15:55:38.430000,5.002032,53.97872,-0.463,0
2022-12-11T15:55:39.373000,4.992283,54.0357,-0.455,0
2022-12-11T15:55:40.317000,4.982517,54.092678,-0.431,0
2022-12-11T15:55:41.260000,4.972736,54.149656,-0.387,0
2022-12-11T15:55:42.204000,4.962939,54.206633,-0.339,0
2022-12-11T15:55:43.147000,4.953125,54.263608,-0.305,0
2022-12-11T15:55:44.090000,4.943296,54.320583,-0.286,0
2022-12-11T15:55:45.034000,4.93345,54.377557,-0.253,0
2022-12-11T15:55:45.977000,4.923587,54.434531,-0.228,0
2022-12-11T15:55:46.921000,4.913709,54.491503,-0.21,0
2022-12-11T15:55:47.864000,4.903813,54.548474,-0.18,0
2022-12-11T15:55:48.808000,4.893902,54.605444,-0.147,0
2022-12-11T15:55:49.751000,4.883973,54.662414,-0.118,0
2022-12-11T15:55:50.695000,4.874028,54.719382,-0.073,0
2022-12-11T15:55:51.638000,4.864066,54.77635,-0.047,0
2022-12-11T15:55:52.581000,4.854087,54.833317,-0.057,0
2022-12-11T15:55:53.525000,4.844091,54.890282,-0.015,0
2022-12-11T15:55:54.468000,4.834078,54.947247,-0.029,0
2022-12-11T15:55:55.412000,4.824047,55.004211,0.01,0
2022-12-11T15:55:56.355000,4.814,55.061174,0.012,0
2022-12-11T15:55:57.299000,4.803935,55.118136,0.036,0
2022-12-11T15:55:58.242000,4.793852,55.175097,0.002,0
2022-12-11T15:55:59.185000,4.783753,55.232058,0.066,0
2022-12-11T15:56:00.129000,4.773635,55.289017,0.066,0
2022-12-11T15:56:01.072000,4.7635,55.345975,0.046,0
2022-12-11T15:56:02.016000,4.753347,55.402933,0.071,0
2022-12-11T15:56:02.959000,4.743176,55.459889,0.075,0
2022-12-11T15:56:03.903000,4.732988,55.516845,0.116,0
2022-12-11T15:56:04.846000,4.722781,55.573799,0.121,0
2022-12-11T15:56:05.790000,4.712556,55.630753,0.123,0
2022-12-11T15:56:06.733000,4.702313,55.687706,0.155,0
2022-12-11T15:56:07.676000,4.692051,55.744658,0.184,0
2022-12-11T15:56:08.620000,4.681771,55.801608,0.181,0
2022-12-11T15:56:09.563000,4.671473,55.858558,0.206,0
2022-12-11T15:56:10.507000,4.661156,55.915507,0.201,0
2022-12-11T15:56:11.450000,4.65082,55.972455,0.212,0
2022-12-13T04:38:21.689000,-1.059043,55.936647,0.825,0
2022-12-13T04:38:22.632000,-1.069362,55.879761,0.822,0
2022-12-13T04:38:23.576000,-1.079662,55.822873,0.834,0
2022-12-13T04:38:24.519000,-1.089944,55.765985,0.814,0
2022-12-13T04:38:25.463000,-1.100208,55.709095,0.809,0
2022-12-13T04:38:26.406000,-1.110453,55.652205,0.803,0
2022-12-13T04:38:27.349000,-1.12068,55.595314,0.79,0
2022-12-13T04:38:28.293000,-1.130889,55.538422,0.797,0
2022-12-13T04:38:29.236000,-1.14108,55.48153,0.796,0
2022-12-13T04:38:30.180000,-1.151253,55.424636,0.778,0
2022-12-13T04:38:31.123000,-1.161408,55.367742,0.779,0
2022-12-13T04:38:32.067000,-1.171545,55.310846,0.746,0
2022-12-13T04:38:33.010000,-1.181665,55.25395,0.74,0
2022-12-13T04:38:33.954000,-1.191767,55.197053,0.751,0
2022-12-13T04:38:34.897000,-1.201851,55.140156,0.742,0
2022-12-13T04:38:35.840000,-1.211918,55.083257,0.739,1
2022-12-13T04:38:36.784000,-1.221968,55.026357,0.736,1
2022-12-13T04:38:37.727000,-1.232,54.969457,0.749,1
2022-12-13T04:38:39.614000,-1.252013,54.855654,0.685,1
2022-12-13T04:39:51.315000,-1.967538,50.528716,0.028,1
2022-12-13T04:39:52.259000,-1.976436,50.471752,-0.042,1
2022-12-13T04:39:53.202000,-1.985322,50.414788,-0.144,0
2022-12-13T04:39:54.146000,-1.994196,50.357822,-0.229,0
2022-12-13T04:39:55.089000,-2.003059,50.300856,-0.315,0
2022-12-13T04:39:56.033000,-2.01191,50.243889,-0.429,0
2022-12-13T04:39:56.976000,-2.020749,50.186921,-0.506,0
2022-12-13T04:39:57.919000,-2.029577,50.129953,-0.572,0
2022-12-13T04:39:58.863000,-2.038393,50.072983,-0.657,0
2022-12-13T04:39:59.806000,-2.047197,50.016013,-0.757,0
2022-12-13T04:40:00.750000,-2.05599,49.959043,-0.858,0
2022-12-13T04:40:01.693000,-2.064771,49.902071,-0.955,0
2022-12-13T04:40:02.637000,-2.073542,49.845099,-1.072,1
2022-12-13T04:40:03.580000,-2.082301,49.788125,-1.16,1
2022-12-13T04:40:04.523000,-2.091048,49.731152,-1.343,1
2022-12-13T15:53:14.948000,4.285135,52.212082,0.686,1
2022-12-13T15:53:15.892000,4.275841,52.269084,0.548,1
2022-12-13T15:53:16.835000,4.266534,52.326086,0.459,1
2022-12-13T15:53:17.779000,4.257213,52.383087,0.349,0
2022-12-13T15:53:18.722000,4.247878,52.440086,0.257,0
2022-12-13T15:53:19.666000,4.23853,52.497085,0.155,0
2022-12-13T15:53:20.609000,4.229167,52.554084,0.057,0
2022-12-13T15:53:21.552000,4.21979,52.611081,0.004,0
2022-12-13T15:53:22.496000,4.210399,52.668077,-0.084,0
2022-12-13T15:53:23.439000,4.200994,52.725073,-0.173,0
2022-12-13T15:53:24.383000,4.191575,52.782067,-0.242,0
2022-12-13T15:53:25.326000,4.182141,52.839061,-0.3,0
2022-12-13T15:53:26.270000,4.172693,52.896054,-0.358,0
2022-12-13T15:53:27.213000,4.163231,52.953046,-0.395,0
2022-12-13T15:53:28.156000,4.153754,53.010037,-0.443,0
2022-12-13T15:53:29.100000,4.144262,53.067027,-0.491,0
2022-12-13T15:53:30.043000,4.134756,53.124016,-0.519,0
2022-12-13T15:53:30.987000,4.125235,53.181004,-0.521,0
2022-12-13T15:53:31.930000,4.1157,53.237992,-0.553,0
2022-12-13T15:53:32.874000,4.106149,53.294978,-0.544,0
2022-12-13T15:53:33.817000,4.096584,53.351964,-0.565,0
2022-12-13T15:53:34.761000,4.087003,53.408949,-0.558,0
2022-12-13T15:53:35.704000,4.077408,53.465933,-0.533,0
2022-12-13T15:53:36.647000,4.067797,53.522915,-0.534,0
2022-12-13T15:53:37.591000,4.058171,53.579897,-0.516,0
2022-12-13T15:53:38.534000,4.04853,53.636879,-0.496,0
2022-12-13T15:53:39.478000,4.038873,53.693859,-0.476,0
2022-12-13T15:53:40.421000,4.029201,53.750838,-0.417,0
2022-12-13T15:53:41.365000,4.019514,53.807816,-0.418,0
2022-12-13T15:53:42.308000,4.009811,53.864794,-0.389,0
2022-12-13T15:53:43.251000,4.000092,53.921771,-0.396,0
2022-12-13T15:53:44.195000,3.990357,53.978746,-0.345,0
2022-12-13T15:53:45.138000,3.980607,54.035721,-0.318,0
2022-12-13T15:53:46.082000,3.970841,54.092695,-0.315,0
2022-12-13T15:53:47.025000,3.961059,54.149668,-0.293,0
2022-12-13T15:53:47.969000,3.951261,54.20664,-0.287,0
2022-12-13T15:53:48.912000,3.941446,54.263611,-0.281,0
2022-12-13T15:53:49.855000,3.931616,54.320582,-0.244,0
2022-12-13T15:53:50.799000,3.921769,54.377551,-0.21,0
2022-12-13T15:53:51.742000,3.911906,54.434519,-0.198,0
2022-12-13T15:53:52.686000,3.902026,54.491487,-0.177,0
2022-12-13T15:53:53.629000,3.89213,54.548453,-0.165,0
2022-12-13T15:53:54.573000,3.882217,54.605419,-0.151,0
2022-12-13T15:53:55.516000,3.872288,54.662384,-0.12,0
2022-12-13T15:53:56.460000,3.862342,54.719347,-0.115,0
2022-12-13T15:53:57.403000,3.852379,54.77631,-0.091,0
2022-12-13T15:53:58.346000,3.842399,54.833272,-0.082,0
2022-12-13T15:53:59.290000,3.832402,54.890233,-0.092,0
2022-12-13T15:54:00.233000,3.822388,54.947193,-0.065,0
2022-12-13T15:54:01.177000,3.812357,55.004153,-0.047,0
2022-12-13T15:54:02.120000,3.802309,55.061111,-0.055,0
2022-12-13T15:54:03.064000,3.792243,55.118068,-0.045,0
2022-12-13T15:54:04.007000,3.78216,55.175025,-0.022,0
2022-12-13T15:54:04.950000,3.772059,55.23198,-0.01,0
2022-12-13T15:54:05.894000,3.761941,55.288935,0.012,0
2022-12-13T15:54:06.837000,3.751805,55.345888,-0.006,0
2022-12-13T15:54:07.781000,3.741651,55.402841,0.044,0
2022-12-13T15:54:08.724000,3.731479,55.459793,0.015,0
2022-12-13T15:54:09.668000,3.72129,55.516743,0.012,0
2022-12-13T15:54:10.611000,3.711082,55.573693,0.038,0
2022-12-13T15:54:11.555000,3.700856,55.630642,0.04,0
2022-12-13T15:54:12.498000,3.690612,55.68759,0.064,0
2022-12-13T15:54:13.441000,3.68035,55.744537,0.072,0
2022-12-13T15:54:14.385000,3.670069,55.801483,0.081,0
2022-12-13T15:54:15.328000,3.65977,55.858428,0.085,0
2022-12-13T15:54:16.272000,3.649452,55.915373,0.093,0
2022-12-13T15:54:17.215000,3.639115,55.972316,0.122,0
2022-12-15T04:36:27.454000,-2.069461,55.938837,0.485,1
2022-12-15T15:51:08.449000,3.393255,51.477162,1.168,1
2022-12-15T15:51:10.336000,3.374999,51.591178,1.039,1
2022-12-15T15:51:11.279000,3.365851,51.648186,0.971,1
2022-12-15T15:51:12.222000,3.356691,51.705192,0.885,0
2022-12-15T15:51:13.166000,3.347517,51.762197,0.815,0
2022-12-15T15:51:14.109000,3.33833,51.819202,0.725,0
2022-12-15T15:51:15.053000,3.32913,51.876205,0.648,0
2022-12-15T15:51:15.996000,3.319916,51.933208,0.609,0
2022-12-15T15:51:16.940000,3.310689,51.99021,0.528,0
2022-12-15T15:51:17.883000,3.301449,52.047211,0.486,0
2022-12-15T15:51:18.826000,3.292195,52.104211,0.441,0
2022-12-15T15:51:19.770000,3.282928,52.16121,0.403,0
2022-12-15T15:51:20.713000,3.273647,52.218209,0.36,0
2022-12-15T15:51:21.657000,3.264352,52.275206,0.303,0
2022-12-15T15:51:22.600000,3.255044,52.332203,0.283,0
2022-12-15T15:51:23.544000,3.245722,52.389199,0.223,0
2022-12-15T15:51:24.487000,3.236386,52.446193,0.193,0
2022-12-15T15:51:25.431000,3.227036,52.503187,0.208,0
2022-12-15T15:51:26.374000,3.217672,52.56018,0.182,0
2022-12-15T15:51:27.317000,3.208294,52.617173,0.133,0
2022-12-15T15:51:28.261000,3.198902,52.674164,0.109,0
2022-12-15T15:51:29.204000,3.189496,52.731154,0.123,0
2022-12-15T15:51:30.148000,3.180075,52.788144,0.086,0
2022-12-15T15:51:31.091000,3.17064,52.845132,0.051,0
2022-12-15T15:51:32.035000,3.161191,52.90212,0.056,0
2022-12-15T15:51:32.978000,3.151728,52.959107,0.036,0
2022-12-15T15:51:33.921000,3.142249,53.016093,0.029,0
2022-12-15T15:51:34.865000,3.132757,53.073078,-0.015,0
2022-12-15T15:51:35.808000,3.123249,53.130062,-0.031,0
2022-12-15T15:51:36.752000,3.113727,53.187045,-0.053,0
2022-12-15T15:51:37.695000,3.10419,53.244028,-0.049,0
2022-12-15T15:51:38.639000,3.094638,53.301009,-0.065,0
2022-12-15T15:51:39.582000,3.085071,53.35799,-0.084,0
2022-12-15T15:51:40.526000,3.07549,53.414969,-0.097,0
2022-12-15T15:51:41.469000,3.065893,53.471948,-0.107,0
2022-12-15T15:51:42.412000,3.056281,53.528926,-0.108,0
2022-12-15T15:51:43.356000,3.046654,53.585903,-0.123,0
2022-12-15T15:51:44.299000,3.037011,53.642879,-0.123,0
2022-12-15T15:51:45.243000,3.027353,53.699854,-0.14,0
2022-12-15T15:51:46.186000,3.01768,53.756828,-0.15,0
2022-12-15T15:51:47.130000,3.007991,53.813802,-0.183,0
2022-12-15T15:51:48.073000,2.998287,53.870774,-0.193,0
2022-12-15T15:51:49.016000,2.988567,53.927746,-0.236,0
2022-12-15T15:51:49.960000,2.978831,53.984716,-0.209,0
2022-12-15T15:51:50.903000,2.969079,54.041686,-0.211,0
2022-12-15T15:51:51.847000,2.959312,54.098655,-0.207,0
2022-12-15T15:51:52.790000,2.949528,54.155622,-0.213,0
2022-12-15T15:51:53.734000,2.939729,54.212589,-0.219,0
2022-12-15T15:51:54.677000,2.929913,54.269555,-0.239,0
2022-12-15T15:51:55.621000,2.920081,54.326521,-0.254,0
2022-12-15T15:51:56.564000,2.910233,54.383485,-0.314,0
2022-12-15T15:51:57.507000,2.900368,54.440448,-0.272,0
2022-12-15T15:51:58.451000,2.890488,54.49741,-0.258,0
2022-12-15T15:51:59.394000,2.88059,54.554372,-0.26,0
2022-12-15T15:52:00.338000,2.870676,54.611332,-0.245,0
2022-12-15T15:52:01.281000,2.860745,54.668292,-0.27,0
2022-12-15T15:52:02.225000,2.850798,54.72525,-0.246,0
2022-12-15T15:52:03.168000,2.840833,54.782208,-0.229,0
2022-12-15T15:52:04.111000,2.830852,54.839165,-0.223,0
2022-12-15T15:52:05.055000,2.820854,54.896121,-0.206,0
2022-12-15T15:52:05.998000,2.810839,54.953076,-0.177,0
2022-12-15T15:52:06.942000,2.800806,55.01003,-0.184,0
2022-12-15T15:52:07.885000,2.790756,55.066983,-0.149,0
2022-12-15T15:52:08.829000,2.780689,55.123935,-0.092,0
2022-12-15T15:52:09.772000,2.770604,55.180886,-0.078,0
2022-12-15T15:52:10.716000,2.760502,55.237837,-0.062,0
2022-12-15T15:52:11.659000,2.750382,55.294786,-0.046,0
2022-12-15T15:52:12.602000,2.740245,55.351734,-0.036,0
2022-12-15T15:52:13.546000,2.73009,55.408682,0.002,0
2022-12-15T15:52:14.489000,2.719917,55.465628,0.01,0
2022-12-15T15:52:15.433000,2.709725,55.522574,0.033,0
2022-12-15T15:52:16.376000,2.699516,55.579518,0.056,0
2022-12-15T15:52:17.320000,2.689289,55.636462,0.051,0
2022-12-15T15:52:18.263000,2.679043,55.693405,0.017,0
2022-12-15T15:52:19.206000,2.66878,55.750347,0.037,0
2022-12-15T15:52:20.150000,2.658497,55.807288,0.055,0
2022-12-15T15:52:21.093000,2.648197,55.864227,-0.011,0
2022-12-15T15:52:22.037000,2.637877,55.921166,0.035,0
2022-12-15T15:52:22.980000,2.627539,55.978105,0.027,0
2022-12-17T15:49:08.553000,2.435972,51.149271,0.242,1
2022-12-17T15:49:09.497000,2.426925,51.20628,0.187,0
2022-12-17T15:49:10.440000,2.417865,51.263287,0.187,0
2022-12-17T15:49:11.383000,2.408793,51.320294,0.119,0
2022-12-17T15:49:12.327000,2.399708,51.3773,0.092,0
2022-12-17T15:49:13.270000,2.39061,51.434305,0.051,0
2022-12-17T15:49:14.214000,2.381499,51.49131,0.017,0
2022-12-17T15:49:15.157000,2.372375,51.548313,0.008,0
2022-12-17T15:49:16.101000,2.363239,51.605316,-0.014,0
2022-12-17T15:49:17.044000,2.354089,51.662317,0.001,0
2022-12-17T15:49:17.987000,2.344926,51.719318,0.006,0
2022-12-17T15:49:18.931000,2.335751,51.776318,0.002,0
2022-12-17T15:49:19.874000,2.326562,51.833317,0.017,0
2022-12-17T15:49:20.818000,2.317359,51.890315,0.052,0
2022-12-17T15:49:21.761000,2.308144,51.947312,0.058,0
2022-12-17T15:49:22.705000,2.298915,52.004309,0.067,0
2022-12-17T15:49:23.648000,2.289673,52.061304,0.096,0
2022-12-17T15:49:24.592000,2.280417,52.118299,0.14,0
2022-12-17T15:49:25.535000,2.271147,52.175293,0.116,0
2022-12-17T15:49:26.478000,2.261864,52.232286,0.142,0
2022-12-17T15:49:27.422000,2.252568,52.289277,0.162,0
2022-12-17T15:49:28.365000,2.243257,52.346269,0.188,0
2022-12-17T15:49:29.309000,2.233933,52.403259,0.195,0
2022-12-17T15:49:30.252000,2.224595,52.460248,0.205,0
2022-12-17T15:49:31.196000,2.215243,52.517237,0.222,0
2022-12-17T15:49:32.139000,2.205877,52.574224,0.225,0
2022-12-17T15:49:33.082000,2.196497,52.631211,0.23,0
2022-12-17T15:49:34.026000,2.187102,52.688196,0.262,0
2022-12-17T15:49:34.969000,2.177694,52.745181,0.241,0
2022-12-17T15:49:35.913000,2.168271,52.802165,0.244,0
2022-12-17T15:49:36.856000,2.158834,52.859148,0.259,0
2022-12-17T15:49:37.800000,2.149383,52.916131,0.198,0
2022-12-17T15:49:38.743000,2.139917,52.973112,0.209,0
2022-12-17T15:49:39.687000,2.130437,53.030092,0.193,0
2022-12-17T15:49:40.630000,2.120942,53.087072,0.186,0
2022-12-17T15:49:41.573000,2.111432,53.14405,0.166,0
2022-12-17T15:49:42.517000,2.101907,53.201028,0.174,0
2022-12-17T15:49:43.460000,2.092368,53.258005,0.132,0
2022-12-17T15:49:44.404000,2.082814,53.314981,0.113,0
2022-12-17T15:49:45.347000,2.073245,53.371956,0.082,0
2022-12-17T15:49:46.291000,2.063661,53.42893,0.046,0
2022-12-17T15:49:47.234000,2.054062,53.485903,0.044,0
2022-12-17T15:49:48.177000,2.044447,53.542875,0.026,0
2022-12-17T15:49:49.121000,2.034818,53.599847,0.031,0
2022-12-17T15:49:50.064000,2.025173,53.656817,0.026,0
2022-12-17T15:49:51.008000,2.015513,53.713787,0.009,0
2022-12-17T15:49:51.951000,2.005837,53.770755,-0.006,0
2022-12-17T15:49:52.895000,1.996146,53.827723,-0.011,0
2022-12-17T15:49:53.838000,1.986439,53.88469,-0.059,0
2022-12-17T15:49:54.782000,1.976717,53.941656,-0.086,0
2022-12-17T15:49:55.725000,1.966978,53.998621,-0.055,0
2022-12-17T15:49:56.668000,1.957224,54.055585,-0.043,0
2022-12-17T15:49:57.612000,1.947454,54.112548,-0.059,0
2022-12-17T15:49:58.555000,1.937668,54.16951,-0.061,0
2022-12-17T15:49:59.499000,1.927866,54.226472,-0.054,0
2022-12-17T15:50:00.442000,1.918048,54.283432,-0.076,0
2022-12-17T15:50:01.386000,1.908214,54.340392,-0.094,0
2022-12-17T15:50:02.329000,1.898363,54.39735,-0.089,0
2022-12-17T15:50:03.272000,1.888496,54.454308,-0.131,0
2022-12-17T15:50:04.216000,1.878613,54.511265,-0.107,0
2022-12-17T15:50:05.159000,1.868712,54.56822,-0.114,0
2022-12-17T15:50:06.103000,1.858796,54.625175,-0.137,0
2022-12-17T15:50:07.046000,1.848862,54.682129,-0.128,0
2022-12-17T15:50:07.990000,1.838912,54.739082,-0.155,0
2022-12-17T15:50:08.933000,1.828945,54.796035,-0.143,0
2022-12-17T15:50:09.877000,1.818961,54.852986,-0.153,0
2022-12-17T15:50:10.820000,1.80896,54.909936,-0.153,0
2022-12-17T15:50:11.763000,1.798942,54.966885,-0.158,0
2022-12-17T15:50:12.707000,1.788907,55.023834,-0.153,0
2022-12-17T15:50:13.650000,1.778855,55.080781,-0.159,0
2022-12-17T15:50:14.594000,1.768785,55.137728,-0.176,0
2022-12-17T15:50:15.537000,1.758697,55.194673,-0.179,0
2022-12-17T15:50:16.481000,1.748592,55.251618,-0.207,0
2022-12-17T15:50:17.424000,1.73847,55.308562,-0.177,0
2022-12-17T15:50:18.367000,1.72833,55.365504,-0.146,0
2022-12-17T15:50:19.311000,1.718172,55.422446,-0.179,0
2022-12-17T15:50:20.254000,1.707996,55.479387,-0.198,0
2022-12-17T15:50:21.198000,1.697802,55.536327,-0.153,0
2022-12-17T15:50:22.141000,1.68759,55.593266,-0.173,0
2022-12-17T15:50:23.085000,1.67736,55.650204,-0.151,0
2022-12-17T15:50:24.028000,1.667111,55.707141,-0.16,0
2022-12-17T15:50:24.972000,1.656844,55.764077,-0.16,0
2022-12-17T15:50:25.915000,1.646559,55.821013,-0.151,0
2022-12-17T15:50:26.858000,1.636255,55.877947,-0.164,0
2022-12-17T15:50:27.802000,1.625933,55.93488,-0.169,0
2022-12-18T03:44:27.389000,8.538025,54.202208,1.005,1
2022-12-18T03:44:28.333000,8.528237,54.145306,1.019,1
2022-12-18T03:44:29.276000,8.518465,54.088404,1.02,1
2022-12-18T03:44:30.219000,8.508709,54.0315,1.006,1
2022-12-18T03:44:31.163000,8.498968,53.974596,1.052,1
2022-12-19T15:47:08.658000,1.477349,50.829652,-0.981,1
2022-12-19T15:47:09.601000,1.468373,50.88666,-1.161,1
2022-12-19T15:47:10.544000,1.459385,50.943667,-1.194,1
2022-12-19T15:47:11.488000,1.450384,51.000673,-1.209,0
2022-12-19T15:47:12.431000,1.441371,51.057679,-1.242,1
2022-12-19T15:47:13.375000,1.432345,51.114683,-1.247,1
2022-12-19T15:47:19.035000,1.377927,51.456692,-1.429,1
2022-12-19T15:47:19.979000,1.368813,51.51369,-1.373,1
2022-12-19T15:47:20.922000,1.359685,51.570687,-1.346,0
2022-12-19T15:47:21.866000,1.350545,51.627684,-1.28,0
2022-12-19T15:47:22.809000,1.341392,51.68468,-1.169,0
2022-12-19T15:47:23.753000,1.332225,51.741675,-1.132,1
2022-12-19T15:47:24.696000,1.323046,51.798669,-1.047,1
2022-12-19T15:47:45.452000,1.117646,53.052312,1.334,1
2022-12-19T15:47:46.395000,1.108147,53.109285,1.326,0
2022-12-19T15:47:47.338000,1.098633,53.166258,1.274,0
2022-12-19T15:47:48.282000,1.089104,53.223229,1.245,0
2022-12-19T15:47:49.225000,1.079561,53.2802,1.209,0
2022-12-19T15:47:50.169000,1.070002,53.33717,1.17,0
2022-12-19T15:47:51.112000,1.060429,53.394139,1.11,0
2022-12-19T15:47:52.056000,1.050841,53.451107,1.078,0
2022-12-19T15:47:52.999000,1.041237,53.508074,1.063,0
2022-12-19T15:47:53.943000,1.031619,53.565041,1.058,0
2022-12-19T15:47:54.886000,1.021985,53.622006,0.984,0
2022-12-19T15:47:55.829000,1.012336,53.67897,0.967,0
2022-12-19T15:47:56.773000,1.002671,53.735934,0.926,0
2022-12-19T15:47:57.716000,0.992991,53.792897,0.881,0
2022-12-19T15:47:58.660000,0.983295,53.849858,0.852,0
2022-12-19T15:47:59.603000,0.973584,53.906819,0.828,0
2022-12-19T15:48:00.547000,0.963857,53.963779,0.819,0
2022-12-19T15:48:01.490000,0.954114,54.020738,0.76,0
2022-12-19T15:48:02.433000,0.944355,54.077696,0.695,0
2022-12-19T15:48:03.377000,0.934581,54.134653,0.673,0
2022-12-19T15:48:04.320000,0.92479,54.191609,0.638,0
2022-12-19T15:48:05.264000,0.914984,54.248565,0.592,0
2022-12-19T15:48:06.207000,0.905161,54.305519,0.594,0
2022-12-19T15:48:07.151000,0.895322,54.362473,0.524,0
2022-12-19T15:48:08.094000,0.885467,54.419425,0.494,0
2022-12-19T15:48:09.037000,0.875595,54.476377,0.431,0
2022-12-19T15:48:09.981000,0.865707,54.533328,0.444,0
2022-12-19T15:48:10.924000,0.855802,54.590277,0.414,0
2022-12-19T15:48:11.868000,0.84588,54.647226,0.387,0
2022-12-19T15:48:12.811000,0.835942,54.704174,0.349,0
2022-12-19T15:48:13.755000,0.825987,54.761121,0.34,0
2022-12-19T15:48:14.698000,0.816016,54.818067,0.307,0
2022-12-19T15:48:15.642000,0.806027,54.875012,0.266,0
2022-12-19T15:48:16.585000,0.796021,54.931956,0.265,0
2022-12-19T15:48:17.528000,0.785998,54.9889,0.221,0
2022-12-19T15:48:18.472000,0.775958,55.045842,0.218,0
2022-12-19T15:48:19.415000,0.7659,55.102784,0.192,0
2022-12-19T15:48:20.359000,0.755825,55.159724,0.199,0
2022-12-19T15:48:21.302000,0.745733,55.216663,0.162,0
2022-12-19T15:48:22.246000,0.735623,55.273602,0.177,0
2022-12-19T15:48:23.189000,0.725495,55.33054,0.133,0
2022-12-19T15:48:24.132000,0.71535,55.387476,0.126,0
2022-12-19T15:48:25.076000,0.705187,55.444412,0.155,0
2022-12-19T15:48:26.019000,0.695006,55.501347,0.141,0
2022-12-19T15:48:26.963000,0.684807,55.558281,0.101,0
2022-12-19T15:48:27.906000,0.674589,55.615214,0.076,0
2022-12-19T15:48:28.850000,0.664354,55.672146,0.101,0
2022-12-19T15:48:29.793000,0.6541,55.729077,0.061,0
2022-12-19T15:48:30.737000,0.643828,55.786007,0.042,0
2022-12-19T15:48:31.680000,0.633538,55.842936,0.058,0
2022-12-19T15:48:32.623000,0.623229,55.899864,0.03,0
2022-12-19T15:48:33.567000,0.612901,55.956791,0.039,0
2022-12-20T03:42:03.908000,7.836172,55.948179,0.437,0
2022-12-20T03:42:04.851000,7.825855,55.891307,0.425,0
2022-12-20T03:42:05.794000,7.815555,55.834434,0.408,0
2022-12-20T03:42:06.738000,7.805274,55.77756,0.394,0
2022-12-20T03:42:07.681000,7.795012,55.720686,0.383,0
2022-12-20T03:42:08.625000,7.784768,55.66381,0.404,0
2022-12-20T03:42:09.568000,7.774542,55.606934,0.405,0
2022-12-20T03:42:10.512000,7.764334,55.550057,0.367,0
2022-12-20T03:42:11.455000,7.754145,55.493179,0.361,0
2022-12-20T03:42:12.399000,7.743973,55.4363,0.397,0
2022-12-20T03:42:13.342000,7.733819,55.37942,0.336,0
2022-12-20T03:42:14.285000,7.723683,55.32254,0.399,0
2022-12-20T03:42:15.229000,7.713565,55.265658,0.313,0
2022-12-20T03:42:16.172000,7.703464,55.208776,0.376,0
2022-12-20T03:42:17.116000,7.693381,55.151893,0.355,0
2022-12-20T03:42:18.059000,7.683316,55.095009,0.379,0
2022-12-20T03:42:19.003000,7.673267,55.038124,0.373,0
2022-12-20T03:42:19.946000,7.663236,54.981238,0.359,0
2022-12-20T03:42:20.889000,7.653222,54.924351,0.404,0
2022-12-20T03:42:21.833000,7.643225,54.867464,0.406,0
2022-12-20T03:42:22.776000,7.633245,54.810575,0.379,0
2022-12-20T03:42:23.720000,7.623283,54.753686,0.379,0
2022-12-20T03:42:24.663000,7.613336,54.696796,0.419,0
2022-12-20T03:42:25.607000,7.603407,54.639905,0.437,0
2022-12-20T03:42:26.550000,7.593495,54.583013,0.443,0
2022-12-20T03:42:27.494000,7.583599,54.526121,0.461,0
2022-12-20T03:42:28.437000,7.573719,54.469227,0.473,0
2022-12-20T03:42:29.380000,7.563856,54.412333,0.487,0
2022-12-20T03:42:30.324000,7.554009,54.355438,0.507,0
2022-12-20T03:42:31.267000,7.544179,54.298542,0.519,0
2022-12-20T03:42:32.211000,7.534365,54.241645,0.53,0
2022-12-20T03:42:33.154000,7.524567,54.184748,0.556,0
2022-12-20T03:42:34.098000,7.514785,54.127849,0.595,0
2022-12-20T03:42:35.041000,7.505019,54.07095,0.635,0
2022-12-20T03:42:35.984000,7.495268,54.01405,0.633,0
2022-12-20T03:42:36.928000,7.485534,53.957149,0.696,0
2022-12-20T03:42:37.871000,7.475815,53.900247,0.692,0
2022-12-20T03:42:38.815000,7.466112,53.843344,0.737,1
2022-12-21T15:44:59.328000,0.605095,49.949332,-2.69,1
2022-12-21T15:45:00.271000,0.596302,50.006347,-2.671,0
2022-12-21T15:45:01.214000,0.587498,50.063362,-2.644,0
2022-12-21T15:45:02.158000,0.578682,50.120375,-2.596,0
2022-12-21T15:45:03.101000,0.569854,50.177388,-2.591,0
2022-12-21T15:45:04.045000,0.561015,50.2344,-2.575,0
2022-12-21T15:45:04.988000,0.552164,50.291411,-2.579,0
2022-12-21T15:45:05.932000,0.543302,50.348422,-2.572,0
2022-12-21T15:45:06.875000,0.534428,50.405431,-2.531,0
2022-12-21T15:45:07.819000,0.525542,50.462439,-2.512,0
2022-12-21T15:45:08.762000,0.516644,50.519447,-2.492,0
2022-12-21T15:45:09.705000,0.507734,50.576454,-2.457,0
2022-12-21T15:45:10.649000,0.498812,50.63346,-2.471,0
2022-12-21T15:45:11.592000,0.489878,50.690465,-2.46,0
2022-12-21T15:45:12.536000,0.480932,50.747469,-2.452,1
2022-12-21T15:46:04.425000,-0.031438,53.881343,2.027,1
2022-12-21T15:46:05.368000,-0.041158,53.938298,1.99,1
2022-12-21T15:46:06.312000,-0.050893,53.995251,1.963,1
2022-12-21T15:46:07.255000,-0.060644,54.052204,1.948,1
2022-12-21T15:46:10.085000,-0.089993,54.223056,1.7,1
2022-12-21T15:46:11.029000,-0.099808,54.280005,1.66,1
2022-12-21T15:46:11.972000,-0.10964,54.336953,1.593,0
2022-12-21T15:46:12.916000,-0.119487,54.3939,1.543,0
2022-12-21T15:46:13.859000,-0.129351,54.450846,1.528,0
2022-12-21T15:46:14.803000,-0.139232,54.507791,1.469,0
2022-12-21T15:46:15.746000,-0.149129,54.564735,1.421,0
2022-12-21T15:46:16.689000,-0.159042,54.621679,1.386,0
2022-12-21T15:46:17.633000,-0.168972,54.678621,1.327,0
2022-12-21T15:46:18.576000,-0.178919,54.735563,1.32,0
2022-12-21T15:46:19.520000,-0.188883,54.792503,1.259,0
2022-12-21T15:46:20.463000,-0.198864,54.849443,1.22,0
2022-12-21T15:46:21.407000,-0.208862,54.906381,1.193,0
2022-12-21T15:46:22.350000,-0.218876,54.963319,1.151,0
2022-12-21T15:46:23.293000,-0.228908,55.020256,1.136,0
2022-12-21T15:46:24.237000,-0.238958,55.077192,1.105,0
2022-12-21T15:46:25.180000,-0.249024,55.134127,1.029,0
2022-12-21T15:46:26.124000,-0.259108,55.191061,1.04,0
2022-12-21T15:46:27.067000,-0.26921,55.247994,1.028,0
2022-12-21T15:46:28.011000,-0.279329,55.304926,0.999,0
2022-12-21T15:46:28.954000,-0.289466,55.361857,0.938,0
2022-12-21T15:46:29.898000,-0.299621,55.418788,0.908,0
2022-12-21T15:46:30.841000,-0.309793,55.475717,0.88,0
2022-12-21T15:46:31.784000,-0.319984,55.532645,0.866,0
2022-12-21T15:46:32.728000,-0.330192,55.589572,0.827,0
2022-12-21T15:46:33.671000,-0.340419,55.646499,0.776,0
2022-12-21T15:46:34.615000,-0.350664,55.703424,0.755,0
2022-12-21T15:46:35.558000,-0.360927,55.760349,0.738,0
2022-12-21T15:46:36.502000,-0.371209,55.817273,0.697,0
2022-12-21T15:46:37.445000,-0.38151,55.874195,0.69,0
2022-12-21T15:46:38.388000,-0.391828,55.931117,0.676,0
2022-12-22T03:40:09.673000,6.82342,55.934294,0.439,0
2022-12-22T03:40:10.616000,6.813106,55.877424,0.398,0
2022-12-22T03:40:11.560000,6.802811,55.820554,0.385,0
2022-12-22T03:40:12.503000,6.792534,55.763683,0.363,0
2022-12-22T03:40:13.446000,6.782275,55.706812,0.368,0
2022-12-22T03:40:14.390000,6.772035,55.649939,0.336,0
2022-12-22T03:40:15.333000,6.761813,55.593065,0.331,0
2022-12-22T03:40:16.277000,6.75161,55.536191,0.327,0
2022-12-22T03:40:17.220000,6.741424,55.479315,0.32,0
2022-12-22T03:40:18.164000,6.731256,55.422439,0.296,0
2022-12-22T03:40:19.107000,6.721106,55.365562,0.259,0
2022-12-22T03:40:20.050000,6.710974,55.308684,0.274,0
2022-12-22T03:40:20.994000,6.700859,55.251805,0.257,0
2022-12-22T03:40:21.937000,6.690762,55.194926,0.239,0
2022-12-22T03:40:22.881000,6.680683,55.138045,0.252,0
2022-12-22T03:40:23.824000,6.670621,55.081164,0.227,0
2022-12-22T03:40:24.768000,6.660576,55.024281,0.206,0
2022-12-22T03:40:25.711000,6.650549,54.967398,0.186,0
2022-12-22T03:40:26.655000,6.640539,54.910514,0.181,0
2022-12-22T03:40:27.598000,6.630545,54.853629,0.182,0
2022-12-22T03:40:28.541000,6.620569,54.796744,0.161,0
2022-12-22T03:40:29.485000,6.61061,54.739857,0.152,0
2022-12-22T03:40:30.428000,6.600668,54.68297,0.137,0
2022-12-22T03:40:31.372000,6.590742,54.626081,0.131,0
2022-12-22T03:40:32.315000,6.580833,54.569192,0.128,0
2022-12-22T03:40:33.259000,6.57094,54.512302,0.132,0
2022-12-22T03:40:34.202000,6.561064,54.455411,0.087,0
2022-12-22T03:40:35.145000,6.551205,54.39852,0.085,0
2022-12-22T03:40:36.089000,6.541362,54.341627,0.108,0
2022-12-22T03:40:37.032000,6.531535,54.284734,0.1,0
2022-12-22T03:40:37.976000,6.521724,54.22784,0.105,0
2022-12-22T03:40:38.919000,6.511929,54.170944,0.094,0
2022-12-22T03:40:39.863000,6.50215,54.114049,0.078,0
2022-12-22T03:40:40.806000,6.492388,54.057152,0.096,0
2022-12-22T03:40:41.750000,6.482641,54.000254,0.1,0
2022-12-22T03:40:42.693000,6.47291,53.943356,0.107,0
2022-12-22T03:40:43.636000,6.463195,53.886456,0.112,0
2022-12-22T03:40:44.580000,6.453495,53.829556,0.134,0
2022-12-22T03:40:45.523000,6.443811,53.772655,0.152,0
2022-12-22T03:40:46.467000,6.434142,53.715753,0.198,0
2022-12-22T03:40:47.410000,6.424489,53.658851,0.252,1
2022-12-22T03:40:48.354000,6.414851,53.601947,0.261,1
2022-12-23T15:43:02.262000,-0.37839,49.746938,-2.463,0
2022-12-23T15:43:03.206000,-0.387144,49.80395,-2.43,0
2022-12-23T15:43:04.149000,-0.395909,49.860961,-2.381,0
2022-12-23T15:43:05.093000,-0.404686,49.917971,-2.321,0
2022-12-23T15:43:06.036000,-0.413473,49.97498,-2.268,0
2022-12-23T15:43:06.979000,-0.422273,50.031989,-2.176,0
2022-12-23T15:43:07.923000,-0.431084,50.088997,-2.099,0
2022-12-23T15:43:08.866000,-0.439906,50.146003,-1.998,0
2022-12-23T15:43:09.810000,-0.44874,50.203009,-1.99,0
2022-12-23T15:43:10.753000,-0.457586,50.260014,-1.927,0
2022-12-23T15:43:11.697000,-0.466443,50.317018,-1.867,0
2022-12-23T15:43:12.640000,-0.475312,50.374022,-1.802,0
2022-12-23T15:43:13.584000,-0.484193,50.431024,-1.769,0
2022-12-23T15:43:14.527000,-0.493086,50.488026,-1.673,0
2022-12-23T15:43:15.470000,-0.50199,50.545027,-1.659,0
2022-12-23T15:43:16.414000,-0.510907,50.602027,-1.606,0
2022-12-23T15:43:17.357000,-0.519835,50.659026,-1.642,0
2022-12-23T15:43:18.301000,-0.528776,50.716024,-1.652,1
2022-12-23T15:44:25.285000,-1.198129,54.760631,2.344,1
2022-12-23T15:44:26.228000,-1.208102,54.817565,2.289,1
2022-12-23T15:44:27.172000,-1.218092,54.874497,2.274,1
2022-12-23T15:44:28.115000,-1.228099,54.931429,2.231,1
2022-12-23T15:44:29.059000,-1.238123,54.98836,2.185,1
2022-12-23T15:44:30.002000,-1.248164,55.04529,2.15,1
2022-12-23T15:44:30.945000,-1.258223,55.102219,2.13,1
2022-12-23T15:44:31.889000,-1.268299,55.159147,2.071,1
2022-12-23T15:44:32.832000,-1.278392,55.216074,2.026,1
2022-12-23T15:44:33.776000,-1.288503,55.273,1.985,0
2022-12-23T15:44:34.719000,-1.298632,55.329925,1.968,0
2022-12-23T15:44:35.663000,-1.308778,55.386849,1.96,0
2022-12-23T15:44:36.606000,-1.318942,55.443773,1.919,0
2022-12-23T15:44:37.549000,-1.329125,55.500695,1.844,0
2022-12-23T15:44:38.493000,-1.339325,55.557617,1.826,0
2022-12-23T15:44:39.436000,-1.349543,55.614537,1.78,0
2022-12-23T15:44:40.380000,-1.359779,55.671457,1.75,0
2022-12-23T15:44:41.323000,-1.370034,55.728375,1.731,0
2022-12-23T15:44:42.267000,-1.380307,55.785293,1.683,0
2022-12-23T15:44:43.210000,-1.390599,55.84221,1.6,0
2022-12-23T15:44:44.154000,-1.400909,55.899125,1.563,0
2022-12-23T15:44:45.097000,-1.411237,55.95604,1.554,0
2022-12-24T03:38:15.438000,5.817922,55.975769,0.335,0
2022-12-24T03:38:16.381000,5.807592,55.918902,0.338,0
2022-12-24T03:38:17.325000,5.797281,55.862035,0.349,0
2022-12-24T03:38:18.268000,5.786988,55.805167,0.345,0
2022-12-24T03:38:19.211000,5.776713,55.748298,0.307,0
2022-12-24T03:38:20.155000,5.766457,55.691429,0.31,0
2022-12-24T03:38:21.098000,5.756219,55.634558,0.278,0
2022-12-24T03:38:22.042000,5.745999,55.577687,0.27,0
2022-12-24T03:38:22.985000,5.735798,55.520814,0.251,0
2022-12-24T03:38:23.929000,5.725614,55.463941,0.246,0
2022-12-24T03:38:24.872000,5.715449,55.407067,0.241,0
2022-12-24T03:38:25.816000,5.705301,55.350192,0.205,0
2022-12-24T03:38:26.759000,5.695171,55.293316,0.224,0
2022-12-24T03:38:27.702000,5.685059,55.23644,0.21,0
2022-12-24T03:38:28.646000,5.674964,55.179562,0.21,0
2022-12-24T03:38:29.589000,5.664887,55.122684,0.16,0
2022-12-24T03:38:30.533000,5.654827,55.065804,0.15,0
2022-12-24T03:38:31.476000,5.644784,55.008924,0.115,0
2022-12-24T03:38:32.420000,5.634759,54.952043,0.074,0
2022-12-24T03:38:33.363000,5.624751,54.895161,0.073,0
2022-12-24T03:38:34.306000,5.61476,54.838278,0.06,0
2022-12-24T03:38:35.250000,5.604785,54.781395,0.015,0
2022-12-24T03:38:36.193000,5.594828,54.72451,0.001,0
2022-12-24T03:38:37.137000,5.584888,54.667625,-0.029,0
2022-12-24T03:38:38.080000,5.574964,54.610739,-0.056,0
2022-12-24T03:38:39.024000,5.565057,54.553852,-0.092,0
2022-12-24T03:38:39.967000,5.555166,54.496964,-0.101,0
2022-12-24T03:38:40.910000,5.545292,54.440075,-0.096,0
2022-12-24T03:38:41.854000,5.535435,54.383185,-0.156,0
2022-12-24T03:38:42.797000,5.525593,54.326295,-0.179,0
2022-12-24T03:38:43.741000,5.515768,54.269403,-0.202,0
2022-12-24T03:38:44.684000,5.505959,54.212511,-0.229,0
2022-12-24T03:38:45.628000,5.496167,54.155618,-0.229,0
2022-12-24T03:38:46.571000,5.48639,54.098724,-0.278,0
2022-12-24T03:38:47.515000,5.476629,54.041829,-0.274,0
2022-12-24T03:38:48.458000,5.466884,53.984934,-0.269,0
2022-12-24T03:38:49.401000,5.457154,53.928037,-0.269,0
2022-12-24T03:38:50.345000,5.447441,53.87114,-0.276,0
2022-12-24T03:38:51.288000,5.437743,53.814242,-0.287,0
2022-12-24T03:38:52.232000,5.428061,53.757343,-0.231,0
2022-12-24T03:38:53.175000,5.418394,53.700443,-0.249,0
2022-12-24T03:38:54.119000,5.408742,53.643542,-0.247,0
2022-12-24T03:38:55.062000,5.399106,53.58664,-0.233,0
2022-12-24T03:38:56.005000,5.389485,53.529738,-0.2,1
2022-12-24T03:38:56.949000,5.37988,53.472835,-0.136,1
2022-12-25T15:41:08.971000,-1.396906,49.773328,-2.685,1
2022-12-25T15:41:09.914000,-1.405667,49.830334,-2.325,1
2022-12-25T15:41:10.858000,-1.414439,49.887338,-2.134,0
2022-12-25T15:41:11.801000,-1.423223,49.944342,-1.973,0
2022-12-25T15:41:12.745000,-1.432018,50.001345,-1.797,0
2022-12-25T15:41:13.688000,-1.440824,50.058347,-1.642,0
2022-12-25T15:41:14.631000,-1.449643,50.115348,-1.482,0
2022-12-25T15:41:15.575000,-1.458472,50.172348,-1.369,0
2022-12-25T15:41:16.518000,-1.467314,50.229348,-1.249,0
2022-12-25T15:41:17.462000,-1.476167,50.286346,-1.124,0
2022-12-25T15:41:18.405000,-1.485031,50.343344,-1.03,0
2022-12-25T15:41:19.349000,-1.493908,50.400341,-0.911,0
2022-12-25T15:41:20.292000,-1.502796,50.457337,-0.795,0
2022-12-25T15:41:21.235000,-1.511696,50.514332,-0.67,0
2022-12-25T15:41:22.179000,-1.520609,50.571326,-0.558,1
2022-12-26T03:36:22.146000,4.801959,55.954052,0.555,0
2022-12-26T03:36:23.090000,4.791633,55.897187,0.515,0
2022-12-26T03:36:24.033000,4.781326,55.840322,0.5,0
2022-12-26T03:36:24.976000,4.771037,55.783455,0.491,0
2022-12-26T03:36:25.920000,4.760766,55.726588,0.502,0
2022-12-26T03:36:26.863000,4.750514,55.669719,0.475,0
2022-12-26T03:36:27.807000,4.740281,55.61285,0.457,0
2022-12-26T03:36:28.750000,4.730065,55.55598,0.427,0
2022-12-26T03:36:29.694000,4.719867,55.499109,0.399,0
2022-12-26T03:36:30.637000,4.709688,55.442237,0.367,0
2022-12-26T03:36:31.581000,4.699526,55.385364,0.358,0
2022-12-26T03:36:32.524000,4.689382,55.328491,0.305,0
2022-12-26T03:36:33.467000,4.679256,55.271616,0.312,0
2022-12-26T03:36:34.411000,4.669148,55.214741,0.306,0
2022-12-26T03:36:35.354000,4.659057,55.157865,0.247,0
2022-12-26T03:36:36.298000,4.648983,55.100988,0.245,0
2022-12-26T03:36:37.241000,4.638927,55.04411,0.212,0
2022-12-26T03:36:38.185000,4.628889,54.987231,0.169,0
2022-12-26T03:36:39.128000,4.618867,54.930351,0.161,0
2022-12-26T03:36:40.071000,4.608862,54.87347,0.134,0
2022-12-26T03:36:41.015000,4.598875,54.816589,0.095,0
2022-12-26T03:36:41.958000,4.588904,54.759707,0.065,0
2022-12-26T03:36:42.902000,4.578951,54.702823,0.022,0
2022-12-26T03:36:43.845000,4.569014,54.645939,0.016,0
2022-12-26T03:36:44.789000,4.559094,54.589054,-0.01,0
2022-12-26T03:36:45.732000,4.54919,54.532168,-0.025,0
2022-12-26T03:36:46.676000,4.539303,54.475282,-0.078,0
2022-12-26T03:36:47.619000,4.529433,54.418394,-0.076,0
2022-12-26T03:36:48.562000,4.519578,54.361506,-0.112,0
2022-12-26T03:36:49.506000,4.509741,54.304616,-0.159,0
2022-12-26T03:36:50.449000,4.499919,54.247726,-0.199,0
2022-12-26T03:36:51.393000,4.490113,54.190835,-0.212,0
2022-12-26T03:36:52.336000,4.480324,54.133944,-0.286,0
2022-12-26T03:36:53.280000,4.470551,54.077051,-0.297,0
2022-12-26T03:36:54.223000,4.460793,54.020157,-0.295,0
2022-12-26T03:36:55.166000,4.451051,53.963263,-0.354,0
2022-12-26T03:36:56.110000,4.441325,53.906368,-0.364,0
2022-12-26T03:36:57.053000,4.431615,53.849471,-0.396,0
2022-12-26T03:36:57.997000,4.421921,53.792574,-0.394,0
2022-12-26T03:36:58.940000,4.412241,53.735677,-0.405,0
2022-12-26T03:36:59.884000,4.402578,53.678778,-0.444,0
2022-12-26T03:37:00.827000,4.39293,53.621878,-0.434,0
2022-12-26T03:37:01.771000,4.383297,53.564978,-0.417,0
2022-12-26T03:37:02.714000,4.373679,53.508077,-0.44,0
2022-12-26T03:37:03.657000,4.364076,53.451175,-0.398,0
2022-12-26T03:37:04.601000,4.354489,53.394272,-0.363,0
2022-12-26T03:37:05.544000,4.344917,53.337368,-0.331,0
2022-12-26T03:37:06.488000,4.335359,53.280463,-0.291,0
2022-12-26T03:37:07.431000,4.325816,53.223558,-0.218,0
2022-12-26T03:37:08.375000,4.316289,53.166652,-0.184,0
2022-12-26T03:37:09.318000,4.306776,53.109744,-0.1,0
2022-12-26T03:37:10.261000,4.297277,53.052836,-0.046,0
2022-12-26T03:37:11.205000,4.287793,52.995928,0.07,0
2022-12-26T03:37:12.148000,4.278324,52.939018,0.157,0
2022-12-26T03:37:13.092000,4.26887,52.882108,0.254,0
2022-12-26T03:37:14.035000,4.259429,52.825196,0.335,0
2022-12-26T03:37:14.979000,4.250003,52.768284,0.466,0
2022-12-26T03:37:15.922000,4.240591,52.711371,0.559,0
2022-12-26T03:37:16.866000,4.231194,52.654457,0.672,0
2022-12-26T03:37:17.809000,4.221811,52.597542,0.813,0
2022-12-26T03:37:18.752000,4.212441,52.540627,0.898,0
2022-12-26T03:37:19.696000,4.203086,52.483711,1.014,0
2022-12-26T03:37:20.639000,4.193745,52.426793,1.108,0
2022-12-26T03:37:21.583000,4.184417,52.369875,1.196,0
2022-12-26T03:37:22.526000,4.175103,52.312957,1.258,0
2022-12-26T03:37:23.470000,4.165803,52.256037,1.321,0
2022-12-26T03:37:24.413000,4.156517,52.199116,1.399,1
2022-12-26T03:37:25.356000,4.147245,52.142195,1.45,1
2022-12-27T15:39:14.736000,-2.406001,49.748135,-2.495,1
2022-12-27T15:39:15.679000,-2.414758,49.805135,-2.182,0
2022-12-28T03:34:27.911000,3.795164,55.982869,-0.223,0
2022-12-28T03:34:28.855000,3.784827,55.926005,-0.244,0
2022-12-28T03:34:29.798000,3.774509,55.869141,-0.26,0
2022-12-28T03:34:30.742000,3.76421,55.812276,-0.237,0
2022-12-28T03:34:31.685000,3.753929,55.75541,-0.215,0
2022-12-28T03:34:32.628000,3.743667,55.698543,-0.287,0
2022-12-28T03:34:33.572000,3.733423,55.641675,-0.31,0
2022-12-28T03:34:34.515000,3.723197,55.584806,-0.276,0
2022-12-28T03:34:35.459000,3.712989,55.527937,-0.297,0
2022-12-28T03:34:36.402000,3.7028,55.471066,-0.313,0
2022-12-28T03:34:37.346000,3.692628,55.414195,-0.309,0
2022-12-28T03:34:38.289000,3.682474,55.357322,-0.317,0
2022-12-28T03:34:39.232000,3.672338,55.300449,-0.334,0
2022-12-28T03:34:40.176000,3.662219,55.243575,-0.299,0
2022-12-28T03:34:41.119000,3.652119,55.1867,-0.318,0
2022-12-28T03:34:42.063000,3.642035,55.129824,-0.305,0
2022-12-28T03:34:43.006000,3.631969,55.072948,-0.356,0
2022-12-28T03:34:43.950000,3.621921,55.01607,-0.385,0
2022-12-28T03:34:44.893000,3.611889,54.959191,-0.387,0
2022-12-28T03:34:45.837000,3.601875,54.902312,-0.426,0
2022-12-28T03:34:46.780000,3.591878,54.845432,-0.413,0
2022-12-28T03:34:47.723000,3.581898,54.788551,-0.458,0
2022-12-28T03:34:48.667000,3.571935,54.731669,-0.472,0
2022-12-28T03:34:49.610000,3.561989,54.674786,-0.491,0
2022-12-28T03:34:50.554000,3.552059,54.617902,-0.481,0
2022-12-28T03:34:51.497000,3.542146,54.561018,-0.513,0
2022-12-28T03:34:52.441000,3.53225,54.504132,-0.556,0
2022-12-28T03:34:53.384000,3.52237,54.447246,-0.575,0
2022-12-28T03:34:54.327000,3.512506,54.390358,-0.614,0
2022-12-28T03:34:55.271000,3.502659,54.33347,-0.641,0
2022-12-28T03:34:56.214000,3.492828,54.276581,-0.627,0
2022-12-28T03:34:57.158000,3.483014,54.219692,-0.677,0
2022-12-28T03:34:58.101000,3.473215,54.162801,-0.701,0
2022-12-28T03:34:59.045000,3.463433,54.105909,-0.693,0
2022-12-28T03:34:59.988000,3.453666,54.049017,-0.729,0
2022-12-28T03:35:00.932000,3.443915,53.992124,-0.758,0
2022-12-28T03:35:01.875000,3.43418,53.93523,-0.757,0
2022-12-28T03:35:02.818000,3.424461,53.878335,-0.825,0
2022-12-28T03:35:03.762000,3.414758,53.821439,-0.846,0
2022-12-28T03:35:04.705000,3.40507,53.764542,-0.853,0
2022-12-28T03:35:05.649000,3.395397,53.707645,-0.876,0
2022-12-28T03:35:06.592000,3.38574,53.650746,-0.853,0
2022-12-28T03:35:07.536000,3.376099,53.593847,-0.835,0
2022-12-28T03:35:08.479000,3.366472,53.536947,-0.817,0
2022-12-28T03:35:09.422000,3.356861,53.480046,-0.815,0
2022-12-28T03:35:10.366000,3.347265,53.423144,-0.81,0
2022-12-28T03:35:11.309000,3.337684,53.366241,-0.788,0
2022-12-28T03:35:12.253000,3.328118,53.309338,-0.794,0
2022-12-28T03:35:13.196000,3.318567,53.252433,-0.745,0
2022-12-28T03:35:14.140000,3.309031,53.195528,-0.727,0
2022-12-28T03:35:15.083000,3.299509,53.138622,-0.684,0
2022-12-28T03:35:16.027000,3.290003,53.081715,-0.68,0
2022-12-28T03:35:16.970000,3.280511,53.024807,-0.637,0
2022-12-28T03:35:17.913000,3.271033,52.967898,-0.597,0
2022-12-28T03:35:18.857000,3.26157,52.910989,-0.524,0
2022-12-28T03:35:19.800000,3.252121,52.854079,-0.455,0
2022-12-28T03:35:20.744000,3.242687,52.797168,-0.412,0
2022-12-28T03:35:21.687000,3.233267,52.740255,-0.384,0
2022-12-28T03:35:22.631000,3.223862,52.683343,-0.306,0
2022-12-28T03:35:23.574000,3.21447,52.626429,-0.229,0
2022-12-28T03:35:24.517000,3.205093,52.569515,-0.152,0
2022-12-28T03:35:25.461000,3.19573,52.512599,-0.042,0
2022-12-28T03:35:26.404000,3.18638,52.455683,0.032,0
2022-12-28T03:35:27.348000,3.177045,52.398766,0.084,0
2022-12-28T03:35:28.291000,3.167723,52.341848,0.154,0
2022-12-28T03:35:29.235000,3.158415,52.284929,0.256,0
2022-12-28T03:35:30.178000,3.149121,52.22801,0.338,0
2022-12-28T03:35:31.121000,3.139841,52.17109,0.465,0
2022-12-28T03:35:32.065000,3.130574,52.114168,0.533,0
2022-12-28T03:35:33.008000,3.121321,52.057246,0.66,0
2022-12-28T03:35:33.952000,3.112081,52.000323,0.751,0
2022-12-28T03:35:34.895000,3.102854,51.9434,0.882,0
2022-12-28T03:35:35.839000,3.093641,51.886475,0.998,0
2022-12-28T03:35:36.782000,3.084442,51.82955,1.073,0
2022-12-28T03:35:37.726000,3.075255,51.772624,1.2,0
2022-12-28T03:35:38.669000,3.066081,51.715696,1.332,0
2022-12-28T03:35:39.612000,3.056921,51.658769,1.489,0
2022-12-28T03:35:40.556000,3.047774,51.60184,1.534,0
2022-12-28T03:35:41.499000,3.03864,51.544911,1.655,0
2022-12-28T03:35:42.443000,3.029518,51.48798,1.748,0
2022-12-28T03:35:43.386000,3.02041,51.431049,1.832,1
2022-12-28T03:35:44.330000,3.011314,51.374117,1.907,1
2022-12-30T03:32:34.620000,2.776399,55.948009,-0.024,0
2022-12-30T03:32:35.563000,2.766075,55.891146,-0.01,0
2022-12-30T03:32:36.507000,2.755769,55.834281,-0.017,0
2022-12-30T03:32:37.450000,2.745482,55.777415,-0.024,0
2022-12-30T03:32:38.393000,2.735214,55.720549,-0.023,0
2022-12-30T03:32:39.337000,2.724963,55.663681,0.006,0
2022-12-30T03:32:40.280000,2.714731,55.606813,-0.005,0
2022-12-30T03:32:41.224000,2.704517,55.549943,-0.043,0
2022-12-30T03:32:42.167000,2.694322,55.493073,-0.018,0
2022-12-30T03:32:43.111000,2.684144,55.436202,-0.06,0
2022-12-30T03:32:44.054000,2.673984,55.37933,-0.075,0
2022-12-30T03:32:44.998000,2.663841,55.322457,-0.083,0
2022-12-30T03:32:45.941000,2.653717,55.265584,-0.081,0
2022-12-30T03:32:46.884000,2.64361,55.208709,-0.098,0
2022-12-30T03:32:47.828000,2.633521,55.151834,-0.066,0
2022-12-30T03:32:48.771000,2.623449,55.094957,-0.067,0
2022-12-30T03:32:49.715000,2.613395,55.03808,-0.088,0
2022-12-30T03:32:50.658000,2.603357,54.981202,-0.1,0
2022-12-30T03:32:51.602000,2.593337,54.924323,-0.105,0
2022-12-30T03:32:52.545000,2.583334,54.867443,-0.128,0
2022-12-30T03:32:53.488000,2.573348,54.810562,-0.12,0
2022-12-30T03:32:54.432000,2.563379,54.75368,-0.124,0
2022-12-30T03:32:55.375000,2.553427,54.696798,-0.123,0
2022-12-30T03:32:56.319000,2.543492,54.639914,-0.125,0
2022-12-30T03:32:57.262000,2.533573,54.58303,-0.104,0
2022-12-30T03:32:58.206000,2.523671,54.526145,-0.128,0
2022-12-30T03:32:59.149000,2.513786,54.469258,-0.101,0
2022-12-30T03:33:00.092000,2.503917,54.412371,-0.1,0
2022-12-30T03:33:01.036000,2.494064,54.355484,-0.11,0
2022-12-30T03:33:01.979000,2.484228,54.298595,-0.114,0
2022-12-30T03:33:02.923000,2.474408,54.241705,-0.093,0
2022-12-30T03:33:03.866000,2.464604,54.184815,-0.091,0
2022-12-30T03:33:04.810000,2.454816,54.127923,-0.088,0
2022-12-30T03:33:05.753000,2.445044,54.071031,-0.076,0
2022-12-30T03:33:06.697000,2.435288,54.014138,-0.088,0
2022-12-30T03:33:07.640000,2.425547,53.957244,-0.085,0
2022-12-30T03:33:08.583000,2.415823,53.900349,-0.037,0
2022-12-30T03:33:09.527000,2.406114,53.843454,-0.013,0
2022-12-30T03:33:10.470000,2.396421,53.786557,-0.026,0
2022-12-30T03:33:11.414000,2.386743,53.72966,0.009,0
2022-12-30T03:33:12.357000,2.377081,53.672762,0.003,0
2022-12-30T03:33:13.301000,2.367434,53.615862,0.062,0
2022-12-30T03:33:14.244000,2.357802,53.558962,0.078,0
2022-12-30T03:33:15.187000,2.348186,53.502061,0.088,0
2022-12-30T03:33:16.131000,2.338585,53.44516,0.145,0
2022-12-30T03:33:17.074000,2.328999,53.388257,0.156,0
2022-12-30T03:33:18.018000,2.319427,53.331354,0.172,0
2022-12-30T03:33:18.961000,2.309871,53.274449,0.214,0
2022-12-30T03:33:19.905000,2.30033,53.217544,0.211,0
2022-12-30T03:33:20.848000,2.290804,53.160638,0.274,0
2022-12-30T03:33:21.792000,2.281292,53.103732,0.312,0
2022-12-30T03:33:22.735000,2.271795,53.046824,0.376,0
2022-12-30T03:33:23.678000,2.262312,52.989915,0.388,0
2022-12-30T03:33:24.622000,2.252845,52.933006,0.45,0
2022-12-30T03:33:25.565000,2.243391,52.876096,0.478,0
2022-12-30T03:33:26.509000,2.233952,52.819185,0.525,0
2022-12-30T03:33:27.452000,2.224527,52.762273,0.566,0
2022-12-30T03:33:28.396000,2.215117,52.70536,0.627,0
2022-12-30T03:33:29.339000,2.205721,52.648446,0.687,0
2022-12-30T03:33:30.282000,2.196338,52.591532,0.735,0
2022-12-30T03:33:31.226000,2.18697,52.534616,0.783,0
2022-12-30T03:33:32.169000,2.177616,52.4777,0.836,0
2022-12-30T03:33:33.113000,2.168276,52.420783,0.89,0
2022-12-30T03:33:34.056000,2.15895,52.363865,0.933,0
2022-12-30T03:33:35.000000,2.149637,52.306947,0.976,0
2022-12-30T03:33:35.943000,2.140339,52.250027,1.018,0
2022-12-30T03:33:36.887000,2.131054,52.193107,1.053,0
2022-12-30T03:33:37.830000,2.121782,52.136186,1.119,0
2022-12-30T03:33:38.773000,2.112524,52.079263,1.165,0
2022-12-30T03:33:39.717000,2.10328,52.022341,1.236,0
2022-12-30T03:33:40.660000,2.094049,51.965417,1.27,0
2022-12-30T03:33:41.604000,2.084831,51.908492,1.31,0
2022-12-30T03:33:42.547000,2.075627,51.851567,1.383,0
2022-12-30T03:33:43.491000,2.066436,51.794641,1.412,0
2022-12-30T03:33:44.434000,2.057258,51.737714,1.475,0
2022-12-30T03:33:45.377000,2.048093,51.680786,1.514,0
2022-12-30T03:33:46.321000,2.038942,51.623857,1.575,0
2022-12-30T03:33:47.264000,2.029803,51.566927,1.615,0
2022-12-30T03:33:48.208000,2.020677,51.509997,1.708,0
2022-12-30T03:33:49.151000,2.011565,51.453066,1.77,0
2022-12-30T03:33:50.095000,2.002465,51.396134,1.831,0
2022-12-30T03:33:51.038000,1.993377,51.339201,1.936,0
2022-12-30T03:33:51.982000,1.984303,51.282267,2.025,0
2022-12-30T03:33:52.925000,1.975241,51.225333,2.123,0
2022-12-30T03:33:53.868000,1.966192,51.168397,2.205,0
2022-12-30T03:33:54.812000,1.957155,51.111461,2.274,1
2022-12-30T03:33:55.755000,1.948131,51.054524,2.377,1
2022-12-30T14:47:54.295000,7.846652,53.841841,0.97,1
2022-12-30T14:47:55.239000,7.836942,53.89877,0.942,1
2022-12-30T14:47:56.182000,7.827215,53.955698,0.862,0
2022-12-30T14:47:57.126000,7.817473,54.012625,0.834,0
2022-12-30T14:47:58.069000,7.807715,54.069551,0.805,1
2022-12-30T14:47:59.013000,7.797941,54.126476,0.777,1
2022-12-30T14:47:59.956000,7.78815,54.1834,0.735,1
2022-12-30T14:48:00.899000,7.778344,54.240324,0.724,1
2022-12-30T14:48:01.843000,7.768522,54.297246,0.705,1
2022-12-30T14:48:02.786000,7.758684,54.354167,0.698,0
2022-12-30T14:48:03.730000,7.748829,54.411088,0.686,0
2022-12-30T14:48:04.673000,7.738958,54.468007,0.69,0
2022-12-30T14:48:05.617000,7.72907,54.524926,0.63,0
2022-12-30T14:48:06.560000,7.719166,54.581844,0.607,0
2022-12-30T14:48:07.504000,7.709245,54.638761,0.623,0
2022-12-30T14:48:08.447000,7.699307,54.695677,0.575,0
2022-12-30T14:48:09.390000,7.689353,54.752592,0.548,0
2022-12-30T14:48:10.334000,7.679382,54.809506,0.53,0
2022-12-30T14:48:11.277000,7.669394,54.866419,0.534,0
2022-12-30T14:48:12.221000,7.659389,54.923331,0.494,0
2022-12-30T14:48:13.164000,7.649366,54.980242,0.521,0
2022-12-30T14:48:14.108000,7.639327,55.037153,0.486,0
2022-12-30T14:48:15.051000,7.62927,55.094062,0.491,0
2022-12-30T14:48:15.994000,7.619196,55.150971,0.502,0
2022-12-30T14:48:16.938000,7.609104,55.207878,0.444,0
2022-12-30T14:48:17.881000,7.598995,55.264785,0.444,0
2022-12-30T14:48:18.825000,7.588869,55.321691,0.48,0
2022-12-30T14:48:19.768000,7.578724,55.378595,0.46,0
2022-12-30T14:48:20.712000,7.568562,55.435499,0.469,0
2022-12-30T14:48:21.655000,7.558381,55.492402,0.461,0
2022-12-30T14:48:22.599000,7.548183,55.549304,0.434,0
2022-12-30T14:48:23.542000,7.537967,55.606205,0.472,0
2022-12-30T14:48:24.485000,7.527732,55.663105,0.476,0
2022-12-30T14:48:25.429000,7.51748,55.720004,0.457,0
2022-12-30T14:48:26.372000,7.507209,55.776902,0.475,0
2022-12-30T14:48:27.316000,7.496919,55.833799,0.497,0
2022-12-30T14:48:28.259000,7.486611,55.890696,0.449,0
2022-12-30T14:48:29.203000,7.476284,55.947591,0.475,0
2023-01-01T03:30:40.385000,1.766706,55.962666,-0.006,0
2023-01-01T03:30:41.328000,1.756378,55.905802,0.025,0
2023-01-01T03:30:42.272000,1.746069,55.848937,0.007,0
2023-01-01T03:30:43.215000,1.735778,55.79207,0.007,0
2023-01-01T03:30:44.158000,1.725506,55.735203,-0.024,0
2023-01-01T03:30:45.102000,1.715252,55.678335,-0.023,0
2023-01-01T03:30:46.045000,1.705016,55.621466,0.012,0
2023-01-01T03:30:46.989000,1.694799,55.564596,-0.059,0
2023-01-01T03:30:47.932000,1.6846,55.507725,-0.051,0
2023-01-01T03:30:48.876000,1.674418,55.450854,-0.042,0
2023-01-01T03:30:49.819000,1.664255,55.393981,-0.022,0
2023-01-01T03:30:50.763000,1.654109,55.337108,-0.025,0
2023-01-01T03:30:51.706000,1.643981,55.280233,-0.033,0
2023-01-01T03:30:52.649000,1.633871,55.223358,-0.061,0
2023-01-01T03:30:53.593000,1.623778,55.166482,-0.022,0
2023-01-01T03:30:54.536000,1.613703,55.109605,-0.015,0
2023-01-01T03:30:55.480000,1.603645,55.052727,-0.006,0
2023-01-01T03:30:56.423000,1.593604,54.995848,-0.009,0
2023-01-01T03:30:57.367000,1.583581,54.938968,-0.008,0
2023-01-01T03:30:58.310000,1.573574,54.882088,-0.007,0
2023-01-01T03:30:59.253000,1.563585,54.825206,0.029,0
2023-01-01T03:31:00.197000,1.553613,54.768324,0.042,0
2023-01-01T03:31:01.140000,1.543658,54.711441,0.11,0
2023-01-01T03:31:02.084000,1.533719,54.654556,0.101,0
2023-01-01T03:31:03.027000,1.523797,54.597671,0.126,0
2023-01-01T03:31:03.971000,1.513892,54.540786,0.182,0
2023-01-01T03:31:04.914000,1.504003,54.483899,0.195,0
2023-01-01T03:31:05.858000,1.494131,54.427011,0.212,0
2023-01-01T03:31:06.801000,1.484275,54.370122,0.251,0
2023-01-01T03:31:07.744000,1.474435,54.313233,0.271,0
2023-01-01T03:31:08.688000,1.464612,54.256343,0.272,0
2023-01-01T03:31:09.631000,1.454805,54.199451,0.304,0
2023-01-01T03:31:10.575000,1.445014,54.142559,0.352,0
2023-01-01T03:31:11.518000,1.435239,54.085666,0.379,0
2023-01-01T03:31:12.462000,1.42548,54.028773,0.398,0
2023-01-01T03:31:13.405000,1.415736,53.971878,0.467,0
2023-01-01T03:31:14.348000,1.406009,53.914982,0.476,0
2023-01-01T03:31:15.292000,1.396297,53.858086,0.491,0
2023-01-01T03:31:16.235000,1.3866,53.801189,0.538,0
2023-01-01T03:31:17.179000,1.37692,53.74429,0.551,0
2023-01-01T03:31:18.122000,1.367255,53.687391,0.619,0
2023-01-01T03:31:19.066000,1.357605,53.630491,0.663,0
2023-01-01T03:31:20.009000,1.34797,53.573591,0.684,0
2023-01-01T03:31:20.953000,1.338351,53.516689,0.721,0
2023-01-01T03:31:21.896000,1.328747,53.459786,0.767,0
2023-01-01T03:31:22.839000,1.319158,53.402883,0.818,0
2023-01-01T03:31:23.783000,1.309584,53.345979,0.859,0
2023-01-01T03:31:24.726000,1.300025,53.289074,0.916,0
2023-01-01T03:31:25.670000,1.290481,53.232168,0.954,0
2023-01-01T03:31:26.613000,1.280951,53.175261,1.003,0
2023-01-01T03:31:27.557000,1.271437,53.118353,1.039,0
2023-01-01T03:31:28.500000,1.261937,53.061445,1.121,1
2023-01-01T03:31:29.443000,1.252452,53.004535,1.143,1
2023-01-01T03:31:53.973000,1.010749,51.524593,0.037,1
2023-01-01T03:31:54.916000,1.001633,51.46766,-0.023,1
2023-01-01T03:32:05.294000,0.902201,50.841351,0.709,1
2023-01-01T03:32:06.238000,0.893236,50.784408,0.747,1
2023-01-01T03:32:07.181000,0.884283,50.727466,0.795,0
2023-01-01T03:32:08.124000,0.875343,50.670522,0.808,0
2023-01-01T03:32:09.068000,0.866414,50.613577,0.892,0
2023-01-01T03:32:10.011000,0.857498,50.556631,0.942,0
2023-01-01T03:32:10.955000,0.848593,50.499685,1.014,0
2023-01-01T03:32:11.898000,0.8397,50.442738,1.038,0
2023-01-01T03:32:12.842000,0.83082,50.38579,1.139,0
2023-01-01T03:32:13.785000,0.821951,50.328841,1.157,0
2023-01-01T03:32:14.728000,0.813093,50.271891,1.203,0
2023-01-01T03:32:15.672000,0.804248,50.214941,1.271,0
2023-01-01T03:32:16.615000,0.795414,50.15799,1.302,0
2023-01-01T03:32:17.559000,0.786592,50.101038,1.332,0
2023-01-01T03:32:18.502000,0.777781,50.044085,1.4,0
2023-01-01T03:32:19.446000,0.768982,49.987131,1.471,1
2023-01-01T03:32:20.389000,0.760194,49.930176,1.539,1
2023-01-01T14:45:54.400000,6.895249,53.490729,0.653,1
2023-01-01T14:45:58.174000,6.8567,53.71844,0.748,1
2023-01-01T14:45:59.117000,6.847025,53.775365,0.688,1
2023-01-01T14:46:00.060000,6.837334,53.83229,0.674,0
2023-01-01T14:46:01.004000,6.827627,53.889214,0.631,0
2023-01-01T14:46:01.947000,6.817905,53.946136,0.627,0
2023-01-01T14:46:02.891000,6.808167,54.003058,0.609,0
2023-01-01T14:46:03.834000,6.798413,54.059979,0.596,0
2023-01-01T14:46:04.778000,6.788643,54.116899,0.592,0
2023-01-01T14:46:05.721000,6.778857,54.173818,0.535,0
2023-01-01T14:46:06.665000,6.769055,54.230737,0.514,0
2023-01-01T14:46:07.608000,6.759237,54.287654,0.514,0
2023-01-01T14:46:08.551000,6.749403,54.34457,0.526,0
2023-01-01T14:46:09.495000,6.739553,54.401486,0.497,0
2023-01-01T14:46:10.438000,6.729686,54.4584,0.511,0
2023-01-01T14:46:11.382000,6.719803,54.515314,0.486,0
2023-01-01T14:46:12.325000,6.709903,54.572227,0.492,0
2023-01-01T14:46:13.269000,6.699987,54.629138,0.491,0
2023-01-01T14:46:14.212000,6.690054,54.686049,0.431,0
2023-01-01T14:46:15.155000,6.680104,54.742959,0.464,0
2023-01-01T14:46:16.099000,6.670137,54.799868,0.437,0
2023-01-01T14:46:17.042000,6.660154,54.856776,0.457,0
2023-01-01T14:46:17.986000,6.650153,54.913684,0.42,0
2023-01-01T14:46:18.929000,6.640135,54.97059,0.408,0
2023-01-01T14:46:19.873000,6.6301,55.027495,0.442,0
2023-01-01T14:46:20.816000,6.620048,55.084399,0.422,0
2023-01-01T14:46:21.760000,6.609979,55.141303,0.387,0
2023-01-01T14:46:22.703000,6.599892,55.198206,0.376,0
2023-01-01T14:46:23.646000,6.589787,55.255107,0.4,0
2023-01-01T14:46:24.590000,6.579665,55.312008,0.376,0
2023-01-01T14:46:25.533000,6.569525,55.368908,0.367,0
2023-01-01T14:46:26.477000,6.559368,55.425806,0.364,0
2023-01-01T14:46:27.420000,6.549192,55.482704,0.414,0
2023-01-01T14:46:28.364000,6.538999,55.539601,0.391,0
2023-01-01T14:46:29.307000,6.528787,55.596497,0.354,0
2023-01-01T14:46:30.250000,6.518558,55.653392,0.347,0
2023-01-01T14:46:31.194000,6.50831,55.710286,0.339,0
2023-01-01T14:46:32.137000,6.498043,55.76718,0.335,0
2023-01-01T14:46:33.081000,6.487759,55.824072,0.364,0
2023-01-01T14:46:34.024000,6.477456,55.880963,0.333,0
2023-01-01T14:46:34.968000,6.467134,55.937853,0.348,0
2023-01-03T03:28:46.150000,0.756489,55.970759,0.29,0
2023-01-03T03:28:47.093000,0.746158,55.913893,0.293,0
2023-01-03T03:28:48.037000,0.735846,55.857027,0.313,0
2023-01-03T03:28:48.980000,0.725553,55.800159,0.33,0
2023-01-03T03:28:49.924000,0.715278,55.74329,0.349,0
2023-01-03T03:28:50.867000,0.705021,55.686421,0.361,0
2023-01-03T03:28:51.810000,0.694783,55.629551,0.371,0
2023-01-03T03:28:52.754000,0.684563,55.572679,0.39,0
2023-01-03T03:28:53.697000,0.674361,55.515807,0.433,0
2023-01-03T03:28:54.641000,0.664177,55.458934,0.433,0
2023-01-03T03:28:55.584000,0.654011,55.40206,0.452,0
2023-01-03T03:28:56.528000,0.643863,55.345185,0.49,0
2023-01-03T03:28:57.471000,0.633732,55.288309,0.534,0
2023-01-03T03:28:58.414000,0.62362,55.231433,0.556,0
2023-01-03T03:28:59.358000,0.613524,55.174555,0.558,0
2023-01-03T03:29:00.301000,0.603446,55.117677,0.583,0
2023-01-03T03:29:01.245000,0.593386,55.060797,0.585,0
2023-01-03T03:29:02.188000,0.583343,55.003917,0.632,0
2023-01-03T03:29:03.132000,0.573317,54.947036,0.647,0
2023-01-03T03:29:04.075000,0.563308,54.890154,0.668,0
2023-01-03T03:29:05.019000,0.553317,54.833271,0.675,0
2023-01-03T03:29:05.962000,0.543342,54.776387,0.731,0
2023-01-03T03:29:06.905000,0.533384,54.719502,0.729,0
2023-01-03T03:29:07.849000,0.523443,54.662617,0.76,0
2023-01-03T03:29:08.792000,0.513519,54.60573,0.803,0
2023-01-03T03:29:09.736000,0.503611,54.548843,0.835,0
2023-01-03T03:29:10.679000,0.49372,54.491954,0.861,0
2023-01-03T03:29:11.623000,0.483846,54.435065,0.896,0
2023-01-03T03:29:12.566000,0.473987,54.378175,0.955,0
2023-01-03T03:29:13.509000,0.464145,54.321284,0.964,0
2023-01-03T03:29:14.453000,0.45432,54.264392,1.007,0
2023-01-03T03:29:15.396000,0.44451,54.207499,1.033,0
2023-01-03T03:29:16.340000,0.434717,54.150606,1.097,0
2023-01-03T03:29:17.283000,0.42494,54.093711,1.107,0
2023-01-03T03:29:18.227000,0.415178,54.036816,1.157,0
2023-01-03T03:29:19.170000,0.405432,53.97992,1.223,0
2023-01-03T03:29:20.114000,0.395703,53.923023,1.249,0
2023-01-03T03:29:21.057000,0.385988,53.866125,1.312,0
2023-01-03T03:29:22.000000,0.37629,53.809226,1.366,0
2023-01-03T03:29:22.944000,0.366607,53.752326,1.451,0
2023-01-03T03:29:23.887000,0.35694,53.695425,1.47,0
2023-01-03T03:29:24.831000,0.347287,53.638524,1.566,1
2023-01-03T03:29:25.774000,0.337651,53.581621,1.634,1
2023-01-03T03:29:26.718000,0.328029,53.524718,1.738,1
2023-01-03T03:29:27.661000,0.318423,53.467814,1.773,1
2023-01-03T03:29:36.152000,0.232638,52.955638,2.225,1
2023-01-03T03:30:12.946000,-0.126134,50.735409,-1.043,1
2023-01-03T03:30:13.889000,-0.135077,50.678463,-1.05,1
2023-01-03T03:30:14.833000,-0.144007,50.621517,-0.992,0
2023-01-03T03:30:15.776000,-0.152925,50.564569,-0.971,0
2023-01-03T03:30:16.720000,-0.161831,50.507621,-0.958,0
2023-01-03T03:30:17.663000,-0.170726,50.450672,-0.907,0
2023-01-03T03:30:18.607000,-0.179608,50.393722,-0.865,0
2023-01-03T03:30:19.550000,-0.188479,50.336771,-0.834,0
2023-01-03T03:30:20.493000,-0.197338,50.27982,-0.833,0
2023-01-03T03:30:21.437000,-0.206185,50.222867,-0.782,0
2023-01-03T03:30:22.380000,-0.215021,50.165914,-0.739,0
2023-01-03T03:30:23.324000,-0.223845,50.10896,-0.678,0
2023-01-03T03:30:24.267000,-0.232657,50.052005,-0.633,0
2023-01-03T03:30:25.211000,-0.241458,49.99505,-0.63,0
2023-01-03T03:30:26.154000,-0.250247,49.938093,-0.568,0
2023-01-03T03:30:27.098000,-0.259025,49.881136,-0.523,0
2023-01-03T03:30:28.041000,-0.267792,49.824178,-0.493,0
2023-01-03T03:30:28.984000,-0.276548,49.767219,-0.431,0
2023-01-03T03:30:29.928000,-0.285292,49.710259,-0.382,0
2023-01-03T14:44:01.108000,5.874992,53.543307,0.222,1
2023-01-03T14:44:02.052000,5.865365,53.60023,0.183,0
2023-01-03T14:44:02.995000,5.855721,53.657152,0.159,0
2023-01-03T14:44:03.939000,5.846063,53.714074,0.139,0
2023-01-03T14:44:04.882000,5.836389,53.770995,0.121,0
2023-01-03T14:44:05.825000,5.826699,53.827914,0.115,0
2023-01-03T14:44:06.769000,5.816994,53.884833,0.098,0
2023-01-03T14:44:07.712000,5.807273,53.941751,0.058,0
2023-01-03T14:44:08.656000,5.797537,53.998668,0.064,0
2023-01-03T14:44:09.599000,5.787785,54.055584,0.045,0
2023-01-03T14:44:10.543000,5.778017,54.112499,0.046,0
2023-01-03T14:44:11.486000,5.768232,54.169414,0.048,0
2023-01-03T14:44:12.430000,5.758432,54.226327,0.055,0
2023-01-03T14:44:13.373000,5.748616,54.28324,0.061,0
2023-01-03T14:44:14.316000,5.738783,54.340151,0.072,0
2023-01-03T14:44:15.260000,5.728935,54.397062,0.096,0
2023-01-03T14:44:16.203000,5.71907,54.453972,0.099,0
2023-01-03T14:44:17.147000,5.709188,54.51088,0.089,0
2023-01-03T14:44:18.090000,5.69929,54.567788,0.095,0
2023-01-03T14:44:19.034000,5.689375,54.624695,0.125,0
2023-01-03T14:44:19.977000,5.679444,54.681601,0.131,0
2023-01-03T14:44:20.920000,5.669496,54.738507,0.151,0
2023-01-03T14:44:21.864000,5.659531,54.795411,0.163,0
2023-01-03T14:44:22.807000,5.649549,54.852314,0.171,0
2023-01-03T14:44:23.751000,5.63955,54.909217,0.195,0
2023-01-03T14:44:24.694000,5.629534,54.966118,0.182,0
2023-01-03T14:44:25.638000,5.619501,55.023019,0.176,0
2023-01-03T14:44:26.581000,5.609451,55.079918,0.188,0
2023-01-03T14:44:27.525000,5.599383,55.136817,0.201,0
2023-01-03T14:44:28.468000,5.589298,55.193715,0.199,0
2023-01-03T14:44:29.411000,5.579195,55.250612,0.192,0
2023-01-03T14:44:30.355000,5.569075,55.307508,0.163,0
2023-01-03T14:44:31.298000,5.558937,55.364403,0.214,0
2023-01-03T14:44:32.242000,5.548781,55.421297,0.222,0
2023-01-03T14:44:33.185000,5.538607,55.47819,0.233,0
2023-01-03T14:44:34.129000,5.528416,55.535082,0.224,0
2023-01-03T14:44:35.072000,5.518206,55.591973,0.248,0
2023-01-03T14:44:36.015000,5.507978,55.648864,0.25,0
2023-01-03T14:44:36.959000,5.497732,55.705753,0.262,0
2023-01-03T14:44:37.902000,5.487468,55.762641,0.269,0
2023-01-03T14:44:38.846000,5.477185,55.819529,0.279,0
2023-01-03T14:44:39.789000,5.466884,55.876416,0.29,0
2023-01-03T14:44:40.733000,5.456564,55.933301,0.302,0
2023-01-05T03:26:51.915000,-0.253709,55.973301,1.029,0
2023-01-05T03:26:52.858000,-0.264042,55.916434,1.043,0
2023-01-05T03:26:53.802000,-0.274357,55.859565,1.074,0
2023-01-05T03:26:54.745000,-0.284653,55.802695,1.109,0
2023-01-05T03:26:55.689000,-0.29493,55.745824,1.149,0
2023-01-05T03:26:56.632000,-0.305189,55.688953,1.197,0
2023-01-05T03:26:57.575000,-0.31543,55.63208,1.214,0
2023-01-05T03:26:58.519000,-0.325652,55.575207,1.257,0
2023-01-05T03:26:59.462000,-0.335857,55.518333,1.28,0
2023-01-05T03:27:00.406000,-0.346043,55.461458,1.308,0
2023-01-05T03:27:01.349000,-0.356211,55.404581,1.325,0
2023-01-05T03:27:02.293000,-0.366362,55.347704,1.341,0
2023-01-05T03:27:03.236000,-0.376495,55.290826,1.374,0
2023-01-05T03:27:04.180000,-0.38661,55.233948,1.435,0
2023-01-05T03:27:05.123000,-0.396708,55.177068,1.467,0
2023-01-05T03:27:06.066000,-0.406788,55.120187,1.484,0
2023-01-05T03:27:07.010000,-0.41685,55.063306,1.528,0
2023-01-05T03:27:07.953000,-0.426896,55.006423,1.543,0
2023-01-05T03:27:08.897000,-0.436924,54.94954,1.577,0
2023-01-05T03:27:09.840000,-0.446935,54.892656,1.562,0
2023-01-05T03:27:10.784000,-0.456929,54.835771,1.614,0
2023-01-05T03:27:11.727000,-0.466906,54.778884,1.668,0
2023-01-05T03:27:12.670000,-0.476866,54.721998,1.677,0
2023-01-05T03:27:13.614000,-0.486809,54.66511,1.713,0
2023-01-05T03:27:14.557000,-0.496736,54.608221,1.744,0
2023-01-05T03:27:15.501000,-0.506646,54.551331,1.793,1
2023-01-05T03:28:22.485000,-1.172231,50.509937,-0.742,1
2023-01-05T03:28:23.428000,-1.181127,50.452986,-0.725,0
2023-01-05T03:28:24.372000,-1.190011,50.396033,-0.744,0
2023-01-05T03:28:25.315000,-1.198884,50.33908,-0.762,0
2023-01-05T03:28:26.259000,-1.207744,50.282126,-0.718,0
2023-01-05T03:28:27.202000,-1.216593,50.225171,-0.768,0
2023-01-05T03:28:28.145000,-1.225431,50.168215,-0.795,0
2023-01-05T03:28:29.089000,-1.234256,50.111258,-0.761,0
2023-01-05T03:28:30.032000,-1.243071,50.054301,-0.826,0
2023-01-05T03:28:30.976000,-1.251873,49.997342,-0.832,0
2023-01-05T03:28:31.919000,-1.260664,49.940383,-0.877,0
2023-01-05T03:28:32.863000,-1.269444,49.883423,-0.941,0
2023-01-05T03:28:33.806000,-1.278213,49.826462,-0.973,1
2023-01-05T03:28:34.749000,-1.28697,49.769501,-1.025,1
2023-01-05T14:41:57.439000,4.95867,52.974728,0.48,1
2023-01-05T14:41:58.382000,4.94919,53.031655,0.406,1
2023-01-05T14:42:03.100000,4.90157,53.31628,0.57,1
2023-01-05T14:42:04.043000,4.892001,53.373203,0.531,1
2023-01-05T14:42:04.986000,4.882418,53.430124,0.431,0
2023-01-05T14:42:05.930000,4.872819,53.487045,0.372,0
2023-01-05T14:42:06.873000,4.863205,53.543964,0.316,0
2023-01-05T14:42:07.817000,4.853576,53.600883,0.266,0
2023-01-05T14:42:08.760000,4.843932,53.657801,0.217,0
2023-01-05T14:42:09.704000,4.834272,53.714718,0.211,0
2023-01-05T14:42:10.647000,4.824597,53.771634,0.226,0
2023-01-05T14:42:11.591000,4.814906,53.828549,0.192,0
2023-01-05T14:42:12.534000,4.8052,53.885464,0.189,0
2023-01-05T14:42:13.477000,4.795478,53.942377,0.16,0
2023-01-05T14:42:14.421000,4.785741,53.99929,0.13,0
2023-01-05T14:42:15.364000,4.775987,54.056201,0.146,0
2023-01-05T14:42:16.308000,4.766218,54.113112,0.11,0
2023-01-05T14:42:17.251000,4.756432,54.170022,0.161,0
2023-01-05T14:42:18.195000,4.746631,54.226931,0.145,0
2023-01-05T14:42:19.138000,4.736813,54.283839,0.212,0
2023-01-05T14:42:20.081000,4.72698,54.340746,0.2,0
2023-01-05T14:42:21.025000,4.71713,54.397652,0.203,0
2023-01-05T14:42:21.968000,4.707263,54.454557,0.23,0
2023-01-05T14:42:22.912000,4.697381,54.511461,0.238,0
2023-01-05T14:42:23.855000,4.687481,54.568365,0.267,0
2023-01-05T14:42:24.799000,4.677566,54.625267,0.283,0
2023-01-05T14:42:25.742000,4.667633,54.682169,0.266,0
2023-01-05T14:42:26.686000,4.657684,54.73907,0.259,0
2023-01-05T14:42:27.629000,4.647717,54.795969,0.28,0
2023-01-05T14:42:28.572000,4.637734,54.852868,0.317,0
2023-01-05T14:42:29.516000,4.627734,54.909766,0.324,0
2023-01-05T14:42:30.459000,4.617717,54.966663,0.334,0
2023-01-05T14:42:31.403000,4.607683,55.023559,0.354,0
2023-01-05T14:42:32.346000,4.597631,55.080455,0.358,0
2023-01-05T14:42:33.290000,4.587562,55.137349,0.35,0
2023-01-05T14:42:34.233000,4.577476,55.194242,0.367,0
2023-01-05T14:42:35.176000,4.567372,55.251135,0.371,0
2023-01-05T14:42:36.120000,4.55725,55.308026,0.395,0
2023-01-05T14:42:37.063000,4.547111,55.364917,0.405,0
2023-01-05T14:42:38.007000,4.536954,55.421806,0.425,0
2023-01-05T14:42:38.950000,4.526779,55.478695,0.428,0
2023-01-05T14:42:39.894000,4.516586,55.535583,0.449,0
2023-01-05T14:42:40.837000,4.506375,55.59247,0.469,0
2023-01-05T14:42:41.781000,4.496146,55.649356,0.464,0
2023-01-05T14:42:42.724000,4.485899,55.706241,0.469,0
2023-01-05T14:42:43.667000,4.475633,55.763125,0.497,0
2023-01-05T14:42:44.611000,4.465349,55.820008,0.499,0
2023-01-05T14:42:45.554000,4.455047,55.87689,0.548,0
2023-01-05T14:42:46.498000,4.444725,55.933771,0.495,0
2023-01-07T03:24:57.680000,-1.264077,55.968284,1.603,0
2023-01-07T03:24:58.623000,-1.274411,55.911413,1.622,0
2023-01-07T03:24:59.567000,-1.284726,55.854541,1.64,0
2023-01-07T03:25:00.510000,-1.295023,55.797669,1.674,0
2023-01-07T03:25:01.454000,-1.305302,55.740795,1.709,0
2023-01-07T03:25:02.397000,-1.315562,55.683921,1.715,0
2023-01-07T03:25:03.340000,-1.325804,55.627046,1.769,0
2023-01-07T03:25:04.284000,-1.336027,55.57017,1.773,0
2023-01-07T03:25:05.227000,-1.346233,55.513293,1.785,0
2023-01-07T03:25:06.171000,-1.35642,55.456414,1.782,1
2023-01-07T03:25:07.114000,-1.36659,55.399536,1.843,1
2023-01-07T03:25:08.058000,-1.376741,55.342656,1.851,1
2023-01-07T03:25:09.001000,-1.386875,55.285775,1.89,1
2023-01-07T03:25:09.945000,-1.396992,55.228893,1.895,1
2023-01-07T03:25:10.888000,-1.40709,55.172011,1.899,1
2023-01-07T03:26:29.193000,-2.191598,50.447671,0.073,0
2023-01-07T03:26:30.137000,-2.200484,50.390716,0.037,0
2023-01-07T03:26:31.080000,-2.209357,50.333759,-0.009,0
2023-01-07T03:26:32.024000,-2.218219,50.276801,-0.054,0
2023-01-07T03:26:32.967000,-2.227069,50.219843,-0.105,0
2023-01-07T03:26:33.910000,-2.235907,50.162884,-0.16,0
2023-01-07T03:26:34.854000,-2.244734,50.105924,-0.201,0
2023-01-07T03:26:35.797000,-2.253549,50.048963,-0.215,0
2023-01-07T03:26:36.741000,-2.262353,49.992001,-0.243,0
2023-01-07T03:26:37.684000,-2.271145,49.935039,-0.275,0
2023-01-07T03:26:38.628000,-2.279926,49.878075,-0.305,0
2023-01-07T03:26:39.571000,-2.288696,49.821111,-0.286,1
2023-01-07T03:26:40.515000,-2.297454,49.764146,-0.328,1
2023-01-07T03:26:41.458000,-2.306201,49.70718,-0.421,1
2023-01-07T14:39:48.109000,4.09592,52.071431,0.884,1
2023-01-07T14:39:49.052000,4.086661,52.128369,0.865,1
2023-01-07T14:39:49.996000,4.077388,52.185305,0.787,0
2023-01-07T14:39:50.939000,4.068102,52.242241,0.738,0
2023-01-07T14:39:51.883000,4.058802,52.299176,0.699,0
2023-01-07T14:39:52.826000,4.049488,52.35611,0.665,0
2023-01-07T14:39:53.770000,4.04016,52.413043,0.646,0
2023-01-07T14:39:54.713000,4.030819,52.469975,0.617,0
2023-01-07T14:39:55.657000,4.021464,52.526907,0.548,0
2023-01-07T14:39:56.600000,4.012094,52.583837,0.488,0
2023-01-07T14:39:57.543000,4.002711,52.640767,0.429,0
2023-01-07T14:39:58.487000,3.993313,52.697695,0.392,0
2023-01-07T14:39:59.430000,3.983902,52.754623,0.335,0
2023-01-07T14:40:00.374000,3.974476,52.81155,0.281,0
2023-01-07T14:40:01.317000,3.965035,52.868476,0.191,0
2023-01-07T14:40:02.261000,3.955581,52.925402,0.112,0
2023-01-07T14:40:03.204000,3.946111,52.982326,0.091,0
2023-01-07T14:40:04.147000,3.936628,53.039249,0.005,0
2023-01-07T14:40:05.091000,3.927129,53.096172,-0.046,0
2023-01-07T14:40:06.034000,3.917616,53.153094,-0.156,0
2023-01-07T14:40:06.978000,3.908089,53.210015,-0.203,0
2023-01-07T14:40:07.921000,3.898546,53.266935,-0.204,0
2023-01-07T14:40:08.865000,3.888989,53.323854,-0.267,0
2023-01-07T14:40:09.808000,3.879416,53.380772,-0.281,0
2023-01-07T14:40:10.752000,3.869829,53.437689,-0.312,0
2023-01-07T14:40:11.695000,3.860226,53.494605,-0.313,0
2023-01-07T14:40:12.638000,3.850609,53.551521,-0.344,0
2023-01-07T14:40:13.582000,3.840976,53.608435,-0.35,0
2023-01-07T14:40:14.525000,3.831328,53.665349,-0.32,0
2023-01-07T14:40:15.469000,3.821664,53.722262,-0.327,0
2023-01-07T14:40:16.412000,3.811985,53.779174,-0.35,0
2023-01-07T14:40:17.356000,3.802291,53.836085,-0.302,0
2023-01-07T14:40:18.299000,3.79258,53.892995,-0.305,0
2023-01-07T14:40:19.242000,3.782855,53.949904,-0.279,0
2023-01-07T14:40:20.186000,3.773113,54.006813,-0.258,0
2023-01-07T14:40:21.129000,3.763356,54.06372,-0.261,0
2023-01-07T14:40:22.073000,3.753582,54.120627,-0.216,0
2023-01-07T14:40:23.016000,3.743793,54.177532,-0.187,0
2023-01-07T14:40:23.960000,3.733988,54.234437,-0.171,0
2023-01-07T14:40:24.903000,3.724166,54.291341,-0.162,0
2023-01-07T14:40:25.847000,3.714328,54.348244,-0.125,0
2023-01-07T14:40:26.790000,3.704475,54.405146,-0.127,0
2023-01-07T14:40:27.733000,3.694604,54.462047,-0.096,0
2023-01-07T14:40:28.677000,3.684717,54.518947,-0.067,0
2023-01-07T14:40:29.620000,3.674814,54.575847,-0.033,0
2023-01-07T14:40:30.564000,3.664894,54.632745,-0.043,0
2023-01-07T14:40:31.507000,3.654957,54.689643,0.022,0
2023-01-07T14:40:32.451000,3.645004,54.746539,0.051,0
2023-01-07T14:40:33.394000,3.635034,54.803435,0.022,0
2023-01-07T14:40:34.337000,3.625046,54.86033,0.061,0
2023-01-07T14:40:35.281000,3.615042,54.917223,0.077,0
2023-01-07T14:40:36.224000,3.605021,54.974117,0.112,0
2023-01-07T14:40:37.168000,3.594982,55.031008,0.123,0
2023-01-07T14:40:38.111000,3.584926,55.0879,0.184,0
2023-01-07T14:40:39.055000,3.574853,55.14479,0.203,0
2023-01-07T14:40:39.998000,3.564763,55.201679,0.2,0
2023-01-07T14:40:40.942000,3.554654,55.258567,0.261,0
2023-01-07T14:40:41.885000,3.544529,55.315455,0.248,0
2023-01-07T14:40:42.828000,3.534385,55.372341,0.25,0
2023-01-07T14:40:43.772000,3.524224,55.429227,0.287,0
2023-01-07T14:40:44.715000,3.514044,55.486112,0.297,0
2023-01-07T14:40:45.659000,3.503847,55.542995,0.276,0
2023-01-07T14:40:46.602000,3.493632,55.599878,0.309,0
2023-01-07T14:40:47.546000,3.483399,55.65676,0.318,0
2023-01-07T14:40:48.489000,3.473147,55.713641,0.326,0
2023-01-07T14:40:49.432000,3.462877,55.770521,0.335,0
2023-01-07T14:40:50.376000,3.452588,55.8274,0.374,0
2023-01-07T14:40:51.319000,3.442281,55.884279,0.359,0
2023-01-07T14:40:52.263000,3.431956,55.941156,0.428,0
2023-01-09T14:37:42.553000,3.193316,51.40311,2.548,1
2023-01-09T14:37:43.496000,3.18421,51.460054,2.497,1
2023-01-09T14:37:44.440000,3.175091,51.516996,2.413,0
2023-01-09T14:37:45.383000,3.16596,51.573939,2.341,0
2023-01-09T14:37:46.327000,3.156815,51.63088,2.241,0
2023-01-09T14:37:47.270000,3.147657,51.687821,2.146,0
2023-01-09T14:37:48.213000,3.138486,51.74476,2.076,0
2023-01-09T14:37:49.157000,3.129302,51.801699,1.944,0
2023-01-09T14:37:50.100000,3.120105,51.858637,1.861,0
2023-01-09T14:37:51.044000,3.110894,51.915574,1.759,0
2023-01-09T14:37:51.987000,3.10167,51.97251,1.688,0
2023-01-09T14:37:52.931000,3.092433,52.029445,1.626,0
2023-01-09T14:37:53.874000,3.083182,52.08638,1.481,0
2023-01-09T14:37:54.818000,3.073918,52.143314,1.414,0
2023-01-09T14:37:55.761000,3.06464,52.200246,1.333,0
2023-01-09T14:37:56.704000,3.055349,52.257178,1.247,0
2023-01-09T14:37:57.648000,3.046043,52.314109,1.192,0
2023-01-09T14:37:58.591000,3.036725,52.371039,1.088,0
2023-01-09T14:37:59.535000,3.027392,52.427969,1.015,0
2023-01-09T14:38:01.422000,3.008684,52.541825,0.882,0
2023-01-09T14:38:02.365000,2.99931,52.598751,0.827,0
2023-01-09T14:38:03.308000,2.989921,52.655677,0.738,0
2023-01-09T14:38:04.252000,2.980518,52.712602,0.671,0
2023-01-09T14:38:05.195000,2.971101,52.769526,0.61,0
2023-01-09T14:38:06.139000,2.96167,52.826449,0.528,0
2023-01-09T14:38:07.082000,2.952224,52.883371,0.496,0
2023-01-09T14:38:08.026000,2.942764,52.940293,0.456,0
2023-01-09T14:38:08.969000,2.933289,52.997214,0.389,0
2023-01-09T14:38:09.913000,2.9238,53.054133,0.323,0
2023-01-09T14:38:10.856000,2.914296,53.111052,0.266,0
2023-01-09T14:38:11.799000,2.904778,53.16797,0.255,0
2023-01-09T14:38:12.743000,2.895245,53.224887,0.146,0
2023-01-09T14:38:13.686000,2.885697,53.281803,0.12,0
2023-01-09T14:38:14.630000,2.876134,53.338718,0.107,0
2023-01-09T14:38:15.573000,2.866556,53.395633,0.064,0
2023-01-09T14:38:16.517000,2.856963,53.452546,0.041,0
2023-01-09T14:38:17.460000,2.847355,53.509459,0.008,0
2023-01-09T14:38:18.403000,2.837731,53.566371,-0.004,0
2023-01-09T14:38:19.347000,2.828093,53.623282,-0.06,0
2023-01-09T14:38:20.290000,2.818439,53.680192,-0.029,0
2023-01-09T14:38:21.234000,2.80877,53.737101,-0.043,0
2023-01-09T14:38:22.177000,2.799085,53.794009,-0.028,0
2023-01-09T14:38:23.121000,2.789385,53.850916,-0.052,0
2023-01-09T14:38:24.064000,2.779669,53.907823,-0.032,0
2023-01-09T14:38:25.007000,2.769937,53.964728,-0.032,0
2023-01-09T14:38:25.951000,2.76019,54.021633,-0.002,0
2023-01-09T14:38:26.894000,2.750426,54.078537,0.021,0
2023-01-09T14:38:27.838000,2.740647,54.13544,0.012,0
2023-01-09T14:38:28.781000,2.730852,54.192342,0.046,0
2023-01-09T14:38:29.725000,2.721041,54.249243,0.053,0
2023-01-09T14:38:30.668000,2.711213,54.306143,0.097,0
2023-01-09T14:38:31.612000,2.70137,54.363042,0.08,0
2023-01-09T14:38:32.555000,2.69151,54.41994,0.11,0
2023-01-09T14:38:33.498000,2.681633,54.476838,0.108,0
2023-01-09T14:38:34.442000,2.67174,54.533734,0.179,0
2023-01-09T14:38:35.385000,2.661831,54.59063,0.205,0
2023-01-09T14:38:36.329000,2.651905,54.647525,0.21,0
2023-01-09T14:38:37.272000,2.641962,54.704419,0.218,0
2023-01-09T14:38:38.216000,2.632003,54.761312,0.283,0
2023-01-09T14:38:39.159000,2.622026,54.818204,0.282,0
2023-01-09T14:38:40.102000,2.612033,54.875095,0.338,0
2023-01-09T14:38:41.046000,2.602022,54.931985,0.337,0
2023-01-09T14:38:41.989000,2.591994,54.988874,0.38,0
2023-01-09T14:38:42.933000,2.58195,55.045763,0.415,0
2023-01-09T14:38:43.876000,2.571887,55.10265,0.441,0
2023-01-09T14:38:44.820000,2.561808,55.159537,0.469,0
2023-01-09T14:38:45.763000,2.551711,55.216423,0.472,0
2023-01-09T14:38:46.707000,2.541596,55.273307,0.498,0
2023-01-09T14:38:47.650000,2.531464,55.330191,0.491,0
2023-01-09T14:38:48.593000,2.521314,55.387074,0.521,0
2023-01-09T14:38:49.537000,2.511146,55.443956,0.55,0
2023-01-09T14:38:50.480000,2.500961,55.500837,0.566,0
2023-01-09T14:38:51.424000,2.490757,55.557717,0.597,0
2023-01-09T14:38:52.367000,2.480535,55.614597,0.605,0
2023-01-09T14:38:53.311000,2.470295,55.671475,0.619,0
2023-01-09T14:38:54.254000,2.460037,55.728352,0.643,0
2023-01-09T14:38:55.197000,2.44976,55.785229,0.66,0
2023-01-09T14:38:56.141000,2.439465,55.842105,0.677,0
2023-01-09T14:38:57.084000,2.429151,55.898979,0.672,0
2023-01-09T14:38:58.028000,2.418819,55.955853,0.695,0
2023-01-11T14:35:43.601000,2.225905,51.142555,2.646,1
2023-01-11T14:35:44.544000,2.216856,51.199499,2.557,0
2023-01-11T14:35:45.488000,2.207795,51.256443,2.406,0
2023-01-11T14:35:46.431000,2.198721,51.313386,2.286,0
2023-01-11T14:35:47.374000,2.189634,51.370328,2.228,0
2023-01-11T14:35:48.318000,2.180535,51.42727,2.123,0
2023-01-11T14:35:49.261000,2.171422,51.48421,2.041,0
2023-01-11T14:35:50.205000,2.162297,51.54115,1.969,0
2023-01-11T14:35:51.148000,2.153159,51.598089,1.895,0
2023-01-11T14:35:52.092000,2.144008,51.655026,1.823,0
2023-01-11T14:35:53.035000,2.134844,51.711964,1.721,0
2023-01-11T14:35:53.978000,2.125667,51.7689,1.66,0
2023-01-11T14:35:54.922000,2.116476,51.825835,1.591,0
2023-01-11T14:35:55.865000,2.107273,51.88277,1.506,0
2023-01-11T14:35:56.809000,2.098056,51.939703,1.423,0
2023-01-11T14:35:57.752000,2.088826,51.996636,1.344,0
2023-01-11T14:35:58.696000,2.079582,52.053568,1.254,0
2023-01-11T14:35:59.639000,2.070325,52.110499,1.164,0
2023-01-11T14:36:00.583000,2.061054,52.167429,1.07,0
2023-01-11T14:36:01.526000,2.05177,52.224359,0.999,0
2023-01-11T14:36:02.469000,2.042472,52.281287,0.937,0
2023-01-11T14:36:03.413000,2.03316,52.338215,0.8,0
2023-01-11T14:36:04.356000,2.023834,52.395142,0.716,0
2023-01-11T14:36:05.300000,2.014495,52.452068,0.647,0
2023-01-11T14:36:06.243000,2.005142,52.508993,0.524,0
2023-01-11T14:36:07.187000,1.995775,52.565917,0.411,0
2023-01-11T14:36:08.130000,1.986393,52.62284,0.291,0
2023-01-11T14:36:09.073000,1.976998,52.679763,0.179,0
2023-01-11T14:36:10.017000,1.967588,52.736684,0.102,0
2023-01-11T14:36:10.960000,1.958164,52.793605,-0.048,0
2023-01-11T14:36:11.904000,1.948726,52.850525,-0.079,0
2023-01-11T14:36:12.847000,1.939273,52.907444,-0.152,0
2023-01-11T14:36:13.791000,1.929806,52.964362,-0.215,0
2023-01-11T14:36:14.734000,1.920325,53.021279,-0.292,0
2023-01-11T14:36:15.678000,1.910829,53.078196,-0.333,0
2023-01-11T14:36:16.621000,1.901318,53.135111,-0.361,0
2023-01-11T14:36:17.564000,1.891793,53.192026,-0.432,0
2023-01-11T14:36:18.508000,1.882252,53.24894,-0.429,0
2023-01-11T14:36:19.451000,1.872697,53.305853,-0.445,0
2023-01-11T14:36:20.395000,1.863127,53.362765,-0.49,0
2023-01-11T14:36:21.338000,1.853542,53.419676,-0.52,0
2023-01-11T14:36:22.282000,1.843942,53.476586,-0.533,0
2023-01-11T14:36:23.225000,1.834327,53.533496,-0.555,0
2023-01-11T14:36:24.168000,1.824696,53.590404,-0.53,0
2023-01-11T14:36:25.112000,1.81505,53.647312,-0.555,0
2023-01-11T14:36:26.055000,1.805389,53.704218,-0.534,0
2023-01-11T14:36:26.999000,1.795712,53.761124,-0.51,0
2023-01-11T14:36:27.942000,1.78602,53.818029,-0.486,0
2023-01-11T14:36:28.886000,1.776313,53.874933,-0.412,0
2023-01-11T14:36:29.829000,1.766589,53.931836,-0.433,0
2023-01-11T14:36:30.773000,1.75685,53.988739,-0.408,0
2023-01-11T14:36:31.716000,1.747095,54.04564,-0.37,0
2023-01-11T14:36:32.659000,1.737325,54.102541,-0.375,0
2023-01-11T14:36:33.603000,1.727538,54.15944,-0.374,0
2023-01-11T14:36:34.546000,1.717735,54.216339,-0.349,0
2023-01-11T14:36:35.490000,1.707916,54.273237,-0.318,0
2023-01-11T14:36:36.433000,1.698081,54.330134,-0.29,0
2023-01-11T14:36:37.377000,1.68823,54.38703,-0.296,0
2023-01-11T14:36:38.320000,1.678362,54.443925,-0.285,0
2023-01-11T14:36:39.263000,1.668478,54.50082,-0.251,0
2023-01-11T14:36:40.207000,1.658577,54.557713,-0.194,0
2023-01-11T14:36:41.150000,1.64866,54.614606,-0.188,0
2023-01-11T14:36:42.094000,1.638726,54.671497,-0.155,0
2023-01-11T14:36:43.037000,1.628775,54.728388,-0.124,0
2023-01-11T14:36:43.981000,1.618808,54.785278,-0.076,0
2023-01-11T14:36:44.924000,1.608823,54.842167,-0.057,0
2023-01-11T14:36:45.868000,1.598822,54.899055,0.003,0
2023-01-11T14:36:46.811000,1.588803,54.955942,0.02,0
2023-01-11T14:36:47.754000,1.578767,55.012828,0.004,0
2023-01-11T14:36:48.698000,1.568715,55.069713,0.054,0
2023-01-11T14:36:49.641000,1.558644,55.126597,0.044,0
2023-01-11T14:36:50.585000,1.548556,55.183481,0.074,0
2023-01-11T14:36:51.528000,1.538451,55.240364,0.136,0
2023-01-11T14:36:52.472000,1.528328,55.297245,0.142,0
2023-01-11T14:36:53.415000,1.518188,55.354126,0.182,0
2023-01-11T14:36:54.358000,1.508029,55.411006,0.206,0
2023-01-11T14:36:55.302000,1.497853,55.467885,0.265,0
2023-01-11T14:36:56.245000,1.487659,55.524763,0.275,0
2023-01-11T14:36:57.189000,1.477447,55.58164,0.31,0
2023-01-11T14:36:58.132000,1.467216,55.638516,0.302,0
2023-01-11T14:36:59.076000,1.456968,55.695391,0.355,0
2023-01-11T14:37:00.019000,1.446701,55.752266,0.371,0
2023-01-11T14:37:00.963000,1.436416,55.809139,0.386,0
2023-01-11T14:37:01.906000,1.426112,55.866011,0.423,0
2023-01-11T14:37:02.849000,1.415789,55.922883,0.432,0
2023-01-11T14:37:03.793000,1.405448,55.979754,0.466,0
2023-01-12T02:30:57.720000,8.390975,54.533436,2.208,1
2023-01-12T02:30:59.606000,8.371203,54.41963,2.19,1
2023-01-12T02:31:00.550000,8.361342,54.362726,2.193,1
2023-01-12T02:31:01.493000,8.351497,54.30582,2.227,0
2023-01-12T02:31:02.437000,8.341669,54.248914,2.232,0
2023-01-12T02:31:03.380000,8.331857,54.192007,2.217,0
2023-01-12T02:31:04.324000,8.32206,54.135099,2.247,0
2023-01-12T02:31:05.267000,8.31228,54.07819,2.277,0
2023-01-12T02:31:06.210000,8.302516,54.021281,2.269,0
2023-01-12T02:31:07.154000,8.292767,53.96437,2.236,1
2023-01-12T02:31:08.097000,8.283035,53.907458,2.351,1
2023-01-12T02:31:09.041000,8.273317,53.850546,2.374,1
2023-01-12T02:31:09.984000,8.263616,53.793633,2.474,1
2023-01-12T02:31:10.928000,8.25393,53.736718,2.515,1
2023-01-13T14:33:33.327000,1.367796,50.175465,3.485,1
2023-01-13T14:33:34.271000,1.358953,50.232422,3.389,1
2023-01-13T14:33:35.214000,1.350098,50.289377,3.394,1
2023-01-13T14:33:36.158000,1.341232,50.346332,3.185,1
2023-01-13T14:33:37.101000,1.332354,50.403286,3.102,0
2023-01-13T14:33:38.044000,1.323464,50.460239,3.104,0
2023-01-13T14:33:38.988000,1.314562,50.517192,3.152,0
2023-01-13T14:33:39.931000,1.305648,50.574143,2.977,0
2023-01-13T14:33:40.875000,1.296723,50.631094,3.025,0
2023-01-13T14:33:41.818000,1.287785,50.688044,2.971,0
2023-01-13T14:33:42.762000,1.278835,50.744993,2.849,0
2023-01-13T14:33:43.705000,1.269873,50.801941,2.866,0
2023-01-13T14:33:44.649000,1.260899,50.858888,2.742,0
2023-01-13T14:33:45.592000,1.251912,50.915835,2.648,0
2023-01-13T14:33:46.535000,1.242913,50.972781,2.611,1
2023-01-13T14:33:47.479000,1.233902,51.029725,2.252,1
2023-01-13T14:33:54.083000,1.170473,51.428316,1.764,1
2023-01-13T14:33:55.026000,1.161361,51.485254,1.819,1
2023-01-13T14:33:55.970000,1.152236,51.542191,1.839,0
2023-01-13T14:33:56.913000,1.143098,51.599128,1.874,1
2023-01-13T14:33:57.857000,1.133947,51.656063,1.972,1
2023-01-13T14:33:58.800000,1.124783,51.712998,1.827,1
2023-01-13T14:34:21.443000,0.900769,53.079176,-0.216,1
2023-01-13T14:34:22.386000,0.891258,53.136089,-0.245,0
2023-01-13T14:34:23.329000,0.881733,53.193002,-0.27,0
2023-01-13T14:34:24.273000,0.872193,53.249913,-0.358,0
2023-01-13T14:34:25.216000,0.862638,53.306824,-0.407,0
2023-01-13T14:34:26.160000,0.853068,53.363734,-0.482,0
2023-01-13T14:34:27.103000,0.843483,53.420643,-0.503,0
2023-01-13T14:34:28.047000,0.833883,53.477551,-0.558,0
2023-01-13T14:34:28.990000,0.824267,53.534458,-0.611,0
2023-01-13T14:34:29.934000,0.814637,53.591364,-0.615,0
2023-01-13T14:34:30.877000,0.804991,53.64827,-0.61,0
2023-01-13T14:34:31.820000,0.79533,53.705174,-0.636,0
2023-01-13T14:34:32.764000,0.785654,53.762078,-0.648,0
2023-01-13T14:34:33.707000,0.775962,53.818981,-0.621,0
2023-01-13T14:34:34.651000,0.766254,53.875883,-0.63,0
2023-01-13T14:34:35.594000,0.756531,53.932784,-0.634,0
2023-01-13T14:34:36.538000,0.746792,53.989684,-0.651,0
2023-01-13T14:34:37.481000,0.737037,54.046584,-0.64,0
2023-01-13T14:34:38.424000,0.727266,54.103482,-0.605,0
2023-01-13T14:34:39.368000,0.717479,54.16038,-0.584,0
2023-01-13T14:34:40.311000,0.707677,54.217276,-0.561,0
2023-01-13T14:34:41.255000,0.697858,54.274172,-0.532,0
2023-01-13T14:34:42.198000,0.688023,54.331067,-0.508,0
2023-01-13T14:34:43.142000,0.678172,54.387961,-0.507,0
2023-01-13T14:34:44.085000,0.668304,54.444854,-0.495,0
2023-01-13T14:34:45.029000,0.65842,54.501746,-0.484,0
2023-01-13T14:34:45.972000,0.648519,54.558638,-0.472,0
2023-01-13T14:34:46.915000,0.638602,54.615528,-0.451,0
2023-01-13T14:34:47.859000,0.628668,54.672418,-0.436,0
2023-01-13T14:34:48.802000,0.618717,54.729306,-0.431,0
2023-01-13T14:34:49.746000,0.60875,54.786194,-0.413,0
2023-01-13T14:34:50.689000,0.598766,54.843081,-0.398,0
2023-01-13T14:34:51.633000,0.588764,54.899967,-0.372,0
2023-01-13T14:34:52.576000,0.578746,54.956852,-0.386,0
2023-01-13T14:34:53.519000,0.56871,55.013736,-0.339,0
2023-01-13T14:34:54.463000,0.558657,55.07062,-0.334,0
2023-01-13T14:34:55.406000,0.548587,55.127502,-0.333,0
2023-01-13T14:34:56.350000,0.538499,55.184384,-0.318,0
2023-01-13T14:34:57.293000,0.528394,55.241264,-0.265,0
2023-01-13T14:34:58.237000,0.518271,55.298144,-0.288,0
2023-01-13T14:34:59.180000,0.50813,55.355023,-0.295,0
2023-01-13T14:35:00.124000,0.497972,55.411901,-0.239,0
2023-01-13T14:35:01.067000,0.487796,55.468777,-0.21,0
2023-01-13T14:35:02.010000,0.477602,55.525654,-0.214,0
2023-01-13T14:35:02.954000,0.46739,55.582529,-0.195,0
2023-01-13T14:35:03.897000,0.457159,55.639403,-0.196,0
2023-01-13T14:35:04.841000,0.446911,55.696276,-0.171,0
2023-01-13T14:35:05.784000,0.436644,55.753149,-0.186,0
2023-01-13T14:35:06.728000,0.426359,55.81002,-0.144,0
2023-01-13T14:35:07.671000,0.416055,55.866891,-0.12,0
2023-01-13T14:35:08.614000,0.405733,55.92376,-0.101,0
2023-01-13T14:35:09.558000,0.395392,55.980629,-0.133,0
2023-01-14T02:28:39.899000,7.635336,55.97044,0.99,0
2023-01-14T02:28:40.842000,7.624997,55.913556,1.011,0
2023-01-14T02:28:41.786000,7.614677,55.856672,1.018,0
2023-01-14T02:28:42.729000,7.604376,55.799786,1.02,0
2023-01-14T02:28:43.672000,7.594093,55.7429,1.052,0
2023-01-14T02:28:44.616000,7.583829,55.686013,1.078,0
2023-01-14T02:28:45.559000,7.573583,55.629124,1.119,0
2023-01-14T02:28:46.503000,7.563355,55.572235,1.118,0
2023-01-14T02:28:47.446000,7.553145,55.515345,1.186,0
2023-01-14T02:28:48.390000,7.542954,55.458454,1.204,0
2023-01-14T02:28:49.333000,7.53278,55.401562,1.184,0
2023-01-14T02:28:50.276000,7.522624,55.344669,1.207,0
2023-01-14T02:28:51.220000,7.512486,55.287775,1.235,0
2023-01-14T02:28:52.163000,7.502365,55.23088,1.248,0
2023-01-14T02:28:53.107000,7.492262,55.173985,1.255,0
2023-01-14T02:28:54.050000,7.482177,55.117088,1.306,0
2023-01-14T02:28:54.994000,7.472109,55.060191,1.236,0
2023-01-14T02:28:55.937000,7.462059,55.003292,1.313,0
2023-01-14T02:28:56.880000,7.452025,54.946393,1.349,0
2023-01-14T02:28:57.824000,7.442009,54.889492,1.38,0
2023-01-14T02:28:58.767000,7.43201,54.832591,1.45,0
2023-01-14T02:28:59.711000,7.422028,54.775689,1.436,0
2023-01-14T02:29:00.654000,7.412062,54.718786,1.475,0
2023-01-14T02:29:01.598000,7.402114,54.661882,1.505,0
2023-01-14T02:29:02.541000,7.392182,54.604977,1.537,0
2023-01-14T02:29:03.485000,7.382267,54.548071,1.543,0
2023-01-14T02:29:04.428000,7.372369,54.491164,1.553,0
2023-01-14T02:29:05.371000,7.362487,54.434257,1.562,0
2023-01-14T02:29:06.315000,7.352622,54.377348,1.554,0
2023-01-14T02:29:07.258000,7.342772,54.320438,1.604,0
2023-01-14T02:29:08.202000,7.33294,54.263528,1.626,0
2023-01-14T02:29:09.145000,7.323123,54.206617,1.618,0
2023-01-14T02:29:10.089000,7.313322,54.149705,1.616,0
2023-01-14T02:29:11.032000,7.303538,54.092791,1.662,0
2023-01-14T02:29:11.975000,7.293769,54.035877,1.693,0
2023-01-14T02:29:12.919000,7.284016,53.978962,1.725,0
2023-01-14T02:29:13.862000,7.27428,53.922047,1.751,0
2023-01-14T02:29:14.806000,7.264558,53.86513,1.775,0
2023-01-14T02:29:15.749000,7.254853,53.808212,1.822,1
2023-01-15T14:31:36.262000,0.387293,49.970901,1.682,1
2023-01-15T14:31:37.205000,0.378492,50.027859,1.797,0
2023-01-15T14:31:38.149000,0.36968,50.084815,1.781,0
2023-01-15T14:31:39.092000,0.360856,50.141771,1.737,0
2023-01-15T14:31:40.036000,0.352021,50.198726,1.699,0
2023-01-15T14:31:40.979000,0.343174,50.255681,1.66,0
2023-01-15T14:31:41.923000,0.334316,50.312634,1.63,0
2023-01-15T14:31:42.866000,0.325446,50.369587,1.589,0
2023-01-15T14:31:43.810000,0.316564,50.426538,1.575,0
2023-01-15T14:31:44.753000,0.30767,50.483489,1.518,0
2023-01-15T14:31:45.696000,0.298764,50.54044,1.467,0
2023-01-15T14:31:46.640000,0.289846,50.597389,1.445,0
2023-01-15T14:31:47.583000,0.280916,50.654337,1.411,1
2023-01-15T14:32:48.907000,-0.328094,54.354178,-0.313,1
2023-01-15T14:32:49.850000,-0.337951,54.41107,-0.332,1
2023-01-15T14:32:50.794000,-0.347824,54.467961,-0.271,1
2023-01-15T14:32:51.737000,-0.357714,54.524851,-0.34,1
2023-01-15T14:32:52.680000,-0.36762,54.581741,-0.283,0
2023-01-15T14:32:53.624000,-0.377543,54.63863,-0.304,0
2023-01-15T14:32:54.567000,-0.387483,54.695517,-0.305,0
2023-01-15T14:32:55.511000,-0.397439,54.752404,-0.308,0
2023-01-15T14:32:56.454000,-0.407413,54.80929,-0.276,0
2023-01-15T14:32:57.398000,-0.417403,54.866175,-0.301,0
2023-01-15T14:32:58.341000,-0.42741,54.923059,-0.29,0
2023-01-15T14:32:59.284000,-0.437435,54.979942,-0.267,0
2023-01-15T14:33:00.228000,-0.447476,55.036825,-0.277,0
2023-01-15T14:33:01.171000,-0.457535,55.093706,-0.281,0
2023-01-15T14:33:02.115000,-0.467611,55.150587,-0.3,0
2023-01-15T14:33:03.058000,-0.477705,55.207467,-0.291,0
2023-01-15T14:33:04.002000,-0.487817,55.264345,-0.281,0
2023-01-15T14:33:04.945000,-0.497945,55.321223,-0.267,0
2023-01-15T14:33:05.889000,-0.508092,55.3781,-0.303,0
2023-01-15T14:33:06.832000,-0.518257,55.434976,-0.279,0
2023-01-15T14:33:07.775000,-0.528439,55.491851,-0.317,0
2023-01-15T14:33:08.719000,-0.538639,55.548726,-0.347,0
2023-01-15T14:33:09.662000,-0.548858,55.605599,-0.314,0
2023-01-15T14:33:10.606000,-0.559095,55.662472,-0.353,0
2023-01-15T14:33:11.549000,-0.569349,55.719343,-0.31,0
2023-01-15T14:33:12.493000,-0.579623,55.776214,-0.351,0
2023-01-15T14:33:13.436000,-0.589914,55.833084,-0.345,0
2023-01-15T14:33:14.379000,-0.600225,55.889952,-0.366,0
2023-01-15T14:33:15.323000,-0.610554,55.94682,-0.337,0
2023-01-16T02:26:46.607000,6.617317,55.940594,0.747,0
2023-01-16T02:26:47.551000,6.606989,55.883705,0.778,0
2023-01-16T02:26:48.494000,6.596679,55.826815,0.796,0
2023-01-16T02:26:49.437000,6.586388,55.769925,0.805,0
2023-01-16T02:26:50.381000,6.576115,55.713033,0.805,0
2023-01-16T02:26:51.324000,6.565861,55.65614,0.773,0
2023-01-16T02:26:52.268000,6.555624,55.599247,0.828,0
2023-01-16T02:26:53.211000,6.545406,55.542352,0.824,0
2023-01-16T02:26:54.155000,6.535207,55.485457,0.802,0
2023-01-16T02:26:55.098000,6.525024,55.42856,0.82,0
2023-01-16T02:26:56.041000,6.51486,55.371663,0.833,0
2023-01-16T02:26:56.985000,6.504714,55.314765,0.847,0
2023-01-16T02:26:57.928000,6.494586,55.257865,0.871,0
2023-01-16T02:26:58.872000,6.484475,55.200965,0.84,0
2023-01-16T02:26:59.815000,6.474381,55.144064,0.87,0
2023-01-16T02:27:00.759000,6.464305,55.087162,0.838,0
2023-01-16T02:27:01.702000,6.454247,55.030259,0.897,0
2023-01-16T02:27:02.646000,6.444206,54.973355,0.884,0
2023-01-16T02:27:03.589000,6.434182,54.91645,0.905,0
2023-01-16T02:27:04.532000,6.424175,54.859545,0.949,0
2023-01-16T02:27:05.476000,6.414185,54.802638,0.994,0
2023-01-16T02:27:06.419000,6.404212,54.745731,0.982,0
2023-01-16T02:27:07.363000,6.394256,54.688822,1.008,0
2023-01-16T02:27:08.306000,6.384316,54.631913,1.05,0
2023-01-16T02:27:09.250000,6.374394,54.575002,1.043,0
2023-01-16T02:27:10.193000,6.364488,54.518091,1.053,0
2023-01-16T02:27:11.136000,6.354598,54.461179,1.039,0
2023-01-16T02:27:12.080000,6.344725,54.404266,1.086,0
2023-01-16T02:27:13.023000,6.334869,54.347352,1.089,0
2023-01-16T02:27:13.967000,6.325028,54.290437,1.141,0
2023-01-16T02:27:14.910000,6.315205,54.233521,1.148,0
2023-01-16T02:27:15.854000,6.305396,54.176604,1.171,0
2023-01-16T02:27:16.797000,6.295605,54.119687,1.167,0
2023-01-16T02:27:17.741000,6.285829,54.062768,1.181,0
2023-01-16T02:27:18.684000,6.276069,54.005849,1.21,0
2023-01-16T02:27:19.627000,6.266325,53.948929,1.275,0
2023-01-16T02:27:20.571000,6.256596,53.892007,1.314,0
2023-01-16T02:27:21.514000,6.246884,53.835085,1.313,0
2023-01-16T02:27:22.458000,6.237187,53.778162,1.328,0
2023-01-16T02:27:23.401000,6.227505,53.721238,1.383,0
2023-01-16T02:27:24.345000,6.217839,53.664313,1.399,0
2023-01-16T02:27:25.288000,6.208188,53.607387,1.458,1
2023-01-16T02:27:26.231000,6.198553,53.55046,1.523,1
2023-01-17T14:29:38.253000,-0.586731,49.728401,0.42,0
2023-01-17T14:29:39.197000,-0.595483,49.78536,0.377,0
2023-01-17T14:29:40.140000,-0.604245,49.842319,0.302,0
2023-01-17T14:29:41.084000,-0.61302,49.899277,0.278,0
2023-01-17T14:29:42.027000,-0.621806,49.956235,0.227,0
2023-01-17T14:29:42.971000,-0.630603,50.013191,0.174,0
2023-01-17T14:29:43.914000,-0.639412,50.070147,0.142,0
2023-01-17T14:29:44.857000,-0.648232,50.127101,0.088,0
2023-01-17T14:29:45.801000,-0.657064,50.184055,0.032,0
2023-01-17T14:29:46.744000,-0.665907,50.241008,-0.012,0
2023-01-17T14:29:47.688000,-0.674762,50.297961,-0.066,0
2023-01-17T14:29:48.631000,-0.683629,50.354912,-0.124,0
2023-01-17T14:29:49.575000,-0.692507,50.411863,-0.183,0
2023-01-17T14:29:50.518000,-0.701398,50.468813,-0.249,0
2023-01-17T14:29:51.461000,-0.7103,50.525762,-0.336,0
2023-01-17T14:29:52.405000,-0.719214,50.58271,-0.391,0
2023-01-17T14:29:53.348000,-0.728141,50.639658,-0.511,1
2023-01-17T14:31:14.484000,-1.547329,55.533979,-0.102,1
2023-01-17T14:31:15.427000,-1.557542,55.590852,-0.113,1
2023-01-17T14:31:17.314000,-1.578023,55.704595,-0.191,1
2023-01-17T14:31:18.258000,-1.588291,55.761465,-0.206,1
2023-01-17T14:31:19.201000,-1.598578,55.818335,-0.21,0
2023-01-17T14:31:20.145000,-1.608883,55.875203,-0.2,0
2023-01-17T14:31:21.088000,-1.619206,55.93207,-0.235,0
2023-01-18T02:24:52.372000,5.607579,55.948504,0.46,0
2023-01-18T02:24:53.316000,5.597248,55.89161,0.452,0
2023-01-18T02:24:54.259000,5.586935,55.834715,0.455,0
2023-01-18T02:24:55.202000,5.57664,55.777819,0.451,0
2023-01-18T02:24:56.146000,5.566364,55.720923,0.448,0
2023-01-18T02:24:57.089000,5.556107,55.664025,0.43,0
2023-01-18T02:24:58.033000,5.545867,55.607126,0.404,0
2023-01-18T02:24:58.976000,5.535646,55.550227,0.426,0
2023-01-18T02:24:59.920000,5.525443,55.493326,0.424,0
2023-01-18T02:25:00.863000,5.515258,55.436425,0.448,0
2023-01-18T02:25:01.807000,5.505091,55.379522,0.427,0
2023-01-18T02:25:02.750000,5.494942,55.322619,0.434,0
2023-01-18T02:25:03.693000,5.48481,55.265715,0.462,0
2023-01-18T02:25:04.637000,5.474696,55.20881,0.437,0
2023-01-18T02:25:05.580000,5.4646,55.151903,0.458,0
2023-01-18T02:25:06.524000,5.454521,55.094996,0.489,0
2023-01-18T02:25:07.467000,5.444459,55.038088,0.511,0
2023-01-18T02:25:08.411000,5.434415,54.981179,0.524,0
2023-01-18T02:25:09.354000,5.424388,54.924269,0.506,0
2023-01-18T02:25:10.297000,5.414378,54.867359,0.518,0
2023-01-18T02:25:11.241000,5.404386,54.810447,0.551,0
2023-01-18T02:25:12.184000,5.39441,54.753534,0.571,0
2023-01-18T02:25:13.128000,5.384451,54.696621,0.567,0
2023-01-18T02:25:14.071000,5.374509,54.639706,0.601,0
2023-01-18T02:25:15.015000,5.364583,54.582791,0.605,0
2023-01-18T02:25:15.958000,5.354674,54.525875,0.613,0
2023-01-18T02:25:16.902000,5.344782,54.468957,0.653,0
2023-01-18T02:25:17.845000,5.334906,54.412039,0.656,0
2023-01-18T02:25:18.788000,5.325047,54.35512,0.659,0
2023-01-18T02:25:19.732000,5.315204,54.2982,0.681,0
2023-01-18T02:25:20.675000,5.305377,54.241279,0.713,0
2023-01-18T02:25:21.619000,5.295566,54.184357,0.721,0
2023-01-18T02:25:22.562000,5.285772,54.127435,0.743,0
2023-01-18T02:25:23.506000,5.275993,54.070511,0.748,0
2023-01-18T02:25:24.449000,5.26623,54.013586,0.785,0
2023-01-18T02:25:25.392000,5.256484,53.956661,0.822,0
2023-01-18T02:25:26.336000,5.246752,53.899735,0.903,0
2023-01-18T02:25:27.279000,5.237037,53.842807,0.892,0
2023-01-18T02:25:28.223000,5.227337,53.785879,0.934,0
2023-01-18T02:25:29.166000,5.217653,53.72895,0.961,0
2023-01-18T02:25:30.110000,5.207984,53.67202,0.959,0
2023-01-18T02:25:31.053000,5.198331,53.615089,1.002,0
2023-01-18T02:25:31.997000,5.188693,53.558157,1.037,0
2023-01-18T02:25:32.940000,5.17907,53.501224,1.043,1
2023-01-18T02:25:33.883000,5.169463,53.444291,1.094,1
2023-01-18T02:25:37.657000,5.131183,53.216547,1.1,1
2023-01-18T02:25:39.544000,5.112132,53.10267,1.043,1
2023-01-18T02:25:40.487000,5.102629,53.04573,1.089,1
2023-01-19T14:27:44.962000,-1.606797,49.78607,-0.436,1
2023-01-19T14:27:45.905000,-1.615561,49.843028,-0.388,0
2023-01-19T14:27:46.849000,-1.624337,49.899985,-0.37,0
2023-01-19T14:27:47.792000,-1.633124,49.956942,-0.367,0
2023-01-19T14:27:48.736000,-1.641922,50.013898,-0.334,0
2023-01-19T14:27:49.679000,-1.650732,50.070853,-0.326,0
2023-01-19T14:27:50.622000,-1.659553,50.127807,-0.33,0
2023-01-19T14:27:51.566000,-1.668386,50.18476,-0.313,0
2023-01-19T14:27:52.509000,-1.677231,50.241713,-0.282,0
2023-01-19T14:27:53.453000,-1.686087,50.298665,-0.273,0
2023-01-19T14:27:54.396000,-1.694955,50.355615,-0.267,0
2023-01-19T14:27:55.340000,-1.703835,50.412565,-0.274,0
2023-01-19T14:27:56.283000,-1.712727,50.469515,-0.267,0
2023-01-19T14:27:57.226000,-1.721631,50.526463,-0.268,0
2023-01-19T14:27:58.170000,-1.730546,50.583411,-0.25,1
2023-01-19T14:27:59.113000,-1.739474,50.640358,-0.275,1
2023-01-20T02:22:58.137000,4.596887,55.940469,0.251,0
2023-01-20T02:22:59.081000,4.586555,55.88357,0.296,0
2023-01-20T02:23:00.024000,4.576242,55.82667,0.326,0
2023-01-20T02:23:00.968000,4.565948,55.769768,0.329,0
2023-01-20T02:23:01.911000,4.555671,55.712866,0.311,0
2023-01-20T02:23:02.854000,4.545414,55.655963,0.321,0
2023-01-20T02:23:03.798000,4.535174,55.599058,0.328,0
2023-01-20T02:23:04.741000,4.524953,55.542153,0.307,0
2023-01-20T02:23:05.685000,4.51475,55.485247,0.348,0
2023-01-20T02:23:06.628000,4.504565,55.42834,0.312,0
2023-01-20T02:23:07.572000,4.494398,55.371432,0.315,0
2023-01-20T02:23:08.515000,4.484248,55.314523,0.317,0
2023-01-20T02:23:09.458000,4.474117,55.257613,0.31,0
2023-01-20T02:23:10.402000,4.464003,55.200703,0.32,0
2023-01-20T02:23:11.345000,4.453906,55.143791,0.328,0
2023-01-20T02:23:12.289000,4.443827,55.086878,0.314,0
2023-01-20T02:23:13.232000,4.433766,55.029964,0.341,0
2023-01-20T02:23:14.176000,4.423721,54.97305,0.357,0
2023-01-20T02:23:15.119000,4.413694,54.916135,0.366,0
2023-01-20T02:23:16.062000,4.403684,54.859218,0.345,0
2023-01-20T02:23:17.006000,4.393691,54.802301,0.349,0
2023-01-20T02:23:17.949000,4.383715,54.745383,0.348,0
2023-01-20T02:23:18.893000,4.373756,54.688463,0.363,0
2023-01-20T02:23:19.836000,4.363814,54.631543,0.364,0
2023-01-20T02:23:20.780000,4.353888,54.574622,0.391,0
2023-01-20T02:23:21.723000,4.343979,54.5177,0.379,0
2023-01-20T02:23:22.667000,4.334087,54.460778,0.386,0
2023-01-20T02:23:23.610000,4.324211,54.403854,0.402,0
2023-01-20T02:23:24.553000,4.314352,54.346929,0.428,0
2023-01-20T02:23:25.497000,4.304508,54.290003,0.435,0
2023-01-20T02:23:26.440000,4.294681,54.233077,0.458,0
2023-01-20T02:23:27.384000,4.284871,54.17615,0.471,0
2023-01-20T02:23:28.327000,4.275076,54.119221,0.478,0
2023-01-20T02:23:29.271000,4.265297,54.062292,0.499,0
2023-01-20T02:23:30.214000,4.255534,54.005362,0.505,0
2023-01-20T02:23:31.157000,4.245787,53.948431,0.522,0
2023-01-20T02:23:32.101000,4.236056,53.891498,0.527,0
2023-01-20T02:23:33.044000,4.226341,53.834566,0.563,0
2023-01-20T02:23:33.988000,4.21664,53.777632,0.566,0
2023-01-20T02:23:34.931000,4.206956,53.720697,0.582,0
2023-01-20T02:23:35.875000,4.197287,53.663761,0.589,0
2023-01-20T02:23:36.818000,4.187634,53.606825,0.611,0
2023-01-20T02:23:37.762000,4.177996,53.549887,0.612,0
2023-01-20T02:23:38.705000,4.168373,53.492949,0.609,0
2023-01-20T02:23:39.648000,4.158765,53.43601,0.63,0
2023-01-20T02:23:40.592000,4.149172,53.379069,0.607,0
2023-01-20T02:23:41.535000,4.139595,53.322128,0.636,0
2023-01-20T02:23:42.479000,4.130032,53.265186,0.626,0
2023-01-20T02:23:43.422000,4.120484,53.208243,0.689,0
2023-01-20T02:23:44.366000,4.110951,53.1513,0.673,0
2023-01-20T02:23:45.309000,4.101433,53.094355,0.68,0
2023-01-20T02:23:46.252000,4.09193,53.037409,0.712,0
2023-01-20T02:23:47.196000,4.082441,52.980463,0.679,0
2023-01-20T02:23:48.139000,4.072966,52.923516,0.677,0
2023-01-20T02:23:49.083000,4.063507,52.866567,0.678,0
2023-01-20T02:23:50.026000,4.054061,52.809618,0.7,0
2023-01-20T02:23:50.970000,4.04463,52.752668,0.727,0
2023-01-20T02:23:51.913000,4.035213,52.695717,0.709,0
2023-01-20T02:23:52.857000,4.025811,52.638765,0.717,0
2023-01-20T02:23:53.800000,4.016422,52.581813,0.713,0
2023-01-20T02:23:54.743000,4.007048,52.524859,0.727,0
2023-01-20T02:23:55.687000,3.997688,52.467904,0.708,0
2023-01-20T02:23:56.630000,3.988341,52.410949,0.713,0
2023-01-20T02:23:57.574000,3.979009,52.353993,0.721,0
2023-01-20T02:23:58.517000,3.96969,52.297035,0.741,0
2023-01-20T02:23:59.461000,3.960385,52.240077,0.715,0
2023-01-20T02:24:00.404000,3.951094,52.183118,0.707,0
2023-01-20T02:24:01.347000,3.941816,52.126159,0.703,0
2023-01-20T02:24:02.291000,3.932552,52.069198,0.712,1
2023-01-20T02:24:03.234000,3.923302,52.012237,0.731,1
2023-01-20T02:24:05.121000,3.904841,51.898311,0.717,1
2023-01-22T02:21:02.959000,3.595868,55.97499,0.162,0
2023-01-22T02:21:03.902000,3.585522,55.918085,0.127,0
2023-01-22T02:21:04.846000,3.575193,55.86118,0.129,0
2023-01-22T02:21:05.789000,3.564883,55.804273,0.102,0
2023-01-22T02:21:06.733000,3.554592,55.747366,0.097,0
2023-01-22T02:21:07.676000,3.544319,55.690458,0.098,0
2023-01-22T02:21:08.619000,3.534065,55.633548,0.058,0
2023-01-22T02:21:09.563000,3.523829,55.576638,0.024,0
2023-01-22T02:21:10.506000,3.513611,55.519727,-0.003,0
2023-01-22T02:21:11.450000,3.503411,55.462815,0.022,0
2023-01-22T02:21:12.393000,3.493229,55.405902,0.012,0
2023-01-22T02:21:13.337000,3.483065,55.348988,-0.033,0
2023-01-22T02:21:14.280000,3.472919,55.292073,-0.04,0
2023-01-22T02:21:15.223000,3.46279,55.235157,-0.046,0
2023-01-22T02:21:16.167000,3.452679,55.17824,-0.068,0
2023-01-22T02:21:17.110000,3.442586,55.121322,-0.069,0
2023-01-22T02:21:18.054000,3.43251,55.064404,-0.102,0
2023-01-22T02:21:18.997000,3.422451,55.007484,-0.161,0
2023-01-22T02:21:19.941000,3.41241,54.950563,-0.129,0
2023-01-22T02:21:20.884000,3.402386,54.893642,-0.171,0
2023-01-22T02:21:21.828000,3.392379,54.83672,-0.195,0
2023-01-22T02:21:22.771000,3.382389,54.779796,-0.213,0
2023-01-22T02:21:23.714000,3.372416,54.722872,-0.233,0
2023-01-22T02:21:24.658000,3.362459,54.665947,-0.286,0
2023-01-22T02:21:25.601000,3.35252,54.60902,-0.305,0
2023-01-22T02:21:26.545000,3.342597,54.552093,-0.279,0
2023-01-22T02:21:27.488000,3.332691,54.495165,-0.368,0
2023-01-22T02:21:28.432000,3.322802,54.438236,-0.414,0
2023-01-22T02:21:29.375000,3.312928,54.381307,-0.397,0
2023-01-22T02:21:30.318000,3.303072,54.324376,-0.385,0
2023-01-22T02:21:31.262000,3.293231,54.267444,-0.414,0
2023-01-22T02:21:32.205000,3.283407,54.210511,-0.374,0
2023-01-22T02:21:33.149000,3.273599,54.153578,-0.52,0
2023-01-22T02:21:34.092000,3.263807,54.096644,-0.49,0
2023-01-22T02:21:35.979000,3.24427,53.982772,-0.666,0
2023-01-22T02:21:37.866000,3.224797,53.868897,-0.484,0
2023-01-22T02:21:38.809000,3.215085,53.811958,-0.474,0
2023-01-22T02:21:42.583000,3.176388,53.584193,-0.53,0
2023-01-22T02:21:43.527000,3.166752,53.527249,-0.526,0
2023-01-22T02:21:44.470000,3.157132,53.470304,-0.559,0
2023-01-22T02:21:45.413000,3.147527,53.413359,-0.533,0
2023-01-22T02:21:46.357000,3.137936,53.356413,-0.452,0
2023-01-22T02:21:47.300000,3.128361,53.299466,-0.526,0
2023-01-22T02:21:48.244000,3.118801,53.242518,-0.447,0
2023-01-22T02:21:49.187000,3.109256,53.185569,-0.523,0
2023-01-22T02:21:50.131000,3.099725,53.128619,-0.439,0
2023-01-22T02:21:51.074000,3.090209,53.071668,-0.42,0
2023-01-22T02:21:52.018000,3.080708,53.014716,-0.394,0
2023-01-22T02:21:52.961000,3.071222,52.957764,-0.332,0
2023-01-22T02:21:53.904000,3.06175,52.90081,-0.337,0
2023-01-22T02:21:54.848000,3.052292,52.843856,-0.304,0
2023-01-22T02:21:55.791000,3.042849,52.786901,-0.247,0
2023-01-22T02:21:56.735000,3.03342,52.729944,-0.229,0
2023-01-22T02:21:57.678000,3.024006,52.672987,-0.176,0
2023-01-22T02:21:58.622000,3.014605,52.616029,-0.134,0
2023-01-22T02:21:59.565000,3.005219,52.559071,-0.089,0
2023-01-22T02:22:00.508000,2.995847,52.502111,-0.064,0
2023-01-22T02:22:01.452000,2.986489,52.44515,-0.01,0
2023-01-22T02:22:02.395000,2.977145,52.388189,0.028,0
2023-01-22T02:22:03.339000,2.967814,52.331226,0.074,0
2023-01-22T02:22:04.282000,2.958498,52.274263,0.16,0
2023-01-22T02:22:05.226000,2.949195,52.217299,0.177,0
2023-01-22T02:22:06.169000,2.939906,52.160334,0.219,0
2023-01-22T02:22:07.113000,2.93063,52.103368,0.278,0
2023-01-22T02:22:08.056000,2.921368,52.046401,0.332,0
2023-01-22T02:22:08.999000,2.91212,51.989433,0.399,0
2023-01-22T02:22:09.943000,2.902885,51.932465,0.452,0
2023-01-22T02:22:10.886000,2.893663,51.875495,0.504,0
2023-01-22T02:22:11.830000,2.884455,51.818525,0.568,0
2023-01-22T02:22:12.773000,2.875259,51.761554,0.645,0
2023-01-22T02:22:13.717000,2.866077,51.704582,0.722,0
2023-01-22T02:22:14.660000,2.856909,51.647609,0.738,0
2023-01-22T02:22:15.603000,2.847753,51.590635,0.81,0
2023-01-22T02:22:16.547000,2.83861,51.53366,0.851,0
2023-01-22T02:22:17.490000,2.82948,51.476685,0.885,0
2023-01-22T02:22:18.434000,2.820364,51.419708,0.923,0
2023-01-22T02:22:19.377000,2.81126,51.362731,0.951,0
2023-01-22T02:22:20.321000,2.802168,51.305752,0.989,1
2023-01-22T02:22:21.264000,2.79309,51.248773,1.017,1
2023-01-22T13:36:25.465000,8.627741,53.9866,0.801,1
2023-01-22T13:36:29.239000,8.588615,54.214187,0.667,1
2023-01-22T13:36:41.503000,8.459647,54.953751,0.757,1
2023-01-24T02:19:08.724000,2.582972,55.939119,-0.131,0
2023-01-24T02:19:09.667000,2.572634,55.882208,-0.134,0
2023-01-24T02:19:10.611000,2.562314,55.825296,-0.184,0
2023-01-24T02:19:11.554000,2.552013,55.768383,-0.193,0
2023-01-24T02:19:12.498000,2.541731,55.711469,-0.204,0
2023-01-24T02:19:13.441000,2.531467,55.654554,-0.243,0
2023-01-24T02:19:14.384000,2.521222,55.597638,-0.285,0
2023-01-24T02:19:15.328000,2.510994,55.540722,-0.305,0
2023-01-24T02:19:16.271000,2.500785,55.483804,-0.358,0
2023-01-24T02:19:17.215000,2.490593,55.426885,-0.367,0
2023-01-24T02:19:18.158000,2.48042,55.369966,-0.382,0
2023-01-24T02:19:19.102000,2.470264,55.313045,-0.41,0
2023-01-24T02:19:20.045000,2.460127,55.256124,-0.428,0
2023-01-24T02:19:20.989000,2.450006,55.199202,-0.496,0
2023-01-24T02:19:21.932000,2.439904,55.142278,-0.53,0
2023-01-24T02:19:22.875000,2.429819,55.085354,-0.557,0
2023-01-24T02:19:23.819000,2.419751,55.028429,-0.623,0
2023-01-24T02:19:24.762000,2.409701,54.971503,-0.659,0
2023-01-24T02:19:25.706000,2.399668,54.914576,-0.674,0
2023-01-24T02:19:26.649000,2.389652,54.857648,-0.729,0
2023-01-24T02:19:27.593000,2.379653,54.800719,-0.785,0
2023-01-24T02:19:28.536000,2.369671,54.743789,-0.781,0
2023-01-24T02:19:29.479000,2.359706,54.686858,-0.849,0
2023-01-24T02:19:30.423000,2.349757,54.629927,-0.877,0
2023-01-24T02:19:31.366000,2.339826,54.572994,-0.931,0
2023-01-24T02:19:32.310000,2.329911,54.516061,-0.945,0
2023-01-24T02:19:33.253000,2.320013,54.459126,-0.983,0
2023-01-24T02:19:34.197000,2.310131,54.402191,-1.045,0
2023-01-24T02:19:35.140000,2.300266,54.345255,-1.074,0
2023-01-24T02:19:36.084000,2.290417,54.288317,-1.112,0
2023-01-24T02:19:37.027000,2.280584,54.231379,-1.157,0
2023-01-24T02:19:37.970000,2.270767,54.17444,-1.201,0
2023-01-24T02:19:38.914000,2.260967,54.1175,-1.242,0
2023-01-24T02:19:39.857000,2.251182,54.060559,-1.302,0
2023-01-24T02:19:40.801000,2.241413,54.003617,-1.366,0
2023-01-24T02:19:41.744000,2.231661,53.946675,-1.393,0
2023-01-24T02:19:42.688000,2.221924,53.889731,-1.439,0
2023-01-24T02:19:43.631000,2.212203,53.832786,-1.462,0
2023-01-24T02:19:44.574000,2.202497,53.775841,-1.494,0
2023-01-24T02:19:45.518000,2.192807,53.718895,-1.517,0
2023-01-24T02:19:46.461000,2.183132,53.661947,-1.552,0
2023-01-24T02:19:47.405000,2.173473,53.604999,-1.554,0
2023-01-24T02:19:48.348000,2.16383,53.54805,-1.604,0
2023-01-24T02:19:53.065000,2.115838,53.263291,-1.406,0
2023-01-24T02:19:54.009000,2.106285,53.206336,-1.522,0
2023-01-24T02:19:56.839000,2.077714,53.035467,-1.272,0
2023-01-24T02:20:00.613000,2.039824,52.807629,-1.025,1
2023-01-24T02:20:01.556000,2.030387,52.750667,-0.896,0
2023-01-24T02:20:02.500000,2.020965,52.693705,-0.882,0
2023-01-24T02:20:03.443000,2.011557,52.636741,-0.679,0
2023-01-24T02:20:04.387000,2.002163,52.579777,-0.527,0
2023-01-24T02:20:05.330000,1.992784,52.522812,-0.407,0
2023-01-24T02:20:06.274000,1.983418,52.465845,-0.237,1
2023-01-24T02:20:07.217000,1.974066,52.408878,-0.168,0
2023-01-24T02:20:08.160000,1.964729,52.35191,-0.086,0
2023-01-24T02:20:09.104000,1.955405,52.294942,0.068,0
2023-01-24T02:20:10.047000,1.946095,52.237972,0.197,0
2023-01-24T02:20:10.991000,1.936798,52.181001,0.303,0
2023-01-24T02:20:11.934000,1.927515,52.124029,0.427,0
2023-01-24T02:20:12.878000,1.918246,52.067057,0.56,0
2023-01-24T02:20:13.821000,1.90899,52.010084,0.678,0
2023-01-24T02:20:14.764000,1.899748,51.95311,0.795,0
2023-01-24T02:20:15.708000,1.890519,51.896135,0.938,0
2023-01-24T02:20:16.651000,1.881304,51.839159,1.018,0
2023-01-24T02:20:17.595000,1.872102,51.782182,1.154,0
2023-01-24T02:20:18.538000,1.862912,51.725204,1.252,0
2023-01-24T02:20:19.482000,1.853737,51.668226,1.341,0
2023-01-24T02:20:20.425000,1.844574,51.611246,1.41,0
2023-01-24T02:20:21.368000,1.835424,51.554266,1.518,0
2023-01-24T02:20:22.312000,1.826287,51.497285,1.623,0
2023-01-24T02:20:23.255000,1.817164,51.440302,1.703,0
2023-01-24T02:20:24.199000,1.808053,51.383319,1.739,0
2023-01-24T02:20:25.142000,1.798955,51.326336,1.83,0
2023-01-24T02:20:26.086000,1.789869,51.269351,1.926,0
2023-01-24T02:20:27.029000,1.780796,51.212365,2.018,0
2023-01-24T02:20:27.973000,1.771736,51.155379,2.138,0
2023-01-24T02:20:28.916000,1.762689,51.098392,2.269,0
2023-01-24T02:20:29.859000,1.753654,51.041403,2.339,1
2023-01-24T13:34:28.400000,7.643138,53.84978,1.069,1
2023-01-24T13:34:29.343000,7.633417,53.906682,1.028,0
2023-01-24T13:34:30.286000,7.62368,53.963583,1.019,0
2023-01-24T13:34:31.230000,7.613927,54.020483,1.005,0
2023-01-24T13:34:32.173000,7.604158,54.077382,0.954,0
2023-01-24T13:34:33.117000,7.594374,54.13428,0.929,0
2023-01-24T13:34:34.060000,7.584573,54.191177,0.901,0
2023-01-24T13:34:35.004000,7.574757,54.248074,0.879,0
2023-01-24T13:34:35.947000,7.564924,54.304969,0.767,0
2023-01-24T13:34:36.890000,7.555075,54.361864,0.822,0
2023-01-24T13:34:37.834000,7.54521,54.418758,0.832,0
2023-01-24T13:34:38.777000,7.535328,54.475651,0.778,0
2023-01-24T13:34:39.721000,7.52543,54.532543,0.762,0
2023-01-24T13:34:40.664000,7.515515,54.589434,0.728,0
2023-01-24T13:34:41.608000,7.505583,54.646325,0.689,0
2023-01-24T13:34:42.551000,7.495635,54.703214,0.674,0
2023-01-24T13:34:43.495000,7.48567,54.760103,0.646,0
2023-01-24T13:34:44.438000,7.475688,54.816991,0.612,0
2023-01-24T13:34:45.381000,7.465689,54.873878,0.582,0
2023-01-24T13:34:46.325000,7.455673,54.930764,0.577,0
2023-01-24T13:34:47.268000,7.44564,54.987649,0.531,0
2023-01-24T13:34:48.212000,7.43559,55.044534,0.51,0
2023-01-24T13:34:49.155000,7.425522,55.101417,0.482,0
2023-01-24T13:34:50.099000,7.415437,55.1583,0.471,0
2023-01-24T13:34:51.042000,7.405334,55.215182,0.436,0
2023-01-24T13:34:51.985000,7.395214,55.272063,0.412,0
2023-01-24T13:34:52.929000,7.385076,55.328943,0.365,0
2023-01-24T13:34:53.872000,7.374921,55.385822,0.357,0
2023-01-24T13:34:54.816000,7.364747,55.4427,0.342,0
2023-01-24T13:34:55.759000,7.354556,55.499578,0.295,0
2023-01-24T13:34:56.703000,7.344346,55.556454,0.259,0
2023-01-24T13:34:57.646000,7.334119,55.61333,0.229,0
2023-01-24T13:34:58.590000,7.323873,55.670205,0.205,0
2023-01-24T13:34:59.533000,7.313609,55.727078,0.156,0
2023-01-24T13:35:00.476000,7.303326,55.783952,0.147,0
2023-01-24T13:35:01.420000,7.293025,55.840824,0.155,0
2023-01-24T13:35:02.363000,7.282706,55.897695,0.127,0
2023-01-24T13:35:03.307000,7.272368,55.954565,0.13,0
2023-01-26T02:17:14.489000,1.575959,55.96346,-0.607,0
2023-01-26T02:17:15.432000,1.565613,55.906544,-0.639,0
2023-01-26T02:17:16.376000,1.555285,55.849627,-0.658,0
2023-01-26T02:17:17.319000,1.544976,55.792709,-0.709,0
2023-01-26T02:17:18.263000,1.534685,55.73579,-0.748,0
2023-01-26T02:17:19.206000,1.524413,55.67887,-0.796,0
2023-01-26T02:17:20.150000,1.514159,55.621949,-0.815,0
2023-01-26T02:17:21.093000,1.503924,55.565028,-0.828,0
2023-01-26T02:17:22.036000,1.493706,55.508105,-0.875,0
2023-01-26T02:17:22.980000,1.483507,55.451181,-0.891,0
2023-01-26T02:17:23.923000,1.473325,55.394257,-0.97,0
2023-01-26T02:17:24.867000,1.463162,55.337331,-1.006,0
2023-01-26T02:17:25.810000,1.453016,55.280405,-1.051,0
2023-01-26T02:17:26.754000,1.442888,55.223477,-1.064,0
2023-01-26T02:17:27.697000,1.432778,55.166549,-1.128,0
2023-01-26T02:17:28.640000,1.422685,55.10962,-1.164,0
2023-01-26T02:17:29.584000,1.412609,55.05269,-1.201,0
2023-01-26T02:17:30.527000,1.402551,54.995759,-1.258,0
2023-01-26T02:17:31.471000,1.39251,54.938826,-1.279,0
2023-01-26T02:17:32.414000,1.382487,54.881893,-1.307,0
2023-01-26T02:17:33.358000,1.37248,54.824959,-1.326,0
2023-01-26T02:17:34.301000,1.362491,54.768025,-1.365,0
2023-01-26T02:17:35.245000,1.352518,54.711089,-1.393,0
2023-01-26T02:17:36.188000,1.342562,54.654152,-1.408,0
2023-01-26T02:17:37.131000,1.332624,54.597215,-1.45,0
2023-01-26T02:17:38.075000,1.322701,54.540276,-1.47,0
2023-01-26T02:17:39.018000,1.312796,54.483337,-1.505,0
2023-01-26T02:17:39.962000,1.302906,54.426396,-1.537,0
2023-01-26T02:17:40.905000,1.293034,54.369455,-1.548,0
2023-01-26T02:17:41.849000,1.283177,54.312513,-1.588,0
2023-01-26T02:17:42.792000,1.273338,54.255569,-1.63,0
2023-01-26T02:17:43.735000,1.263514,54.198625,-1.645,0
2023-01-26T02:17:44.679000,1.253706,54.14168,-1.672,0
2023-01-26T02:17:45.622000,1.243914,54.084734,-1.705,0
2023-01-26T02:17:46.566000,1.234139,54.027787,-1.778,0
2023-01-26T02:17:47.509000,1.224379,53.97084,-1.779,0
2023-01-26T02:17:48.453000,1.214635,53.913891,-1.82,0
2023-01-26T02:17:49.396000,1.204907,53.856941,-1.832,0
2023-01-26T02:17:50.339000,1.195194,53.799991,-1.905,0
2023-01-26T02:17:51.283000,1.185497,53.74304,-1.916,0
2023-01-26T02:17:52.226000,1.175816,53.686087,-1.893,0
2023-01-26T02:17:53.170000,1.16615,53.629134,-1.88,0
2023-01-26T02:17:54.113000,1.156499,53.57218,-1.835,0
2023-01-26T02:17:55.057000,1.146864,53.515225,-1.787,0
2023-01-26T02:17:56.000000,1.137244,53.458269,-1.725,0
2023-01-26T02:17:56.944000,1.127639,53.401312,-1.639,0
2023-01-26T02:17:57.887000,1.118049,53.344354,-1.576,0
2023-01-26T02:17:58.830000,1.108474,53.287396,-1.543,0
2023-01-26T02:17:59.774000,1.098915,53.230436,-1.495,0
2023-01-26T02:18:00.717000,1.089369,53.173476,-1.409,0
2023-01-26T02:18:01.661000,1.079839,53.116514,-1.377,0
2023-01-26T02:18:02.604000,1.070324,53.059552,-1.367,1
2023-01-26T02:18:39.398000,0.710016,50.837331,3.781,1
2023-01-26T02:18:40.342000,0.701037,50.780334,3.748,1
2023-01-26T02:18:41.285000,0.692071,50.723336,3.734,0
2023-01-26T02:18:42.229000,0.683117,50.666336,3.735,0
2023-01-26T02:18:43.172000,0.674175,50.609336,3.733,0
2023-01-26T02:18:44.115000,0.665244,50.552335,3.698,0
2023-01-26T02:18:45.059000,0.656326,50.495333,3.715,0
2023-01-26T02:18:46.002000,0.64742,50.438331,3.751,0
2023-01-26T02:18:46.946000,0.638526,50.381327,3.692,0
2023-01-26T02:18:47.889000,0.629643,50.324323,3.703,0
2023-01-26T02:18:48.833000,0.620773,50.267317,3.704,0
2023-01-26T02:18:49.776000,0.611914,50.210311,3.743,0
2023-01-26T02:18:50.719000,0.603067,50.153304,3.747,0
2023-01-26T02:18:51.663000,0.594231,50.096296,3.736,0
2023-01-26T02:18:52.606000,0.585407,50.039288,3.705,0
2023-01-26T02:18:53.550000,0.576595,49.982278,3.698,1
2023-01-26T02:18:54.493000,0.567793,49.925268,3.66,1
2023-01-26T13:32:29.447000,6.687374,53.514167,1.161,1
2023-01-26T13:32:32.278000,6.65844,53.684891,0.994,1
2023-01-26T13:32:33.221000,6.648764,53.741797,0.95,0
2023-01-26T13:32:34.165000,6.639073,53.798703,0.943,0
2023-01-26T13:32:35.108000,6.629367,53.855607,0.875,0
2023-01-26T13:32:36.051000,6.619644,53.912511,0.857,0
2023-01-26T13:32:36.995000,6.609906,53.969414,0.841,0
2023-01-26T13:32:37.938000,6.600153,54.026316,0.779,0
2023-01-26T13:32:38.882000,6.590383,54.083218,0.736,0
2023-01-26T13:32:39.825000,6.580597,54.140118,0.709,0
2023-01-26T13:32:40.769000,6.570796,54.197018,0.682,0
2023-01-26T13:32:41.712000,6.560978,54.253916,0.654,0
2023-01-26T13:32:42.656000,6.551144,54.310814,0.624,0
2023-01-26T13:32:43.599000,6.541294,54.367711,0.586,0
2023-01-26T13:32:44.542000,6.531427,54.424607,0.552,0
2023-01-26T13:32:45.486000,6.521544,54.481503,0.561,0
2023-01-26T13:32:46.429000,6.511645,54.538397,0.524,0
2023-01-26T13:32:47.373000,6.501729,54.59529,0.496,0
2023-01-26T13:32:48.316000,6.491796,54.652183,0.456,0
2023-01-26T13:32:49.260000,6.481847,54.709075,0.452,0
2023-01-26T13:32:50.203000,6.47188,54.765966,0.382,0
2023-01-26T13:32:51.146000,6.461897,54.822856,0.355,0
2023-01-26T13:32:52.090000,6.451897,54.879745,0.334,0
2023-01-26T13:32:53.033000,6.44188,54.936634,0.277,0
2023-01-26T13:32:53.977000,6.431845,54.993521,0.263,0
2023-01-26T13:32:54.920000,6.421794,55.050408,0.247,0
2023-01-26T13:32:55.864000,6.411725,55.107294,0.251,0
2023-01-26T13:32:56.807000,6.401638,55.164179,0.205,0
2023-01-26T13:32:57.751000,6.391534,55.221063,0.172,0
2023-01-26T13:32:58.694000,6.381413,55.277946,0.153,0
2023-01-26T13:32:59.637000,6.371274,55.334829,0.122,0
2023-01-26T13:33:00.581000,6.361117,55.39171,0.107,0
2023-01-26T13:33:01.524000,6.350942,55.448591,0.088,0
2023-01-26T13:33:02.468000,6.340749,55.505471,0.062,0
2023-01-26T13:33:03.411000,6.330538,55.562349,0.063,0
2023-01-26T13:33:04.355000,6.320309,55.619227,0.007,0
2023-01-26T13:33:05.298000,6.310062,55.676105,0.016,0
2023-01-26T13:33:06.241000,6.299797,55.732981,-0.01,0
2023-01-26T13:33:07.185000,6.289513,55.789856,-0.017,0
2023-01-26T13:33:08.128000,6.27921,55.846731,-0.035,0
2023-01-26T13:33:09.072000,6.268889,55.903604,-0.062,0
2023-01-26T13:33:10.015000,6.25855,55.960477,-0.054,0
2023-01-28T02:15:21.197000,0.559765,55.94794,-0.845,0
2023-01-28T02:15:22.141000,0.549424,55.891018,-0.875,0
2023-01-28T02:15:23.084000,0.539102,55.834095,-0.887,0
2023-01-28T02:15:24.028000,0.528799,55.77717,-0.921,0
2023-01-28T02:15:24.971000,0.518514,55.720245,-0.96,0
2023-01-28T02:15:25.915000,0.508248,55.663319,-0.98,0
2023-01-28T02:15:26.858000,0.498,55.606392,-1.011,0
2023-01-28T02:15:27.801000,0.48777,55.549464,-1.007,0
2023-01-28T02:15:28.745000,0.477558,55.492535,-1.047,0
2023-01-28T02:15:29.688000,0.467364,55.435605,-1.095,0
2023-01-28T02:15:30.632000,0.457188,55.378674,-1.094,0
2023-01-28T02:15:31.575000,0.447031,55.321743,-1.126,0
2023-01-28T02:15:32.519000,0.43689,55.26481,-1.136,0
2023-01-28T02:15:33.462000,0.426768,55.207876,-1.152,0
2023-01-28T02:15:34.405000,0.416663,55.150942,-1.196,0
2023-01-28T02:15:35.349000,0.406576,55.094006,-1.222,0
2023-01-28T02:15:36.292000,0.396506,55.037069,-1.252,0
2023-01-28T02:15:37.236000,0.386453,54.980132,-1.273,0
2023-01-28T02:15:38.179000,0.376418,54.923194,-1.3,0
2023-01-28T02:15:39.123000,0.366399,54.866254,-1.313,0
2023-01-28T02:15:40.066000,0.356398,54.809314,-1.342,0
2023-01-28T02:15:41.010000,0.346414,54.752373,-1.389,0
2023-01-28T02:15:41.953000,0.336447,54.695431,-1.412,0
2023-01-28T02:15:42.896000,0.326497,54.638488,-1.405,0
2023-01-28T02:15:43.840000,0.316563,54.581544,-1.443,0
2023-01-28T02:15:44.783000,0.306646,54.524599,-1.493,0
2023-01-28T02:15:45.727000,0.296746,54.467654,-1.536,0
2023-01-28T02:15:46.670000,0.286862,54.410707,-1.53,0
2023-01-28T02:15:47.614000,0.276994,54.353759,-1.57,0
2023-01-28T02:15:48.557000,0.267143,54.296811,-1.584,0
2023-01-28T02:15:49.500000,0.257308,54.239861,-1.611,0
2023-01-28T02:15:50.444000,0.24749,54.182911,-1.647,0
2023-01-28T02:15:51.387000,0.237687,54.12596,-1.66,0
2023-01-28T02:15:52.331000,0.2279,54.069007,-1.677,0
2023-01-28T02:15:53.274000,0.21813,54.012054,-1.717,0
2023-01-28T02:15:54.218000,0.208375,53.9551,-1.716,0
2023-01-28T02:15:55.161000,0.198636,53.898145,-1.735,0
2023-01-28T02:15:56.105000,0.188913,53.84119,-1.765,0
2023-01-28T02:15:57.048000,0.179206,53.784233,-1.783,1
2023-01-28T02:15:57.991000,0.169514,53.727275,-1.752,1
2023-01-28T02:16:47.050000,-0.314713,50.764246,1.554,1
2023-01-28T02:16:47.994000,-0.323676,50.707241,1.526,1
2023-01-28T02:16:48.937000,-0.332626,50.650236,1.516,0
2023-01-28T02:16:49.880000,-0.341564,50.593229,1.528,0
2023-01-28T02:16:50.824000,-0.35049,50.536222,1.53,0
2023-01-28T02:16:51.767000,-0.359404,50.479214,1.546,0
2023-01-28T02:16:52.711000,-0.368306,50.422205,1.553,0
2023-01-28T02:16:53.654000,-0.377197,50.365195,1.55,0
2023-01-28T02:16:54.598000,-0.386075,50.308185,1.558,0
2023-01-28T02:16:55.541000,-0.394942,50.251173,1.616,0
2023-01-28T02:16:56.485000,-0.403797,50.194161,1.602,0
2023-01-28T02:16:57.428000,-0.41264,50.137148,1.648,0
2023-01-28T02:16:58.371000,-0.421472,50.080134,1.673,0
2023-01-28T02:16:59.315000,-0.430292,50.023119,1.701,0
2023-01-28T02:17:00.258000,-0.439101,49.966103,1.736,0
2023-01-28T02:17:01.202000,-0.447898,49.909087,1.771,0
2023-01-28T02:17:02.145000,-0.456684,49.852069,1.8,0
2023-01-28T02:17:03.089000,-0.465458,49.795051,1.818,0
2023-01-28T02:17:04.032000,-0.474221,49.738032,1.881,0
2023-01-28T13:30:36.156000,5.673074,53.525816,0.667,1
2023-01-28T13:30:37.099000,5.663443,53.582728,0.631,1
2023-01-28T13:30:38.043000,5.653796,53.639638,0.596,0
2023-01-28T13:30:38.986000,5.644134,53.696548,0.576,0
2023-01-28T13:30:39.930000,5.634456,53.753457,0.567,0
2023-01-28T13:30:40.873000,5.624763,53.810365,0.55,0
2023-01-28T13:30:41.817000,5.615054,53.867273,0.528,0
2023-01-28T13:30:42.760000,5.60533,53.924179,0.487,0
2023-01-28T13:30:43.703000,5.59559,53.981085,0.455,0
2023-01-28T13:30:44.647000,5.585834,54.03799,0.429,0
2023-01-28T13:30:45.590000,5.576062,54.094894,0.383,0
2023-01-28T13:30:46.534000,5.566274,54.151797,0.361,0
2023-01-28T13:30:47.477000,5.55647,54.208699,0.373,0
2023-01-28T13:30:48.421000,5.54665,54.2656,0.348,0
2023-01-28T13:30:49.364000,5.536814,54.322501,0.34,0
2023-01-28T13:30:50.307000,5.526962,54.379401,0.324,0
2023-01-28T13:30:51.251000,5.517093,54.4363,0.339,0
2023-01-28T13:30:52.194000,5.507208,54.493198,0.335,0
2023-01-28T13:30:53.138000,5.497306,54.550095,0.298,0
2023-01-28T13:30:54.081000,5.487388,54.606991,0.274,0
2023-01-28T13:30:55.025000,5.477453,54.663887,0.268,0
2023-01-28T13:30:55.968000,5.467501,54.720781,0.247,0
2023-01-28T13:30:56.912000,5.457532,54.777675,0.23,0
2023-01-28T13:30:57.855000,5.447547,54.834568,0.238,0
2023-01-28T13:30:58.798000,5.437544,54.89146,0.198,0
2023-01-28T13:30:59.742000,5.427524,54.948351,0.168,0
2023-01-28T13:31:00.685000,5.417488,55.005242,0.164,0
2023-01-28T13:31:01.629000,5.407433,55.062131,0.157,0
2023-01-28T13:31:02.572000,5.397362,55.11902,0.137,0
2023-01-28T13:31:03.516000,5.387273,55.175908,0.101,0
2023-01-28T13:31:04.459000,5.377167,55.232794,0.1,0
2023-01-28T13:31:05.402000,5.367043,55.28968,0.09,0
2023-01-28T13:31:06.346000,5.356901,55.346566,0.073,0
2023-01-28T13:31:07.289000,5.346741,55.40345,0.06,0
2023-01-28T13:31:08.233000,5.336564,55.460333,0.023,0
2023-01-28T13:31:09.176000,5.326369,55.517216,-0.007,0
2023-01-28T13:31:10.120000,5.316155,55.574098,-0.012,0
2023-01-28T13:31:11.063000,5.305924,55.630978,0.0,0
2023-01-28T13:31:12.007000,5.295674,55.687858,-0.01,0
2023-01-28T13:31:12.950000,5.285406,55.744737,-0.031,0
2023-01-28T13:31:13.893000,5.275119,55.801616,-0.015,0
2023-01-28T13:31:14.837000,5.264814,55.858493,-0.055,0
2023-01-28T13:31:15.780000,5.254491,55.915369,-0.061,0
2023-01-28T13:31:16.724000,5.244148,55.972245,-0.078,0
2023-01-30T02:13:26.962000,-0.44702,55.981224,-0.123,0
2023-01-30T02:13:27.906000,-0.457371,55.924296,-0.123,0
2023-01-30T02:13:28.849000,-0.467704,55.867367,-0.103,0
2023-01-30T02:13:29.793000,-0.478018,55.810438,-0.091,0
2023-01-30T02:13:30.736000,-0.488313,55.753507,-0.073,0
2023-01-30T02:13:31.680000,-0.49859,55.696576,-0.112,0
2023-01-30T02:13:32.623000,-0.508849,55.639643,-0.105,0
2023-01-30T02:13:33.566000,-0.519089,55.58271,-0.118,0
2023-01-30T02:13:34.510000,-0.529312,55.525776,-0.096,0
2023-01-30T02:13:35.453000,-0.539516,55.46884,-0.114,0
2023-01-30T02:13:36.397000,-0.549702,55.411904,-0.106,0
2023-01-30T02:13:37.340000,-0.55987,55.354967,-0.086,0
2023-01-30T02:13:38.284000,-0.57002,55.298029,-0.089,0
2023-01-30T02:13:39.227000,-0.580153,55.24109,-0.044,0
2023-01-30T02:13:40.171000,-0.590268,55.18415,-0.073,0
2023-01-30T02:13:41.114000,-0.600365,55.127209,-0.056,0
2023-01-30T02:13:42.057000,-0.610445,55.070267,-0.027,0
2023-01-30T02:13:43.001000,-0.620508,55.013324,-0.036,0
2023-01-30T02:13:43.944000,-0.630553,54.956381,-0.043,0
2023-01-30T02:13:44.888000,-0.640581,54.899436,-0.036,0
2023-01-30T02:13:45.831000,-0.650592,54.842491,-0.04,0
2023-01-30T02:13:46.775000,-0.660586,54.785544,-0.076,0
2023-01-30T02:13:47.718000,-0.670563,54.728597,-0.007,0
2023-01-30T02:13:48.661000,-0.680523,54.671648,-0.022,1
2023-01-30T02:13:49.605000,-0.690466,54.614699,-0.002,1
2023-01-30T02:14:57.532000,-1.367013,50.511986,0.082,1
2023-01-30T02:14:58.476000,-1.375922,50.454972,0.149,1
2023-01-30T02:14:59.419000,-1.384819,50.397957,0.199,0
2023-01-30T02:15:00.363000,-1.393704,50.340941,0.267,0
2023-01-30T02:15:01.306000,-1.402578,50.283925,0.364,0
2023-01-30T02:15:02.250000,-1.411439,50.226907,0.433,0
2023-01-30T02:15:03.193000,-1.420289,50.169889,0.483,0
2023-01-30T02:15:04.136000,-1.429127,50.112869,0.582,0
2023-01-30T02:15:05.080000,-1.437954,50.055849,0.604,0
2023-01-30T02:15:06.023000,-1.446769,49.998828,0.695,0
2023-01-30T02:15:06.967000,-1.455573,49.941806,0.788,0
2023-01-30T02:15:07.910000,-1.464365,49.884784,0.847,0
2023-01-30T02:15:08.854000,-1.473146,49.82776,0.933,1
2023-01-30T02:15:09.797000,-1.481915,49.770736,1.029,1
2023-01-30T13:28:37.204000,4.714868,53.203077,1.158,1
2023-01-30T13:28:38.147000,4.705322,53.259996,1.199,1
2023-01-30T13:28:39.091000,4.695761,53.316915,1.19,0
2023-01-30T13:28:40.034000,4.686185,53.373833,1.188,0
2023-01-30T13:28:40.978000,4.676594,53.43075,1.131,0
2023-01-30T13:28:41.921000,4.666988,53.487667,1.123,0
2023-01-30T13:28:42.864000,4.657367,53.544582,1.109,0
2023-01-30T13:28:43.808000,4.647731,53.601497,1.176,0
2023-01-30T13:28:44.751000,4.638079,53.65841,1.093,0
2023-01-30T13:28:45.695000,4.628412,53.715323,1.119,0
2023-01-30T13:28:46.638000,4.618729,53.772236,1.117,0
2023-01-30T13:28:47.582000,4.609031,53.829147,1.066,0
2023-01-30T13:28:48.525000,4.599317,53.886057,1.092,0
2023-01-30T13:28:49.468000,4.589588,53.942967,1.076,0
2023-01-30T13:28:50.412000,4.579843,53.999876,1.056,0
2023-01-30T13:28:51.355000,4.570082,54.056784,1.044,0
2023-01-30T13:28:52.299000,4.560305,54.113691,1.011,0
2023-01-30T13:28:53.242000,4.550512,54.170597,0.979,0
2023-01-30T13:28:54.186000,4.540703,54.227503,1.004,0
2023-01-30T13:28:55.129000,4.530878,54.284407,0.943,0
2023-01-30T13:28:56.072000,4.521036,54.341311,1.0,0
2023-01-30T13:28:57.016000,4.511179,54.398214,1.002,0
2023-01-30T13:28:57.959000,4.501305,54.455116,0.938,0
2023-01-30T13:28:58.903000,4.491414,54.512017,0.997,0
2023-01-30T13:28:59.846000,4.481507,54.568918,0.951,0
2023-01-30T13:29:00.790000,4.471583,54.625817,0.929,0
2023-01-30T13:29:01.733000,4.461643,54.682716,0.934,0
2023-01-30T13:29:02.677000,4.451686,54.739614,0.907,0
2023-01-30T13:29:03.620000,4.441712,54.796511,0.884,0
2023-01-30T13:29:04.563000,4.431721,54.853407,0.835,0
2023-01-30T13:29:05.507000,4.421713,54.910302,0.77,0
2023-01-30T13:29:06.450000,4.411687,54.967197,0.822,0
2023-01-30T13:29:07.394000,4.401645,55.02409,0.878,0
2023-01-30T13:29:08.337000,4.391585,55.080983,0.851,0
2023-01-30T13:29:09.281000,4.381508,55.137875,0.876,0
2023-01-30T13:29:10.224000,4.371414,55.194766,0.806,0
2023-01-30T13:29:11.167000,4.361302,55.251656,0.812,0
2023-01-30T13:29:12.111000,4.351172,55.308545,0.821,0
2023-01-30T13:29:13.054000,4.341024,55.365434,0.747,0
2023-01-30T13:29:13.998000,4.330859,55.422321,0.799,0
2023-01-30T13:29:14.941000,4.320676,55.479208,0.817,0
2023-01-30T13:29:15.885000,4.310475,55.536094,0.802,0
2023-01-30T13:29:16.828000,4.300256,55.592979,0.799,0
2023-01-30T13:29:17.772000,4.290018,55.649863,0.756,0
2023-01-30T13:29:18.715000,4.279762,55.706746,0.694,0
2023-01-30T13:29:19.658000,4.269488,55.763629,0.702,0
2023-01-30T13:29:20.602000,4.259196,55.82051,0.723,0
2023-01-30T13:29:21.545000,4.248885,55.877391,0.758,0
2023-01-30T13:29:22.489000,4.238555,55.934271,0.774,0
2023-02-01T02:11:33.671000,-1.464347,55.951052,0.45,0
2023-02-01T02:11:34.614000,-1.47469,55.894118,0.507,0
2023-02-01T02:11:35.558000,-1.485014,55.837184,0.521,0
2023-02-01T02:11:36.501000,-1.495319,55.780248,0.576,0
2023-02-01T02:11:37.445000,-1.505606,55.723311,0.543,1
2023-02-01T02:11:38.388000,-1.515875,55.666374,0.563,1
2023-02-01T02:11:39.332000,-1.526125,55.609435,0.558,1
2023-02-01T02:11:40.275000,-1.536357,55.552496,0.642,1
2023-02-01T02:13:04.241000,-2.383679,50.481237,0.518,1
2023-02-01T02:13:05.184000,-2.392582,50.424217,0.573,1
2023-02-01T02:13:06.128000,-2.401474,50.367197,0.559,0
2023-02-01T02:13:07.071000,-2.410354,50.310175,0.556,0
2023-02-01T13:26:24.100000,3.895125,52.032545,0.826,1
2023-02-01T13:26:25.043000,3.885869,52.089485,0.799,1
2023-02-01T13:26:25.987000,3.8766,52.146424,0.789,0
2023-02-01T13:26:26.930000,3.867316,52.203363,0.828,0
2023-02-01T13:26:27.874000,3.85802,52.2603,0.811,0
2023-02-01T13:26:28.817000,3.848709,52.317237,0.802,0
2023-02-01T13:26:29.761000,3.839385,52.374173,1.004,0
2023-02-01T13:26:30.704000,3.830047,52.431109,0.819,0
2023-02-01T13:26:31.648000,3.820695,52.488043,0.851,0
2023-02-01T13:26:32.591000,3.811329,52.544977,0.911,0
2023-02-01T13:26:33.534000,3.801949,52.60191,0.857,0
2023-02-01T13:26:34.478000,3.792555,52.658842,0.843,0
2023-02-01T13:26:35.421000,3.783146,52.715773,0.851,0
2023-02-01T13:26:36.365000,3.773724,52.772703,0.849,0
2023-02-01T13:26:37.308000,3.764287,52.829633,0.833,0
2023-02-01T13:26:38.252000,3.754836,52.886562,0.904,0
2023-02-01T13:26:39.195000,3.74537,52.94349,0.81,0
2023-02-01T13:26:40.138000,3.73589,53.000417,0.883,0
2023-02-01T13:26:41.082000,3.726395,53.057343,0.879,0
2023-02-01T13:26:42.025000,3.716886,53.114269,0.867,0
2023-02-01T13:26:42.969000,3.707361,53.171193,0.888,0
2023-02-01T13:26:43.912000,3.697823,53.228117,0.921,0
2023-02-01T13:26:44.856000,3.688269,53.28504,0.911,0
2023-02-01T13:26:45.799000,3.6787,53.341963,0.927,0
2023-02-01T13:26:46.743000,3.669116,53.398884,0.908,0
2023-02-01T13:26:47.686000,3.659518,53.455805,0.896,0
2023-02-01T13:26:48.629000,3.649904,53.512724,0.932,0
2023-02-01T13:26:49.573000,3.640275,53.569643,0.939,0
2023-02-01T13:26:50.516000,3.63063,53.626562,0.969,0
2023-02-01T13:26:51.460000,3.62097,53.683479,0.978,0
2023-02-01T13:26:52.403000,3.611295,53.740395,0.987,0
2023-02-01T13:26:53.347000,3.601605,53.797311,1.022,0
2023-02-01T13:26:54.290000,3.591898,53.854226,1.03,0
2023-02-01T13:26:55.233000,3.582176,53.91114,1.021,0
2023-02-01T13:26:56.177000,3.572439,53.968053,1.046,0
2023-02-01T13:26:57.120000,3.562685,54.024965,1.066,0
2023-02-01T13:26:58.064000,3.552916,54.081877,1.0,0
2023-02-01T13:26:59.007000,3.543131,54.138787,1.048,0
2023-02-01T13:26:59.951000,3.533329,54.195697,1.028,0
2023-02-01T13:27:00.894000,3.523512,54.252606,1.017,0
2023-02-01T13:27:01.838000,3.513678,54.309514,1.02,0
2023-02-01T13:27:02.781000,3.503829,54.366422,1.083,0
2023-02-01T13:27:03.724000,3.493962,54.423328,1.062,0
2023-02-01T13:27:04.668000,3.48408,54.480234,1.055,0
2023-02-01T13:27:05.611000,3.47418,54.537139,1.084,0
2023-02-01T13:27:06.555000,3.464265,54.594043,1.09,0
2023-02-01T13:27:07.498000,3.454332,54.650946,1.092,0
2023-02-01T13:27:08.442000,3.444383,54.707848,1.031,0
2023-02-01T13:27:09.385000,3.434417,54.76475,1.053,0
2023-02-01T13:27:10.328000,3.424434,54.82165,1.057,0
2023-02-01T13:27:11.272000,3.414434,54.87855,1.041,0
2023-02-01T13:27:12.215000,3.404417,54.935449,1.03,0
2023-02-01T13:27:13.159000,3.394383,54.992347,1.047,0
2023-02-01T13:27:14.102000,3.384332,55.049244,1.061,0
2023-02-01T13:27:15.046000,3.374263,55.10614,1.034,0
2023-02-01T13:27:15.989000,3.364177,55.163036,1.019,0
2023-02-01T13:27:16.933000,3.354073,55.21993,1.029,0
2023-02-01T13:27:17.876000,3.343952,55.276824,0.988,0
2023-02-01T13:27:18.819000,3.333813,55.333717,0.977,0
2023-02-01T13:27:19.763000,3.323656,55.390609,0.973,0
2023-02-01T13:27:20.706000,3.313482,55.4475,0.963,0
2023-02-01T13:27:21.650000,3.303289,55.504391,1.005,0
2023-02-01T13:27:22.593000,3.293079,55.56128,0.973,0
2023-02-01T13:27:23.537000,3.28285,55.618169,0.944,0
2023-02-01T13:27:24.480000,3.272603,55.675057,0.903,0
2023-02-01T13:27:25.423000,3.262338,55.731943,0.931,0
2023-02-01T13:27:26.367000,3.252054,55.788829,0.975,0
2023-02-01T13:27:27.310000,3.241752,55.845715,0.886,0
2023-02-01T13:27:28.254000,3.231431,55.902599,0.921,0
2023-02-01T13:27:29.197000,3.221092,55.959482,0.955,0
2023-02-03T13:24:18.544000,2.996452,51.324835,1.668,1
2023-02-03T13:24:19.487000,2.987357,51.381789,1.632,1
2023-02-03T13:24:20.431000,2.978249,51.438743,1.595,0
2023-02-03T13:24:21.374000,2.969129,51.495695,1.553,0
2023-02-03T13:24:22.318000,2.959995,51.552647,1.499,0
2023-02-03T13:24:23.261000,2.950849,51.609598,1.477,0
2023-02-03T13:24:24.204000,2.941689,51.666548,1.43,0
2023-02-03T13:24:25.148000,2.932516,51.723498,1.398,0
2023-02-03T13:24:26.091000,2.923331,51.780446,1.358,0
2023-02-03T13:24:27.035000,2.914132,51.837394,1.324,0
2023-02-03T13:24:27.978000,2.90492,51.894341,1.262,0
2023-02-03T13:24:28.922000,2.895694,51.951287,1.2,0
2023-02-03T13:24:29.865000,2.886455,52.008233,1.144,0
2023-02-03T13:24:30.809000,2.877203,52.065177,1.095,0
2023-02-03T13:24:31.752000,2.867937,52.122121,1.083,0
2023-02-03T13:24:32.695000,2.858657,52.179064,1.03,0
2023-02-03T13:24:33.639000,2.849364,52.236006,1.017,0
2023-02-03T13:24:34.582000,2.840057,52.292948,0.97,0
2023-02-03T13:24:35.526000,2.830737,52.349888,0.931,0
2023-02-03T13:24:36.469000,2.821402,52.406828,0.926,0
2023-02-03T13:24:37.413000,2.812054,52.463767,0.865,0
2023-02-03T13:24:38.356000,2.802692,52.520705,0.843,0
2023-02-03T13:24:39.299000,2.793315,52.577643,0.81,0
2023-02-03T13:24:40.243000,2.783925,52.63458,0.815,0
2023-02-03T13:24:41.186000,2.77452,52.691515,0.763,0
2023-02-03T13:24:42.130000,2.765102,52.74845,0.714,0
2023-02-03T13:24:43.073000,2.755669,52.805384,0.69,0
2023-02-03T13:24:44.017000,2.746221,52.862318,0.684,0
2023-02-03T13:24:44.960000,2.736759,52.91925,0.657,0
2023-02-03T13:24:45.904000,2.727283,52.976182,0.651,0
2023-02-03T13:24:46.847000,2.717792,53.033113,0.62,0
2023-02-03T13:24:47.790000,2.708287,53.090043,0.633,0
2023-02-03T13:24:48.734000,2.698767,53.146973,0.594,0
2023-02-03T13:24:49.677000,2.689232,53.203901,0.596,0
2023-02-03T13:24:50.621000,2.679682,53.260829,0.569,0
2023-02-03T13:24:51.564000,2.670117,53.317756,0.587,0
2023-02-03T13:24:52.508000,2.660537,53.374682,0.584,0
2023-02-03T13:24:53.451000,2.650943,53.431607,0.567,0
2023-02-03T13:24:54.394000,2.641333,53.488531,0.587,0
2023-02-03T13:24:55.338000,2.631708,53.545455,0.606,0
2023-02-03T13:24:56.281000,2.622068,53.602378,0.61,0
2023-02-03T13:24:57.225000,2.612412,53.6593,0.636,0
2023-02-03T13:24:58.168000,2.602741,53.716221,0.618,0
2023-02-03T13:24:59.112000,2.593055,53.773141,0.639,0
2023-02-03T13:25:00.055000,2.583353,53.830061,0.657,0
2023-02-03T13:25:00.999000,2.573635,53.886979,0.645,0
2023-02-03T13:25:01.942000,2.563902,53.943897,0.62,0
2023-02-03T13:25:02.885000,2.554152,54.000814,0.613,0
2023-02-03T13:25:03.829000,2.544388,54.05773,0.637,0
2023-02-03T13:25:04.772000,2.534606,54.114646,0.638,0
2023-02-03T13:25:05.716000,2.52481,54.17156,0.641,0
2023-02-03T13:25:06.659000,2.514997,54.228474,0.648,0
2023-02-03T13:25:07.603000,2.505167,54.285387,0.617,0
2023-02-03T13:25:08.546000,2.495322,54.342299,0.68,0
2023-02-03T13:25:09.489000,2.48546,54.39921,0.671,0
2023-02-03T13:25:10.433000,2.475582,54.45612,0.694,0
2023-02-03T13:25:11.376000,2.465687,54.51303,0.703,0
2023-02-03T13:25:12.320000,2.455776,54.569938,0.734,0
2023-02-03T13:25:13.263000,2.445848,54.626846,0.7,0
2023-02-03T13:25:14.207000,2.435904,54.683753,0.741,0
2023-02-03T13:25:15.150000,2.425942,54.740659,0.799,0
2023-02-03T13:25:16.094000,2.415964,54.797565,0.822,0
2023-02-03T13:25:17.037000,2.405969,54.854469,0.834,0
2023-02-03T13:25:17.980000,2.395957,54.911373,0.83,0
2023-02-03T13:25:18.924000,2.385927,54.968275,0.853,0
2023-02-03T13:25:19.867000,2.375881,55.025177,0.88,0
2023-02-03T13:25:20.811000,2.365817,55.082078,0.904,0
2023-02-03T13:25:21.754000,2.355735,55.138979,0.896,0
2023-02-03T13:25:22.698000,2.345636,55.195878,0.921,0
2023-02-03T13:25:23.641000,2.33552,55.252777,0.957,0
2023-02-03T13:25:24.584000,2.325386,55.309674,0.966,0
2023-02-03T13:25:25.528000,2.315234,55.366571,0.931,0
2023-02-03T13:25:26.471000,2.305065,55.423467,0.972,0
2023-02-03T13:25:27.415000,2.294877,55.480362,0.972,0
2023-02-03T13:25:28.358000,2.284672,55.537256,0.966,0
2023-02-03T13:25:29.302000,2.274448,55.59415,0.965,0
2023-02-03T13:25:30.245000,2.264206,55.651042,1.003,0
2023-02-03T13:25:31.189000,2.253946,55.707934,0.976,0
2023-02-03T13:25:32.132000,2.243667,55.764825,0.974,0
2023-02-03T13:25:33.075000,2.23337,55.821715,1.007,0
2023-02-03T13:25:34.019000,2.223055,55.878604,1.013,0
2023-02-03T13:25:34.962000,2.212721,55.935492,0.998,0
2023-02-05T13:22:20.535000,2.023406,51.081753,2.026,1
2023-02-05T13:22:21.479000,2.014363,51.138715,1.962,1
2023-02-05T13:22:22.422000,2.005307,51.195677,1.914,0
2023-02-05T13:22:23.365000,1.996239,51.252637,1.857,0
2023-02-05T13:22:24.309000,1.987158,51.309597,1.793,0
2023-02-05T13:22:25.252000,1.978064,51.366556,1.763,0
2023-02-05T13:22:26.196000,1.968957,51.423514,1.701,0
2023-02-05T13:22:27.139000,1.959837,51.480471,1.619,0
2023-02-05T13:22:28.083000,1.950705,51.537428,1.575,0
2023-02-05T13:22:29.026000,1.94156,51.594384,1.496,0
2023-02-05T13:22:29.970000,1.932401,51.651339,1.437,0
2023-02-05T13:22:30.913000,1.92323,51.708293,1.359,0
2023-02-05T13:22:31.856000,1.914045,51.765246,1.279,0
2023-02-05T13:22:32.800000,1.904847,51.822199,1.231,0
2023-02-05T13:22:33.743000,1.895636,51.879151,1.157,0
2023-02-05T13:22:34.687000,1.886412,51.936102,1.03,0
2023-02-05T13:22:35.630000,1.877174,51.993052,0.95,0
2023-02-05T13:22:36.574000,1.867923,52.050002,0.851,0
2023-02-05T13:22:37.517000,1.858658,52.10695,0.755,0
2023-02-05T13:22:38.460000,1.84938,52.163898,0.676,0
2023-02-05T13:22:39.404000,1.840088,52.220845,0.575,1
2023-02-05T13:22:40.347000,1.830782,52.277791,0.462,1
2023-02-05T13:22:41.291000,1.821463,52.334737,0.393,1
2023-02-05T13:22:42.234000,1.812129,52.391681,0.275,1
2023-02-05T13:22:48.838000,1.746404,52.790272,-0.628,1
2023-02-05T13:22:49.782000,1.736958,52.84721,-0.637,1
2023-02-05T13:22:50.725000,1.727498,52.904147,-0.748,0
2023-02-05T13:22:51.669000,1.718023,52.961084,-0.768,0
2023-02-05T13:22:52.612000,1.708533,53.01802,-0.783,0
2023-02-05T13:22:53.555000,1.699029,53.074955,-0.822,0
2023-02-05T13:22:54.499000,1.68951,53.131889,-0.823,0
2023-02-05T13:22:55.442000,1.679977,53.188823,-0.855,0
2023-02-05T13:22:56.386000,1.670428,53.245755,-0.899,0
2023-02-05T13:22:57.329000,1.660865,53.302687,-0.876,0
2023-02-05T13:22:58.273000,1.651286,53.359618,-0.929,0
2023-02-05T13:22:59.216000,1.641693,53.416548,-0.932,0
2023-02-05T13:23:00.160000,1.632085,53.473477,-0.925,0
2023-02-05T13:23:01.103000,1.622461,53.530406,-0.932,0
2023-02-05T13:23:02.046000,1.612822,53.587333,-0.891,0
2023-02-05T13:23:02.990000,1.603168,53.64426,-0.87,0
2023-02-05T13:23:03.933000,1.593498,53.701186,-0.85,0
2023-02-05T13:23:04.877000,1.583813,53.758112,-0.815,0
2023-02-05T13:23:05.820000,1.574113,53.815036,-0.783,0
2023-02-05T13:23:06.764000,1.564397,53.87196,-0.737,0
2023-02-05T13:23:07.707000,1.554665,53.928882,-0.715,0
2023-02-05T13:23:08.650000,1.544917,53.985804,-0.65,0
2023-02-05T13:23:09.594000,1.535154,54.042725,-0.612,0
2023-02-05T13:23:10.537000,1.525374,54.099646,-0.566,0
2023-02-05T13:23:11.481000,1.515579,54.156565,-0.525,0
2023-02-05T13:23:12.424000,1.505767,54.213484,-0.472,0
2023-02-05T13:23:13.368000,1.49594,54.270402,-0.441,0
2023-02-05T13:23:14.311000,1.486096,54.327318,-0.393,0
2023-02-05T13:23:15.254000,1.476236,54.384235,-0.361,0
2023-02-05T13:23:16.198000,1.466359,54.44115,-0.3,0
2023-02-05T13:23:17.141000,1.456466,54.498064,-0.295,0
2023-02-05T13:23:18.085000,1.446556,54.554978,-0.24,0
2023-02-05T13:23:19.028000,1.43663,54.611891,-0.173,0
2023-02-05T13:23:19.972000,1.426687,54.668803,-0.146,0
2023-02-05T13:23:20.915000,1.416727,54.725714,-0.116,0
2023-02-05T13:23:21.859000,1.406751,54.782624,-0.066,0
2023-02-05T13:23:22.802000,1.396757,54.839534,-0.005,0
2023-02-05T13:23:23.745000,1.386747,54.896442,0.026,0
2023-02-05T13:23:24.689000,1.376719,54.95335,0.055,0
2023-02-05T13:23:25.632000,1.366674,55.010257,0.074,0
2023-02-05T13:23:26.576000,1.356612,55.067163,0.082,0
2023-02-05T13:23:27.519000,1.346532,55.124068,0.123,0
2023-02-05T13:23:28.463000,1.336435,55.180972,0.191,0
2023-02-05T13:23:29.406000,1.32632,55.237876,0.215,0
2023-02-05T13:23:30.349000,1.316188,55.294779,0.259,0
2023-02-05T13:23:31.293000,1.306038,55.351681,0.288,0
2023-02-05T13:23:32.236000,1.29587,55.408581,0.339,0
2023-02-05T13:23:33.180000,1.285684,55.465482,0.347,0
2023-02-05T13:23:34.123000,1.275481,55.522381,0.359,0
2023-02-05T13:23:35.067000,1.265259,55.579279,0.392,0
2023-02-05T13:23:36.010000,1.255019,55.636177,0.408,0
2023-02-05T13:23:36.954000,1.244761,55.693074,0.437,0
2023-02-05T13:23:37.897000,1.234484,55.749969,0.466,0
2023-02-05T13:23:38.840000,1.224189,55.806864,0.48,0
2023-02-05T13:23:39.784000,1.213875,55.863758,0.502,0
2023-02-05T13:23:40.727000,1.203543,55.920652,0.504,0
2023-02-05T13:23:41.671000,1.193192,55.977544,0.543,0
2023-02-06T01:17:21.446000,8.331252,55.336686,0.773,1
2023-02-06T01:17:22.389000,8.321101,55.279731,0.755,1
2023-02-06T01:17:23.333000,8.310968,55.222774,0.787,1
2023-02-06T01:17:24.276000,8.300852,55.165817,0.779,1
2023-02-06T01:17:25.220000,8.290754,55.108859,0.758,1
2023-02-06T01:17:26.163000,8.280674,55.051899,0.753,1
2023-02-06T01:17:27.106000,8.270611,54.994939,0.767,1
2023-02-06T01:17:31.824000,8.220553,54.710125,0.906,1
2023-02-06T01:17:33.711000,8.200648,54.596193,0.953,1
2023-02-06T01:17:34.654000,8.190721,54.539225,0.921,1
2023-02-06T01:17:35.597000,8.180811,54.482257,0.872,0
2023-02-06T01:17:36.541000,8.170917,54.425288,0.839,0
2023-02-06T01:17:37.484000,8.161039,54.368318,0.839,0
2023-02-06T01:17:38.428000,8.151178,54.311347,0.834,0
2023-02-06T01:17:39.371000,8.141333,54.254375,0.838,0
2023-02-06T01:17:40.315000,8.131505,54.197402,0.81,1
2023-02-06T01:17:41.258000,8.121692,54.140428,0.795,1
2023-02-06T01:17:42.201000,8.111896,54.083453,0.769,0
2023-02-06T01:17:43.145000,8.102116,54.026478,0.715,0
2023-02-06T01:17:44.088000,8.092351,53.969501,0.724,0
2023-02-06T01:17:45.032000,8.082603,53.912524,0.721,0
2023-02-06T01:17:45.975000,8.07287,53.855545,0.777,1
2023-02-07T13:20:11.205000,1.156779,50.166382,2.58,0
2023-02-07T13:20:12.149000,1.147929,50.223361,2.634,0
2023-02-07T13:20:13.092000,1.139066,50.28034,2.64,0
2023-02-07T13:20:14.036000,1.130192,50.337318,2.673,0
2023-02-07T13:20:14.979000,1.121306,50.394295,2.685,0
2023-02-07T13:20:15.922000,1.112409,50.451271,2.684,0
2023-02-07T13:20:16.866000,1.103499,50.508247,2.686,0
2023-02-07T13:20:17.809000,1.094577,50.565222,2.686,0
2023-02-07T13:20:18.753000,1.085644,50.622196,2.682,0
2023-02-07T13:20:19.696000,1.076698,50.679169,2.645,0
2023-02-07T13:20:20.640000,1.06774,50.736141,2.617,0
2023-02-07T13:20:21.583000,1.05877,50.793113,2.597,1
2023-02-07T13:20:22.526000,1.049788,50.850084,2.572,1
2023-02-07T13:20:32.904000,0.95016,51.476713,2.237,1
2023-02-07T13:20:33.848000,0.941027,51.533675,2.238,1
2023-02-07T13:20:59.320000,0.689325,53.071338,-1.964,1
2023-02-07T13:21:00.264000,0.679806,53.128278,-1.962,0
2023-02-07T13:21:01.207000,0.670271,53.185216,-2.01,0
2023-02-07T13:21:02.151000,0.660722,53.242154,-1.917,0
2023-02-07T13:21:03.094000,0.651157,53.299091,-1.912,0
2023-02-07T13:21:04.038000,0.641578,53.356027,-1.89,0
2023-02-07T13:21:04.981000,0.631984,53.412962,-1.834,0
2023-02-07T13:21:05.925000,0.622374,53.469896,-1.909,0
2023-02-07T13:21:06.868000,0.61275,53.52683,-1.849,0
2023-02-07T13:21:07.811000,0.60311,53.583763,-1.758,0
2023-02-07T13:21:08.755000,0.593455,53.640695,-1.778,0
2023-02-07T13:21:09.698000,0.583784,53.697626,-1.716,0
2023-02-07T13:21:10.642000,0.574098,53.754556,-1.623,0
2023-02-07T13:21:11.585000,0.564396,53.811486,-1.557,0
2023-02-07T13:21:12.529000,0.554679,53.868415,-1.479,0
2023-02-07T13:21:13.472000,0.544946,53.925343,-1.429,0
2023-02-07T13:21:14.415000,0.535198,53.98227,-1.356,0
2023-02-07T13:21:15.359000,0.525433,54.039196,-1.31,0
2023-02-07T13:21:16.302000,0.515653,54.096121,-1.243,0
2023-02-07T13:21:17.246000,0.505856,54.153046,-1.18,0
2023-02-07T13:21:18.189000,0.496044,54.20997,-1.127,0
2023-02-07T13:21:19.133000,0.486215,54.266893,-1.057,0
2023-02-07T13:21:20.076000,0.47637,54.323815,-0.989,0
2023-02-07T13:21:21.020000,0.466509,54.380736,-0.924,0
2023-02-07T13:21:21.963000,0.456631,54.437656,-0.894,0
2023-02-07T13:21:22.906000,0.446737,54.494576,-0.847,0
2023-02-07T13:21:23.850000,0.436827,54.551495,-0.777,0
2023-02-07T13:21:24.793000,0.426899,54.608413,-0.722,0
2023-02-07T13:21:25.737000,0.416955,54.66533,-0.677,0
2023-02-07T13:21:26.680000,0.406994,54.722246,-0.644,0
2023-02-07T13:21:27.624000,0.397017,54.779162,-0.602,0
2023-02-07T13:21:28.567000,0.387022,54.836076,-0.552,0
2023-02-07T13:21:29.510000,0.37701,54.89299,-0.491,0
2023-02-07T13:21:30.454000,0.366982,54.949903,-0.444,0
2023-02-07T13:21:31.397000,0.356936,55.006815,-0.405,0
2023-02-07T13:21:32.341000,0.346872,55.063726,-0.369,0
2023-02-07T13:21:33.284000,0.336792,55.120637,-0.331,0
2023-02-07T13:21:34.228000,0.326693,55.177546,-0.28,0
2023-02-07T13:21:35.171000,0.316578,55.234455,-0.222,0
2023-02-07T13:21:36.115000,0.306445,55.291363,-0.186,0
2023-02-07T13:21:37.058000,0.296293,55.34827,-0.141,0
2023-02-07T13:21:38.001000,0.286125,55.405176,-0.139,0
2023-02-07T13:21:38.945000,0.275938,55.462081,-0.105,0
2023-02-07T13:21:39.888000,0.265733,55.518986,-0.092,0
2023-02-07T13:21:40.832000,0.25551,55.575889,-0.002,0
2023-02-07T13:21:41.775000,0.245269,55.632792,0.033,0
2023-02-07T13:21:42.719000,0.235009,55.689694,0.055,0
2023-02-07T13:21:43.662000,0.224732,55.746595,0.093,0
2023-02-07T13:21:44.605000,0.214436,55.803495,0.127,0
2023-02-07T13:21:45.549000,0.204121,55.860395,0.141,0
2023-02-07T13:21:46.492000,0.193787,55.917293,0.178,0
2023-02-07T13:21:47.436000,0.183435,55.974191,0.203,0
2023-02-08T01:15:16.833000,7.434641,55.956533,0.289,0
2023-02-08T01:15:17.777000,7.42429,55.899583,0.322,0
2023-02-08T01:15:18.720000,7.413957,55.842633,0.325,0
2023-02-08T01:15:19.663000,7.403643,55.785682,0.348,0
2023-02-08T01:15:20.607000,7.393347,55.72873,0.365,0
2023-02-08T01:15:21.550000,7.38307,55.671776,0.416,0
2023-02-08T01:15:22.494000,7.372811,55.614822,0.431,0
2023-02-08T01:15:23.437000,7.36257,55.557868,0.453,0
2023-02-08T01:15:24.381000,7.352348,55.500912,0.498,0
2023-02-08T01:15:25.324000,7.342143,55.443955,0.525,0
2023-02-08T01:15:26.267000,7.331957,55.386997,0.535,0
2023-02-08T01:15:27.211000,7.321789,55.330038,0.571,0
2023-02-08T01:15:28.154000,7.311638,55.273079,0.567,0
2023-02-08T01:15:29.098000,7.301505,55.216118,0.596,0
2023-02-08T01:15:30.041000,7.29139,55.159157,0.6,0
2023-02-08T01:15:30.985000,7.281292,55.102194,0.618,0
2023-02-08T01:15:31.928000,7.271212,55.045231,0.65,0
2023-02-08T01:15:32.872000,7.261149,54.988267,0.646,0
2023-02-08T01:15:33.815000,7.251103,54.931302,0.639,0
2023-02-08T01:15:34.758000,7.241075,54.874336,0.643,0
2023-02-08T01:15:35.702000,7.231064,54.817369,0.668,0
2023-02-08T01:15:36.645000,7.22107,54.760401,0.687,0
2023-02-08T01:15:37.589000,7.211092,54.703432,0.698,0
2023-02-08T01:15:38.532000,7.201132,54.646462,0.69,0
2023-02-08T01:15:39.476000,7.191188,54.589492,0.725,0
2023-02-08T01:15:40.419000,7.181261,54.53252,0.729,0
2023-02-08T01:15:41.362000,7.171351,54.475548,0.718,0
2023-02-08T01:15:42.306000,7.161458,54.418575,0.733,0
2023-02-08T01:15:43.249000,7.15158,54.3616,0.73,0
2023-02-08T01:15:44.193000,7.141719,54.304625,0.755,0
2023-02-08T01:15:45.136000,7.131875,54.247649,0.755,0
2023-02-08T01:15:46.080000,7.122046,54.190672,0.758,0
2023-02-08T01:15:47.023000,7.112234,54.133694,0.765,0
2023-02-08T01:15:47.967000,7.102438,54.076716,0.783,0
2023-02-08T01:15:48.910000,7.092658,54.019736,0.768,0
2023-02-08T01:15:49.853000,7.082894,53.962755,0.756,0
2023-02-08T01:15:50.797000,7.073145,53.905774,0.753,0
2023-02-08T01:15:51.740000,7.063413,53.848792,0.746,0
2023-02-08T01:15:52.684000,7.053696,53.791808,0.736,1
2023-02-08T01:15:53.627000,7.043995,53.734824,0.708,1
2023-02-09T13:18:11.310000,0.199218,49.837897,2.617,1
2023-02-09T13:18:12.253000,0.190433,49.894886,2.77,0
2023-02-09T13:18:13.196000,0.181637,49.951874,2.757,0
2023-02-09T13:18:14.140000,0.17283,50.008862,2.802,0
2023-02-09T13:18:15.083000,0.16401,50.065849,2.727,0
2023-02-09T13:18:16.027000,0.15518,50.122835,2.822,0
2023-02-09T13:18:16.970000,0.146337,50.17982,2.865,0
2023-02-09T13:18:17.914000,0.137483,50.236805,2.843,0
2023-02-09T13:18:18.857000,0.128618,50.293788,2.808,0
2023-02-09T13:18:19.801000,0.11974,50.350771,2.782,0
2023-02-09T13:18:20.744000,0.110851,50.407754,2.861,0
2023-02-09T13:18:21.687000,0.10195,50.464735,2.815,0
2023-02-09T13:18:22.631000,0.093036,50.521716,2.789,0
2023-02-09T13:18:23.574000,0.084111,50.578696,2.868,0
2023-02-09T13:18:24.518000,0.075174,50.635675,2.726,1
2023-02-09T13:18:25.461000,0.066225,50.692653,2.805,1
2023-02-09T13:19:29.615000,-0.573926,54.56533,-1.098,1
2023-02-09T13:19:30.558000,-0.583858,54.622253,-1.045,1
2023-02-09T13:19:31.502000,-0.593807,54.679175,-0.982,0
2023-02-09T13:19:32.445000,-0.603772,54.736097,-0.94,0
2023-02-09T13:19:33.389000,-0.613755,54.793017,-0.899,0
2023-02-09T13:19:34.332000,-0.623755,54.849937,-0.84,0
2023-02-09T13:19:35.276000,-0.633771,54.906856,-0.801,0
2023-02-09T13:19:36.219000,-0.643805,54.963774,-0.741,0
2023-02-09T13:19:37.162000,-0.653856,55.020692,-0.721,0
2023-02-09T13:19:38.106000,-0.663924,55.077608,-0.668,0
2023-02-09T13:19:39.049000,-0.67401,55.134524,-0.64,0
2023-02-09T13:19:39.993000,-0.684113,55.191438,-0.576,0
2023-02-09T13:19:40.936000,-0.694234,55.248352,-0.523,0
2023-02-09T13:19:41.880000,-0.704372,55.305265,-0.475,0
2023-02-09T13:19:42.823000,-0.714529,55.362178,-0.419,0
2023-02-09T13:19:43.766000,-0.724703,55.419089,-0.368,0
2023-02-09T13:19:44.710000,-0.734895,55.476,-0.354,0
2023-02-09T13:19:45.653000,-0.745105,55.532909,-0.298,0
2023-02-09T13:19:46.597000,-0.755333,55.589818,-0.238,0
2023-02-09T13:19:47.540000,-0.765579,55.646726,-0.197,0
2023-02-09T13:19:48.484000,-0.775844,55.703633,-0.163,0
2023-02-09T13:19:49.427000,-0.786127,55.76054,-0.109,0
2023-02-09T13:19:50.371000,-0.796429,55.817445,-0.089,0
2023-02-09T13:19:51.314000,-0.806749,55.87435,-0.023,0
2023-02-09T13:19:52.257000,-0.817088,55.931253,0.018,0
2023-02-10T01:13:22.598000,6.422553,55.931823,0.513,0
2023-02-10T01:13:23.542000,6.412209,55.87487,0.543,0
2023-02-10T01:13:24.485000,6.401884,55.817916,0.573,0
2023-02-10T01:13:25.428000,6.391578,55.76096,0.593,0
2023-02-10T01:13:26.372000,6.38129,55.704004,0.562,0
2023-02-10T01:13:27.315000,6.37102,55.647047,0.588,0
2023-02-10T01:13:28.259000,6.360769,55.590089,0.606,0
2023-02-10T01:13:29.202000,6.350536,55.53313,0.673,0
2023-02-10T01:13:30.146000,6.340321,55.47617,0.652,0
2023-02-10T01:13:31.089000,6.330124,55.41921,0.664,0
2023-02-10T01:13:32.033000,6.319945,55.362248,0.717,0
2023-02-10T01:13:32.976000,6.309784,55.305285,0.719,0
2023-02-10T01:13:33.919000,6.299641,55.248322,0.757,0
2023-02-10T01:13:34.863000,6.289515,55.191357,0.748,0
2023-02-10T01:13:35.806000,6.279407,55.134392,0.769,0
2023-02-10T01:13:36.750000,6.269317,55.077425,0.795,0
2023-02-10T01:13:37.693000,6.259244,55.020458,0.829,0
2023-02-10T01:13:38.637000,6.249188,54.96349,0.826,0
2023-02-10T01:13:39.580000,6.23915,54.906521,0.862,0
2023-02-10T01:13:40.523000,6.229129,54.849551,0.863,0
2023-02-10T01:13:41.467000,6.219124,54.79258,0.902,0
2023-02-10T01:13:42.410000,6.209137,54.735608,0.912,0
2023-02-10T01:13:43.354000,6.199167,54.678636,0.906,0
2023-02-10T01:13:44.297000,6.189214,54.621662,0.907,0
2023-02-10T01:13:45.241000,6.179277,54.564688,0.946,0
2023-02-10T01:13:46.184000,6.169357,54.507712,0.954,0
2023-02-10T01:13:47.127000,6.159454,54.450736,0.96,0
2023-02-10T01:13:48.071000,6.149567,54.393759,0.928,0
2023-02-10T01:13:49.014000,6.139696,54.33678,0.969,0
2023-02-10T01:13:49.958000,6.129842,54.279801,0.956,0
2023-02-10T01:13:50.901000,6.120005,54.222822,0.967,0
2023-02-10T01:13:51.845000,6.110183,54.165841,0.965,0
2023-02-10T01:13:52.788000,6.100378,54.108859,0.964,0
2023-02-10T01:13:53.732000,6.090588,54.051876,0.978,0
2023-02-10T01:13:54.675000,6.080815,53.994893,0.955,0
2023-02-10T01:13:55.618000,6.071057,53.937908,0.969,0
2023-02-10T01:13:56.562000,6.061315,53.880923,0.952,0
2023-02-10T01:13:57.505000,6.051589,53.823937,0.942,0
2023-02-10T01:13:58.449000,6.041879,53.76695,0.958,0
2023-02-10T01:13:59.392000,6.032184,53.709962,0.931,0
2023-02-10T01:14:00.336000,6.022505,53.652973,0.922,0
2023-02-10T01:14:01.279000,6.012841,53.595983,0.905,1
2023-02-10T01:14:02.222000,6.003192,53.538992,0.855,1
2023-02-11T13:16:14.244000,-0.786297,49.700977,1.734,0
2023-02-11T13:16:16.131000,-0.803823,49.814969,1.755,0
2023-02-11T13:16:17.075000,-0.812603,49.871964,1.639,0
2023-02-11T13:16:18.018000,-0.821394,49.928958,1.598,0
2023-02-11T13:16:18.962000,-0.830197,49.985951,1.551,0
2023-02-11T13:16:19.905000,-0.839011,50.042944,1.495,0
2023-02-11T13:16:20.848000,-0.847837,50.099936,1.511,0
2023-02-11T13:16:21.792000,-0.856674,50.156927,1.437,0
2023-02-11T13:16:22.735000,-0.865523,50.213917,1.411,0
2023-02-11T13:16:23.679000,-0.874384,50.270907,1.354,0
2023-02-11T13:16:26.509000,-0.901036,50.441871,1.232,0
2023-02-11T13:16:27.452000,-0.909944,50.498857,1.223,0
2023-02-11T13:16:30.283000,-0.93674,50.669812,1.201,1
2023-02-11T13:17:54.249000,-1.788533,55.738226,-0.916,1
2023-02-11T13:17:55.192000,-1.798827,55.795137,-0.866,1
2023-02-11T13:17:56.136000,-1.80914,55.852048,-0.845,1
2023-02-11T13:17:57.079000,-1.819471,55.908957,-0.81,0
2023-02-11T13:17:58.022000,-1.82982,55.965866,-0.771,0
2023-02-12T01:11:27.420000,5.417803,55.943103,0.012,0
2023-02-12T01:11:28.363000,5.407456,55.886147,0.018,0
2023-02-12T01:11:29.307000,5.397128,55.829189,0.026,0
2023-02-12T01:11:30.250000,5.386819,55.772231,0.033,0
2023-02-12T01:11:31.193000,5.376528,55.715272,0.054,0
2023-02-12T01:11:32.137000,5.366255,55.658312,0.05,0
2023-02-12T01:11:33.080000,5.356001,55.601351,0.05,0
2023-02-12T01:11:34.024000,5.345765,55.544389,0.062,0
2023-02-12T01:11:34.967000,5.335548,55.487427,0.059,0
2023-02-12T01:11:35.911000,5.325348,55.430463,0.065,0
2023-02-12T01:11:36.854000,5.315166,55.373498,0.09,0
2023-02-12T01:11:37.798000,5.305002,55.316533,0.112,0
2023-02-12T01:11:38.741000,5.294857,55.259566,0.131,0
2023-02-12T01:11:39.684000,5.284728,55.202599,0.137,0
2023-02-12T01:11:40.628000,5.274618,55.145631,0.158,0
2023-02-12T01:11:41.571000,5.264524,55.088662,0.16,0
2023-02-12T01:11:42.515000,5.254449,55.031692,0.202,0
2023-02-12T01:11:43.458000,5.24439,54.97472,0.208,0
2023-02-12T01:11:44.402000,5.234349,54.917748,0.235,0
2023-02-12T01:11:45.345000,5.224325,54.860776,0.219,0
2023-02-12T01:11:46.288000,5.214319,54.803802,0.224,0
2023-02-12T01:11:47.232000,5.204329,54.746827,0.254,0
2023-02-12T01:11:48.175000,5.194356,54.689852,0.268,0
2023-02-12T01:11:49.119000,5.1844,54.632875,0.263,0
2023-02-12T01:11:50.062000,5.174461,54.575898,0.293,0
2023-02-12T01:11:51.006000,5.164538,54.51892,0.286,0
2023-02-12T01:11:51.949000,5.154633,54.461941,0.313,0
2023-02-12T01:11:52.893000,5.144743,54.404961,0.323,0
2023-02-12T01:11:53.836000,5.13487,54.34798,0.313,0
2023-02-12T01:11:54.779000,5.125014,54.290998,0.324,0
2023-02-12T01:11:55.723000,5.115174,54.234015,0.322,0
2023-02-12T01:11:56.666000,5.105349,54.177032,0.277,0
2023-02-12T01:11:57.610000,5.095541,54.120047,0.31,0
2023-02-12T01:11:58.553000,5.08575,54.063062,0.307,0
2023-02-12T01:11:59.497000,5.075974,54.006075,0.32,0
2023-02-12T01:12:00.440000,5.066214,53.949088,0.311,0
2023-02-12T01:12:01.383000,5.05647,53.8921,0.297,0
2023-02-12T01:12:02.327000,5.046741,53.835111,0.292,0
2023-02-12T01:12:03.270000,5.037028,53.778121,0.275,0
2023-02-12T01:12:04.214000,5.027331,53.721131,0.274,0
2023-02-12T01:12:05.157000,5.01765,53.664139,0.269,0
2023-02-12T01:12:06.101000,5.007983,53.607146,0.249,0
2023-02-12T01:12:07.044000,4.998333,53.550153,0.2,0
2023-02-12T01:12:07.988000,4.988697,53.493159,0.214,0
2023-02-12T01:12:08.931000,4.979077,53.436164,0.181,1
2023-02-12T01:12:09.874000,4.969472,53.379167,0.126,1
2023-02-13T13:14:20.009000,-1.800149,49.756296,1.013,1
2023-02-13T13:14:20.953000,-1.808916,49.813297,0.949,1
2023-02-13T13:14:21.896000,-1.817696,49.870298,0.912,0
2023-02-13T13:14:22.840000,-1.826486,49.927297,0.865,0
2023-02-13T13:14:23.783000,-1.835288,49.984297,0.815,0
2023-02-13T13:14:24.727000,-1.844102,50.041295,0.713,0
2023-02-13T13:14:25.670000,-1.852927,50.098292,0.675,0
2023-02-13T13:14:26.613000,-1.861763,50.155289,0.588,0
2023-02-13T13:14:27.557000,-1.870611,50.212285,0.539,0
2023-02-13T13:14:28.500000,-1.879471,50.269281,0.456,0
2023-02-13T13:14:29.444000,-1.888343,50.326275,0.375,0
2023-02-13T13:14:30.387000,-1.897227,50.383269,0.329,0
2023-02-13T13:14:31.331000,-1.906122,50.440262,0.234,0
2023-02-13T13:14:32.274000,-1.915029,50.497254,0.169,1
2023-02-13T13:14:33.218000,-1.923948,50.554246,0.12,1
2023-02-14T01:09:32.241000,4.412982,55.956063,-0.019,0
2023-02-14T01:09:33.185000,4.402632,55.899105,-0.035,0
2023-02-14T01:09:34.128000,4.392301,55.842147,-0.017,0
2023-02-14T01:09:35.072000,4.381988,55.785188,-0.006,0
2023-02-14T01:09:36.015000,4.371694,55.728228,0.014,0
2023-02-14T01:09:36.959000,4.361418,55.671267,0.012,0
2023-02-14T01:09:37.902000,4.35116,55.614305,0.034,0
2023-02-14T01:09:38.845000,4.340921,55.557342,0.038,0
2023-02-14T01:09:39.789000,4.3307,55.500378,0.038,0
2023-02-14T01:09:40.732000,4.320497,55.443413,0.067,0
2023-02-14T01:09:41.676000,4.310312,55.386448,0.043,0
2023-02-14T01:09:42.619000,4.300145,55.329481,0.059,0
2023-02-14T01:09:43.563000,4.289996,55.272514,0.072,0
2023-02-14T01:09:44.506000,4.279864,55.215545,0.091,0
2023-02-14T01:09:45.449000,4.26975,55.158576,0.103,0
2023-02-14T01:09:46.393000,4.259654,55.101606,0.106,0
2023-02-14T01:09:47.336000,4.249575,55.044635,0.134,0
2023-02-14T01:09:48.280000,4.239514,54.987663,0.137,0
2023-02-14T01:09:49.223000,4.229469,54.93069,0.152,0
2023-02-14T01:09:50.167000,4.219442,54.873716,0.161,0
2023-02-14T01:09:51.110000,4.209433,54.816741,0.179,0
2023-02-14T01:09:52.054000,4.19944,54.759766,0.202,0
2023-02-14T01:09:52.997000,4.189464,54.702789,0.228,0
2023-02-14T01:09:53.940000,4.179505,54.645812,0.246,0
2023-02-14T01:09:54.884000,4.169563,54.588834,0.261,0
2023-02-14T01:09:55.827000,4.159637,54.531854,0.263,0
2023-02-14T01:09:56.771000,4.149728,54.474874,0.259,0
2023-02-14T01:09:57.714000,4.139836,54.417893,0.285,0
2023-02-14T01:09:58.658000,4.12996,54.360912,0.305,0
2023-02-14T01:09:59.601000,4.120101,54.303929,0.32,0
2023-02-14T01:10:00.544000,4.110257,54.246945,0.305,0
2023-02-14T01:10:01.488000,4.10043,54.189961,0.306,0
2023-02-14T01:10:02.431000,4.09062,54.132975,0.319,0
2023-02-14T01:10:03.375000,4.080825,54.075989,0.342,0
2023-02-14T01:10:04.318000,4.071046,54.019002,0.359,0
2023-02-14T01:10:05.262000,4.061283,53.962013,0.344,0
2023-02-14T01:10:06.205000,4.051536,53.905024,0.376,0
2023-02-14T01:10:07.149000,4.041805,53.848035,0.354,0
2023-02-14T01:10:08.092000,4.032089,53.791044,0.369,0
2023-02-14T01:10:09.035000,4.02239,53.734052,0.337,0
2023-02-14T01:10:09.979000,4.012705,53.67706,0.323,0
2023-02-14T01:10:10.922000,4.003036,53.620066,0.306,0
2023-02-14T01:10:11.866000,3.993383,53.563072,0.3,0
2023-02-14T01:10:12.809000,3.983744,53.506077,0.296,0
2023-02-14T01:10:13.753000,3.974121,53.449081,0.262,0
2023-02-14T01:10:14.696000,3.964514,53.392084,0.261,0
2023-02-14T01:10:15.639000,3.954921,53.335086,0.254,0
2023-02-14T01:10:16.583000,3.945343,53.278087,0.243,0
2023-02-14T01:10:17.526000,3.935781,53.221088,0.18,0
2023-02-14T01:10:18.470000,3.926233,53.164088,0.167,0
2023-02-14T01:10:19.413000,3.9167,53.107086,0.164,0
2023-02-14T01:10:20.357000,3.907181,53.050084,0.128,0
2023-02-14T01:10:21.300000,3.897678,52.993081,0.099,0
2023-02-14T01:10:22.244000,3.888189,52.936077,0.085,0
2023-02-14T01:10:23.187000,3.878714,52.879073,0.041,0
2023-02-14T01:10:24.130000,3.869254,52.822067,0.017,0
2023-02-14T01:10:25.074000,3.859809,52.76506,-0.022,0
2023-02-14T01:10:26.017000,3.850378,52.708053,-0.06,0
2023-02-14T01:10:26.961000,3.840961,52.651045,-0.116,0
2023-02-14T01:10:27.904000,3.831558,52.594036,-0.117,0
2023-02-14T01:10:28.848000,3.822169,52.537026,-0.172,0
2023-02-14T01:10:29.791000,3.812795,52.480015,-0.229,0
2023-02-14T01:10:30.734000,3.803434,52.423004,-0.224,0
2023-02-14T01:10:31.678000,3.794088,52.365991,-0.244,0
2023-02-14T01:10:32.621000,3.784755,52.308978,-0.314,0
2023-02-14T01:10:33.565000,3.775436,52.251963,-0.341,0
2023-02-14T01:10:34.508000,3.766131,52.194948,-0.374,0
2023-02-14T01:10:35.452000,3.75684,52.137933,-0.421,0
2023-02-14T01:10:36.395000,3.747562,52.080916,-0.492,0
2023-02-14T01:10:37.338000,3.738298,52.023898,-0.515,0
2023-02-14T01:10:38.282000,3.729047,51.96688,-0.55,0
2023-02-14T01:10:39.225000,3.71981,51.90986,-0.597,1
2023-02-14T01:10:40.169000,3.710586,51.85284,-0.689,1
2023-02-16T01:07:38.950000,3.398337,55.947615,0.392,0
2023-02-16T01:07:39.893000,3.387989,55.890656,0.376,0
2023-02-16T01:07:40.837000,3.377659,55.833695,0.391,0
2023-02-16T01:07:41.780000,3.367348,55.776734,0.436,0
2023-02-16T01:07:42.724000,3.357056,55.719772,0.404,0
2023-02-16T01:07:43.667000,3.346782,55.662808,0.426,0
2023-02-16T01:07:44.610000,3.336527,55.605844,0.453,0
2023-02-16T01:07:45.554000,3.326289,55.548879,0.464,0
2023-02-16T01:07:46.497000,3.31607,55.491913,0.497,0
2023-02-16T01:07:47.441000,3.305869,55.434947,0.487,0
2023-02-16T01:07:48.384000,3.295686,55.377979,0.481,0
2023-02-16T01:07:49.328000,3.285521,55.32101,0.494,0
2023-02-16T01:07:50.271000,3.275373,55.264041,0.531,0
2023-02-16T01:07:51.215000,3.265244,55.20707,0.523,0
2023-02-16T01:07:52.158000,3.255132,55.150099,0.524,0
2023-02-16T01:07:53.101000,3.245037,55.093126,0.54,0
2023-02-16T01:07:54.045000,3.23496,55.036153,0.556,0
2023-02-16T01:07:54.988000,3.2249,54.979179,0.568,0
2023-02-16T01:07:55.932000,3.214858,54.922204,0.563,0
2023-02-16T01:07:56.875000,3.204833,54.865228,0.588,0
2023-02-16T01:07:57.819000,3.194825,54.808252,0.582,0
2023-02-16T01:07:58.762000,3.184834,54.751274,0.608,0
2023-02-16T01:07:59.705000,3.174859,54.694295,0.605,0
2023-02-16T01:08:00.649000,3.164902,54.637316,0.63,0
2023-02-16T01:08:01.592000,3.154962,54.580336,0.644,0
2023-02-16T01:08:02.536000,3.145038,54.523354,0.654,0
2023-02-16T01:08:03.479000,3.135131,54.466372,0.659,0
2023-02-16T01:08:04.423000,3.12524,54.409389,0.695,0
2023-02-16T01:08:05.366000,3.115366,54.352405,0.682,0
2023-02-16T01:08:06.309000,3.105508,54.29542,0.666,0
2023-02-16T01:08:07.253000,3.095667,54.238435,0.694,0
2023-02-16T01:08:08.196000,3.085841,54.181448,0.697,0
2023-02-16T01:08:09.140000,3.076032,54.124461,0.682,0
2023-02-16T01:08:10.083000,3.066239,54.067473,0.724,0
2023-02-16T01:08:11.027000,3.056462,54.010483,0.72,0
2023-02-16T01:08:11.970000,3.046701,53.953493,0.719,0
2023-02-16T01:08:12.914000,3.036955,53.896502,0.692,0
2023-02-16T01:08:13.857000,3.027226,53.83951,0.712,0
2023-02-16T01:08:14.800000,3.017512,53.782518,0.714,0
2023-02-16T01:08:15.744000,3.007813,53.725524,0.721,0
2023-02-16T01:08:16.687000,2.998131,53.66853,0.722,0
2023-02-16T01:08:17.631000,2.988463,53.611534,0.709,0
2023-02-16T01:08:18.574000,2.978811,53.554538,0.7,0
2023-02-16T01:08:19.518000,2.969175,53.497541,0.697,0
2023-02-16T01:08:20.461000,2.959553,53.440543,0.674,0
2023-02-16T01:08:21.404000,2.949947,53.383544,0.651,0
2023-02-16T01:08:22.348000,2.940356,53.326545,0.638,0
2023-02-16T01:08:23.291000,2.93078,53.269544,0.634,0
2023-02-16T01:08:24.235000,2.921219,53.212543,0.602,0
2023-02-16T01:08:25.178000,2.911672,53.15554,0.587,0
2023-02-16T01:08:26.122000,2.902141,53.098537,0.566,0
2023-02-16T01:08:27.065000,2.892624,53.041533,0.522,0
2023-02-16T01:08:28.009000,2.883122,52.984528,0.501,0
2023-02-16T01:08:28.952000,2.873634,52.927522,0.459,0
2023-02-16T01:08:29.895000,2.864161,52.870516,0.387,0
2023-02-16T01:08:30.839000,2.854703,52.813508,0.383,0
2023-02-16T01:08:31.782000,2.845259,52.7565,0.345,0
2023-02-16T01:08:32.726000,2.835829,52.699491,0.288,0
2023-02-16T01:08:33.669000,2.826414,52.642481,0.256,0
2023-02-16T01:08:34.613000,2.817012,52.58547,0.21,0
2023-02-16T01:08:35.556000,2.807625,52.528458,0.158,0
2023-02-16T01:08:36.499000,2.798252,52.471445,0.135,0
2023-02-16T01:08:37.443000,2.788893,52.414432,0.066,0
2023-02-16T01:08:38.386000,2.779548,52.357418,0.013,0
2023-02-16T01:08:39.330000,2.770217,52.300402,-0.057,0
2023-02-16T01:08:40.273000,2.760899,52.243386,-0.106,0
2023-02-16T01:08:41.217000,2.751596,52.18637,-0.184,0
2023-02-16T01:08:42.160000,2.742306,52.129352,-0.227,0
2023-02-16T01:08:43.104000,2.733029,52.072333,-0.262,0
2023-02-16T01:08:44.047000,2.723766,52.015314,-0.361,0
2023-02-16T01:08:44.990000,2.714517,51.958294,-0.392,0
2023-02-16T01:08:45.934000,2.705281,51.901273,-0.474,0
2023-02-16T01:08:46.877000,2.696058,51.844251,-0.522,0
2023-02-16T01:08:47.821000,2.686849,51.787228,-0.585,0
2023-02-16T01:08:48.764000,2.677653,51.730204,-0.647,0
2023-02-16T01:08:49.708000,2.66847,51.67318,-0.712,0
2023-02-16T01:08:50.651000,2.659301,51.616154,-0.752,0
2023-02-16T01:08:51.594000,2.650144,51.559128,-0.791,0
2023-02-16T01:08:52.538000,2.641001,51.502101,-0.863,0
2023-02-16T01:08:53.481000,2.63187,51.445073,-0.924,0
2023-02-16T01:08:54.425000,2.622752,51.388045,-0.993,0
2023-02-16T01:08:55.368000,2.613647,51.331015,-1.024,0
2023-02-16T01:08:56.312000,2.604555,51.273985,-1.046,0
2023-02-16T01:08:57.255000,2.595476,51.216954,-1.098,1
2023-02-16T01:08:58.199000,2.586409,51.159922,-1.134,1
2023-02-16T12:23:03.343000,8.416719,54.036749,-0.764,1
2023-02-16T12:23:04.286000,8.406938,54.093699,-0.755,0
2023-02-16T12:23:05.230000,8.397142,54.150648,-0.734,0
2023-02-16T12:23:06.173000,8.387329,54.207596,-0.699,0
2023-02-16T12:23:07.116000,8.3775,54.264543,-0.657,1
2023-02-16T12:23:08.060000,8.367655,54.321489,-0.628,1
2023-02-16T12:23:09.003000,8.357794,54.378435,-0.617,1
2023-02-16T12:23:10.890000,8.338022,54.492324,-0.515,1
2023-02-16T12:23:11.834000,8.328112,54.549267,-0.483,1
2023-02-16T12:23:19.381000,8.24822,55.004782,-0.151,1
2023-02-16T12:23:20.325000,8.238157,55.061718,-0.112,1
2023-02-16T12:23:21.268000,8.228076,55.118652,-0.128,1
2023-02-16T12:23:22.211000,8.217978,55.175586,-0.054,0
2023-02-16T12:23:23.155000,8.207862,55.232519,-0.056,0
2023-02-16T12:23:24.098000,8.197728,55.289451,-0.003,0
2023-02-16T12:23:25.042000,8.187577,55.346383,0.049,1
2023-02-16T12:23:25.985000,8.177408,55.403313,0.09,1
2023-02-16T12:23:26.929000,8.167221,55.460243,0.113,1
2023-02-18T01:05:44.715000,2.39302,55.978353,1.045,0
2023-02-18T01:05:45.658000,2.382659,55.921392,1.042,0
2023-02-18T01:05:46.602000,2.372317,55.864431,1.033,0
2023-02-18T01:05:47.545000,2.361993,55.807469,1.029,0
2023-02-18T01:05:48.489000,2.351688,55.750506,1.027,0
2023-02-18T01:05:49.432000,2.341402,55.693542,0.99,0
2023-02-18T01:05:50.375000,2.331134,55.636577,1.021,0
2023-02-18T01:05:51.319000,2.320884,55.579611,0.999,0
2023-02-18T01:05:52.262000,2.310653,55.522644,1.012,0
2023-02-18T01:05:53.206000,2.300439,55.465676,1.003,0
2023-02-18T01:05:54.149000,2.290244,55.408708,0.98,0
2023-02-18T01:05:55.093000,2.280067,55.351738,0.99,0
2023-02-18T01:05:56.036000,2.269907,55.294768,0.998,0
2023-02-18T01:05:56.980000,2.259765,55.237797,0.976,0
2023-02-18T01:05:57.923000,2.249642,55.180824,1.005,0
2023-02-18T01:05:58.866000,2.239535,55.123851,1.005,0
2023-02-18T01:05:59.810000,2.229446,55.066877,1.005,0
2023-02-18T01:06:00.753000,2.219375,55.009902,0.98,0
2023-02-18T01:06:01.697000,2.20932,54.952927,1.0,0
2023-02-18T01:06:02.640000,2.199283,54.89595,1.012,0
2023-02-18T01:06:03.584000,2.189264,54.838972,0.965,0
2023-02-18T01:06:04.527000,2.179261,54.781994,0.981,0
2023-02-18T01:06:05.470000,2.169275,54.725015,1.026,0
2023-02-18T01:06:06.414000,2.159307,54.668034,0.98,0
2023-02-18T01:06:07.357000,2.149355,54.611053,0.984,0
2023-02-18T01:06:08.301000,2.139419,54.554071,0.976,0
2023-02-18T01:06:09.244000,2.129501,54.497088,0.98,0
2023-02-18T01:06:10.188000,2.119599,54.440105,0.972,0
2023-02-18T01:06:11.131000,2.109714,54.38312,0.972,0
2023-02-18T01:06:12.075000,2.099845,54.326134,0.945,0
2023-02-18T01:06:13.018000,2.089992,54.269148,0.938,0
2023-02-18T01:06:13.961000,2.080156,54.212161,0.899,0
2023-02-18T01:06:14.905000,2.070335,54.155173,0.882,0
2023-02-18T01:06:15.848000,2.060531,54.098183,0.876,0
2023-02-18T01:06:16.792000,2.050743,54.041194,0.849,0
2023-02-18T01:06:17.735000,2.040971,53.984203,0.811,0
2023-02-18T01:06:18.679000,2.031215,53.927211,0.802,0
2023-02-18T01:06:19.622000,2.021475,53.870219,0.741,0
2023-02-18T01:06:20.565000,2.01175,53.813225,0.729,0
2023-02-18T01:06:21.509000,2.002041,53.756231,0.687,0
2023-02-18T01:06:22.452000,1.992347,53.699236,0.649,0
2023-02-18T01:06:23.396000,1.982669,53.64224,0.639,0
2023-02-18T01:06:24.339000,1.973007,53.585243,0.55,0
2023-02-18T01:06:25.283000,1.96336,53.528245,0.521,0
2023-02-18T01:06:26.226000,1.953728,53.471246,0.495,0
2023-02-18T01:06:27.170000,1.944111,53.414247,0.463,0
2023-02-18T01:06:28.113000,1.93451,53.357246,0.438,0
2023-02-18T01:06:29.056000,1.924923,53.300245,0.411,0
2023-02-18T01:06:30.000000,1.915352,53.243243,0.342,0
2023-02-18T01:06:30.943000,1.905795,53.18624,0.277,0
2023-02-18T01:06:31.887000,1.896253,53.129236,0.278,0
2023-02-18T01:06:32.830000,1.886726,53.072232,0.249,0
2023-02-18T01:06:33.774000,1.877214,53.015226,0.209,0
2023-02-18T01:06:34.717000,1.867717,52.95822,0.164,0
2023-02-18T01:06:35.660000,1.858234,52.901212,0.125,0
2023-02-18T01:06:36.604000,1.848765,52.844204,0.082,0
2023-02-18T01:06:37.547000,1.839311,52.787195,0.044,1
2023-02-18T01:06:38.491000,1.829872,52.730186,-0.078,1
2023-02-18T01:06:39.434000,1.820446,52.673175,-0.112,1
2023-02-18T01:06:45.095000,1.764191,52.331093,0.05,1
2023-02-18T01:06:46.038000,1.754864,52.274077,0.1,1
2023-02-18T01:06:46.982000,1.745551,52.217059,0.092,1
2023-02-18T01:06:47.925000,1.736251,52.160041,0.097,1
2023-02-18T01:06:48.869000,1.726965,52.103022,0.117,1
2023-02-18T01:06:49.812000,1.717693,52.046002,0.133,1
2023-02-18T01:06:50.755000,1.708434,51.988981,0.127,1
2023-02-18T01:06:51.699000,1.699189,51.931959,0.168,0
2023-02-18T01:06:52.642000,1.689957,51.874937,0.17,0
2023-02-18T01:06:53.586000,1.680739,51.817913,0.188,0
2023-02-18T01:06:54.529000,1.671534,51.760889,0.171,0
2023-02-18T01:06:55.473000,1.662342,51.703864,0.178,0
2023-02-18T01:06:56.416000,1.653163,51.646839,0.215,0
2023-02-18T01:06:57.360000,1.643997,51.589812,0.209,0
2023-02-18T01:06:58.303000,1.634845,51.532784,0.177,0
2023-02-18T01:06:59.246000,1.625705,51.475756,0.17,0
2023-02-18T01:07:00.190000,1.616578,51.418727,0.182,1
2023-02-18T01:07:01.133000,1.607464,51.361697,0.203,1
2023-02-18T01:07:02.077000,1.598363,51.304666,0.213,1
2023-02-18T01:07:03.020000,1.589275,51.247634,0.149,1
2023-02-18T01:07:03.964000,1.580199,51.190602,0.144,1
2023-02-18T01:07:04.907000,1.571137,51.133568,0.083,1
2023-02-18T01:07:05.850000,1.562086,51.076534,0.051,0
2023-02-18T01:07:06.794000,1.553048,51.019499,0.015,0
2023-02-18T01:07:07.737000,1.544023,50.962463,-0.042,1
2023-02-18T01:07:08.681000,1.53501,50.905427,-0.12,1
2023-02-18T12:21:06.277000,7.438398,53.833354,0.246,1
2023-02-18T12:21:07.221000,7.428671,53.890312,0.29,0
2023-02-18T12:21:08.164000,7.418928,53.94727,0.337,0
2023-02-18T12:21:09.108000,7.40917,54.004226,0.347,0
2023-02-18T12:21:10.051000,7.399396,54.061182,0.31,0
2023-02-18T12:21:10.995000,7.389606,54.118137,0.324,0
2023-02-18T12:21:11.938000,7.379799,54.175091,0.364,0
2023-02-18T12:21:12.882000,7.369977,54.232045,0.39,0
2023-02-18T12:21:13.825000,7.360138,54.288997,0.406,0
2023-02-18T12:21:14.768000,7.350283,54.345949,0.437,0
2023-02-18T12:21:15.712000,7.340412,54.4029,0.429,0
2023-02-18T12:21:16.655000,7.330524,54.45985,0.462,0
2023-02-18T12:21:17.599000,7.32062,54.516799,0.487,0
2023-02-18T12:21:18.542000,7.310699,54.573747,0.504,0
2023-02-18T12:21:19.486000,7.300762,54.630695,0.531,0
2023-02-18T12:21:20.429000,7.290807,54.687641,0.526,0
2023-02-18T12:21:21.372000,7.280836,54.744587,0.528,0
2023-02-18T12:21:22.316000,7.270848,54.801532,0.553,0
2023-02-18T12:21:23.259000,7.260843,54.858476,0.586,0
2023-02-18T12:21:24.203000,7.250821,54.91542,0.603,0
2023-02-18T12:21:25.146000,7.240782,54.972362,0.614,0
2023-02-18T12:21:26.090000,7.230725,55.029304,0.635,0
2023-02-18T12:21:27.033000,7.220651,55.086244,0.682,0
2023-02-18T12:21:27.977000,7.21056,55.143184,0.669,0
2023-02-18T12:21:28.920000,7.200451,55.200124,0.705,0
2023-02-18T12:21:29.863000,7.190324,55.257062,0.7,0
2023-02-18T12:21:30.807000,7.18018,55.313999,0.7,0
2023-02-18T12:21:31.750000,7.170018,55.370936,0.701,0
2023-02-18T12:21:32.694000,7.159838,55.427872,0.74,0
2023-02-18T12:21:33.637000,7.14964,55.484806,0.701,0
2023-02-18T12:21:34.581000,7.139424,55.54174,0.689,0
2023-02-18T12:21:35.524000,7.12919,55.598674,0.693,0
2023-02-18T12:21:36.467000,7.118938,55.655606,0.72,0
2023-02-18T12:21:37.411000,7.108667,55.712537,0.705,0
2023-02-18T12:21:38.354000,7.098378,55.769468,0.72,0
2023-02-18T12:21:39.298000,7.088071,55.826398,0.719,0
2023-02-18T12:21:40.241000,7.077744,55.883327,0.699,0
2023-02-18T12:21:41.185000,7.0674,55.940255,0.728,0
2023-02-20T01:03:51.423000,1.376778,55.942811,0.516,0
2023-02-20T01:03:52.367000,1.366426,55.885849,0.489,0
2023-02-20T01:03:53.310000,1.356093,55.828887,0.456,0
2023-02-20T01:03:54.254000,1.345779,55.771923,0.449,0
2023-02-20T01:03:55.197000,1.335483,55.714959,0.377,0
2023-02-20T01:03:56.141000,1.325206,55.657993,0.383,0
2023-02-20T01:03:57.084000,1.314947,55.601027,0.351,0
2023-02-20T01:03:58.027000,1.304706,55.54406,0.319,0
2023-02-20T01:03:58.971000,1.294483,55.487092,0.324,0
2023-02-20T01:03:59.914000,1.284278,55.430123,0.258,0
2023-02-20T01:04:00.858000,1.274092,55.373154,0.219,0
2023-02-20T01:04:01.801000,1.263923,55.316183,0.169,0
2023-02-20T01:04:02.745000,1.253772,55.259211,0.137,0
2023-02-20T01:04:03.688000,1.243639,55.202239,0.126,0
2023-02-20T01:04:04.631000,1.233524,55.145265,0.073,0
2023-02-20T01:04:05.575000,1.223426,55.088291,0.016,0
2023-02-20T01:04:06.518000,1.213345,55.031316,0.022,0
2023-02-20T01:04:07.462000,1.203282,54.97434,-0.018,0
2023-02-20T01:04:08.405000,1.193236,54.917363,-0.071,0
2023-02-20T01:04:09.349000,1.183208,54.860385,-0.103,0
2023-02-20T01:04:10.292000,1.173196,54.803406,-0.139,0
2023-02-20T01:04:11.236000,1.163202,54.746427,-0.208,0
2023-02-20T01:04:12.179000,1.153224,54.689446,-0.234,0
2023-02-20T01:04:13.122000,1.143264,54.632465,-0.317,0
2023-02-20T01:04:14.066000,1.13332,54.575482,-0.365,0
2023-02-20T01:04:15.009000,1.123393,54.518499,-0.425,0
2023-02-20T01:04:15.953000,1.113482,54.461515,-0.496,0
2023-02-20T01:04:16.896000,1.103588,54.40453,-0.583,0
2023-02-20T01:04:17.840000,1.093711,54.347545,-0.652,0
2023-02-20T01:04:18.783000,1.083849,54.290558,-0.735,0
2023-02-20T01:04:19.726000,1.074005,54.23357,-0.811,0
2023-02-20T01:04:20.670000,1.064176,54.176582,-0.874,0
2023-02-20T01:04:21.613000,1.054364,54.119593,-0.995,0
2023-02-20T01:04:22.557000,1.044567,54.062603,-1.057,0
2023-02-20T01:04:23.500000,1.034787,54.005612,-1.156,0
2023-02-20T01:04:24.444000,1.025022,53.94862,-1.239,0
2023-02-20T01:04:25.387000,1.015274,53.891627,-1.329,0
2023-02-20T01:04:26.331000,1.005541,53.834633,-1.411,0
2023-02-20T01:04:27.274000,0.995824,53.777639,-1.527,0
2023-02-20T01:04:28.217000,0.986122,53.720644,-1.638,0
2023-02-20T01:04:29.161000,0.976436,53.663647,-1.763,0
2023-02-20T01:04:30.104000,0.966765,53.60665,-1.857,0
2023-02-20T01:04:31.048000,0.95711,53.549652,-1.946,0
2023-02-20T01:04:31.991000,0.94747,53.492654,-2.02,0
2023-02-20T01:04:32.935000,0.937846,53.435654,-2.131,0
2023-02-20T01:04:33.878000,0.928236,53.378653,-2.225,0
2023-02-20T01:04:34.821000,0.918642,53.321652,-2.265,0
2023-02-20T01:04:35.765000,0.909063,53.26465,-2.306,0
2023-02-20T01:04:36.708000,0.899498,53.207647,-2.36,0
2023-02-20T01:04:37.652000,0.889949,53.150643,-2.415,0
2023-02-20T01:04:38.595000,0.880414,53.093638,-2.444,1
2023-02-20T01:04:39.539000,0.870894,53.036632,-2.541,1
2023-02-20T01:05:17.276000,0.501441,50.755718,1.302,1
2023-02-20T01:05:18.220000,0.492471,50.698678,1.265,0
2023-02-20T01:05:19.163000,0.483513,50.641637,1.231,0
2023-02-20T01:05:20.106000,0.474567,50.584596,1.205,0
2023-02-20T01:05:21.050000,0.465633,50.527553,1.134,0
2023-02-20T01:05:21.993000,0.456711,50.47051,1.079,0
2023-02-20T01:05:22.937000,0.447801,50.413466,1.027,0
2023-02-20T01:05:23.880000,0.438903,50.356422,0.982,0
2023-02-20T01:05:24.824000,0.430016,50.299376,0.96,0
2023-02-20T01:05:25.767000,0.421142,50.24233,0.883,0
2023-02-20T01:05:26.710000,0.412279,50.185283,0.825,0
2023-02-20T01:05:27.654000,0.403428,50.128235,0.717,0
2023-02-20T01:05:28.597000,0.394589,50.071186,0.66,0
2023-02-20T01:05:29.541000,0.385761,50.014137,0.556,0
2023-02-20T01:05:30.484000,0.376945,49.957086,0.432,0
2023-02-20T01:05:31.428000,0.36814,49.900035,0.352,1
2023-02-20T01:05:32.371000,0.359347,49.842983,0.263,1
2023-02-20T12:19:09.212000,6.459771,53.638523,0.672,1
2023-02-20T12:19:10.156000,6.450095,53.695489,0.678,0
2023-02-20T12:19:11.099000,6.440403,53.752455,0.654,0
2023-02-20T12:19:12.042000,6.430696,53.80942,0.672,0
2023-02-20T12:19:12.986000,6.420974,53.866384,0.669,0
2023-02-20T12:19:13.929000,6.411236,53.923347,0.674,0
2023-02-20T12:19:14.873000,6.401482,53.980309,0.706,0
2023-02-20T12:19:15.816000,6.391711,54.037271,0.679,0
2023-02-20T12:19:16.760000,6.381926,54.094232,0.724,0
2023-02-20T12:19:17.703000,6.372124,54.151192,0.721,0
2023-02-20T12:19:18.647000,6.362306,54.208151,0.714,0
2023-02-20T12:19:19.590000,6.352471,54.265109,0.731,0
2023-02-20T12:19:20.533000,6.342621,54.322066,0.697,0
2023-02-20T12:19:21.477000,6.332754,54.379023,0.738,0
2023-02-20T12:19:22.420000,6.322871,54.435979,0.731,0
2023-02-20T12:19:23.364000,6.312971,54.492934,0.724,0
2023-02-20T12:19:24.307000,6.303055,54.549888,0.727,0
2023-02-20T12:19:25.251000,6.293122,54.606841,0.749,0
2023-02-20T12:19:26.194000,6.283172,54.663794,0.716,0
2023-02-20T12:19:27.137000,6.273206,54.720745,0.741,0
2023-02-20T12:19:28.081000,6.263222,54.777696,0.754,0
2023-02-20T12:19:29.024000,6.253222,54.834646,0.792,0
2023-02-20T12:19:29.968000,6.243204,54.891595,0.757,0
2023-02-20T12:19:30.911000,6.23317,54.948543,0.741,0
2023-02-20T12:19:31.855000,6.223118,55.005491,0.74,0
2023-02-20T12:19:32.798000,6.213049,55.062437,0.753,0
2023-02-20T12:19:33.742000,6.202962,55.119383,0.738,0
2023-02-20T12:19:34.685000,6.192858,55.176328,0.744,0
2023-02-20T12:19:35.628000,6.182736,55.233272,0.71,0
2023-02-20T12:19:36.572000,6.172597,55.290215,0.701,0
2023-02-20T12:19:37.515000,6.16244,55.347157,0.707,0
2023-02-20T12:19:38.459000,6.152265,55.404099,0.672,0
2023-02-20T12:19:39.402000,6.142072,55.46104,0.68,0
2023-02-20T12:19:40.346000,6.131861,55.517979,0.673,0
2023-02-20T12:19:41.289000,6.121632,55.574918,0.64,0
2023-02-20T12:19:42.232000,6.111384,55.631856,0.618,0
2023-02-20T12:19:43.176000,6.101119,55.688794,0.599,0
2023-02-20T12:19:44.119000,6.090835,55.74573,0.575,0
2023-02-20T12:19:45.063000,6.080533,55.802665,0.579,0
2023-02-20T12:19:46.006000,6.070212,55.8596,0.604,0
2023-02-20T12:19:46.950000,6.059872,55.916534,0.573,0
2023-02-20T12:19:47.893000,6.049513,55.973467,0.579,0
2023-02-22T01:01:57.188000,0.370454,55.965813,-0.289,0
2023-02-22T01:01:58.132000,0.360094,55.908852,-0.333,0
2023-02-22T01:01:59.075000,0.349753,55.851891,-0.371,0
2023-02-22T01:02:00.019000,0.339431,55.794928,-0.458,0
2023-02-22T01:02:00.962000,0.329127,55.737964,-0.467,0
2023-02-22T01:02:01.906000,0.318842,55.681,-0.548,0
2023-02-22T01:02:02.849000,0.308575,55.624035,-0.611,0
2023-02-22T01:02:03.792000,0.298327,55.567068,-0.674,0
2023-02-22T01:02:04.736000,0.288097,55.510101,-0.725,0
2023-02-22T01:02:05.679000,0.277885,55.453133,-0.766,0
2023-02-22T01:02:06.623000,0.26769,55.396164,-0.823,0
2023-02-22T01:02:07.566000,0.257514,55.339195,-0.894,0
2023-02-22T01:02:08.510000,0.247356,55.282224,-0.949,0
2023-02-22T01:02:09.453000,0.237215,55.225252,-1.024,0
2023-02-22T01:02:10.397000,0.227093,55.16828,-1.082,0
2023-02-22T01:02:11.340000,0.216987,55.111306,-1.155,0
2023-02-22T01:02:12.283000,0.206899,55.054332,-1.249,0
2023-02-22T01:02:13.227000,0.196829,54.997357,-1.323,0
2023-02-22T01:02:14.170000,0.186776,54.940381,-1.387,0
2023-02-22T01:02:15.114000,0.17674,54.883404,-1.447,0
2023-02-22T01:02:16.057000,0.166721,54.826426,-1.518,0
2023-02-22T01:02:17.001000,0.15672,54.769448,-1.591,0
2023-02-22T01:02:17.944000,0.146735,54.712468,-1.665,0
2023-02-22T01:02:18.887000,0.136767,54.655488,-1.732,0
2023-02-22T01:02:19.831000,0.126817,54.598506,-1.797,0
2023-02-22T01:02:20.774000,0.116882,54.541524,-1.885,0
2023-02-22T01:02:21.718000,0.106965,54.484541,-1.982,0
2023-02-22T01:02:22.661000,0.097064,54.427557,-2.05,0
2023-02-22T01:02:23.605000,0.08718,54.370572,-2.122,0
2023-02-22T01:02:24.548000,0.077312,54.313587,-2.197,0
2023-02-22T01:02:25.491000,0.06746,54.2566,-2.297,0
2023-02-22T01:02:26.435000,0.057625,54.199613,-2.397,1
2023-02-22T01:02:27.378000,0.047805,54.142625,-2.474,1
2023-02-22T01:02:28.322000,0.038002,54.085635,-2.605,1
2023-02-22T01:02:29.265000,0.028215,54.028645,-2.7,1
2023-02-22T01:02:30.209000,0.018444,53.971654,-2.78,1
2023-02-22T01:02:31.152000,0.008689,53.914663,-2.877,1
2023-02-22T01:02:32.096000,-0.001051,53.85767,-2.93,1
2023-02-22T01:03:23.985000,-0.51444,50.72178,2.796,1
2023-02-22T01:03:24.928000,-0.523404,50.66474,2.71,0
2023-02-22T01:03:25.871000,-0.532355,50.6077,2.68,0
2023-02-22T01:03:26.815000,-0.541294,50.550659,2.537,0
2023-02-22T01:03:27.758000,-0.550221,50.493617,2.446,0
2023-02-22T01:03:28.702000,-0.559136,50.436575,2.353,0
2023-02-22T01:03:29.645000,-0.568039,50.379532,2.297,0
2023-02-22T01:03:30.589000,-0.57693,50.322488,2.182,0
2023-02-22T01:03:31.532000,-0.585809,50.265442,2.148,0
2023-02-22T01:03:32.476000,-0.594677,50.208397,2.073,0
2023-02-22T01:03:33.419000,-0.603533,50.15135,2.065,0
2023-02-22T01:03:34.362000,-0.612377,50.094303,1.984,0
2023-02-22T01:03:35.306000,-0.62121,50.037255,1.952,0
2023-02-22T01:03:36.249000,-0.630031,49.980206,1.914,0
2023-02-22T01:03:37.193000,-0.63884,49.923156,1.87,0
2023-02-22T01:03:38.136000,-0.647639,49.866105,1.855,0
2023-02-22T01:03:39.080000,-0.656425,49.809054,1.852,0
2023-02-22T01:03:40.023000,-0.665201,49.752002,1.846,0
2023-02-22T12:17:13.090000,5.473796,53.488926,0.168,1
2023-02-22T12:17:14.034000,5.464161,53.5459,0.178,1
2023-02-22T12:17:14.977000,5.454509,53.602873,0.208,0
2023-02-22T12:17:15.921000,5.444843,53.659845,0.217,0
2023-02-22T12:17:16.864000,5.435161,53.716816,0.219,0
2023-02-22T12:17:17.808000,5.425464,53.773786,0.195,0
2023-02-22T12:17:18.751000,5.415751,53.830756,0.209,0
2023-02-22T12:17:19.694000,5.406022,53.887725,0.206,0
2023-02-22T12:17:20.638000,5.396278,53.944693,0.205,0
2023-02-22T12:17:21.581000,5.386518,54.00166,0.195,0
2023-02-22T12:17:22.525000,5.376741,54.058626,0.183,0
2023-02-22T12:17:23.468000,5.366949,54.115591,0.166,0
2023-02-22T12:17:24.412000,5.357141,54.172556,0.169,0
2023-02-22T12:17:25.355000,5.347317,54.22952,0.148,0
2023-02-22T12:17:26.298000,5.337476,54.286482,0.145,0
2023-02-22T12:17:27.242000,5.327619,54.343444,0.146,0
2023-02-22T12:17:28.185000,5.317746,54.400406,0.12,0
2023-02-22T12:17:29.129000,5.307857,54.457366,0.117,0
2023-02-22T12:17:30.072000,5.29795,54.514326,0.123,0
2023-02-22T12:17:31.016000,5.288028,54.571284,0.093,0
2023-02-22T12:17:31.959000,5.278088,54.628242,0.085,0
2023-02-22T12:17:32.903000,5.268132,54.685199,0.065,0
2023-02-22T12:17:33.846000,5.258159,54.742156,0.054,0
2023-02-22T12:17:34.789000,5.248169,54.799111,0.058,0
2023-02-22T12:17:35.733000,5.238162,54.856066,0.031,0
2023-02-22T12:17:36.676000,5.228138,54.913019,0.034,0
2023-02-22T12:17:37.620000,5.218096,54.969972,0.007,0
2023-02-22T12:17:38.563000,5.208038,55.026924,0.012,0
2023-02-22T12:17:39.507000,5.197962,55.083875,-0.009,0
2023-02-22T12:17:40.450000,5.187868,55.140826,-0.026,0
2023-02-22T12:17:41.393000,5.177758,55.197775,-0.057,0
2023-02-22T12:17:42.337000,5.167629,55.254724,-0.055,0
2023-02-22T12:17:43.280000,5.157483,55.311671,-0.063,0
2023-02-22T12:17:44.224000,5.147319,55.368618,-0.047,0
2023-02-22T12:17:45.167000,5.137137,55.425564,-0.086,0
2023-02-22T12:17:46.111000,5.126937,55.48251,-0.076,0
2023-02-22T12:17:47.054000,5.116719,55.539454,-0.084,0
2023-02-22T12:17:47.998000,5.106483,55.596397,-0.108,0
2023-02-22T12:17:48.941000,5.096228,55.65334,-0.087,0
2023-02-22T12:17:49.884000,5.085956,55.710282,-0.089,0
2023-02-22T12:17:50.828000,5.075664,55.767223,-0.062,0
2023-02-22T12:17:51.771000,5.065355,55.824163,-0.065,0
2023-02-22T12:17:52.715000,5.055027,55.881102,-0.064,0
2023-02-22T12:17:53.658000,5.04468,55.93804,-0.044,0
2023-02-24T01:00:03.897000,-0.643838,55.962245,-1.166,0
2023-02-24T01:00:04.840000,-0.654195,55.905284,-1.201,0
2023-02-24T01:00:05.784000,-0.664533,55.848323,-1.27,0
2023-02-24T01:00:06.727000,-0.674852,55.791361,-1.307,0
2023-02-24T01:00:07.671000,-0.685153,55.734398,-1.375,0
2023-02-24T01:00:08.614000,-0.695435,55.677433,-1.422,0
2023-02-24T01:00:09.557000,-0.705699,55.620468,-1.484,0
2023-02-24T01:00:10.501000,-0.715945,55.563503,-1.574,0
2023-02-24T01:00:11.444000,-0.726172,55.506536,-1.597,0
2023-02-24T01:00:12.388000,-0.736382,55.449568,-1.688,0
2023-02-24T01:00:13.331000,-0.746573,55.3926,-1.724,0
2023-02-24T01:00:14.275000,-0.756746,55.33563,-1.778,0
2023-02-24T01:00:15.218000,-0.766902,55.27866,-1.826,0
2023-02-24T01:00:16.162000,-0.77704,55.221689,-1.893,0
2023-02-24T01:00:17.105000,-0.78716,55.164717,-1.935,0
2023-02-24T01:00:18.048000,-0.797262,55.107744,-2.002,0
2023-02-24T01:00:18.992000,-0.807347,55.05077,-2.06,0
2023-02-24T01:00:19.935000,-0.817415,54.993795,-2.126,0
2023-02-24T01:00:20.879000,-0.827465,54.93682,-2.184,0
2023-02-24T01:00:21.822000,-0.837499,54.879843,-2.216,0
2023-02-24T01:00:22.766000,-0.847514,54.822866,-2.256,0
2023-02-24T01:00:23.709000,-0.857513,54.765888,-2.294,0
2023-02-24T01:00:24.652000,-0.867495,54.708909,-2.373,1
2023-02-24T01:00:25.596000,-0.87746,54.651929,-2.418,1
2023-02-24T01:01:32.580000,-1.546414,50.60419,0.374,1
2023-02-24T01:01:33.523000,-1.555351,50.54715,0.395,1
2023-02-24T01:01:34.467000,-1.564276,50.490109,0.395,0
2023-02-24T01:01:35.410000,-1.573189,50.433068,0.393,0
2023-02-24T01:01:36.354000,-1.58209,50.376025,0.409,0
2023-02-24T01:01:37.297000,-1.590979,50.318982,0.385,0
2023-02-24T01:01:38.241000,-1.599856,50.261938,0.418,0
2023-02-24T01:01:39.184000,-1.608722,50.204893,0.4,0
2023-02-24T01:01:40.127000,-1.617575,50.147848,0.396,0
2023-02-24T01:01:41.071000,-1.626418,50.090801,0.468,0
2023-02-24T01:01:42.014000,-1.635248,50.033754,0.421,0
2023-02-24T01:01:42.958000,-1.644067,49.976706,0.454,0
2023-02-24T01:01:43.901000,-1.652875,49.919657,0.445,0
2023-02-24T01:01:44.845000,-1.661671,49.862608,0.452,0
2023-02-24T01:01:45.788000,-1.670455,49.805557,0.416,1
2023-02-24T01:01:46.732000,-1.679229,49.748506,0.419,1
2023-02-24T12:15:08.478000,4.575685,52.807956,-0.054,1
2023-02-24T12:15:09.421000,4.566228,52.864944,-0.049,1
2023-02-24T12:15:10.364000,4.556756,52.921932,0.013,1
2023-02-24T12:15:11.308000,4.54727,52.978919,0.021,1
2023-02-24T12:15:12.251000,4.537769,53.035905,0.066,1
2023-02-24T12:15:13.195000,4.528254,53.09289,0.064,1
2023-02-24T12:15:14.138000,4.518724,53.149875,0.108,0
2023-02-24T12:15:15.082000,4.509178,53.206859,0.151,0
2023-02-24T12:15:16.025000,4.499619,53.263841,0.236,0
2023-02-24T12:15:16.969000,4.490044,53.320823,0.234,0
2023-02-24T12:15:17.912000,4.480454,53.377805,0.237,0
2023-02-24T12:15:18.855000,4.470849,53.434785,0.287,0
2023-02-24T12:15:19.799000,4.461229,53.491765,0.315,0
2023-02-24T12:15:20.742000,4.451594,53.548744,0.35,0
2023-02-24T12:15:21.686000,4.441943,53.605721,0.347,0
2023-02-24T12:15:22.629000,4.432277,53.662698,0.326,0
2023-02-24T12:15:23.573000,4.422596,53.719675,0.349,0
2023-02-24T12:15:24.516000,4.412899,53.77665,0.349,0
2023-02-24T12:15:25.459000,4.403186,53.833625,0.336,0
2023-02-24T12:15:26.403000,4.393458,53.890599,0.332,0
2023-02-24T12:15:27.346000,4.383714,53.947572,0.344,0
2023-02-24T12:15:28.290000,4.373954,54.004544,0.347,0
2023-02-24T12:15:29.233000,4.364178,54.061515,0.325,0
2023-02-24T12:15:30.177000,4.354387,54.118486,0.322,0
2023-02-24T12:15:31.120000,4.344579,54.175455,0.356,0
2023-02-24T12:15:32.064000,4.334755,54.232424,0.333,0
2023-02-24T12:15:33.007000,4.324915,54.289392,0.32,0
2023-02-24T12:15:33.950000,4.315059,54.346359,0.316,0
2023-02-24T12:15:34.894000,4.305186,54.403326,0.313,0
2023-02-24T12:15:35.837000,4.295297,54.460291,0.29,0
2023-02-24T12:15:36.781000,4.285391,54.517256,0.288,0
2023-02-24T12:15:37.724000,4.275469,54.57422,0.249,0
2023-02-24T12:15:38.668000,4.26553,54.631183,0.258,0
2023-02-24T12:15:39.611000,4.255574,54.688145,0.236,0
2023-02-24T12:15:40.554000,4.245601,54.745106,0.212,0
2023-02-24T12:15:41.498000,4.235612,54.802067,0.208,0
2023-02-24T12:15:42.441000,4.225605,54.859026,0.167,0
2023-02-24T12:15:43.385000,4.215581,54.915985,0.164,0
2023-02-24T12:15:44.328000,4.20554,54.972943,0.13,0
2023-02-24T12:15:45.272000,4.195482,55.0299,0.133,0
2023-02-24T12:15:46.215000,4.185407,55.086856,0.115,0
2023-02-24T12:15:47.159000,4.175313,55.143812,0.115,0
2023-02-24T12:15:48.102000,4.165203,55.200766,0.1,0
2023-02-24T12:15:49.045000,4.155075,55.25772,0.087,0
2023-02-24T12:15:49.989000,4.144929,55.314673,0.049,0
2023-02-24T12:15:50.932000,4.134765,55.371625,0.042,0
2023-02-24T12:15:51.876000,4.124584,55.428576,-0.0,0
2023-02-24T12:15:52.819000,4.114384,55.485526,0.024,0
2023-02-24T12:15:53.763000,4.104167,55.542475,-0.05,0
2023-02-24T12:15:54.706000,4.093931,55.599424,-0.052,0
2023-02-24T12:15:55.649000,4.083677,55.656371,-0.089,0
2023-02-24T12:15:56.593000,4.073405,55.713318,-0.032,0
2023-02-24T12:15:57.536000,4.063114,55.770264,-0.087,0
2023-02-24T12:15:58.480000,4.052804,55.827209,-0.082,0
2023-02-24T12:15:59.423000,4.042477,55.884153,-0.101,0
2023-02-24T12:16:00.367000,4.03213,55.941097,-0.117,0
2023-02-26T00:58:10.605000,-1.65962,55.949172,-1.551,0
2023-02-26T00:58:11.549000,-1.66997,55.892212,-1.579,0
2023-02-26T00:58:12.492000,-1.680302,55.835252,-1.565,0
2023-02-26T00:58:13.436000,-1.690615,55.77829,-1.637,1
2023-02-26T00:58:14.379000,-1.70091,55.721328,-1.714,1
2023-02-26T12:12:58.204000,3.729511,51.794693,-1.114,1
2023-02-26T12:12:59.148000,3.720301,51.851701,-1.037,1
2023-02-26T12:13:00.091000,3.711078,51.908708,-1.006,1
2023-02-26T12:13:01.035000,3.701841,51.965714,-0.928,0
2023-02-26T12:13:01.978000,3.692591,52.022719,-0.887,0
2023-02-26T12:13:02.921000,3.683327,52.079724,-0.808,0
2023-02-26T12:13:03.865000,3.67405,52.136727,-0.726,0
2023-02-26T12:13:04.808000,3.664759,52.19373,-0.698,0
2023-02-26T12:13:05.752000,3.655454,52.250732,-0.661,0
2023-02-26T12:13:06.695000,3.646136,52.307734,-0.587,0
2023-02-26T12:13:07.639000,3.636803,52.364734,-0.519,0
2023-02-26T12:13:08.582000,3.627457,52.421734,-0.478,0
2023-02-26T12:13:09.525000,3.618097,52.478733,-0.415,0
2023-02-26T12:13:10.469000,3.608723,52.535731,-0.374,0
2023-02-26T12:13:11.412000,3.599335,52.592728,-0.325,0
2023-02-26T12:13:12.356000,3.589933,52.649724,-0.292,0
2023-02-26T12:13:13.299000,3.580516,52.70672,-0.232,0
2023-02-26T12:13:14.243000,3.571086,52.763715,-0.181,0
2023-02-26T12:13:15.186000,3.561641,52.820709,-0.148,0
2023-02-26T12:13:16.130000,3.552181,52.877702,-0.083,0
2023-02-26T12:13:17.073000,3.542707,52.934694,-0.052,0
2023-02-26T12:13:18.016000,3.533219,52.991686,-0.018,0
2023-02-26T12:13:18.960000,3.523715,53.048677,0.056,0
2023-02-26T12:13:19.903000,3.514198,53.105667,0.038,0
2023-02-26T12:13:20.847000,3.504665,53.162656,0.072,0
2023-02-26T12:13:21.790000,3.495118,53.219644,0.101,0
2023-02-26T12:13:22.734000,3.485555,53.276632,0.139,0
2023-02-26T12:13:23.677000,3.475978,53.333618,0.15,0
2023-02-26T12:13:24.620000,3.466386,53.390604,0.149,0
2023-02-26T12:13:25.564000,3.456778,53.447589,0.166,0
2023-02-26T12:13:26.507000,3.447156,53.504574,0.198,0
2023-02-26T12:13:27.451000,3.437518,53.561557,0.221,0
2023-02-26T12:13:28.394000,3.427865,53.618539,0.216,0
2023-02-26T12:13:29.338000,3.418197,53.675521,0.222,0
2023-02-26T12:13:30.281000,3.408513,53.732502,0.23,0
2023-02-26T12:13:31.224000,3.398813,53.789482,0.252,0
2023-02-26T12:13:32.168000,3.389098,53.846462,0.259,0
2023-02-26T12:13:33.111000,3.379367,53.90344,0.216,0
2023-02-26T12:13:34.055000,3.369621,53.960417,0.209,0
2023-02-26T12:13:34.998000,3.359858,54.017394,0.204,0
2023-02-26T12:13:35.942000,3.35008,54.07437,0.188,0
2023-02-26T12:13:36.885000,3.340286,54.131345,0.208,0
2023-02-26T12:13:37.829000,3.330475,54.18832,0.192,0
2023-02-26T12:13:38.772000,3.320649,54.245293,0.193,0
2023-02-26T12:13:39.715000,3.310806,54.302266,0.162,0
2023-02-26T12:13:40.659000,3.300947,54.359237,0.168,0
2023-02-26T12:13:41.602000,3.291071,54.416208,0.123,0
2023-02-26T12:13:42.546000,3.281179,54.473178,0.132,0
2023-02-26T12:13:43.489000,3.271271,54.530148,0.112,0
2023-02-26T12:13:44.433000,3.261346,54.587116,0.075,0
2023-02-26T12:13:45.376000,3.251404,54.644084,0.065,0
2023-02-26T12:13:46.319000,3.241445,54.70105,0.028,0
2023-02-26T12:13:47.263000,3.23147,54.758016,0.014,0
2023-02-26T12:13:48.206000,3.221477,54.814981,-0.004,0
2023-02-26T12:13:49.150000,3.211468,54.871945,-0.029,0
2023-02-26T12:13:50.093000,3.201441,54.928909,-0.053,0
2023-02-26T12:13:51.037000,3.191398,54.985871,-0.103,0
2023-02-26T12:13:51.980000,3.181337,55.042833,-0.09,0
2023-02-26T12:13:52.924000,3.171258,55.099793,-0.127,0
2023-02-26T12:13:53.867000,3.161162,55.156753,-0.116,0
2023-02-26T12:13:54.810000,3.151049,55.213712,-0.119,0
2023-02-26T12:13:55.754000,3.140918,55.270671,-0.135,0
2023-02-26T12:13:56.697000,3.130769,55.327628,-0.178,0
2023-02-26T12:13:57.641000,3.120602,55.384584,-0.143,0
2023-02-26T12:13:58.584000,3.110417,55.44154,-0.173,0
2023-02-26T12:13:59.528000,3.100215,55.498495,-0.183,0
2023-02-26T12:14:00.471000,3.089994,55.555449,-0.207,0
2023-02-26T12:14:01.414000,3.079755,55.612402,-0.183,0
2023-02-26T12:14:02.358000,3.069498,55.669354,-0.197,0
2023-02-26T12:14:03.301000,3.059223,55.726305,-0.183,0
2023-02-26T12:14:04.245000,3.048929,55.783255,-0.243,0
2023-02-26T12:14:05.188000,3.038616,55.840205,-0.217,0
2023-02-26T12:14:06.132000,3.028285,55.897154,-0.27,0
2023-02-26T12:14:07.075000,3.017935,55.954102,-0.233,0
2023-02-28T12:10:55.478000,2.804815,51.251563,-1.482,1
2023-02-28T12:10:56.422000,2.795729,51.308583,-1.423,1
2023-02-28T12:10:57.365000,2.78663,51.365602,-1.407,0
2023-02-28T12:10:58.309000,2.777518,51.42262,-1.345,0
2023-02-28T12:10:59.252000,2.768393,51.479637,-1.271,0
2023-02-28T12:11:00.195000,2.759255,51.536654,-1.213,0
2023-02-28T12:11:01.139000,2.750104,51.593669,-1.178,0
2023-02-28T12:11:02.082000,2.74094,51.650684,-1.109,0
2023-02-28T12:11:03.026000,2.731763,51.707698,-1.091,0
2023-02-28T12:11:03.969000,2.722573,51.764712,-1.017,0
2023-02-28T12:11:04.913000,2.713369,51.821724,-0.969,0
2023-02-28T12:11:05.856000,2.704153,51.878736,-0.928,0
2023-02-28T12:11:06.800000,2.694922,51.935747,-0.866,0
2023-02-28T12:11:07.743000,2.685679,51.992757,-0.791,0
2023-02-28T12:11:08.686000,2.676422,52.049766,-0.743,0
2023-02-28T12:11:09.630000,2.667152,52.106775,-0.691,0
2023-02-28T12:11:10.573000,2.657868,52.163783,-0.631,0
2023-02-28T12:11:11.517000,2.64857,52.22079,-0.564,0
2023-02-28T12:11:12.460000,2.639258,52.277796,-0.492,0
2023-02-28T12:11:13.404000,2.629933,52.334801,-0.45,0
2023-02-28T12:11:14.347000,2.620594,52.391806,-0.375,0
2023-02-28T12:11:15.290000,2.611241,52.448809,-0.357,0
2023-02-28T12:11:16.234000,2.601874,52.505812,-0.297,0
2023-02-28T12:11:17.177000,2.592493,52.562814,-0.248,0
2023-02-28T12:11:18.121000,2.583098,52.619815,-0.202,0
2023-02-28T12:11:19.064000,2.573688,52.676816,-0.133,0
2023-02-28T12:11:20.008000,2.564265,52.733816,-0.096,0
2023-02-28T12:11:20.951000,2.554827,52.790814,-0.058,0
2023-02-28T12:11:21.895000,2.545375,52.847812,-0.039,0
2023-02-28T12:11:22.838000,2.535908,52.90481,0.05,0
2023-02-28T12:11:23.781000,2.526427,52.961806,0.071,0
2023-02-28T12:11:24.725000,2.516931,53.018802,0.095,0
2023-02-28T12:11:25.668000,2.507421,53.075796,0.161,0
2023-02-28T12:11:26.612000,2.497895,53.13279,0.189,0
2023-02-28T12:11:27.555000,2.488356,53.189783,0.249,0
2023-02-28T12:11:28.499000,2.478801,53.246776,0.287,0
2023-02-28T12:11:29.442000,2.469231,53.303767,0.308,0
2023-02-28T12:11:30.385000,2.459646,53.360758,0.305,0
2023-02-28T12:11:31.329000,2.450047,53.417747,0.348,0
2023-02-28T12:11:32.272000,2.440432,53.474737,0.351,0
2023-02-28T12:11:33.216000,2.430802,53.531725,0.387,0
2023-02-28T12:11:34.159000,2.421156,53.588712,0.388,0
2023-02-28T12:11:35.103000,2.411496,53.645699,0.416,0
2023-02-28T12:11:36.046000,2.401819,53.702684,0.418,0
2023-02-28T12:11:36.990000,2.392128,53.759669,0.419,0
2023-02-28T12:11:37.933000,2.38242,53.816653,0.435,0
2023-02-28T12:11:38.876000,2.372697,53.873636,0.409,0
2023-02-28T12:11:39.820000,2.362959,53.930619,0.425,0
2023-02-28T12:11:40.763000,2.353204,53.9876,0.431,0
2023-02-28T12:11:41.707000,2.343434,54.044581,0.432,0
2023-02-28T12:11:42.650000,2.333648,54.10156,0.401,0
2023-02-28T12:11:43.594000,2.323846,54.15854,0.364,0
2023-02-28T12:11:44.537000,2.314027,54.215518,0.391,0
2023-02-28T12:11:45.480000,2.304193,54.272495,0.385,0
2023-02-28T12:11:46.424000,2.294342,54.329471,0.368,0
2023-02-28T12:11:47.367000,2.284474,54.386447,0.386,0
2023-02-28T12:11:48.311000,2.274591,54.443422,0.349,0
2023-02-28T12:11:49.254000,2.264691,54.500396,0.348,0
2023-02-28T12:11:50.198000,2.254774,54.557369,0.353,0
2023-02-28T12:11:51.141000,2.244841,54.614341,0.314,0
2023-02-28T12:11:52.085000,2.23489,54.671313,0.323,0
2023-02-28T12:11:53.028000,2.224923,54.728283,0.309,0
2023-02-28T12:11:53.971000,2.214939,54.785253,0.308,0
2023-02-28T12:11:54.915000,2.204939,54.842222,0.296,0
2023-02-28T12:11:55.858000,2.194921,54.89919,0.298,0
2023-02-28T12:11:56.802000,2.184886,54.956157,0.262,0
2023-02-28T12:11:57.745000,2.174833,55.013123,0.249,0
2023-02-28T12:11:58.689000,2.164763,55.070088,0.241,0
2023-02-28T12:11:59.632000,2.154676,55.127053,0.221,0
2023-02-28T12:12:00.575000,2.144572,55.184017,0.212,0
2023-02-28T12:12:01.519000,2.134449,55.24098,0.189,0
2023-02-28T12:12:02.462000,2.124309,55.297942,0.17,0
2023-02-28T12:12:03.406000,2.114152,55.354903,0.156,0
2023-02-28T12:12:04.349000,2.103976,55.411863,0.139,0
2023-02-28T12:12:05.293000,2.093783,55.468822,0.116,0
2023-02-28T12:12:06.236000,2.083571,55.525781,0.113,0
2023-02-28T12:12:07.180000,2.073341,55.582739,0.093,0
2023-02-28T12:12:08.123000,2.063093,55.639695,0.097,0
2023-02-28T12:12:09.066000,2.052827,55.696651,0.064,0
2023-02-28T12:12:10.010000,2.042543,55.753606,0.075,0
2023-02-28T12:12:10.953000,2.032239,55.810561,0.058,0
2023-02-28T12:12:11.897000,2.021918,55.867514,-0.002,0
2023-02-28T12:12:12.840000,2.011577,55.924466,0.029,0
2023-02-28T12:12:13.784000,2.001218,55.981418,-0.013,0
2023-03-02T12:08:57.470000,1.832049,51.009667,-0.587,1
2023-03-02T12:08:58.413000,1.823014,51.066694,-0.571,1
2023-03-02T12:08:59.356000,1.813967,51.12372,-0.537,0
2023-03-02T12:09:00.300000,1.804908,51.180745,-0.506,0
2023-03-02T12:09:01.243000,1.795836,51.23777,-0.469,0
2023-03-02T12:09:02.187000,1.786751,51.294794,-0.468,0
2023-03-02T12:09:03.130000,1.777653,51.351817,-0.439,0
2023-03-02T12:09:04.074000,1.768543,51.408839,-0.442,0
2023-03-02T12:09:05.017000,1.759419,51.46586,-0.441,0
2023-03-02T12:09:05.961000,1.750283,51.522881,-0.453,0
2023-03-02T12:09:06.904000,1.741134,51.579901,-0.444,0
2023-03-02T12:09:07.847000,1.731972,51.63692,-0.42,0
2023-03-02T12:09:08.791000,1.722797,51.693938,-0.437,0
2023-03-02T12:09:09.734000,1.713608,51.750955,-0.442,0
2023-03-02T12:09:10.678000,1.704407,51.807972,-0.443,0
2023-03-02T12:09:11.621000,1.695192,51.864988,-0.434,0
2023-03-02T12:09:12.565000,1.685963,51.922003,-0.448,0
2023-03-02T12:09:13.508000,1.676722,51.979017,-0.438,1
2023-03-02T12:09:14.451000,1.667467,52.03603,-0.442,1
2023-03-02T12:09:15.395000,1.658198,52.093043,-0.438,1
2023-03-02T12:09:28.603000,1.526981,52.891133,-0.307,1
2023-03-02T12:09:29.546000,1.517502,52.948133,-0.268,1
2023-03-02T12:09:30.490000,1.508008,53.005133,-0.285,1
2023-03-02T12:09:31.433000,1.4985,53.062132,-0.237,0
2023-03-02T12:09:32.377000,1.488976,53.119129,-0.197,0
2023-03-02T12:09:33.320000,1.479439,53.176126,-0.169,0
2023-03-02T12:09:34.264000,1.469886,53.233123,-0.112,0
2023-03-02T12:09:35.207000,1.460318,53.290118,-0.076,0
2023-03-02T12:09:36.151000,1.450736,53.347113,-0.064,0
2023-03-02T12:09:37.094000,1.441138,53.404106,-0.041,0
2023-03-02T12:09:38.037000,1.431525,53.461099,0.003,0
2023-03-02T12:09:38.981000,1.421897,53.518091,0.029,0
2023-03-02T12:09:39.924000,1.412254,53.575083,0.066,0
2023-03-02T12:09:40.868000,1.402595,53.632073,0.095,0
2023-03-02T12:09:41.811000,1.392921,53.689063,0.13,0
2023-03-02T12:09:42.755000,1.383232,53.746051,0.158,0
2023-03-02T12:09:43.698000,1.373527,53.803039,0.194,0
2023-03-02T12:09:44.641000,1.363806,53.860026,0.204,0
2023-03-02T12:09:45.585000,1.354069,53.917012,0.241,0
2023-03-02T12:09:46.528000,1.344317,53.973998,0.246,0
2023-03-02T12:09:47.472000,1.334549,54.030983,0.253,0
2023-03-02T12:09:48.415000,1.324765,54.087966,0.258,0
2023-03-02T12:09:49.359000,1.314965,54.144949,0.287,0
2023-03-02T12:09:50.302000,1.305149,54.201931,0.283,0
2023-03-02T12:09:51.246000,1.295317,54.258912,0.299,0
2023-03-02T12:09:52.189000,1.285468,54.315892,0.289,0
2023-03-02T12:09:53.132000,1.275603,54.372872,0.31,0
2023-03-02T12:09:54.076000,1.265722,54.429851,0.324,0
2023-03-02T12:09:55.019000,1.255824,54.486828,0.315,0
2023-03-02T12:09:55.963000,1.24591,54.543805,0.321,0
2023-03-02T12:09:56.906000,1.235978,54.600781,0.385,0
2023-03-02T12:09:57.850000,1.226031,54.657757,0.366,0
2023-03-02T12:09:58.793000,1.216066,54.714731,0.351,0
2023-03-02T12:09:59.736000,1.206085,54.771704,0.34,0
2023-03-02T12:10:00.680000,1.196086,54.828677,0.323,0
2023-03-02T12:10:03.510000,1.165988,54.99959,0.287,0
2023-03-02T12:10:04.454000,1.155921,55.056559,0.252,0
2023-03-02T12:10:05.397000,1.145836,55.113527,0.342,0
2023-03-02T12:10:06.341000,1.135734,55.170495,0.365,0
2023-03-02T12:10:07.284000,1.125614,55.227462,0.346,0
2023-03-02T12:10:08.227000,1.115477,55.284427,0.364,0
2023-03-02T12:10:10.114000,1.095149,55.398356,0.353,0
2023-03-02T12:10:11.058000,1.084958,55.45532,0.345,0
2023-03-02T12:10:12.945000,1.064522,55.569243,0.389,0
2023-03-02T12:10:13.888000,1.054277,55.626204,0.346,0
2023-03-02T12:10:14.831000,1.044013,55.683163,0.375,0
2023-03-02T12:10:16.718000,1.023431,55.79708,0.337,0
2023-03-02T12:10:17.662000,1.013112,55.854037,0.337,0
2023-03-02T12:10:18.605000,1.002774,55.910993,0.418,0
2023-03-03T00:03:56.493000,8.157004,55.468672,0.245,1
2023-03-03T00:03:57.437000,8.14681,55.411712,0.196,1
2023-03-03T00:03:58.380000,8.136634,55.35475,0.178,0
2023-03-03T00:03:59.324000,8.126475,55.297788,0.154,0
2023-03-03T00:04:00.267000,8.116334,55.240825,0.152,0
2023-03-03T00:04:01.211000,8.106211,55.183861,0.105,0
2023-03-03T00:04:02.154000,8.096105,55.126896,0.08,0
2023-03-03T00:04:03.097000,8.086017,55.06993,0.028,0
2023-03-03T00:04:04.041000,8.075946,55.012964,0.017,0
2023-03-03T00:04:04.984000,8.065893,54.955996,-0.029,0
2023-03-03T00:04:05.928000,8.055857,54.899028,-0.055,0
2023-03-03T00:04:06.871000,8.045838,54.842059,-0.076,0
2023-03-03T00:04:07.815000,8.035836,54.785089,-0.115,0
2023-03-03T00:04:08.758000,8.025851,54.728118,-0.159,0
2023-03-03T00:04:09.702000,8.015883,54.671146,-0.222,0
2023-03-03T00:04:10.645000,8.005932,54.614174,-0.256,0
2023-03-03T00:04:11.588000,7.995998,54.5572,-0.294,0
2023-03-03T00:04:12.532000,7.98608,54.500226,-0.348,0
2023-03-03T00:04:13.475000,7.976179,54.443251,-0.405,0
2023-03-03T00:04:14.419000,7.966294,54.386275,-0.453,0
2023-03-03T00:04:15.362000,7.956426,54.329298,-0.46,0
2023-03-03T00:04:16.306000,7.946574,54.27232,-0.522,1
2023-03-03T00:04:19.136000,7.917116,54.101382,-0.609,1
2023-03-03T00:04:20.079000,7.907329,54.044401,-0.634,1
2023-03-03T00:04:21.023000,7.897558,53.987419,-0.703,0
2023-03-03T00:04:21.966000,7.887802,53.930437,-0.743,0
2023-03-03T00:04:22.910000,7.878063,53.873453,-0.771,1
2023-03-04T12:06:48.140000,0.964611,50.098741,0.314,0
2023-03-04T12:06:49.083000,0.955767,50.155784,0.366,0
2023-03-04T12:06:50.027000,0.946912,50.212826,0.406,0
2023-03-04T12:06:50.970000,0.938045,50.269867,0.403,0
2023-03-04T12:06:51.913000,0.929166,50.326908,0.424,0
2023-03-04T12:06:52.857000,0.920275,50.383948,0.491,0
2023-03-04T12:06:53.800000,0.911373,50.440987,0.526,0
2023-03-04T12:06:54.744000,0.902458,50.498025,0.541,0
2023-03-04T12:06:55.687000,0.893532,50.555062,0.573,0
2023-03-04T12:06:56.631000,0.884593,50.612099,0.589,0
2023-03-04T12:06:57.574000,0.875643,50.669135,0.612,0
2023-03-04T12:06:58.517000,0.86668,50.72617,0.591,0
2023-03-04T12:06:59.461000,0.857706,50.783204,0.625,0
2023-03-04T12:07:00.404000,0.848718,50.840238,0.669,1
2023-03-04T12:07:37.198000,0.488049,53.063915,-1.138,1
2023-03-04T12:07:38.142000,0.478523,53.120916,-1.113,1
2023-03-04T12:07:39.085000,0.468983,53.177916,-1.043,1
2023-03-04T12:07:40.029000,0.459428,53.234915,-0.909,1
2023-03-04T12:07:40.972000,0.449858,53.291914,-0.779,1
2023-03-04T12:07:41.916000,0.440272,53.348911,-0.728,1
2023-03-04T12:07:42.859000,0.430672,53.405908,-0.683,1
2023-03-04T12:07:43.802000,0.421057,53.462904,-0.595,1
2023-03-04T12:07:44.746000,0.411426,53.5199,-0.556,0
2023-03-04T12:07:45.689000,0.40178,53.576894,-0.495,0
2023-03-04T12:07:46.633000,0.392119,53.633887,-0.447,0
2023-03-04T12:07:47.576000,0.382443,53.69088,-0.381,0
2023-03-04T12:07:48.520000,0.372751,53.747872,-0.34,0
2023-03-04T12:07:49.463000,0.363043,53.804863,-0.287,0
2023-03-04T12:07:50.407000,0.35332,53.861853,-0.243,0
2023-03-04T12:07:51.350000,0.343581,53.918842,-0.17,0
2023-03-04T12:07:52.293000,0.333826,53.975831,-0.151,0
2023-03-04T12:07:53.237000,0.324055,54.032818,-0.104,0
2023-03-04T12:07:54.180000,0.314268,54.089805,-0.036,0
2023-03-04T12:07:55.124000,0.304466,54.146791,-0.012,0
2023-03-04T12:07:56.067000,0.294647,54.203776,0.031,0
2023-03-04T12:07:57.011000,0.284812,54.26076,0.068,0
2023-03-04T12:07:57.954000,0.274961,54.317744,0.099,0
2023-03-04T12:07:58.897000,0.265093,54.374726,0.149,0
2023-03-04T12:07:59.841000,0.255209,54.431708,0.183,0
2023-03-04T12:08:00.784000,0.245308,54.488689,0.185,0
2023-03-04T12:08:01.728000,0.235391,54.545669,0.213,0
2023-03-04T12:08:02.671000,0.225458,54.602648,0.262,0
2023-03-04T12:08:03.615000,0.215507,54.659626,0.29,0
2023-03-04T12:08:04.558000,0.20554,54.716603,0.3,0
2023-03-04T12:08:05.501000,0.195556,54.77358,0.296,0
2023-03-04T12:08:06.445000,0.185554,54.830556,0.343,0
2023-03-04T12:08:07.388000,0.175536,54.88753,0.329,0
2023-03-04T12:08:08.332000,0.165501,54.944504,0.377,0
2023-03-04T12:08:09.275000,0.155448,55.001477,0.414,0
2023-03-04T12:08:10.219000,0.145378,55.05845,0.454,0
2023-03-04T12:08:11.162000,0.13529,55.115421,0.47,0
2023-03-04T12:08:12.106000,0.125185,55.172391,0.5,0
2023-03-04T12:08:13.049000,0.115063,55.229361,0.516,0
2023-03-04T12:08:13.992000,0.104923,55.28633,0.523,0
2023-03-04T12:08:14.936000,0.094765,55.343298,0.54,0
2023-03-04T12:08:15.879000,0.084589,55.400264,0.552,0
2023-03-04T12:08:16.823000,0.074395,55.457231,0.574,0
2023-03-04T12:08:17.766000,0.064183,55.514196,0.57,0
2023-03-04T12:08:18.710000,0.053953,55.57116,0.569,0
2023-03-04T12:08:19.653000,0.043705,55.628124,0.57,0
2023-03-04T12:08:20.596000,0.033439,55.685086,0.602,0
2023-03-04T12:08:21.540000,0.023154,55.742048,0.638,0
2023-03-04T12:08:22.483000,0.01285,55.799009,0.656,0
2023-03-04T12:08:23.427000,0.002528,55.855969,0.644,0
2023-03-04T12:08:24.370000,-0.007812,55.912928,0.65,0
2023-03-04T12:08:25.314000,-0.018172,55.969886,0.667,0
2023-03-05T00:01:53.768000,7.240431,55.975268,0.353,0
2023-03-05T00:01:54.711000,7.230071,55.918319,0.368,0
2023-03-05T00:01:55.654000,7.21973,55.861369,0.361,0
2023-03-05T00:01:56.598000,7.209407,55.804418,0.352,0
2023-03-05T00:01:57.541000,7.199103,55.747466,0.368,0
2023-03-05T00:01:58.485000,7.188818,55.690513,0.37,0
2023-03-05T00:01:59.428000,7.178551,55.63356,0.372,0
2023-03-05T00:02:00.372000,7.168303,55.576605,0.367,0
2023-03-05T00:02:01.315000,7.158072,55.51965,0.414,0
2023-03-05T00:02:02.258000,7.14786,55.462694,0.414,0
2023-03-05T00:02:03.202000,7.137666,55.405737,0.471,0
2023-03-05T00:02:04.145000,7.12749,55.348779,0.466,0
2023-03-05T00:02:05.089000,7.117331,55.29182,0.473,0
2023-03-05T00:02:06.032000,7.10719,55.234861,0.463,0
2023-03-05T00:02:06.976000,7.097067,55.1779,0.487,0
2023-03-05T00:02:07.919000,7.086962,55.120939,0.465,0
2023-03-05T00:02:08.863000,7.076874,55.063977,0.474,0
2023-03-05T00:02:09.806000,7.066804,55.007014,0.483,0
2023-03-05T00:02:10.749000,7.056751,54.95005,0.449,0
2023-03-05T00:02:11.693000,7.046715,54.893085,0.466,0
2023-03-05T00:02:12.636000,7.036696,54.83612,0.426,0
2023-03-05T00:02:13.580000,7.026694,54.779153,0.429,0
2023-03-05T00:02:14.523000,7.01671,54.722186,0.406,0
2023-03-05T00:02:15.467000,7.006742,54.665218,0.406,0
2023-03-05T00:02:16.410000,6.996791,54.608249,0.378,0
2023-03-05T00:02:17.353000,6.986857,54.551279,0.368,0
2023-03-05T00:02:18.297000,6.976939,54.494308,0.337,0
2023-03-05T00:02:19.240000,6.967038,54.437337,0.322,0
2023-03-05T00:02:20.184000,6.957154,54.380364,0.269,0
2023-03-05T00:02:21.127000,6.947286,54.323391,0.254,0
2023-03-05T00:02:22.071000,6.937434,54.266417,0.213,0
2023-03-05T00:02:23.014000,6.927599,54.209442,0.184,0
2023-03-05T00:02:23.958000,6.91778,54.152467,0.167,0
2023-03-05T00:02:24.901000,6.907977,54.09549,0.142,0
2023-03-05T00:02:25.844000,6.89819,54.038513,0.117,0
2023-03-05T00:02:26.788000,6.888418,53.981534,0.087,0
2023-03-05T00:02:27.731000,6.878663,53.924555,0.043,0
2023-03-05T00:02:28.675000,6.868924,53.867576,0.004,0
2023-03-05T00:02:29.618000,6.8592,53.810595,-0.029,0
2023-03-05T00:02:30.562000,6.849492,53.753613,-0.07,1
2023-03-06T12:04:47.301000,0.014669,49.720986,1.276,1
2023-03-06T12:04:48.244000,0.0059,49.778037,1.305,0
2023-03-06T12:04:49.188000,-0.002881,49.835087,1.359,0
2023-03-06T12:04:50.131000,-0.011672,49.892136,1.38,0
2023-03-06T12:04:51.074000,-0.020476,49.949185,1.434,0
2023-03-06T12:04:52.018000,-0.02929,50.006233,1.475,0
2023-03-06T12:04:52.961000,-0.038117,50.06328,1.517,0
2023-03-06T12:04:53.905000,-0.046954,50.120326,1.577,0
2023-03-06T12:04:54.848000,-0.055804,50.177372,1.615,0
2023-03-06T12:04:55.792000,-0.064665,50.234416,1.651,0
2023-03-06T12:04:56.735000,-0.073538,50.29146,1.695,0
2023-03-06T12:04:57.678000,-0.082423,50.348503,1.729,0
2023-03-06T12:04:58.622000,-0.091319,50.405546,1.796,0
2023-03-06T12:04:59.565000,-0.100228,50.462587,1.806,0
2023-03-06T12:05:00.509000,-0.109148,50.519628,1.847,0
2023-03-06T12:05:01.452000,-0.118081,50.576668,1.891,0
2023-03-06T12:05:02.396000,-0.127025,50.633707,1.92,0
2023-03-06T12:05:03.339000,-0.135982,50.690746,1.967,1
2023-03-06T12:05:04.283000,-0.14495,50.747783,2.015,1
2023-03-06T12:06:09.380000,-0.79661,54.6814,-0.124,1
2023-03-06T12:06:10.323000,-0.806586,54.738379,-0.043,0
2023-03-06T12:06:11.267000,-0.816578,54.795358,-0.018,0
2023-03-06T12:06:12.210000,-0.826588,54.852336,0.03,0
2023-03-06T12:06:13.153000,-0.836614,54.909313,0.048,0
2023-03-06T12:06:14.097000,-0.846658,54.966289,0.072,0
2023-03-06T12:06:15.040000,-0.856719,55.023264,0.114,0
2023-03-06T12:06:15.984000,-0.866798,55.080238,0.168,0
2023-03-06T12:06:16.927000,-0.876894,55.137211,0.175,0
2023-03-06T12:06:17.871000,-0.887007,55.194184,0.22,0
2023-03-06T12:06:18.814000,-0.897138,55.251156,0.227,0
2023-03-06T12:06:19.757000,-0.907287,55.308127,0.289,0
2023-03-06T12:06:20.701000,-0.917453,55.365096,0.331,0
2023-03-06T12:06:21.644000,-0.927638,55.422066,0.393,0
2023-03-06T12:06:22.588000,-0.93784,55.479034,0.382,0
2023-03-06T12:06:23.531000,-0.948061,55.536001,0.434,0
2023-03-06T12:06:24.475000,-0.9583,55.592967,0.459,0
2023-03-06T12:06:25.418000,-0.968557,55.649933,0.486,0
2023-03-06T12:06:26.362000,-0.978832,55.706897,0.524,0
2023-03-06T12:06:27.305000,-0.989126,55.763861,0.514,0
2023-03-06T12:06:28.248000,-0.999438,55.820824,0.57,0
2023-03-06T12:06:29.192000,-1.009769,55.877786,0.586,0
2023-03-06T12:06:30.135000,-1.020118,55.934747,0.629,0
2023-03-06T23:59:59.533000,6.229055,55.94966,0.223,0
2023-03-07T00:00:00.476000,6.218702,55.892715,0.232,0
2023-03-07T00:00:01.419000,6.208369,55.835768,0.247,0
2023-03-07T00:00:02.363000,6.198054,55.778821,0.261,0
2023-03-07T00:00:03.306000,6.187757,55.721873,0.273,0
2023-03-07T00:00:04.250000,6.177479,55.664924,0.252,0
2023-03-07T00:00:05.193000,6.16722,55.607974,0.246,0
2023-03-07T00:00:06.137000,6.156979,55.551023,0.309,0
2023-03-07T00:00:07.080000,6.146755,55.494072,0.323,0
2023-03-07T00:00:08.024000,6.13655,55.437119,0.318,0
2023-03-07T00:00:08.967000,6.126363,55.380166,0.33,0
2023-03-07T00:00:09.910000,6.116194,55.323212,0.404,0
2023-03-07T00:00:10.854000,6.106043,55.266257,0.417,0
2023-03-07T00:00:11.797000,6.095909,55.209301,0.396,0
2023-03-07T00:00:12.741000,6.085793,55.152344,0.382,0
2023-03-07T00:00:13.684000,6.075695,55.095387,0.433,0
2023-03-07T00:00:14.628000,6.065614,55.038428,0.427,0
2023-03-07T00:00:15.571000,6.05555,54.981469,0.387,0
2023-03-07T00:00:16.514000,6.045504,54.924509,0.443,0
2023-03-07T00:00:17.458000,6.035475,54.867548,0.432,0
2023-03-07T00:00:18.401000,6.025463,54.810586,0.471,0
2023-03-07T00:00:19.345000,6.015468,54.753623,0.473,0
2023-03-07T00:00:20.288000,6.00549,54.69666,0.477,0
2023-03-07T00:00:21.232000,5.995529,54.639695,0.478,0
2023-03-07T00:00:22.175000,5.985585,54.58273,0.503,0
2023-03-07T00:00:23.119000,5.975658,54.525764,0.485,0
2023-03-07T00:00:24.062000,5.965747,54.468797,0.497,0
2023-03-07T00:00:25.005000,5.955852,54.41183,0.458,0
2023-03-07T00:00:25.949000,5.945974,54.354861,0.47,0
2023-03-07T00:00:26.892000,5.936113,54.297892,0.439,0
2023-03-07T00:00:27.836000,5.926268,54.240921,0.428,0
2023-03-07T00:00:28.779000,5.916439,54.18395,0.412,0
2023-03-07T00:00:29.723000,5.906626,54.126978,0.403,0
2023-03-07T00:00:30.666000,5.896829,54.070006,0.384,0
2023-03-07T00:00:31.609000,5.887048,54.013032,0.39,0
2023-03-07T00:00:32.553000,5.877284,53.956058,0.382,0
2023-03-07T00:00:33.496000,5.867535,53.899082,0.385,0
2023-03-07T00:00:34.440000,5.857801,53.842106,0.363,0
2023-03-07T00:00:35.383000,5.848084,53.785129,0.371,0
2023-03-07T00:00:36.327000,5.838382,53.728152,0.357,0
2023-03-07T00:00:37.270000,5.828696,53.671173,0.323,0
2023-03-07T00:00:38.214000,5.819025,53.614194,0.325,0
2023-03-07T00:00:39.157000,5.809369,53.557213,0.324,1
2023-03-07T00:00:40.100000,5.799729,53.500232,0.294,1
2023-03-08T12:02:52.122000,-0.989218,49.707009,1.774,0
2023-03-08T12:02:53.066000,-0.997984,49.764062,1.708,0
2023-03-08T12:02:54.009000,-1.006762,49.821115,1.654,0
2023-03-08T12:02:54.953000,-1.015552,49.878167,1.623,0
2023-03-08T12:02:55.896000,-1.024352,49.935218,1.563,0
2023-03-08T12:02:56.839000,-1.033165,49.992269,1.598,0
2023-03-08T12:02:57.783000,-1.041989,50.049318,1.579,0
2023-03-08T12:02:58.726000,-1.050824,50.106367,1.601,0
2023-03-08T12:02:59.670000,-1.059671,50.163415,1.563,0
2023-03-08T12:03:00.613000,-1.06853,50.220462,1.577,0
2023-03-08T12:03:01.557000,-1.0774,50.277509,1.613,0
2023-03-08T12:03:02.500000,-1.086282,50.334555,1.603,0
2023-03-08T12:03:03.443000,-1.095176,50.391599,1.631,0
2023-03-08T12:03:04.387000,-1.104082,50.448643,1.642,0
2023-03-08T12:03:05.330000,-1.113,50.505687,1.679,1
2023-03-08T12:03:06.274000,-1.12193,50.562729,1.807,1
2023-03-08T12:04:34.957000,-2.02366,55.921019,0.238,1
2023-03-08T12:04:35.900000,-2.034024,55.977981,0.267,1
2023-03-08T23:58:04.354000,5.227721,55.983095,0.176,0
2023-03-08T23:58:05.298000,5.217359,55.926155,0.206,0
2023-03-08T23:58:06.241000,5.207015,55.869215,0.205,0
2023-03-08T23:58:07.185000,5.19669,55.812274,0.191,0
2023-03-08T23:58:08.128000,5.186383,55.755332,0.193,0
2023-03-08T23:58:09.071000,5.176095,55.69839,0.223,0
2023-03-08T23:58:10.015000,5.165826,55.641446,0.206,0
2023-03-08T23:58:11.902000,5.145342,55.527556,0.156,0
2023-03-08T23:58:12.845000,5.135127,55.47061,0.142,0
2023-03-08T23:58:13.789000,5.12493,55.413663,0.141,0
2023-03-08T23:58:14.732000,5.114751,55.356715,0.149,0
2023-03-08T23:58:15.675000,5.10459,55.299766,0.152,0
2023-03-08T23:58:16.619000,5.094447,55.242817,0.148,0
2023-03-08T23:58:17.562000,5.084321,55.185866,0.138,0
2023-03-08T23:58:18.506000,5.074213,55.128915,0.153,0
2023-03-08T23:58:19.449000,5.064123,55.071963,0.168,0
2023-03-08T23:58:20.393000,5.05405,55.01501,0.164,0
2023-03-08T23:58:21.336000,5.043994,54.958056,0.189,0
2023-03-08T23:58:22.279000,5.033955,54.901101,0.185,0
2023-03-08T23:58:23.223000,5.023934,54.844146,0.207,0
2023-03-08T23:58:24.166000,5.01393,54.787189,0.19,0
2023-03-08T23:58:25.110000,5.003943,54.730232,0.215,0
2023-03-08T23:58:26.053000,4.993973,54.673274,0.211,0
2023-03-08T23:58:26.997000,4.984019,54.616315,0.206,0
2023-03-08T23:58:27.940000,4.974083,54.559355,0.235,0
2023-03-08T23:58:28.884000,4.964163,54.502395,0.222,0
2023-03-08T23:58:29.827000,4.954259,54.445433,0.208,0
2023-03-08T23:58:30.770000,4.944372,54.388471,0.195,0
2023-03-08T23:58:31.714000,4.934502,54.331508,0.211,0
2023-03-08T23:58:32.657000,4.924648,54.274544,0.185,0
2023-03-08T23:58:33.601000,4.91481,54.217579,0.178,0
2023-03-08T23:58:34.544000,4.904988,54.160614,0.155,0
2023-03-08T23:58:35.488000,4.895183,54.103647,0.146,0
2023-03-08T23:58:36.431000,4.885393,54.04668,0.165,0
2023-03-08T23:58:37.374000,4.87562,53.989712,0.161,0
2023-03-08T23:58:38.318000,4.865862,53.932743,0.168,0
2023-03-08T23:58:39.261000,4.85612,53.875773,0.119,0
2023-03-08T23:58:40.205000,4.846394,53.818803,0.119,0
2023-03-08T23:58:41.148000,4.836684,53.761831,0.08,0
2023-03-08T23:58:42.092000,4.826989,53.704859,0.062,0
2023-03-08T23:58:43.035000,4.81731,53.647886,0.065,0
2023-03-08T23:58:43.979000,4.807646,53.590912,0.027,0
2023-03-08T23:58:44.922000,4.797997,53.533937,-0.005,0
2023-03-08T23:58:45.865000,4.788364,53.476962,-0.053,0
2023-03-08T23:58:46.809000,4.778746,53.419985,-0.095,0
2023-03-08T23:58:47.752000,4.769143,53.363008,-0.162,0
2023-03-08T23:58:48.696000,4.759555,53.30603,-0.206,1
2023-03-08T23:58:49.639000,4.749982,53.249052,-0.26,1
2023-03-08T23:58:50.583000,4.740424,53.192072,-0.34,1
2023-03-10T12:00:59.774000,-2.010212,49.761363,0.119,1
2023-03-10T12:01:00.718000,-2.018988,49.818416,0.195,1
2023-03-10T12:01:01.661000,-2.027776,49.875468,0.195,0
2023-03-10T12:01:02.604000,-2.036575,49.932519,0.198,0
2023-03-10T12:01:03.548000,-2.045386,49.98957,0.167,0
2023-03-10T12:01:04.491000,-2.054208,50.046619,0.195,0
2023-03-10T12:01:05.435000,-2.063042,50.103668,0.149,0
2023-03-10T12:01:06.378000,-2.071887,50.160716,0.065,0
2023-03-10T12:01:07.322000,-2.080744,50.217764,0.155,0
2023-03-10T12:01:08.265000,-2.089613,50.27481,0.075,0
2023-03-10T12:01:09.209000,-2.098494,50.331856,0.077,0
2023-03-10T12:01:10.152000,-2.107386,50.388901,0.004,0
2023-03-10T12:01:11.095000,-2.11629,50.445945,0.034,0
2023-03-10T12:01:12.039000,-2.125207,50.502988,-0.004,1
2023-03-10T12:01:12.982000,-2.134135,50.560031,0.006,1
2023-03-10T23:56:12.006000,4.204926,55.938415,-0.001,0
2023-03-10T23:56:12.950000,4.19458,55.88148,0.012,0
2023-03-10T23:56:13.893000,4.184253,55.824543,-0.009,0
2023-03-10T23:56:14.836000,4.173945,55.767606,-0.022,0
2023-03-10T23:56:15.780000,4.163655,55.710668,-0.031,0
2023-03-10T23:56:16.723000,4.153383,55.653729,-0.024,0
2023-03-10T23:56:17.667000,4.14313,55.59679,-0.029,0
2023-03-10T23:56:18.610000,4.132895,55.539849,-0.04,0
2023-03-10T23:56:19.554000,4.122678,55.482908,-0.032,0
2023-03-10T23:56:20.497000,4.11248,55.425966,-0.026,0
2023-03-10T23:56:21.440000,4.102299,55.369023,-0.025,0
2023-03-10T23:56:22.384000,4.092136,55.312079,-0.029,0
2023-03-10T23:56:23.327000,4.081991,55.255134,-0.016,0
2023-03-10T23:56:24.271000,4.071864,55.198188,-0.018,0
2023-03-10T23:56:25.214000,4.061754,55.141242,-0.02,0
2023-03-10T23:56:26.158000,4.051661,55.084294,0.005,0
2023-03-10T23:56:27.101000,4.041587,55.027346,0.001,0
2023-03-10T23:56:28.045000,4.031529,54.970397,0.03,0
2023-03-10T23:56:28.988000,4.021489,54.913447,0.052,0
2023-03-10T23:56:29.931000,4.011466,54.856497,0.037,0
2023-03-10T23:56:30.875000,4.00146,54.799545,0.057,0
2023-03-10T23:56:31.818000,3.991471,54.742593,0.071,0
2023-03-10T23:56:32.762000,3.981499,54.68564,0.091,0
2023-03-10T23:56:33.705000,3.971544,54.628685,0.074,0
2023-03-10T23:56:34.649000,3.961606,54.571731,0.125,0
2023-03-10T23:56:35.592000,3.951684,54.514775,0.129,0
2023-03-10T23:56:36.535000,3.941779,54.457818,0.136,0
2023-03-10T23:56:37.479000,3.931891,54.400861,0.135,0
2023-03-10T23:56:38.422000,3.922019,54.343903,0.148,0
2023-03-10T23:56:39.366000,3.912163,54.286943,0.159,0
2023-03-10T23:56:40.309000,3.902324,54.229984,0.155,0
2023-03-10T23:56:41.253000,3.8925,54.173023,0.163,0
2023-03-10T23:56:42.196000,3.882693,54.116061,0.174,0
2023-03-10T23:56:43.140000,3.872902,54.059099,0.175,0
2023-03-10T23:56:44.083000,3.863127,54.002136,0.229,0
2023-03-10T23:56:45.026000,3.853368,53.945172,0.226,0
2023-03-10T23:56:45.970000,3.843625,53.888207,0.234,0
2023-03-10T23:56:46.913000,3.833897,53.831241,0.225,0
2023-03-10T23:56:47.857000,3.824185,53.774275,0.237,0
2023-03-10T23:56:48.800000,3.814489,53.717307,0.235,0
2023-03-10T23:56:49.744000,3.804808,53.660339,0.258,0
2023-03-10T23:56:50.687000,3.795143,53.60337,0.241,0
2023-03-10T23:56:51.630000,3.785493,53.5464,0.241,0
2023-03-10T23:56:52.574000,3.775858,53.48943,0.263,0
2023-03-10T23:56:53.517000,3.766238,53.432458,0.244,0
2023-03-10T23:56:54.461000,3.756634,53.375486,0.23,0
2023-03-10T23:56:55.404000,3.747045,53.318513,0.238,0
2023-03-10T23:56:56.348000,3.73747,53.261539,0.285,0
2023-03-10T23:56:57.291000,3.727911,53.204565,0.262,0
2023-03-10T23:56:58.235000,3.718367,53.147589,0.228,0
2023-03-10T23:56:59.178000,3.708837,53.090613,0.261,0
2023-03-10T23:57:00.121000,3.699322,53.033636,0.267,0
2023-03-10T23:57:01.065000,3.689822,52.976658,0.237,0
2023-03-10T23:57:02.008000,3.680336,52.919679,0.191,0
2023-03-10T23:57:02.952000,3.670865,52.862699,0.218,0
2023-03-10T23:57:03.895000,3.661408,52.805719,0.196,0
2023-03-10T23:57:04.839000,3.651966,52.748738,0.175,0
2023-03-10T23:57:05.782000,3.642538,52.691756,0.155,0
2023-03-10T23:57:06.725000,3.633124,52.634773,0.17,0
2023-03-10T23:57:07.669000,3.623725,52.57779,0.158,0
2023-03-10T23:57:08.612000,3.61434,52.520805,0.156,0
2023-03-10T23:57:09.556000,3.604968,52.46382,0.159,0
2023-03-10T23:57:10.499000,3.595611,52.406834,0.13,0
2023-03-10T23:57:11.443000,3.586267,52.349848,0.102,0
2023-03-10T23:57:12.386000,3.576938,52.29286,0.124,0
2023-03-10T23:57:13.330000,3.567622,52.235872,0.081,0
2023-03-10T23:57:14.273000,3.55832,52.178883,0.077,0
2023-03-10T23:57:15.216000,3.549032,52.121893,0.075,0
2023-03-10T23:57:16.160000,3.539757,52.064902,0.064,0
2023-03-10T23:57:17.103000,3.530496,52.00791,0.008,0
2023-03-10T23:57:18.047000,3.521248,51.950918,0.027,0
2023-03-10T23:57:18.990000,3.512014,51.893925,0.001,0
2023-03-10T23:57:19.934000,3.502793,51.836931,-0.037,0
2023-03-10T23:57:20.877000,3.493585,51.779936,-0.025,0
2023-03-10T23:57:21.820000,3.484391,51.722941,-0.052,1
2023-03-10T23:57:22.764000,3.47521,51.665945,-0.104,1
2023-03-10T23:57:23.707000,3.466042,51.608948,-0.103,1
2023-03-10T23:57:26.538000,3.438616,51.437952,-0.12,1
2023-03-12T23:54:18.715000,3.189828,55.932009,-0.143,0
2023-03-12T23:54:19.658000,3.179487,55.875079,-0.15,0
2023-03-12T23:54:20.601000,3.169165,55.818147,-0.152,0
2023-03-12T23:54:21.545000,3.158861,55.761215,-0.12,0
2023-03-12T23:54:22.488000,3.148576,55.704282,-0.1,0
2023-03-12T23:54:23.432000,3.138309,55.647348,-0.108,0
2023-03-12T23:54:24.375000,3.12806,55.590413,-0.053,0
2023-03-12T23:54:25.319000,3.11783,55.533477,-0.078,0
2023-03-12T23:54:26.262000,3.107618,55.47654,-0.064,0
2023-03-12T23:54:27.206000,3.097423,55.419603,-0.061,0
2023-03-12T23:54:28.149000,3.087247,55.362665,-0.038,0
2023-03-12T23:54:29.092000,3.077089,55.305726,-0.04,0
2023-03-12T23:54:30.036000,3.066948,55.248786,-0.026,0
2023-03-12T23:54:30.979000,3.056825,55.191845,0.001,0
2023-03-12T23:54:31.923000,3.04672,55.134903,0.007,0
2023-03-12T23:54:32.866000,3.036632,55.077961,0.045,0
2023-03-12T23:54:33.810000,3.026561,55.021017,0.038,0
2023-03-12T23:54:34.753000,3.016508,54.964073,0.044,0
2023-03-12T23:54:35.696000,3.006473,54.907128,0.059,0
2023-03-12T23:54:36.640000,2.996454,54.850182,0.057,0
2023-03-12T23:54:37.583000,2.986452,54.793235,0.088,0
2023-03-12T23:54:38.527000,2.976468,54.736288,0.12,0
2023-03-12T23:54:39.470000,2.9665,54.67934,0.105,0
2023-03-12T23:54:40.414000,2.956549,54.62239,0.122,0
2023-03-12T23:54:41.357000,2.946615,54.56544,0.142,0
2023-03-12T23:54:42.301000,2.936698,54.508489,0.158,0
2023-03-12T23:54:43.244000,2.926797,54.451538,0.145,0
2023-03-12T23:54:44.187000,2.916913,54.394585,0.138,0
2023-03-12T23:54:45.131000,2.907045,54.337632,0.172,0
2023-03-12T23:54:46.074000,2.897193,54.280678,0.159,0
2023-03-12T23:54:47.018000,2.887358,54.223723,0.242,0
2023-03-12T23:54:47.961000,2.877539,54.166767,0.239,0
2023-03-12T23:54:48.905000,2.867736,54.10981,0.245,0
2023-03-12T23:54:49.848000,2.857949,54.052852,0.266,0
2023-03-12T23:54:50.791000,2.848178,53.995894,0.285,0
2023-03-12T23:54:51.735000,2.838423,53.938935,0.296,0
2023-03-12T23:54:52.678000,2.828683,53.881975,0.311,0
2023-03-12T23:54:53.622000,2.81896,53.825014,0.342,0
2023-03-12T23:54:54.565000,2.809252,53.768052,0.404,0
2023-03-12T23:54:55.509000,2.799559,53.71109,0.426,0
2023-03-12T23:54:56.452000,2.789882,53.654127,0.438,0
2023-03-12T23:54:57.396000,2.780221,53.597163,0.45,0
2023-03-12T23:54:58.339000,2.770575,53.540198,0.495,0
2023-03-12T23:54:59.282000,2.760944,53.483232,0.509,0
2023-03-12T23:55:00.226000,2.751329,53.426266,0.503,0
2023-03-12T23:55:01.169000,2.741728,53.369298,0.511,0
2023-03-12T23:55:02.113000,2.732143,53.31233,0.53,0
2023-03-12T23:55:03.056000,2.722572,53.255361,0.51,0
2023-03-12T23:55:04.000000,2.713017,53.198391,0.537,0
2023-03-12T23:55:04.943000,2.703476,53.141421,0.548,0
2023-03-12T23:55:05.886000,2.69395,53.084449,0.56,0
2023-03-12T23:55:06.830000,2.684439,53.027477,0.554,0
2023-03-12T23:55:07.773000,2.674943,52.970504,0.563,0
2023-03-12T23:55:08.717000,2.665461,52.91353,0.567,0
2023-03-12T23:55:09.660000,2.655993,52.856556,0.584,0
2023-03-12T23:55:10.604000,2.646541,52.79958,0.565,0
2023-03-12T23:55:11.547000,2.637102,52.742604,0.56,0
2023-03-12T23:55:12.490000,2.627678,52.685627,0.551,0
2023-03-12T23:55:13.434000,2.618268,52.628649,0.521,0
2023-03-12T23:55:14.377000,2.608872,52.571671,0.497,0
2023-03-12T23:55:15.321000,2.59949,52.514691,0.483,0
2023-03-12T23:55:16.264000,2.590122,52.457711,0.441,0
2023-03-12T23:55:17.208000,2.580769,52.40073,0.437,0
2023-03-12T23:55:18.151000,2.571429,52.343748,0.415,0
2023-03-12T23:55:19.095000,2.562103,52.286766,0.385,0
2023-03-12T23:55:20.038000,2.552791,52.229782,0.338,0
2023-03-12T23:55:20.981000,2.543492,52.172798,0.3,0
2023-03-12T23:55:21.925000,2.534208,52.115813,0.228,0
2023-03-12T23:55:22.868000,2.524937,52.058827,0.174,0
2023-03-12T23:55:23.812000,2.515679,52.001841,0.117,0
2023-03-12T23:55:24.755000,2.506435,51.944853,0.103,0
2023-03-12T23:55:25.699000,2.497204,51.887865,0.027,0
2023-03-12T23:55:26.642000,2.487987,51.830876,-0.033,0
2023-03-12T23:55:27.585000,2.478783,51.773886,-0.064,0
2023-03-12T23:55:28.529000,2.469592,51.716896,-0.123,0
2023-03-12T23:55:29.472000,2.460414,51.659905,-0.178,0
2023-03-12T23:55:30.416000,2.451249,51.602913,-0.223,0
2023-03-12T23:55:31.359000,2.442098,51.54592,-0.243,0
2023-03-12T23:55:32.303000,2.432959,51.488926,-0.268,0
2023-03-12T23:55:33.246000,2.423834,51.431932,-0.303,0
2023-03-12T23:55:34.190000,2.414721,51.374937,-0.314,0
2023-03-12T23:55:35.133000,2.405621,51.317941,-0.346,0
2023-03-12T23:55:36.076000,2.396534,51.260944,-0.338,0
2023-03-12T23:55:37.020000,2.387459,51.203946,-0.355,0
2023-03-12T23:55:37.963000,2.378397,51.146948,-0.332,1
2023-03-13T11:09:41.221000,8.228103,53.928926,0.977,1
2023-03-13T11:09:42.164000,8.218347,53.98592,0.981,0
2023-03-13T11:09:43.107000,8.208576,54.042913,0.905,0
2023-03-13T11:09:44.051000,8.198789,54.099905,0.857,0
2023-03-13T11:09:44.994000,8.188986,54.156897,0.82,0
2023-03-13T11:09:45.938000,8.179167,54.213887,0.801,0
2023-03-13T11:09:46.881000,8.169332,54.270877,0.723,0
2023-03-13T11:09:47.825000,8.15948,54.327865,0.715,0
2023-03-13T11:09:48.768000,8.149612,54.384853,0.707,0
2023-03-13T11:09:49.712000,8.139727,54.44184,0.663,0
2023-03-13T11:09:50.655000,8.129826,54.498826,0.618,0
2023-03-13T11:09:51.598000,8.119909,54.555811,0.612,1
2023-03-13T11:09:52.542000,8.109975,54.612796,0.585,1
2023-03-13T11:09:53.485000,8.100024,54.669779,0.61,1
2023-03-13T11:09:54.429000,8.090056,54.726762,0.61,1
2023-03-13T11:09:55.372000,8.080071,54.783743,0.58,1
2023-03-13T11:09:56.316000,8.07007,54.840724,0.613,1
2023-03-13T11:09:57.259000,8.060051,54.897704,0.614,0
2023-03-13T11:09:58.202000,8.050015,54.954683,0.566,0
2023-03-13T11:09:59.146000,8.039962,55.011661,0.527,0
2023-03-13T11:10:00.089000,8.029891,55.068638,0.514,0
2023-03-13T11:10:01.033000,8.019803,55.125614,0.49,0
2023-03-13T11:10:01.976000,8.009698,55.18259,0.549,0
2023-03-13T11:10:02.920000,7.999575,55.239564,0.527,0
2023-03-13T11:10:03.863000,7.989434,55.296538,0.532,0
2023-03-13T11:10:04.807000,7.979275,55.35351,0.504,0
2023-03-13T11:10:05.750000,7.969099,55.410482,0.517,0
2023-03-13T11:10:06.693000,7.958905,55.467453,0.553,1
2023-03-13T11:10:07.637000,7.948692,55.524423,0.553,1
2023-03-13T11:10:08.580000,7.938462,55.581392,0.526,1
2023-03-13T11:10:09.524000,7.928213,55.638361,0.603,1
2023-03-13T11:10:10.467000,7.917946,55.695328,0.568,1
2023-03-13T11:10:11.411000,7.90766,55.752294,0.579,0
2023-03-13T11:10:12.354000,7.897356,55.80926,0.631,0
2023-03-13T11:10:13.297000,7.887034,55.866224,0.616,0
2023-03-13T11:10:14.241000,7.876693,55.923188,0.629,0
2023-03-13T11:10:15.184000,7.866333,55.980151,0.618,0
2023-03-14T23:52:24.480000,2.183702,55.969009,0.254,0
2023-03-14T23:52:25.423000,2.17335,55.912085,0.291,0
2023-03-14T23:52:26.367000,2.163017,55.855159,0.245,0
2023-03-14T23:52:27.310000,2.152702,55.798232,0.268,0
2023-03-14T23:52:28.253000,2.142406,55.741305,0.277,0
2023-03-14T23:52:29.197000,2.132129,55.684376,0.294,0
2023-03-14T23:52:30.140000,2.12187,55.627447,0.292,0
2023-03-14T23:52:31.084000,2.111629,55.570517,0.245,0
2023-03-14T23:52:32.027000,2.101407,55.513586,0.275,0
2023-03-14T23:52:32.971000,2.091202,55.456654,0.289,0
2023-03-14T23:52:33.914000,2.081016,55.399722,0.335,0
2023-03-14T23:52:34.857000,2.070847,55.342788,0.354,0
2023-03-14T23:52:35.801000,2.060696,55.285854,0.374,0
2023-03-14T23:52:36.744000,2.050563,55.228919,0.362,0
2023-03-14T23:52:37.688000,2.040448,55.171983,0.41,0
2023-03-14T23:52:38.631000,2.03035,55.115046,0.442,0
2023-03-14T23:52:39.575000,2.02027,55.058109,0.421,0
2023-03-14T23:52:40.518000,2.010207,55.00117,0.437,0
2023-03-14T23:52:41.461000,2.000161,54.944231,0.467,0
2023-03-14T23:52:42.405000,1.990133,54.88729,0.478,0
2023-03-14T23:52:43.348000,1.980121,54.830349,0.522,0
2023-03-14T23:52:44.292000,1.970127,54.773408,0.532,0
2023-03-14T23:52:45.235000,1.96015,54.716465,0.558,0
2023-03-14T23:52:46.179000,1.950189,54.659521,0.561,0
2023-03-14T23:52:47.122000,1.940246,54.602577,0.564,0
2023-03-14T23:52:48.066000,1.930319,54.545632,0.57,0
2023-03-14T23:52:49.009000,1.920408,54.488686,0.617,0
2023-03-14T23:52:49.952000,1.910515,54.431739,0.619,0
2023-03-14T23:52:50.896000,1.900637,54.374791,0.65,0
2023-03-14T23:52:51.839000,1.890777,54.317843,0.695,0
2023-03-14T23:52:52.783000,1.880932,54.260893,0.715,0
2023-03-14T23:52:53.726000,1.871104,54.203943,0.722,0
2023-03-14T23:52:54.670000,1.861292,54.146992,0.756,0
2023-03-14T23:52:55.613000,1.851496,54.09004,0.8,0
2023-03-14T23:52:56.556000,1.841715,54.033088,0.779,0
2023-03-14T23:52:57.500000,1.831951,53.976134,0.81,0
2023-03-14T23:52:58.443000,1.822203,53.91918,0.855,0
2023-03-14T23:52:59.387000,1.812471,53.862225,0.851,0
2023-03-14T23:53:00.330000,1.802754,53.805269,0.853,0
2023-03-14T23:53:01.274000,1.793052,53.748312,0.867,0
2023-03-14T23:53:02.217000,1.783367,53.691354,0.915,0
2023-03-14T23:53:03.161000,1.773697,53.634396,0.935,0
2023-03-14T23:53:04.104000,1.764042,53.577437,0.97,0
2023-03-14T23:53:05.047000,1.754402,53.520477,0.984,0
2023-03-14T23:53:05.991000,1.744778,53.463516,0.979,0
2023-03-14T23:53:06.934000,1.735169,53.406554,1.034,0
2023-03-14T23:53:07.878000,1.725575,53.349592,1.052,0
2023-03-14T23:53:08.821000,1.715996,53.292629,1.062,0
2023-03-14T23:53:09.765000,1.706433,53.235665,1.108,0
2023-03-14T23:53:10.708000,1.696883,53.1787,1.123,0
2023-03-14T23:53:11.651000,1.687349,53.121734,1.161,0
2023-03-14T23:53:12.595000,1.67783,53.064768,1.211,0
2023-03-14T23:53:13.538000,1.668325,53.0078,1.228,0
2023-03-14T23:53:14.482000,1.658835,52.950832,1.255,0
2023-03-14T23:53:15.425000,1.649359,52.893863,1.222,1
2023-03-14T23:53:16.369000,1.639898,52.836894,1.241,1
2023-03-14T23:53:30.520000,1.499675,51.982253,0.04,1
2023-03-14T23:53:31.464000,1.490436,51.92527,-0.006,1
2023-03-14T23:53:32.407000,1.481211,51.868287,-0.146,1
2023-03-14T23:53:33.351000,1.472,51.811303,-0.234,1
2023-03-14T23:53:34.294000,1.462801,51.754318,-0.312,0
2023-03-14T23:53:35.237000,1.453616,51.697333,-0.379,0
2023-03-14T23:53:36.181000,1.444444,51.640346,-0.461,1
2023-03-14T23:53:37.124000,1.435285,51.583359,-0.53,0
2023-03-14T23:53:38.068000,1.426139,51.526371,-0.602,0
2023-03-14T23:53:39.011000,1.417007,51.469383,-0.633,1
2023-03-14T23:53:45.615000,1.353434,51.07044,-1.181,1
2023-03-14T23:53:46.559000,1.344403,51.013445,-1.275,1
2023-03-14T23:53:47.502000,1.335384,50.95645,-1.318,0
2023-03-14T23:53:48.446000,1.326378,50.899453,-1.346,0
2023-03-14T23:53:49.389000,1.317384,50.842456,-1.319,0
2023-03-14T23:53:50.332000,1.308402,50.785458,-1.341,0
2023-03-14T23:53:51.276000,1.299432,50.728459,-1.29,0
2023-03-14T23:53:52.219000,1.290475,50.67146,-1.245,0
2023-03-14T23:53:53.163000,1.28153,50.614459,-1.224,0
2023-03-14T23:53:54.106000,1.272597,50.557458,-1.198,0
2023-03-14T23:53:55.050000,1.263675,50.500457,-1.106,0
2023-03-14T23:53:55.993000,1.254766,50.443454,-1.079,0
2023-03-14T23:53:56.936000,1.245869,50.38645,-1.011,0
2023-03-14T23:53:57.880000,1.236984,50.329446,-0.932,0
2023-03-14T23:53:58.823000,1.22811,50.272442,-0.878,0
2023-03-14T23:53:59.767000,1.219248,50.215436,-0.796,0
2023-03-14T23:54:00.710000,1.210398,50.158429,-0.736,0
2023-03-14T23:54:01.654000,1.201559,50.101422,-0.65,1
2023-03-14T23:54:02.597000,1.192732,50.044414,-0.566,1
2023-03-15T11:07:45.099000,7.240966,53.785153,0.156,1
2023-03-15T11:07:46.042000,7.231251,53.842149,0.128,1
2023-03-15T11:07:46.986000,7.22152,53.899144,0.128,0
2023-03-15T11:07:47.929000,7.211774,53.956138,0.12,0
2023-03-15T11:07:48.873000,7.202012,54.013131,0.11,0
2023-03-15T11:07:49.816000,7.192233,54.070124,0.101,0
2023-03-15T11:07:50.759000,7.182439,54.127115,0.11,0
2023-03-15T11:07:51.703000,7.172629,54.184105,0.1,0
2023-03-15T11:07:52.646000,7.162803,54.241095,0.079,0
2023-03-15T11:07:53.590000,7.15296,54.298084,0.128,0
2023-03-15T11:07:54.533000,7.143101,54.355072,0.143,0
2023-03-15T11:07:55.477000,7.133226,54.412059,0.148,0
2023-03-15T11:07:56.420000,7.123334,54.469045,0.122,0
2023-03-15T11:07:57.363000,7.113426,54.52603,0.171,0
2023-03-15T11:07:58.307000,7.103501,54.583015,0.144,0
2023-03-15T11:07:59.250000,7.093559,54.639998,0.203,0
2023-03-15T11:08:00.194000,7.083601,54.696981,0.195,0
2023-03-15T11:08:01.137000,7.073626,54.753962,0.184,0
2023-03-15T11:08:02.081000,7.063633,54.810943,0.232,0
2023-03-15T11:08:03.024000,7.053624,54.867923,0.193,0
2023-03-15T11:08:03.968000,7.043598,54.924902,0.193,0
2023-03-15T11:08:04.911000,7.033554,54.98188,0.246,0
2023-03-15T11:08:05.854000,7.023493,55.038858,0.202,0
2023-03-15T11:08:06.798000,7.013415,55.095834,0.225,0
2023-03-15T11:08:07.741000,7.003319,55.152809,0.25,0
2023-03-15T11:08:08.685000,6.993206,55.209784,0.26,0
2023-03-15T11:08:09.628000,6.983075,55.266757,0.277,0
2023-03-15T11:08:10.572000,6.972926,55.32373,0.238,0
2023-03-15T11:08:11.515000,6.96276,55.380702,0.233,0
2023-03-15T11:08:12.458000,6.952576,55.437673,0.24,0
2023-03-15T11:08:13.402000,6.942373,55.494643,0.273,0
2023-03-15T11:08:14.345000,6.932153,55.551612,0.293,0
2023-03-15T11:08:15.289000,6.921914,55.60858,0.314,0
2023-03-15T11:08:16.232000,6.911657,55.665548,0.379,0
2023-03-15T11:08:17.176000,6.901382,55.722514,0.338,0
2023-03-15T11:08:18.119000,6.891089,55.77948,0.369,0
2023-03-15T11:08:19.063000,6.880776,55.836444,0.369,0
2023-03-15T11:08:20.006000,6.870446,55.893408,0.33,0
2023-03-15T11:08:20.949000,6.860096,55.95037,0.338,0
2023-03-16T23:50:31.188000,1.166476,55.93529,0.539,0
2023-03-16T23:50:32.132000,1.156135,55.878369,0.563,0
2023-03-16T23:50:33.075000,1.145813,55.821448,0.577,0
2023-03-16T23:50:34.018000,1.135509,55.764527,0.574,0
2023-03-16T23:50:34.962000,1.125224,55.707604,0.61,0
2023-03-16T23:50:35.905000,1.114957,55.65068,0.589,0
2023-03-16T23:50:36.849000,1.104708,55.593756,0.614,0
2023-03-16T23:50:37.792000,1.094478,55.536831,0.653,0
2023-03-16T23:50:38.736000,1.084265,55.479904,0.633,0
2023-03-16T23:50:39.679000,1.074071,55.422977,0.682,0
2023-03-16T23:50:40.622000,1.063895,55.36605,0.685,0
2023-03-16T23:50:41.566000,1.053736,55.309121,0.738,0
2023-03-16T23:50:42.509000,1.043596,55.252191,0.709,0
2023-03-16T23:50:43.453000,1.033473,55.195261,0.755,0
2023-03-16T23:50:44.396000,1.023367,55.13833,0.772,0
2023-03-16T23:50:45.340000,1.01328,55.081398,0.785,0
2023-03-16T23:50:46.283000,1.003209,55.024465,0.798,0
2023-03-16T23:50:47.227000,0.993156,54.967531,0.811,0
2023-03-16T23:50:48.170000,0.98312,54.910596,0.849,0
2023-03-16T23:50:49.113000,0.973101,54.853661,0.85,0
2023-03-16T23:50:50.057000,0.9631,54.796725,0.873,0
2023-03-16T23:50:51.000000,0.953115,54.739788,0.886,0
2023-03-16T23:50:51.944000,0.943147,54.68285,0.896,0
2023-03-16T23:50:52.887000,0.933197,54.625911,0.876,0
2023-03-16T23:50:53.831000,0.923262,54.568971,0.909,0
2023-03-16T23:50:54.774000,0.913345,54.512031,0.927,0
2023-03-16T23:50:55.717000,0.903444,54.45509,0.946,0
2023-03-16T23:50:56.661000,0.89356,54.398148,0.989,0
2023-03-16T23:50:57.604000,0.883692,54.341205,0.997,0
2023-03-16T23:50:58.548000,0.87384,54.284261,1.041,0
2023-03-16T23:50:59.491000,0.864005,54.227316,1.053,0
2023-03-16T23:51:00.435000,0.854186,54.170371,1.076,0
2023-03-16T23:51:01.378000,0.844383,54.113425,1.092,0
2023-03-16T23:51:02.322000,0.834596,54.056478,1.07,0
2023-03-16T23:51:03.265000,0.824825,53.99953,1.129,0
2023-03-16T23:51:04.208000,0.81507,53.942581,1.144,0
2023-03-16T23:51:05.152000,0.80533,53.885632,1.147,0
2023-03-16T23:51:06.095000,0.795606,53.828681,1.17,0
2023-03-16T23:51:07.039000,0.785899,53.77173,1.167,0
2023-03-16T23:51:07.982000,0.776206,53.714778,1.14,0
2023-03-16T23:51:08.926000,0.766529,53.657826,1.162,0
2023-03-16T23:51:09.869000,0.756868,53.600872,1.19,0
2023-03-16T23:51:10.812000,0.747222,53.543918,1.167,0
2023-03-16T23:51:11.756000,0.737591,53.486962,1.18,0
2023-03-16T23:51:12.699000,0.727975,53.430006,1.175,0
2023-03-16T23:51:13.643000,0.718375,53.37305,1.203,0
2023-03-16T23:51:14.586000,0.708789,53.316092,1.226,0
2023-03-16T23:51:15.530000,0.699219,53.259133,1.26,0
2023-03-16T23:51:16.473000,0.689663,53.202174,1.245,0
2023-03-16T23:51:17.417000,0.680123,53.145214,1.253,0
2023-03-16T23:51:18.360000,0.670597,53.088253,1.247,1
2023-03-16T23:51:19.303000,0.661086,53.031292,1.255,1
2023-03-16T23:51:57.984000,0.282996,50.695182,-1.246,1
2023-03-16T23:51:58.928000,0.274045,50.638188,-1.223,1
2023-03-16T23:51:59.871000,0.265107,50.581192,-1.201,0
2023-03-16T23:52:00.815000,0.25618,50.524196,-1.21,0
2023-03-16T23:52:01.758000,0.247266,50.467199,-1.21,0
2023-03-16T23:52:02.702000,0.238363,50.410201,-1.199,0
2023-03-16T23:52:03.645000,0.229472,50.353203,-1.177,0
2023-03-16T23:52:04.588000,0.220593,50.296204,-1.173,0
2023-03-16T23:52:05.532000,0.211726,50.239204,-1.192,0
2023-03-16T23:52:06.475000,0.202871,50.182203,-1.202,0
2023-03-16T23:52:07.419000,0.194027,50.125201,-1.248,0
2023-03-16T23:52:08.362000,0.185195,50.068199,-1.253,0
2023-03-16T23:52:09.306000,0.176375,50.011196,-1.262,0
2023-03-16T23:52:10.249000,0.167566,49.954192,-1.246,0
2023-03-16T23:52:11.192000,0.158768,49.897188,-1.264,0
2023-03-16T23:52:12.136000,0.149982,49.840182,-1.281,1
2023-03-16T23:52:13.079000,0.141207,49.783176,-1.259,1
2023-03-16T23:52:14.023000,0.132444,49.726169,-1.197,1
2023-03-17T11:05:48.034000,6.261242,53.598052,-0.133,1
2023-03-17T11:05:48.977000,6.251577,53.655049,-0.152,0
2023-03-17T11:05:49.920000,6.241897,53.712046,-0.135,0
2023-03-17T11:05:50.864000,6.232201,53.769042,-0.136,0
2023-03-17T11:05:51.807000,6.222489,53.826037,-0.119,0
2023-03-17T11:05:52.751000,6.212762,53.883031,-0.109,0
2023-03-17T11:05:53.694000,6.203019,53.940025,-0.089,0
2023-03-17T11:05:54.638000,6.19326,53.997017,-0.059,0
2023-03-17T11:05:55.581000,6.183485,54.054009,-0.083,0
2023-03-17T11:05:56.524000,6.173694,54.110999,-0.059,0
2023-03-17T11:05:57.468000,6.163888,54.167989,-0.076,0
2023-03-17T11:05:58.411000,6.154065,54.224978,-0.046,0
2023-03-17T11:05:59.355000,6.144226,54.281966,-0.015,0
2023-03-17T11:06:00.298000,6.13437,54.338953,0.001,0
2023-03-17T11:06:01.242000,6.124498,54.395939,0.003,0
2023-03-17T11:06:02.185000,6.11461,54.452925,0.005,0
2023-03-17T11:06:03.129000,6.104706,54.509909,0.035,0
2023-03-17T11:06:04.072000,6.094784,54.566893,0.021,0
2023-03-17T11:06:05.015000,6.084846,54.623876,0.041,0
2023-03-17T11:06:05.959000,6.074892,54.680857,0.04,0
2023-03-17T11:06:06.902000,6.06492,54.737838,0.08,0
2023-03-17T11:06:07.846000,6.054931,54.794818,0.073,0
2023-03-17T11:06:08.789000,6.044926,54.851797,0.087,0
2023-03-17T11:06:09.733000,6.034903,54.908776,0.091,0
2023-03-17T11:06:10.676000,6.024863,54.965753,0.106,0
2023-03-17T11:06:11.619000,6.014806,55.022729,0.122,0
2023-03-17T11:06:12.563000,6.004732,55.079705,0.119,0
2023-03-17T11:06:13.506000,5.99464,55.136679,0.105,0
2023-03-17T11:06:14.450000,5.98453,55.193653,0.122,0
2023-03-17T11:06:15.393000,5.974403,55.250626,0.141,0
2023-03-17T11:06:16.337000,5.964259,55.307598,0.139,0
2023-03-17T11:06:17.280000,5.954096,55.364569,0.153,0
2023-03-17T11:06:18.223000,5.943916,55.421539,0.163,0
2023-03-17T11:06:19.167000,5.933717,55.478508,0.182,0
2023-03-17T11:06:20.110000,5.923501,55.535476,0.171,0
2023-03-17T11:06:21.054000,5.913266,55.592444,0.134,0
2023-03-17T11:06:21.997000,5.903014,55.64941,0.174,0
2023-03-17T11:06:22.941000,5.892742,55.706376,0.193,0
2023-03-17T11:06:23.884000,5.882453,55.76334,0.239,0
2023-03-17T11:06:24.828000,5.872145,55.820304,0.205,0
2023-03-17T11:06:25.771000,5.861818,55.877267,0.169,0
2023-03-17T11:06:26.714000,5.851473,55.934228,0.175,0
2023-03-18T23:48:36.953000,0.159438,55.950166,0.813,0
2023-03-18T23:48:37.897000,0.14909,55.893252,0.81,0
2023-03-18T23:48:38.840000,0.138761,55.836336,0.774,0
2023-03-18T23:48:39.783000,0.128451,55.77942,0.834,0
2023-03-18T23:48:40.727000,0.11816,55.722503,0.791,0
2023-03-18T23:48:41.670000,0.107887,55.665585,0.798,0
2023-03-18T23:48:42.614000,0.097632,55.608666,0.787,0
2023-03-18T23:48:43.557000,0.087395,55.551746,0.762,0
2023-03-18T23:48:44.501000,0.077177,55.494826,0.77,0
2023-03-18T23:48:45.444000,0.066977,55.437904,0.743,0
2023-03-18T23:48:46.388000,0.056794,55.380982,0.751,0
2023-03-18T23:48:47.331000,0.04663,55.324059,0.747,0
2023-03-18T23:48:48.274000,0.036483,55.267135,0.737,0
2023-03-18T23:48:49.218000,0.026354,55.21021,0.729,0
2023-03-18T23:48:50.161000,0.016243,55.153284,0.716,0
2023-03-18T23:48:51.105000,0.006149,55.096358,0.726,0
2023-03-18T23:48:52.048000,-0.003927,55.039431,0.676,0
2023-03-18T23:48:52.992000,-0.013986,54.982502,0.674,0
2023-03-18T23:48:53.935000,-0.024028,54.925574,0.624,0
2023-03-18T23:48:54.878000,-0.034052,54.868644,0.629,0
2023-03-18T23:48:56.765000,-0.05405,54.754782,0.576,0
2023-03-18T23:48:57.709000,-0.064024,54.697849,0.567,0
2023-03-18T23:48:58.652000,-0.07398,54.640916,0.545,0
2023-03-18T23:48:59.596000,-0.08392,54.583982,0.549,0
2023-03-18T23:49:00.539000,-0.093843,54.527047,0.52,0
2023-03-18T23:49:01.483000,-0.10375,54.470112,0.49,0
2023-03-18T23:49:02.426000,-0.11364,54.413175,0.483,0
2023-03-18T23:49:03.369000,-0.123513,54.356238,0.443,0
2023-03-18T23:49:04.313000,-0.13337,54.2993,0.426,1
2023-03-18T23:49:05.256000,-0.143211,54.242361,0.388,1
2023-03-18T23:50:04.693000,-0.733481,50.653584,0.16,1
2023-03-18T23:50:05.636000,-0.742424,50.596594,0.146,1
2023-03-18T23:50:06.580000,-0.751354,50.539604,0.055,0
2023-03-18T23:50:07.523000,-0.760273,50.482612,-0.017,0
2023-03-18T23:50:08.467000,-0.76918,50.42562,-0.087,0
2023-03-18T23:50:09.410000,-0.778075,50.368627,-0.161,0
2023-03-18T23:50:10.353000,-0.786958,50.311634,-0.248,0
2023-03-18T23:50:11.297000,-0.795829,50.254639,-0.352,0
2023-03-18T23:50:12.240000,-0.804689,50.197644,-0.459,0
2023-03-18T23:50:13.184000,-0.813537,50.140648,-0.514,0
2023-03-18T23:50:14.127000,-0.822373,50.083652,-0.613,0
2023-03-18T23:50:15.071000,-0.831198,50.026654,-0.719,0
2023-03-18T23:50:16.014000,-0.840011,49.969656,-0.824,0
2023-03-18T23:50:16.957000,-0.848813,49.912657,-0.931,0
2023-03-18T23:50:17.901000,-0.857603,49.855657,-1.006,0
2023-03-18T23:50:18.844000,-0.866382,49.798657,-1.077,0
2023-03-18T23:50:19.788000,-0.875149,49.741656,-1.167,0
2023-03-19T11:03:51.912000,5.27112,53.475693,-0.67,1
2023-03-19T11:03:52.855000,5.261486,53.532691,-0.614,1
2023-03-19T11:03:53.799000,5.251837,53.589688,-0.586,0
2023-03-19T11:03:54.742000,5.242173,53.646684,-0.542,0
2023-03-19T11:03:55.685000,5.232493,53.70368,-0.497,0
2023-03-19T11:03:56.629000,5.222798,53.760674,-0.434,0
2023-03-19T11:03:57.572000,5.213087,53.817668,-0.41,0
2023-03-19T11:03:58.516000,5.203361,53.874661,-0.393,0
2023-03-19T11:03:59.459000,5.193618,53.931652,-0.385,0
2023-03-19T11:04:00.403000,5.18386,53.988643,-0.34,0
2023-03-19T11:04:01.346000,5.174087,54.045634,-0.324,0
2023-03-19T11:04:02.289000,5.164297,54.102623,-0.299,0
2023-03-19T11:04:03.233000,5.154491,54.159611,-0.27,0
2023-03-19T11:04:04.176000,5.144669,54.216598,-0.237,0
2023-03-19T11:04:05.120000,5.134831,54.273585,-0.206,0
2023-03-19T11:04:06.063000,5.124976,54.33057,-0.171,0
2023-03-19T11:04:07.007000,5.115105,54.387555,-0.141,0
2023-03-19T11:04:07.950000,5.105218,54.444539,-0.107,0
2023-03-19T11:04:08.894000,5.095314,54.501522,-0.099,0
2023-03-19T11:04:09.837000,5.085394,54.558504,-0.078,0
2023-03-19T11:04:10.780000,5.075457,54.615485,-0.091,0
2023-03-19T11:04:11.724000,5.065503,54.672465,-0.05,0
2023-03-19T11:04:12.667000,5.055532,54.729444,-0.032,0
2023-03-19T11:04:13.611000,5.045545,54.786423,-0.035,0
2023-03-19T11:04:14.554000,5.03554,54.8434,-0.004,0
2023-03-19T11:04:15.498000,5.025518,54.900377,-0.015,0
2023-03-19T11:04:16.441000,5.01548,54.957353,0.013,0
2023-03-19T11:04:17.384000,5.005424,55.014328,0.021,0
2023-03-19T11:04:18.328000,4.99535,55.071301,0.023,0
2023-03-19T11:04:19.271000,4.985259,55.128274,0.067,0
2023-03-19T11:04:20.215000,4.975151,55.185247,0.063,0
2023-03-19T11:04:21.158000,4.965025,55.242218,0.058,0
2023-03-19T11:04:22.102000,4.954881,55.299188,0.048,0
2023-03-19T11:04:23.045000,4.94472,55.356157,0.089,0
2023-03-19T11:04:23.989000,4.93454,55.413126,0.106,0
2023-03-19T11:04:24.932000,4.924343,55.470093,0.092,0
2023-03-19T11:04:25.875000,4.914128,55.52706,0.092,0
2023-03-19T11:04:26.819000,4.903894,55.584026,0.067,0
2023-03-19T11:04:27.762000,4.893642,55.64099,0.092,0
2023-03-19T11:04:28.706000,4.883372,55.697954,0.09,0
2023-03-19T11:04:29.649000,4.873084,55.754917,0.139,0
2023-03-19T11:04:30.593000,4.862777,55.811879,0.114,0
2023-03-19T11:04:31.536000,4.852451,55.86884,0.12,0
2023-03-19T11:04:32.479000,4.842107,55.9258,0.154,0
2023-03-19T11:04:33.423000,4.831744,55.98276,0.119,0
2023-03-20T23:46:42.718000,-0.848584,55.957684,0.258,0
2023-03-20T23:46:43.662000,-0.858934,55.900775,0.204,0
2023-03-20T23:46:44.605000,-0.869265,55.843865,0.158,0
2023-03-20T23:46:45.549000,-0.879578,55.786955,0.118,0
2023-03-20T23:46:46.492000,-0.889872,55.730043,0.081,0
2023-03-20T23:46:47.435000,-0.900148,55.67313,0.044,0
2023-03-20T23:46:48.379000,-0.910405,55.616217,-0.009,0
2023-03-20T23:46:49.322000,-0.920644,55.559303,-0.051,0
2023-03-20T23:46:50.266000,-0.930865,55.502388,-0.098,0
2023-03-20T23:46:51.209000,-0.941068,55.445472,-0.139,0
2023-03-20T23:46:52.153000,-0.951253,55.388555,-0.188,0
2023-03-20T23:46:53.096000,-0.96142,55.331637,-0.22,0
2023-03-20T23:46:54.039000,-0.971569,55.274719,-0.263,0
2023-03-20T23:46:54.983000,-0.981701,55.217799,-0.315,0
2023-03-20T23:46:55.926000,-0.991815,55.160879,-0.36,0
2023-03-20T23:46:56.870000,-1.001911,55.103958,-0.401,0
2023-03-20T23:46:57.813000,-1.01199,55.047036,-0.452,0
2023-03-20T23:46:58.757000,-1.022051,54.990114,-0.498,0
2023-03-20T23:46:59.700000,-1.032096,54.93319,-0.538,0
2023-03-20T23:47:00.644000,-1.042123,54.876266,-0.565,0
2023-03-20T23:47:01.587000,-1.052133,54.819341,-0.615,0
2023-03-20T23:47:02.530000,-1.062125,54.762414,-0.638,1
2023-03-20T23:47:03.474000,-1.072101,54.705488,-0.684,1
2023-03-20T23:48:10.458000,-1.74171,50.661609,0.575,1
2023-03-20T23:48:11.401000,-1.750655,50.604624,0.474,1
2023-03-20T23:48:12.345000,-1.759588,50.547639,0.316,1
2023-03-20T23:48:13.288000,-1.768508,50.490653,0.19,0
2023-03-20T23:48:14.232000,-1.777417,50.433667,0.044,0
2023-03-20T23:48:15.175000,-1.786314,50.376679,-0.082,0
2023-03-20T23:48:16.118000,-1.795199,50.319691,-0.203,0
2023-03-20T23:48:17.062000,-1.804072,50.262702,-0.318,0
2023-03-20T23:48:18.005000,-1.812933,50.205712,-0.435,0
2023-03-20T23:48:18.949000,-1.821783,50.148722,-0.557,0
2023-03-20T23:48:19.892000,-1.830621,50.09173,-0.653,0
2023-03-20T23:48:20.836000,-1.839448,50.034738,-0.799,0
2023-03-20T23:48:21.779000,-1.848263,49.977745,-0.938,0
2023-03-20T23:48:22.723000,-1.857066,49.920752,-1.12,0
2023-03-20T23:48:23.666000,-1.865858,49.863758,-1.319,0
2023-03-20T23:48:24.609000,-1.874639,49.806762,-1.499,1
2023-03-21T11:01:39.751000,4.442156,52.392496,-0.635,1
2023-03-21T11:01:40.695000,4.432799,52.449509,-0.644,1
2023-03-21T11:01:41.638000,4.423429,52.50652,-0.708,1
2023-03-21T11:01:42.582000,4.414045,52.563531,-0.656,1
2023-03-21T11:01:43.525000,4.404646,52.62054,-0.678,1
2023-03-21T11:01:44.469000,4.395233,52.677549,-0.668,0
2023-03-21T11:01:45.412000,4.385806,52.734558,-0.688,0
2023-03-21T11:01:46.355000,4.376365,52.791565,-0.645,0
2023-03-21T11:01:47.299000,4.36691,52.848571,-0.665,0
2023-03-21T11:01:48.242000,4.357439,52.905577,-0.663,0
2023-03-21T11:01:49.186000,4.347955,52.962581,-0.641,0
2023-03-21T11:01:50.129000,4.338456,53.019585,-0.642,0
2023-03-21T11:01:51.073000,4.328942,53.076588,-0.635,0
2023-03-21T11:01:52.016000,4.319413,53.13359,-0.614,0
2023-03-21T11:01:52.960000,4.30987,53.190591,-0.582,0
2023-03-21T11:01:53.903000,4.300312,53.247591,-0.522,0
2023-03-21T11:01:54.846000,4.290739,53.304591,-0.522,0
2023-03-21T11:01:55.790000,4.281151,53.361589,-0.482,0
2023-03-21T11:01:56.733000,4.271547,53.418587,-0.469,0
2023-03-21T11:01:57.677000,4.261929,53.475583,-0.471,0
2023-03-21T11:01:58.620000,4.252296,53.532579,-0.475,0
2023-03-21T11:01:59.564000,4.242647,53.589574,-0.436,0
2023-03-21T11:02:00.507000,4.232983,53.646568,-0.438,0
2023-03-21T11:02:01.450000,4.223303,53.703561,-0.418,0
2023-03-21T11:02:02.394000,4.213608,53.760554,-0.411,0
2023-03-21T11:02:03.337000,4.203897,53.817545,-0.405,0
2023-03-21T11:02:04.281000,4.194171,53.874536,-0.402,0
2023-03-21T11:02:05.224000,4.184429,53.931525,-0.395,0
2023-03-21T11:02:06.168000,4.174671,53.988514,-0.364,0
2023-03-21T11:02:07.111000,4.164897,54.045502,-0.353,0
2023-03-21T11:02:08.055000,4.155107,54.102489,-0.364,0
2023-03-21T11:02:08.998000,4.145301,54.159475,-0.369,0
2023-03-21T11:02:09.941000,4.135479,54.21646,-0.374,0
2023-03-21T11:02:10.885000,4.125641,54.273444,-0.38,0
2023-03-21T11:02:11.828000,4.115787,54.330428,-0.372,0
2023-03-21T11:02:12.772000,4.105916,54.38741,-0.351,0
2023-03-21T11:02:13.715000,4.096029,54.444392,-0.344,0
2023-03-21T11:02:14.659000,4.086125,54.501373,-0.364,0
2023-03-21T11:02:15.602000,4.076205,54.558352,-0.377,0
2023-03-21T11:02:16.545000,4.066268,54.615331,-0.36,0
2023-03-21T11:02:17.489000,4.056314,54.672309,-0.366,0
2023-03-21T11:02:18.432000,4.046344,54.729286,-0.373,0
2023-03-21T11:02:19.376000,4.036356,54.786262,-0.384,0
2023-03-21T11:02:20.319000,4.026352,54.843238,-0.379,0
2023-03-21T11:02:21.263000,4.01633,54.900212,-0.367,0
2023-03-21T11:02:22.206000,4.006291,54.957185,-0.379,0
2023-03-21T11:02:23.150000,3.996235,55.014158,-0.364,0
2023-03-21T11:02:24.093000,3.986162,55.071129,-0.378,0
2023-03-21T11:02:25.036000,3.976071,55.1281,-0.35,0
2023-03-21T11:02:25.980000,3.965963,55.18507,-0.35,0
2023-03-21T11:02:26.923000,3.955837,55.242039,-0.356,0
2023-03-21T11:02:27.867000,3.945694,55.299007,-0.347,0
2023-03-21T11:02:28.810000,3.935532,55.355974,-0.313,0
2023-03-21T11:02:29.754000,3.925353,55.41294,-0.322,0
2023-03-21T11:02:30.697000,3.915156,55.469905,-0.329,0
2023-03-21T11:02:31.640000,3.904941,55.52687,-0.331,0
2023-03-21T11:02:32.584000,3.894707,55.583833,-0.324,0
2023-03-21T11:02:33.527000,3.884456,55.640795,-0.299,0
2023-03-21T11:02:34.471000,3.874186,55.697757,-0.307,0
2023-03-21T11:02:35.414000,3.863897,55.754717,-0.296,0
2023-03-21T11:02:36.358000,3.85359,55.811677,-0.298,0
2023-03-21T11:02:37.301000,3.843265,55.868636,-0.27,0
2023-03-21T11:02:38.245000,3.832921,55.925594,-0.225,0
2023-03-21T11:02:39.188000,3.822558,55.98255,-0.238,0
2023-03-22T23:44:48.483000,-1.858717,55.955447,-0.331,0
2023-03-22T23:44:49.427000,-1.869064,55.898543,-0.365,1
2023-03-22T23:44:50.370000,-1.879393,55.841639,-0.414,1
2023-03-22T23:44:51.314000,-1.889703,55.784733,-0.444,1
2023-03-23T10:59:33.252000,3.553166,51.661893,-0.448,1
2023-03-23T10:59:34.195000,3.543985,51.718914,-0.415,1
2023-03-23T10:59:35.139000,3.534791,51.775934,-0.343,1
2023-03-23T10:59:36.082000,3.525584,51.832953,-0.335,0
2023-03-23T10:59:37.026000,3.516363,51.889972,-0.275,0
2023-03-23T10:59:37.969000,3.50713,51.946989,-0.232,0
2023-03-23T10:59:38.912000,3.497882,52.004006,-0.216,0
2023-03-23T10:59:39.856000,3.488621,52.061021,-0.176,0
2023-03-23T10:59:40.799000,3.479347,52.118036,-0.142,0
2023-03-23T10:59:41.743000,3.470059,52.17505,-0.076,0
2023-03-23T10:59:42.686000,3.460757,52.232064,-0.069,0
2023-03-23T10:59:43.630000,3.451442,52.289076,-0.019,0
2023-03-23T10:59:44.573000,3.442112,52.346087,0.022,0
2023-03-23T10:59:45.516000,3.432769,52.403098,0.045,0
2023-03-23T10:59:46.460000,3.423412,52.460108,0.082,0
2023-03-23T10:59:47.403000,3.414041,52.517117,0.127,0
2023-03-23T10:59:48.347000,3.404656,52.574124,0.131,0
2023-03-23T10:59:49.290000,3.395257,52.631132,0.193,0
2023-03-23T10:59:50.234000,3.385843,52.688138,0.179,0
2023-03-23T10:59:51.177000,3.376416,52.745143,0.222,0
2023-03-23T10:59:52.121000,3.366974,52.802148,0.219,0
2023-03-23T10:59:53.064000,3.357517,52.859151,0.257,0
2023-03-23T10:59:54.007000,3.348046,52.916154,0.309,0
2023-03-23T10:59:54.951000,3.338561,52.973156,0.318,0
2023-03-23T10:59:55.894000,3.329061,53.030157,0.325,0
2023-03-23T10:59:56.838000,3.319547,53.087157,0.373,0
2023-03-23T10:59:57.781000,3.310017,53.144156,0.381,0
2023-03-23T10:59:58.725000,3.300473,53.201154,0.359,0
2023-03-23T10:59:59.668000,3.290914,53.258152,0.347,0
2023-03-23T11:00:00.611000,3.28134,53.315148,0.365,0
2023-03-23T11:00:01.555000,3.271751,53.372144,0.362,0
2023-03-23T11:00:02.498000,3.262147,53.429139,0.353,0
2023-03-23T11:00:03.442000,3.252528,53.486133,0.337,0
2023-03-23T11:00:04.385000,3.242894,53.543126,0.281,0
2023-03-23T11:00:05.329000,3.233244,53.600118,0.275,0
2023-03-23T11:00:06.272000,3.223579,53.657109,0.25,0
2023-03-23T11:00:07.216000,3.213899,53.714099,0.211,0
2023-03-23T11:00:08.159000,3.204203,53.771089,0.192,0
2023-03-23T11:00:09.102000,3.194491,53.828078,0.149,0
2023-03-23T11:00:10.046000,3.184764,53.885065,0.118,0
2023-03-23T11:00:10.989000,3.175021,53.942052,0.113,0
2023-03-23T11:00:11.933000,3.165262,53.999038,0.056,0
2023-03-23T11:00:12.876000,3.155487,54.056023,0.056,0
2023-03-23T11:00:13.820000,3.145697,54.113007,0.028,0
2023-03-23T11:00:14.763000,3.13589,54.16999,0.003,0
2023-03-23T11:00:15.706000,3.126067,54.226972,-0.036,0
2023-03-23T11:00:16.650000,3.116228,54.283954,-0.04,0
2023-03-23T11:00:17.593000,3.106373,54.340934,-0.054,0
2023-03-23T11:00:18.537000,3.096501,54.397914,-0.083,0
2023-03-23T11:00:19.480000,3.086613,54.454893,-0.109,0
2023-03-23T11:00:20.424000,3.076708,54.511871,-0.118,0
2023-03-23T11:00:21.367000,3.066787,54.568847,-0.132,0
2023-03-23T11:00:22.311000,3.056849,54.625823,-0.125,0
2023-03-23T11:00:23.254000,3.046894,54.682798,-0.148,0
2023-03-23T11:00:24.197000,3.036923,54.739773,-0.177,0
2023-03-23T11:00:25.141000,3.026934,54.796746,-0.178,0
2023-03-23T11:00:26.084000,3.016929,54.853718,-0.197,0
2023-03-23T11:00:27.028000,3.006906,54.91069,-0.215,0
2023-03-23T11:00:27.971000,2.996866,54.96766,-0.219,0
2023-03-23T11:00:28.915000,2.986809,55.02463,-0.193,0
2023-03-23T11:00:29.858000,2.976735,55.081598,-0.214,0
2023-03-23T11:00:30.801000,2.966643,55.138566,-0.246,0
2023-03-23T11:00:31.745000,2.956534,55.195533,-0.256,0
2023-03-23T11:00:32.688000,2.946407,55.252499,-0.248,0
2023-03-23T11:00:33.632000,2.936262,55.309464,-0.232,0
2023-03-23T11:00:34.575000,2.9261,55.366428,-0.257,0
2023-03-23T11:00:35.519000,2.915919,55.423391,-0.241,0
2023-03-23T11:00:36.462000,2.905721,55.480353,-0.249,0
2023-03-23T11:00:37.406000,2.895505,55.537315,-0.242,0
2023-03-23T11:00:38.349000,2.88527,55.594275,-0.226,0
2023-03-23T11:00:39.292000,2.875018,55.651235,-0.188,0
2023-03-23T11:00:40.236000,2.864747,55.708193,-0.208,0
2023-03-23T11:00:41.179000,2.854457,55.765151,-0.224,0
2023-03-23T11:00:42.123000,2.844149,55.822107,-0.224,0
2023-03-23T11:00:43.066000,2.833823,55.879063,-0.195,0
2023-03-23T11:00:44.010000,2.823477,55.936018,-0.219,0
2023-03-25T10:57:36.187000,2.577424,51.431757,-0.857,0
2023-03-25T10:57:37.130000,2.568298,51.488777,-0.774,0
2023-03-25T10:57:38.073000,2.559159,51.545796,-0.755,0
2023-03-25T10:57:39.017000,2.550007,51.602815,-0.697,0
2023-03-25T10:57:39.960000,2.540842,51.659833,-0.644,0
2023-03-25T10:57:40.904000,2.531664,51.716849,-0.537,0
2023-03-25T10:57:41.847000,2.522473,51.773865,-0.465,0
2023-03-25T10:57:42.791000,2.513269,51.83088,-0.363,0
2023-03-25T10:57:43.734000,2.504051,51.887895,-0.283,0
2023-03-25T10:57:44.677000,2.49482,51.944908,-0.191,0
2023-03-25T10:57:45.621000,2.485576,52.001921,-0.107,0
2023-03-25T10:57:46.564000,2.476318,52.058932,-0.03,0
2023-03-25T10:57:47.508000,2.467046,52.115943,0.044,0
2023-03-25T10:57:48.451000,2.457761,52.172953,0.113,0
2023-03-25T10:57:49.395000,2.448462,52.229962,0.196,0
2023-03-25T10:57:50.338000,2.43915,52.28697,0.232,0
2023-03-25T10:57:51.282000,2.429824,52.343978,0.299,0
2023-03-25T10:57:52.225000,2.420484,52.400984,0.37,0
2023-03-25T10:57:53.168000,2.41113,52.457989,0.407,0
2023-03-25T10:57:54.112000,2.401762,52.514994,0.457,0
2023-03-25T10:57:55.055000,2.39238,52.571998,0.517,0
2023-03-25T10:57:55.999000,2.382983,52.629001,0.526,0
2023-03-25T10:57:56.942000,2.373573,52.686003,0.595,0
2023-03-25T10:57:57.886000,2.364149,52.743004,0.624,0
2023-03-25T10:57:58.829000,2.35471,52.800005,0.651,0
2023-03-25T10:57:59.772000,2.345257,52.857004,0.661,0
2023-03-25T10:58:00.716000,2.335789,52.914002,0.67,0
2023-03-25T10:58:01.659000,2.326307,52.971,0.627,0
2023-03-25T10:58:02.603000,2.31681,53.027997,0.702,0
2023-03-25T10:58:03.546000,2.307298,53.084993,0.712,0
2023-03-25T10:58:04.490000,2.297772,53.141988,0.714,0
2023-03-25T10:58:05.433000,2.288231,53.198982,0.685,0
2023-03-25T10:58:06.377000,2.278676,53.255975,0.677,0
2023-03-25T10:58:07.320000,2.269105,53.312968,0.677,0
2023-03-25T10:58:08.263000,2.259519,53.369959,0.678,0
2023-03-25T10:58:09.207000,2.249918,53.42695,0.658,0
2023-03-25T10:58:10.150000,2.240302,53.48394,0.63,0
2023-03-25T10:58:11.094000,2.230671,53.540928,0.557,0
2023-03-25T10:58:12.037000,2.221025,53.597916,0.561,0
2023-03-25T10:58:12.981000,2.211363,53.654903,0.573,0
2023-03-25T10:58:13.924000,2.201686,53.711889,0.504,0
2023-03-25T10:58:14.867000,2.191993,53.768875,0.462,0
2023-03-25T10:58:15.811000,2.182285,53.825859,0.438,0
2023-03-25T10:58:16.754000,2.172561,53.882842,0.418,0
2023-03-25T10:58:17.698000,2.162821,53.939825,0.344,0
2023-03-25T10:58:18.641000,2.153066,53.996807,0.31,0
2023-03-25T10:58:19.585000,2.143295,54.053787,0.275,0
2023-03-25T10:58:20.528000,2.133507,54.110767,0.249,0
2023-03-25T10:58:21.471000,2.123704,54.167746,0.186,0
2023-03-25T10:58:22.415000,2.113884,54.224724,0.164,0
2023-03-25T10:58:23.358000,2.104049,54.281701,0.147,0
2023-03-25T10:58:24.302000,2.094197,54.338678,0.116,0
2023-03-25T10:58:25.245000,2.084329,54.395653,0.064,0
2023-03-25T10:58:26.189000,2.074444,54.452627,0.057,0
2023-03-25T10:58:27.132000,2.064543,54.509601,0.002,0
2023-03-25T10:58:28.076000,2.054625,54.566574,-0.023,0
2023-03-25T10:58:29.019000,2.04469,54.623545,-0.056,0
2023-03-25T10:58:29.962000,2.034739,54.680516,-0.073,0
2023-03-25T10:58:30.906000,2.024771,54.737486,-0.134,0
2023-03-25T10:58:31.849000,2.014786,54.794455,-0.141,0
2023-03-25T10:58:32.793000,2.004784,54.851423,-0.161,0
2023-03-25T10:58:33.736000,1.994765,54.90839,-0.207,0
2023-03-25T10:58:34.680000,1.984729,54.965356,-0.217,0
2023-03-25T10:58:35.623000,1.974676,55.022322,-0.241,0
2023-03-25T10:58:36.566000,1.964605,55.079286,-0.283,0
2023-03-25T10:58:37.510000,1.954517,55.136249,-0.335,0
2023-03-25T10:58:38.453000,1.944411,55.193212,-0.347,0
2023-03-25T10:58:39.397000,1.934288,55.250174,-0.339,0
2023-03-25T10:58:40.340000,1.924147,55.307134,-0.366,0
2023-03-25T10:58:41.284000,1.913988,55.364094,-0.416,0
2023-03-25T10:58:42.227000,1.903811,55.421053,-0.411,0
2023-03-25T10:58:43.171000,1.893617,55.478011,-0.408,0
2023-03-25T10:58:44.114000,1.883404,55.534968,-0.429,0
2023-03-25T10:58:45.057000,1.873173,55.591924,-0.423,0
2023-03-25T10:58:46.001000,1.862924,55.648879,-0.406,0
2023-03-25T10:58:46.944000,1.852657,55.705833,-0.433,0
2023-03-25T10:58:47.888000,1.842371,55.762786,-0.438,0
2023-03-25T10:58:48.831000,1.832067,55.819739,-0.425,0
2023-03-25T10:58:49.775000,1.821744,55.87669,-0.428,0
2023-03-25T10:58:50.718000,1.811403,55.933641,-0.446,0
2023-03-27T10:55:35.348000,1.63645,50.977763,-2.113,1
2023-03-27T10:55:36.291000,1.627426,51.034786,-2.012,1
2023-03-27T10:55:37.234000,1.61839,51.091809,-1.886,0
2023-03-27T10:55:38.178000,1.609342,51.148831,-1.72,1
2023-03-27T10:55:39.121000,1.60028,51.205852,-1.604,1
2023-03-27T10:55:40.065000,1.591207,51.262872,-1.453,1
2023-03-27T10:55:41.008000,1.58212,51.319891,-1.294,1
2023-03-27T10:55:41.952000,1.573021,51.376909,-1.184,1
2023-03-27T10:55:42.895000,1.563909,51.433927,-1.107,1
2023-03-27T10:55:43.838000,1.554784,51.490943,-1.059,1
2023-03-27T10:55:44.782000,1.545646,51.547959,-0.96,0
2023-03-27T10:55:45.725000,1.536495,51.604974,-0.851,0
2023-03-27T10:55:46.669000,1.527331,51.661988,-0.728,0
2023-03-27T10:55:47.612000,1.518154,51.719001,-0.668,0
2023-03-27T10:55:48.556000,1.508964,51.776014,-0.579,0
2023-03-27T10:55:49.499000,1.499761,51.833025,-0.506,1
2023-03-27T10:55:50.442000,1.490544,51.890036,-0.382,1
2023-03-27T10:55:51.386000,1.481314,51.947045,-0.259,1
2023-03-27T10:56:09.311000,1.303323,53.030064,1.405,1
2023-03-27T10:56:10.255000,1.293813,53.087056,1.334,0
2023-03-27T10:56:11.198000,1.284288,53.144048,1.28,0
2023-03-27T10:56:12.142000,1.274748,53.201038,1.208,0
2023-03-27T10:56:13.085000,1.265193,53.258027,1.209,0
2023-03-27T10:56:14.028000,1.255624,53.315016,1.177,0
2023-03-27T10:56:14.972000,1.246039,53.372004,1.146,0
2023-03-27T10:56:15.915000,1.236439,53.428991,1.103,0
2023-03-27T10:56:16.859000,1.226825,53.485977,1.078,0
2023-03-27T10:56:17.802000,1.217195,53.542962,1.046,0
2023-03-27T10:56:18.746000,1.207549,53.599946,0.976,0
2023-03-27T10:56:19.689000,1.197889,53.656929,0.953,0
2023-03-27T10:56:20.632000,1.188212,53.713911,0.896,0
2023-03-27T10:56:21.576000,1.178521,53.770893,0.799,0
2023-03-27T10:56:22.519000,1.168814,53.827874,0.808,0
2023-03-27T10:56:23.463000,1.159091,53.884853,0.741,0
2023-03-27T10:56:24.406000,1.149352,53.941832,0.688,0
2023-03-27T10:56:25.350000,1.139598,53.99881,0.651,0
2023-03-27T10:56:26.293000,1.129828,54.055787,0.614,0
2023-03-27T10:56:27.237000,1.120042,54.112763,0.577,0
2023-03-27T10:56:28.180000,1.110239,54.169738,0.487,0
2023-03-27T10:56:29.123000,1.100421,54.226712,0.474,0
2023-03-27T10:56:30.067000,1.090586,54.283686,0.438,0
2023-03-27T10:56:31.010000,1.080736,54.340658,0.4,0
2023-03-27T10:56:31.954000,1.070869,54.39763,0.344,0
2023-03-27T10:56:32.897000,1.060985,54.4546,0.343,0
2023-03-27T10:56:33.841000,1.051085,54.51157,0.323,0
2023-03-27T10:56:34.784000,1.041168,54.568539,0.268,0
2023-03-27T10:56:35.727000,1.031235,54.625506,0.224,0
2023-03-27T10:56:36.671000,1.021285,54.682473,0.184,0
2023-03-27T10:56:37.614000,1.011318,54.739439,0.16,0
2023-03-27T10:56:38.558000,1.001334,54.796405,0.119,0
2023-03-27T10:56:39.501000,0.991333,54.853369,0.092,0
2023-03-27T10:56:40.445000,0.981316,54.910332,0.064,0
2023-03-27T10:56:41.388000,0.971281,54.967294,0.039,0
2023-03-27T10:56:42.332000,0.961228,55.024256,0.004,0
2023-03-27T10:56:43.275000,0.951159,55.081216,-0.032,0
2023-03-27T10:56:44.218000,0.941072,55.138176,-0.057,0
2023-03-27T10:56:45.162000,0.930967,55.195135,-0.104,0
2023-03-27T10:56:46.105000,0.920845,55.252092,-0.095,0
2023-03-27T10:56:47.049000,0.910705,55.309049,-0.135,0
2023-03-27T10:56:47.992000,0.900548,55.366005,-0.166,0
2023-03-27T10:56:48.936000,0.890372,55.42296,-0.188,0
2023-03-27T10:56:49.879000,0.880179,55.479914,-0.198,0
2023-03-27T10:56:50.822000,0.869967,55.536867,-0.227,0
2023-03-27T10:56:51.766000,0.859738,55.593819,-0.278,0
2023-03-27T10:56:52.709000,0.84949,55.650771,-0.255,0
2023-03-27T10:56:53.653000,0.839224,55.707721,-0.261,0
2023-03-27T10:56:54.596000,0.828939,55.76467,-0.279,0
2023-03-27T10:56:55.540000,0.818636,55.821618,-0.327,0
2023-03-27T10:56:56.483000,0.808315,55.878566,-0.326,0
2023-03-27T10:56:57.427000,0.797975,55.935512,-0.364,0
2023-03-27T22:50:27.767000,8.036636,55.960297,-0.18,1
2023-03-27T22:50:28.711000,8.026295,55.903407,-0.182,1
2023-03-27T22:50:29.654000,8.015973,55.846515,-0.223,1
2023-03-27T22:50:30.598000,8.005669,55.789623,-0.229,1
2023-03-27T22:50:31.541000,7.995384,55.732729,-0.267,1
2023-03-27T22:50:32.484000,7.985117,55.675835,-0.292,1
2023-03-27T22:50:33.428000,7.974868,55.61894,-0.328,1
2023-03-27T22:50:34.371000,7.964638,55.562044,-0.373,1
2023-03-27T22:50:35.315000,7.954426,55.505147,-0.444,1
2023-03-27T22:50:36.258000,7.944231,55.44825,-0.461,1
2023-03-27T22:50:37.202000,7.934055,55.391351,-0.476,0
2023-03-27T22:50:38.145000,7.923897,55.334452,-0.457,0
2023-03-27T22:50:39.089000,7.913756,55.277552,-0.455,0
2023-03-27T22:50:40.032000,7.903633,55.220651,-0.458,0
2023-03-27T22:50:40.975000,7.893528,55.163749,-0.467,0
2023-03-27T22:50:41.919000,7.88344,55.106846,-0.463,0
2023-03-27T22:50:42.862000,7.87337,55.049943,-0.489,0
2023-03-27T22:50:43.806000,7.863317,54.993038,-0.47,0
2023-03-27T22:50:44.749000,7.853281,54.936133,-0.443,0
2023-03-27T22:50:45.693000,7.843263,54.879227,-0.429,0
2023-03-27T22:50:46.636000,7.833261,54.82232,-0.443,0
2023-03-27T22:50:47.579000,7.823277,54.765413,-0.446,0
2023-03-27T22:50:48.523000,7.813309,54.708504,-0.433,0
2023-03-27T22:50:49.466000,7.803358,54.651594,-0.439,0
2023-03-27T22:50:50.410000,7.793424,54.594684,-0.44,0
2023-03-27T22:50:51.353000,7.783507,54.537773,-0.391,0
2023-03-27T22:50:52.297000,7.773606,54.480861,-0.308,0
2023-03-27T22:50:53.240000,7.763722,54.423948,-0.322,0
2023-03-27T22:50:54.184000,7.753854,54.367035,-0.328,0
2023-03-27T22:50:55.127000,7.744003,54.31012,-0.318,0
2023-03-27T22:50:56.070000,7.734168,54.253205,-0.328,1
2023-03-27T22:50:57.014000,7.724349,54.196289,-0.226,1
2023-03-27T22:50:57.957000,7.714546,54.139372,-0.209,1
2023-03-27T22:50:58.901000,7.704759,54.082454,-0.187,0
2023-03-27T22:50:59.844000,7.694988,54.025536,-0.147,0
2023-03-27T22:51:00.788000,7.685233,53.968616,-0.105,0
2023-03-27T22:51:01.731000,7.675494,53.911696,-0.043,0
2023-03-27T22:51:02.674000,7.665771,53.854775,-0.032,1
2023-03-29T10:53:25.074000,0.781546,49.96547,-1.269,1
2023-03-29T10:53:26.018000,0.772735,50.022504,-1.314,0
2023-03-29T10:53:26.961000,0.763913,50.079538,-1.316,0
2023-03-29T10:53:27.904000,0.755079,50.136571,-1.311,0
2023-03-29T10:53:28.848000,0.746233,50.193603,-1.314,0
2023-03-29T10:53:29.791000,0.737376,50.250634,-1.331,0
2023-03-29T10:53:30.735000,0.728507,50.307664,-1.369,0
2023-03-29T10:53:31.678000,0.719626,50.364694,-1.38,0
2023-03-29T10:53:32.622000,0.710733,50.421722,-1.394,0
2023-03-29T10:53:33.565000,0.701828,50.47875,-1.373,0
2023-03-29T10:53:34.508000,0.692912,50.535777,-1.381,0
2023-03-29T10:53:35.452000,0.683983,50.592803,-1.383,0
2023-03-29T10:53:36.395000,0.675043,50.649828,-1.393,0
2023-03-29T10:53:37.339000,0.66609,50.706852,-1.396,0
2023-03-29T10:53:38.282000,0.657125,50.763875,-1.415,1
2023-03-29T10:53:39.226000,0.648148,50.820898,-1.408,1
2023-03-29T10:54:13.189000,0.316359,52.873134,1.519,1
2023-03-29T10:54:14.133000,0.306889,52.930125,1.488,1
2023-03-29T10:54:15.076000,0.297405,52.987114,1.491,1
2023-03-29T10:54:24.511000,0.201746,53.55696,1.28,1
2023-03-29T10:54:27.341000,0.172754,53.727896,1.133,1
2023-03-29T10:54:28.284000,0.163058,53.784873,1.084,1
2023-03-29T10:54:29.228000,0.153348,53.841849,1.064,1
2023-03-29T10:54:30.171000,0.143621,53.898824,1.033,0
2023-03-29T10:54:31.115000,0.133879,53.955798,1.002,0
2023-03-29T10:54:32.058000,0.124121,54.012772,0.976,0
2023-03-29T10:54:33.002000,0.114347,54.069744,0.956,1
2023-03-29T10:54:33.945000,0.104558,54.126716,0.934,1
2023-03-29T10:54:34.888000,0.094752,54.183686,0.883,1
2023-03-29T10:54:35.832000,0.08493,54.240656,0.867,0
2023-03-29T10:54:36.775000,0.075091,54.297625,0.813,0
2023-03-29T10:54:37.719000,0.065237,54.354592,0.763,0
2023-03-29T10:54:38.662000,0.055366,54.411559,0.74,0
2023-03-29T10:54:39.606000,0.045479,54.468525,0.72,0
2023-03-29T10:54:40.549000,0.035575,54.525491,0.68,0
2023-03-29T10:54:41.493000,0.025655,54.582455,0.645,0
2023-03-29T10:54:42.436000,0.015718,54.639418,0.635,0
2023-03-29T10:54:43.379000,0.005764,54.69638,0.601,0
2023-03-29T10:54:44.323000,-0.004207,54.753342,0.58,0
2023-03-29T10:54:45.266000,-0.014194,54.810302,0.553,0
2023-03-29T10:54:46.210000,-0.024199,54.867262,0.526,0
2023-03-29T10:54:47.153000,-0.034221,54.924221,0.523,0
2023-03-29T10:54:48.097000,-0.04426,54.981178,0.506,0
2023-03-29T10:54:49.040000,-0.054316,55.038135,0.513,0
2023-03-29T10:54:49.983000,-0.06439,55.095091,0.482,0
2023-03-29T10:54:50.927000,-0.074481,55.152046,0.471,0
2023-03-29T10:54:51.870000,-0.084589,55.209,0.477,0
2023-03-29T10:54:52.814000,-0.094715,55.265953,0.444,0
2023-03-29T10:54:53.757000,-0.104859,55.322905,0.417,0
2023-03-29T10:54:54.701000,-0.115021,55.379857,0.412,0
2023-03-29T10:54:55.644000,-0.1252,55.436807,0.367,0
2023-03-29T10:54:56.588000,-0.135398,55.493756,0.376,0
2023-03-29T10:54:57.531000,-0.145613,55.550705,0.342,0
2023-03-29T10:54:58.474000,-0.155847,55.607652,0.331,0
2023-03-29T10:54:59.418000,-0.166099,55.664599,0.297,0
2023-03-29T10:55:00.361000,-0.176369,55.721545,0.301,0
2023-03-29T10:55:01.305000,-0.186658,55.778489,0.259,0
2023-03-29T10:55:02.248000,-0.196965,55.835433,0.246,0
2023-03-29T10:55:03.192000,-0.20729,55.892376,0.23,0
2023-03-29T10:55:04.135000,-0.217635,55.949318,0.201,0
2023-03-29T22:48:34.476000,7.021694,55.94973,0.027,0
2023-03-29T22:48:35.419000,7.011356,55.892844,0.005,0
2023-03-29T22:48:36.363000,7.001037,55.835957,0.013,0
2023-03-29T22:48:37.306000,6.990737,55.779069,-0.018,0
2023-03-29T22:48:38.249000,6.980455,55.72218,-0.002,0
2023-03-29T22:48:39.193000,6.970191,55.66529,-0.02,0
2023-03-29T22:48:40.136000,6.959946,55.6084,-0.046,0
2023-03-29T22:48:41.080000,6.949719,55.551508,-0.061,0
2023-03-29T22:48:42.023000,6.93951,55.494616,-0.106,0
2023-03-29T22:48:42.967000,6.929319,55.437723,-0.136,0
2023-03-29T22:48:43.910000,6.919146,55.380829,-0.122,0
2023-03-29T22:48:44.854000,6.908991,55.323934,-0.149,0
2023-03-29T22:48:45.797000,6.898853,55.267038,-0.151,0
2023-03-29T22:48:46.740000,6.888734,55.210142,-0.143,0
2023-03-29T22:48:47.684000,6.878632,55.153245,-0.149,0
2023-03-29T22:48:48.627000,6.868547,55.096346,-0.155,0
2023-03-29T22:48:49.571000,6.85848,55.039447,-0.19,0
2023-03-29T22:48:50.514000,6.84843,54.982547,-0.211,0
2023-03-29T22:48:51.458000,6.838397,54.925647,-0.228,0
2023-03-29T22:48:52.401000,6.828382,54.868745,-0.23,0
2023-03-29T22:48:53.344000,6.818383,54.811843,-0.241,0
2023-03-29T22:48:54.288000,6.808402,54.754939,-0.253,0
2023-03-29T22:48:55.231000,6.798437,54.698035,-0.24,0
2023-03-29T22:48:56.175000,6.78849,54.64113,-0.264,0
2023-03-29T22:48:57.118000,6.778559,54.584224,-0.29,0
2023-03-29T22:48:58.062000,6.768644,54.527318,-0.273,0
2023-03-29T22:48:59.005000,6.758747,54.47041,-0.302,0
2023-03-29T22:48:59.949000,6.748865,54.413502,-0.283,0
2023-03-29T22:49:00.892000,6.739,54.356593,-0.286,0
2023-03-29T22:49:01.835000,6.729152,54.299683,-0.332,0
2023-03-29T22:49:02.779000,6.71932,54.242772,-0.323,0
2023-03-29T22:49:03.722000,6.709504,54.18586,-0.286,0
2023-03-29T22:49:04.666000,6.699704,54.128948,-0.292,0
2023-03-29T22:49:05.609000,6.68992,54.072035,-0.271,0
2023-03-29T22:49:06.553000,6.680152,54.01512,-0.246,0
2023-03-29T22:49:07.496000,6.6704,53.958205,-0.25,0
2023-03-29T22:49:08.439000,6.660663,53.901289,-0.226,0
2023-03-29T22:49:09.383000,6.650943,53.844373,-0.206,0
2023-03-29T22:49:10.326000,6.641238,53.787455,-0.172,0
2023-03-29T22:49:11.270000,6.631548,53.730537,-0.149,1
2023-03-29T22:49:12.213000,6.621874,53.673618,-0.105,1
2023-03-31T10:51:27.065000,-0.191226,49.708467,-0.13,0
2023-03-31T10:51:28.009000,-0.199986,49.765501,-0.184,0
2023-03-31T10:51:28.952000,-0.208758,49.822534,-0.139,0
2023-03-31T10:51:29.896000,-0.21754,49.879566,-0.109,0
2023-03-31T10:51:30.839000,-0.226335,49.936597,-0.115,0
2023-03-31T10:51:31.783000,-0.23514,49.993628,-0.034,0
2023-03-31T10:51:32.726000,-0.243957,50.050657,-0.019,0
2023-03-31T10:51:33.669000,-0.252786,50.107686,0.025,0
2023-03-31T10:51:34.613000,-0.261626,50.164714,0.025,0
2023-03-31T10:51:35.556000,-0.270479,50.22174,0.078,0
2023-03-31T10:51:36.500000,-0.279342,50.278767,0.063,0
2023-03-31T10:51:37.443000,-0.288218,50.335792,0.12,0
2023-03-31T10:51:38.387000,-0.297105,50.392816,0.152,0
2023-03-31T10:51:39.330000,-0.306004,50.44984,0.141,0
2023-03-31T10:51:40.274000,-0.314915,50.506863,0.185,0
2023-03-31T10:51:41.217000,-0.323838,50.563884,0.252,0
2023-03-31T10:51:42.160000,-0.332773,50.620905,0.257,0
2023-03-31T10:51:43.104000,-0.34172,50.677926,0.261,0
2023-03-31T10:51:44.047000,-0.350679,50.734945,0.278,1
2023-03-31T10:52:49.144000,-1.001576,54.667157,1.029,1
2023-03-31T10:52:50.088000,-1.011539,54.724114,1.02,1
2023-03-31T10:52:51.031000,-1.021519,54.78107,1.027,1
2023-03-31T10:52:51.975000,-1.031515,54.838026,1.04,0
2023-03-31T10:52:52.918000,-1.041529,54.89498,1.019,0
2023-03-31T10:52:53.862000,-1.05156,54.951933,1.019,0
2023-03-31T10:52:54.805000,-1.061608,55.008886,1.045,0
2023-03-31T10:52:55.748000,-1.071673,55.065837,0.997,0
2023-03-31T10:52:56.692000,-1.081756,55.122788,0.979,0
2023-03-31T10:52:57.635000,-1.091856,55.179738,0.99,0
2023-03-31T10:52:58.579000,-1.101973,55.236686,0.981,0
2023-03-31T10:52:59.522000,-1.112109,55.293634,0.986,0
2023-03-31T10:53:00.466000,-1.122262,55.350581,0.973,0
2023-03-31T10:53:01.409000,-1.132433,55.407527,0.936,0
2023-03-31T10:53:02.353000,-1.142622,55.464472,0.943,0
2023-03-31T10:53:03.296000,-1.152829,55.521416,0.927,0
2023-03-31T10:53:04.239000,-1.163053,55.578359,0.931,0
2023-03-31T10:53:05.183000,-1.173297,55.635302,0.943,0
2023-03-31T10:53:06.126000,-1.183558,55.692243,0.927,0
2023-03-31T10:53:07.070000,-1.193838,55.749183,0.933,0
2023-03-31T10:53:08.013000,-1.204136,55.806123,0.908,0
2023-03-31T10:53:08.957000,-1.214453,55.863061,0.908,0
2023-03-31T10:53:09.900000,-1.224789,55.919999,0.919,0
2023-03-31T10:53:10.843000,-1.235143,55.976935,0.915,0
2023-03-31T22:46:40.241000,6.016072,55.981774,0.284,0
2023-03-31T22:46:41.184000,6.005723,55.924893,0.294,0
2023-03-31T22:46:42.128000,5.995392,55.868011,0.316,0
2023-03-31T22:46:43.071000,5.98508,55.811127,0.3,0
2023-03-31T22:46:44.015000,5.974787,55.754243,0.279,0
2023-03-31T22:46:44.958000,5.964512,55.697359,0.285,0
2023-03-31T22:46:45.901000,5.954256,55.640473,0.256,0
2023-03-31T22:46:46.845000,5.944018,55.583586,0.235,0
2023-03-31T22:46:47.788000,5.933798,55.526699,0.24,0
2023-03-31T22:46:48.732000,5.923596,55.46981,0.245,0
2023-03-31T22:46:49.675000,5.913412,55.412921,0.233,0
2023-03-31T22:46:50.619000,5.903245,55.356031,0.208,0
2023-03-31T22:46:51.562000,5.893097,55.29914,0.2,0
2023-03-31T22:46:52.505000,5.882967,55.242249,0.236,0
2023-03-31T22:46:53.449000,5.872854,55.185356,0.185,0
2023-03-31T22:46:54.392000,5.862758,55.128463,0.152,0
2023-03-31T22:46:55.336000,5.85268,55.071568,0.19,0
2023-03-31T22:46:56.279000,5.84262,55.014673,0.188,0
2023-03-31T22:46:57.223000,5.832577,54.957777,0.148,0
2023-03-31T22:46:58.166000,5.822551,54.90088,0.163,0
2023-03-31T22:46:59.110000,5.812542,54.843982,0.159,0
2023-03-31T22:47:00.053000,5.80255,54.787084,0.165,0
2023-03-31T22:47:00.996000,5.792575,54.730185,0.124,0
2023-03-31T22:47:01.940000,5.782617,54.673284,0.159,0
2023-03-31T22:47:02.883000,5.772675,54.616383,0.134,0
2023-03-31T22:47:03.827000,5.762751,54.559481,0.106,0
2023-03-31T22:47:04.770000,5.752843,54.502578,0.117,0
2023-03-31T22:47:05.714000,5.742951,54.445675,0.118,0
2023-03-31T22:47:06.657000,5.733076,54.38877,0.102,0
2023-03-31T22:47:07.600000,5.723218,54.331865,0.063,0
2023-03-31T22:47:08.544000,5.713375,54.274959,0.052,0
2023-03-31T22:47:09.487000,5.703549,54.218052,0.057,0
2023-03-31T22:47:10.431000,5.69374,54.161144,0.03,0
2023-03-31T22:47:11.374000,5.683946,54.104235,-0.0,0
2023-03-31T22:47:12.318000,5.674168,54.047326,0.017,0
2023-03-31T22:47:13.261000,5.664406,53.990416,0.021,0
2023-03-31T22:47:14.205000,5.65466,53.933504,0.023,0
2023-03-31T22:47:15.148000,5.644929,53.876592,0.017,0
2023-03-31T22:47:16.091000,5.635215,53.81968,0.028,0
2023-03-31T22:47:17.035000,5.625516,53.762766,0.001,0
2023-03-31T22:47:17.978000,5.615832,53.705852,0.013,0
2023-03-31T22:47:18.922000,5.606164,53.648936,-0.004,0
2023-03-31T22:47:19.865000,5.596512,53.59202,0.011,1
2023-03-31T22:47:20.809000,5.586874,53.535103,-0.004,1
2023-04-02T10:49:33.774000,-1.208793,49.750426,-0.673,1
2023-04-02T10:49:34.717000,-1.217562,49.807455,-0.602,1
2023-04-02T10:49:35.661000,-1.226343,49.864482,-0.52,0
2023-04-02T10:49:36.604000,-1.235135,49.921508,-0.458,0
2023-04-02T10:49:37.548000,-1.243938,49.978534,-0.369,0
2023-04-02T10:49:38.491000,-1.252752,50.035559,-0.295,0
2023-04-02T10:49:39.435000,-1.261578,50.092583,-0.218,0
2023-04-02T10:49:40.378000,-1.270416,50.149606,-0.168,0
2023-04-02T10:49:41.321000,-1.279266,50.206629,-0.086,0
2023-04-02T10:49:42.265000,-1.288127,50.26365,-0.004,0
2023-04-02T10:49:43.208000,-1.297,50.32067,0.023,0
2023-04-02T10:49:44.152000,-1.305884,50.37769,0.114,0
2023-04-02T10:49:45.095000,-1.314781,50.434709,0.162,0
2023-04-02T10:49:46.039000,-1.323689,50.491727,0.259,1
2023-04-02T22:44:46.949000,4.998781,55.943921,-0.123,0
2023-04-02T22:44:47.893000,4.988444,55.887043,-0.141,0
2023-04-02T22:44:48.836000,4.978125,55.830164,-0.103,0
2023-04-02T22:44:49.780000,4.967825,55.773284,-0.132,0
2023-04-02T22:44:50.723000,4.957543,55.716403,-0.123,0
2023-04-02T22:44:51.666000,4.94728,55.659522,-0.123,0
2023-04-02T22:44:52.610000,4.937035,55.602639,-0.139,0
2023-04-02T22:44:53.553000,4.926808,55.545756,-0.138,0
2023-04-02T22:44:54.497000,4.916599,55.488872,-0.117,0
2023-04-02T22:44:55.440000,4.906408,55.431987,-0.144,0
2023-04-02T22:44:56.384000,4.896236,55.375101,-0.125,0
2023-04-02T22:44:57.327000,4.886081,55.318214,-0.15,0
2023-04-02T22:44:58.271000,4.875943,55.261326,-0.143,0
2023-04-02T22:44:59.214000,4.865824,55.204438,-0.167,0
2023-04-02T22:45:00.157000,4.855722,55.147548,-0.149,0
2023-04-02T22:45:01.101000,4.845638,55.090658,-0.176,0
2023-04-02T22:45:02.044000,4.835571,55.033767,-0.158,0
2023-04-02T22:45:02.988000,4.825521,54.976875,-0.199,0
2023-04-02T22:45:03.931000,4.815488,54.919982,-0.204,0
2023-04-02T22:45:04.875000,4.805473,54.863089,-0.237,0
2023-04-02T22:45:05.818000,4.795475,54.806194,-0.249,0
2023-04-02T22:45:06.761000,4.785493,54.749299,-0.253,0
2023-04-02T22:45:07.705000,4.775529,54.692403,-0.271,0
2023-04-02T22:45:08.648000,4.765581,54.635506,-0.292,0
2023-04-02T22:45:09.592000,4.75565,54.578608,-0.303,0
2023-04-02T22:45:10.535000,4.745736,54.521709,-0.307,0
2023-04-02T22:45:11.479000,4.735838,54.464809,-0.327,0
2023-04-02T22:45:12.422000,4.725957,54.407909,-0.374,0
2023-04-02T22:45:13.366000,4.716093,54.351007,-0.353,0
2023-04-02T22:45:14.309000,4.706244,54.294105,-0.405,0
2023-04-02T22:45:15.252000,4.696412,54.237202,-0.404,0
2023-04-02T22:45:16.196000,4.686596,54.180299,-0.444,0
2023-04-02T22:45:17.139000,4.676796,54.123394,-0.48,0
2023-04-02T22:45:18.083000,4.667012,54.066488,-0.499,0
2023-04-02T22:45:19.026000,4.657244,54.009582,-0.527,0
2023-04-02T22:45:19.970000,4.647492,53.952675,-0.536,0
2023-04-02T22:45:20.913000,4.637756,53.895767,-0.586,0
2023-04-02T22:45:21.856000,4.628035,53.838858,-0.61,0
2023-04-02T22:45:22.800000,4.61833,53.781948,-0.678,0
2023-04-02T22:45:23.743000,4.608641,53.725038,-0.7,0
2023-04-02T22:45:24.687000,4.598967,53.668126,-0.708,0
2023-04-02T22:45:25.630000,4.589308,53.611214,-0.755,0
2023-04-02T22:45:26.574000,4.579665,53.554301,-0.802,0
2023-04-02T22:45:27.517000,4.570037,53.497388,-0.802,0
2023-04-02T22:45:28.461000,4.560425,53.440473,-0.847,0
2023-04-02T22:45:29.404000,4.550827,53.383557,-0.875,0
2023-04-02T22:45:30.347000,4.541245,53.326641,-0.881,0
2023-04-02T22:45:31.291000,4.531677,53.269724,-0.893,0
2023-04-02T22:45:32.234000,4.522124,53.212806,-0.899,0
2023-04-02T22:45:33.178000,4.512587,53.155887,-0.932,0
2023-04-02T22:45:34.121000,4.503064,53.098968,-0.931,0
2023-04-02T22:45:35.065000,4.493555,53.042047,-0.905,1
2023-04-02T22:45:36.008000,4.484062,52.985126,-0.893,1
2023-04-02T22:45:36.951000,4.474582,52.928204,-0.88,1
2023-04-02T22:45:37.895000,4.465118,52.871281,-0.862,0
2023-04-02T22:45:38.838000,4.455668,52.814357,-0.846,1
2023-04-02T22:45:39.782000,4.446232,52.757433,-0.798,1
2023-04-02T22:45:40.725000,4.43681,52.700508,-0.787,1
2023-04-02T22:45:41.669000,4.427403,52.643581,-0.724,1
2023-04-02T22:45:42.612000,4.41801,52.586654,-0.705,1
2023-04-02T22:45:43.555000,4.408631,52.529727,-0.64,1
2023-04-02T22:45:44.499000,4.399266,52.472798,-0.586,1
2023-04-02T22:45:45.442000,4.389915,52.415869,-0.559,1
2023-04-02T22:45:46.386000,4.380578,52.358939,-0.498,1
2023-04-02T22:45:47.329000,4.371254,52.302007,-0.485,1
2023-04-04T10:47:40.482000,-2.226698,49.803289,-1.427,1
2023-04-04T10:47:41.426000,-2.235477,49.860312,-1.36,0
2023-04-04T10:47:42.369000,-2.244268,49.917333,-1.301,0
2023-04-04T10:47:43.313000,-2.25307,49.974354,-1.221,0
2023-04-04T10:47:44.256000,-2.261884,50.031374,-1.174,0
2023-04-04T10:47:45.200000,-2.270709,50.088392,-1.129,0
2023-04-04T10:47:46.143000,-2.279545,50.145411,-1.091,0
2023-04-04T10:47:47.086000,-2.288394,50.202428,-1.07,0
2023-04-04T10:47:48.030000,-2.297254,50.259444,-1.03,0
2023-04-04T10:47:48.973000,-2.306125,50.31646,-1.007,0
2023-04-04T10:47:49.917000,-2.315009,50.373475,-0.969,0
2023-04-04T10:47:50.860000,-2.323904,50.430488,-0.949,1
2023-04-04T10:47:51.804000,-2.332811,50.487501,-0.884,1
2023-04-04T10:47:52.747000,-2.34173,50.544513,-0.77,1
2023-04-04T22:42:52.714000,3.990204,55.952198,-0.228,0
2023-04-04T22:42:53.658000,3.979864,55.895323,-0.241,0
2023-04-04T22:42:54.601000,3.969543,55.838448,-0.235,0
2023-04-04T22:42:55.545000,3.959241,55.781571,-0.261,0
2023-04-04T22:42:56.488000,3.948957,55.724694,-0.26,0
2023-04-04T22:42:57.432000,3.938691,55.667815,-0.271,0
2023-04-04T22:42:58.375000,3.928444,55.610936,-0.275,0
2023-04-04T22:42:59.318000,3.918215,55.554056,-0.286,0
2023-04-04T22:43:00.262000,3.908004,55.497175,-0.307,0
2023-04-04T22:43:01.205000,3.897811,55.440294,-0.333,0
2023-04-04T22:43:02.149000,3.887636,55.383411,-0.309,0
2023-04-04T22:43:03.092000,3.877479,55.326528,-0.327,0
2023-04-04T22:43:04.036000,3.86734,55.269643,-0.345,0
2023-04-04T22:43:04.979000,3.857218,55.212758,-0.366,0
2023-04-04T22:43:05.922000,3.847114,55.155872,-0.36,0
2023-04-04T22:43:06.866000,3.837028,55.098985,-0.356,0
2023-04-04T22:43:07.809000,3.826958,55.042097,-0.37,0
2023-04-04T22:43:08.753000,3.816907,54.985209,-0.365,0
2023-04-04T22:43:09.696000,3.806872,54.928319,-0.387,0
2023-04-04T22:43:10.640000,3.796855,54.871429,-0.398,0
2023-04-04T22:43:11.583000,3.786854,54.814537,-0.401,0
2023-04-04T22:43:12.526000,3.776871,54.757645,-0.397,0
2023-04-04T22:43:13.470000,3.766905,54.700752,-0.379,0
2023-04-04T22:43:14.413000,3.756955,54.643859,-0.403,0
2023-04-04T22:43:15.357000,3.747022,54.586964,-0.4,0
2023-04-04T22:43:16.300000,3.737106,54.530068,-0.406,0
2023-04-04T22:43:17.244000,3.727206,54.473172,-0.409,0
2023-04-04T22:43:18.187000,3.717323,54.416275,-0.433,0
2023-04-04T22:43:19.131000,3.707456,54.359377,-0.436,0
2023-04-04T22:43:20.074000,3.697606,54.302478,-0.446,0
2023-04-04T22:43:21.017000,3.687772,54.245578,-0.439,0
2023-04-04T22:43:21.961000,3.677954,54.188678,-0.451,0
2023-04-04T22:43:22.904000,3.668152,54.131776,-0.457,0
2023-04-04T22:43:23.848000,3.658366,54.074874,-0.451,0
2023-04-04T22:43:24.791000,3.648596,54.017971,-0.479,0
2023-04-04T22:43:25.735000,3.638842,53.961067,-0.488,0
2023-04-04T22:43:26.678000,3.629104,53.904162,-0.473,0
2023-04-04T22:43:27.621000,3.619382,53.847256,-0.48,0
2023-04-04T22:43:28.565000,3.609675,53.79035,-0.527,0
2023-04-04T22:43:29.508000,3.599983,53.733443,-0.497,0
2023-04-04T22:43:30.452000,3.590308,53.676534,-0.505,0
2023-04-04T22:43:31.395000,3.580647,53.619625,-0.504,0
2023-04-04T22:43:32.339000,3.571002,53.562716,-0.501,0
2023-04-04T22:43:33.282000,3.561373,53.505805,-0.498,0
2023-04-04T22:43:34.226000,3.551758,53.448893,-0.549,0
2023-04-04T22:43:35.169000,3.542159,53.391981,-0.515,0
2023-04-04T22:43:36.112000,3.532574,53.335068,-0.526,0
2023-04-04T22:43:37.056000,3.523005,53.278154,-0.514,0
2023-04-04T22:43:37.999000,3.51345,53.221239,-0.495,0
2023-04-04T22:43:38.943000,3.503911,53.164324,-0.529,0
2023-04-04T22:43:39.886000,3.494386,53.107407,-0.493,0
2023-04-04T22:43:40.830000,3.484876,53.05049,-0.486,0
2023-04-04T22:43:41.773000,3.475381,52.993572,-0.447,0
2023-04-04T22:43:42.716000,3.4659,52.936653,-0.466,0
2023-04-04T22:43:43.660000,3.456433,52.879733,-0.442,0
2023-04-04T22:43:44.603000,3.446981,52.822812,-0.426,0
2023-04-04T22:43:45.547000,3.437544,52.765891,-0.442,0
2023-04-04T22:43:46.490000,3.42812,52.708969,-0.399,0
2023-04-04T22:43:47.434000,3.418711,52.652046,-0.387,0
2023-04-04T22:43:48.377000,3.409317,52.595122,-0.364,0
2023-04-04T22:43:49.321000,3.399936,52.538197,-0.324,0
2023-04-04T22:43:50.264000,3.390569,52.481272,-0.29,0
2023-04-04T22:43:51.207000,3.381216,52.424346,-0.267,0
2023-04-04T22:43:52.151000,3.371877,52.367418,-0.247,0
2023-04-04T22:43:53.094000,3.362553,52.31049,-0.219,0
2023-04-04T22:43:54.038000,3.353241,52.253562,-0.194,0
2023-04-04T22:43:54.981000,3.343944,52.196632,-0.155,0
2023-04-04T22:43:55.925000,3.33466,52.139702,-0.111,0
2023-04-04T22:43:56.868000,3.32539,52.082771,-0.059,0
2023-04-04T22:43:57.811000,3.316133,52.025838,-0.024,0
2023-04-04T22:43:58.755000,3.30689,51.968906,0.026,0
2023-04-04T22:43:59.698000,3.29766,51.911972,0.072,0
2023-04-04T22:44:00.642000,3.288443,51.855038,0.14,0
2023-04-04T22:44:01.585000,3.27924,51.798102,0.205,0
2023-04-04T22:44:02.529000,3.27005,51.741166,0.301,0
2023-04-04T22:44:03.472000,3.260873,51.68423,0.388,0
2023-04-04T22:44:04.416000,3.25171,51.627292,0.499,0
2023-04-04T22:44:05.359000,3.242559,51.570353,0.604,1
2023-04-04T22:44:06.302000,3.233421,51.513414,0.682,1
2023-04-04T22:44:07.246000,3.224296,51.456474,0.728,1
2023-04-06T22:40:58.479000,2.983281,55.982933,-0.557,0
2023-04-06T22:40:59.423000,2.972933,55.926062,-0.579,0
2023-04-06T22:41:00.366000,2.962604,55.869189,-0.603,0
2023-04-06T22:41:01.310000,2.952294,55.812315,-0.606,0
2023-04-06T22:41:02.253000,2.942002,55.755441,-0.605,0
2023-04-06T22:41:03.197000,2.931729,55.698566,-0.605,0
2023-04-06T22:41:04.140000,2.921473,55.64169,-0.605,0
2023-04-06T22:41:05.083000,2.911237,55.584812,-0.632,0
2023-04-06T22:41:06.027000,2.901018,55.527935,-0.624,0
2023-04-06T22:41:06.970000,2.890817,55.471056,-0.652,0
2023-04-06T22:41:07.914000,2.880635,55.414176,-0.639,0
2023-04-06T22:41:08.857000,2.87047,55.357296,-0.695,0
2023-04-06T22:41:09.801000,2.860323,55.300414,-0.668,0
2023-04-06T22:41:10.744000,2.850194,55.243532,-0.665,0
2023-04-06T22:41:11.687000,2.840082,55.186649,-0.642,0
2023-04-06T22:41:12.631000,2.829988,55.129765,-0.702,0
2023-04-06T22:41:13.574000,2.819912,55.07288,-0.669,0
2023-04-06T22:41:14.518000,2.809853,55.015994,-0.693,0
2023-04-06T22:41:15.461000,2.799811,54.959107,-0.686,0
2023-04-06T22:41:16.405000,2.789786,54.90222,-0.678,0
2023-04-06T22:41:17.348000,2.779778,54.845332,-0.675,0
2023-04-06T22:41:18.292000,2.769788,54.788442,-0.683,0
2023-04-06T22:41:19.235000,2.759814,54.731552,-0.664,0
2023-04-06T22:41:20.178000,2.749857,54.674662,-0.67,0
2023-04-06T22:41:21.122000,2.739917,54.61777,-0.673,0
2023-04-06T22:41:22.065000,2.729994,54.560877,-0.651,0
2023-04-06T22:41:23.009000,2.720087,54.503984,-0.663,0
2023-04-06T22:41:23.952000,2.710197,54.447089,-0.677,0
2023-04-06T22:41:24.896000,2.700323,54.390194,-0.644,0
2023-04-06T22:41:25.839000,2.690466,54.333298,-0.623,0
2023-04-06T22:41:26.782000,2.680625,54.276401,-0.578,0
2023-04-06T22:41:27.726000,2.6708,54.219504,-0.581,0
2023-04-06T22:41:28.669000,2.660991,54.162605,-0.586,0
2023-04-06T22:41:29.613000,2.651199,54.105705,-0.55,0
2023-04-06T22:41:30.556000,2.641422,54.048805,-0.528,0
2023-04-06T22:41:31.500000,2.631661,53.991904,-0.499,0
2023-04-06T22:41:32.443000,2.621917,53.935002,-0.455,0
2023-04-06T22:41:33.387000,2.612187,53.878099,-0.436,0
2023-04-06T22:41:34.330000,2.602474,53.821196,-0.398,0
2023-04-06T22:41:35.273000,2.592776,53.764291,-0.355,0
2023-04-06T22:41:36.217000,2.583094,53.707386,-0.341,0
2023-04-06T22:41:37.160000,2.573427,53.65048,-0.297,0
2023-04-06T22:41:38.104000,2.563775,53.593573,-0.259,0
2023-04-06T22:41:39.047000,2.554139,53.536665,-0.21,0
2023-04-06T22:41:39.991000,2.544518,53.479756,-0.18,0
2023-04-06T22:41:40.934000,2.534912,53.422846,-0.134,0
2023-04-06T22:41:41.877000,2.525322,53.365936,-0.074,0
2023-04-06T22:41:42.821000,2.515746,53.309025,-0.063,0
2023-04-06T22:41:43.764000,2.506185,53.252113,0.021,0
2023-04-06T22:41:44.708000,2.496639,53.1952,0.067,0
2023-04-06T22:41:45.651000,2.487108,53.138286,0.075,0
2023-04-06T22:41:46.595000,2.477592,53.081372,0.108,0
2023-04-06T22:41:47.538000,2.468091,53.024456,0.159,0
2023-04-06T22:41:48.482000,2.458604,52.96754,0.2,0
2023-04-06T22:41:49.425000,2.449131,52.910623,0.26,0
2023-04-06T22:41:50.368000,2.439673,52.853705,0.278,0
2023-04-06T22:41:51.312000,2.430229,52.796786,0.309,0
2023-04-06T22:41:52.255000,2.4208,52.739867,0.355,0
2023-04-06T22:41:53.199000,2.411385,52.682947,0.379,0
2023-04-06T22:41:54.142000,2.401984,52.626025,0.412,0
2023-04-06T22:41:55.086000,2.392598,52.569103,0.439,0
2023-04-06T22:41:56.029000,2.383225,52.512181,0.478,0
2023-04-06T22:41:56.972000,2.373866,52.455257,0.499,0
2023-04-06T22:41:57.916000,2.364522,52.398333,0.531,0
2023-04-06T22:41:58.859000,2.355191,52.341407,0.535,0
2023-04-06T22:41:59.803000,2.345874,52.284481,0.54,0
2023-04-06T22:42:00.746000,2.336571,52.227554,0.57,0
2023-04-06T22:42:01.690000,2.327281,52.170626,0.601,0
2023-04-06T22:42:02.633000,2.318005,52.113698,0.588,0
2023-04-06T22:42:03.577000,2.308743,52.056769,0.589,0
2023-04-06T22:42:04.520000,2.299494,51.999838,0.63,0
2023-04-06T22:42:05.463000,2.290258,51.942907,0.623,0
2023-04-06T22:42:06.407000,2.281036,51.885976,0.608,0
2023-04-06T22:42:07.350000,2.271828,51.829043,0.685,0
2023-04-06T22:42:08.294000,2.262632,51.77211,0.686,0
2023-04-06T22:42:09.237000,2.25345,51.715175,0.712,0
2023-04-06T22:42:10.181000,2.244281,51.65824,0.798,0
2023-04-06T22:42:11.124000,2.235124,51.601304,0.84,0
2023-04-06T22:42:12.067000,2.225981,51.544368,0.903,0
2023-04-06T22:42:13.011000,2.216851,51.48743,0.985,0
2023-04-06T22:42:13.954000,2.207734,51.430492,1.076,0
2023-04-06T22:42:14.898000,2.19863,51.373553,1.187,0
2023-04-06T22:42:15.841000,2.189538,51.316613,1.343,0
2023-04-06T22:42:16.785000,2.180459,51.259672,1.487,0
2023-04-06T22:42:17.728000,2.171393,51.202731,1.569,0
2023-04-06T22:42:18.672000,2.162339,51.145788,1.754,1
2023-04-06T22:42:19.615000,2.153298,51.088845,1.874,1
2023-04-07T09:56:19.099000,8.036669,53.834135,1.007,1
2023-04-07T09:56:20.042000,8.026948,53.891087,0.987,1
2023-04-07T09:56:20.985000,8.017211,53.948039,0.974,0
2023-04-07T09:56:21.929000,8.007458,54.00499,0.926,0
2023-04-07T09:56:22.872000,7.99769,54.061939,0.854,1
2023-04-07T09:56:23.816000,7.987905,54.118888,0.798,1
2023-04-07T09:56:25.703000,7.968288,54.232783,0.735,1
2023-04-07T09:56:26.646000,7.958455,54.289729,0.654,1
2023-04-07T09:56:27.589000,7.948606,54.346675,0.633,0
2023-04-07T09:56:28.533000,7.938741,54.403619,0.577,0
2023-04-07T09:56:29.476000,7.928859,54.460562,0.519,0
2023-04-07T09:56:30.420000,7.91896,54.517505,0.481,0
2023-04-07T09:56:31.363000,7.909045,54.574446,0.426,0
2023-04-07T09:56:32.307000,7.899114,54.631387,0.371,0
2023-04-07T09:56:33.250000,7.889166,54.688327,0.35,0
2023-04-07T09:56:34.194000,7.8792,54.745265,0.301,0
2023-04-07T09:56:35.137000,7.869218,54.802203,0.246,0
2023-04-07T09:56:36.080000,7.85922,54.85914,0.216,0
2023-04-07T09:56:37.024000,7.849203,54.916076,0.169,0
2023-04-07T09:56:37.967000,7.83917,54.973011,0.129,0
2023-04-07T09:56:38.911000,7.82912,55.029945,0.097,0
2023-04-07T09:56:39.854000,7.819052,55.086878,0.069,0
2023-04-07T09:56:40.798000,7.808967,55.143811,0.035,0
2023-04-07T09:56:41.741000,7.798864,55.200742,-0.007,0
2023-04-07T09:56:42.684000,7.788744,55.257672,-0.043,0
2023-04-07T09:56:43.628000,7.778606,55.314602,-0.099,0
2023-04-07T09:56:44.571000,7.76845,55.37153,-0.099,0
2023-04-07T09:56:45.515000,7.758277,55.428458,-0.121,0
2023-04-07T09:56:46.458000,7.748085,55.485384,-0.157,0
2023-04-07T09:56:47.402000,7.737876,55.54231,-0.148,0
2023-04-07T09:56:48.345000,7.727648,55.599234,-0.126,0
2023-04-07T09:56:49.288000,7.717402,55.656158,-0.123,0
2023-04-07T09:56:50.232000,7.707138,55.713081,-0.143,0
2023-04-07T09:56:51.175000,7.696855,55.770003,-0.162,0
2023-04-07T09:56:52.119000,7.686554,55.826924,-0.174,0
2023-04-07T09:56:53.062000,7.676235,55.883844,-0.186,0
2023-04-07T09:56:54.006000,7.665897,55.940763,-0.188,0
2023-04-08T22:39:05.188000,1.966453,55.968181,-0.795,0
2023-04-08T22:39:06.131000,1.956113,55.911311,-0.808,0
2023-04-08T22:39:07.075000,1.945792,55.85444,-0.813,0
2023-04-08T22:39:08.018000,1.935489,55.797568,-0.818,0
2023-04-08T22:39:08.962000,1.925205,55.740695,-0.832,0
2023-04-08T22:39:09.905000,1.914939,55.683822,-0.825,0
2023-04-08T22:39:10.848000,1.904692,55.626947,-0.823,0
2023-04-08T22:39:11.792000,1.894463,55.570072,-0.805,0
2023-04-08T22:39:12.735000,1.884252,55.513196,-0.823,0
2023-04-08T22:39:13.679000,1.874059,55.456318,-0.816,0
2023-04-08T22:39:14.622000,1.863884,55.39944,-0.841,0
2023-04-08T22:39:15.566000,1.853726,55.342561,-0.837,0
2023-04-08T22:39:16.509000,1.843587,55.285682,-0.805,0
2023-04-08T22:39:17.453000,1.833465,55.228801,-0.811,0
2023-04-08T22:39:18.396000,1.823361,55.171919,-0.826,0
2023-04-08T22:39:19.339000,1.813274,55.115037,-0.805,0
2023-04-08T22:39:20.283000,1.803205,55.058154,-0.781,0
2023-04-08T22:39:21.226000,1.793153,55.00127,-0.784,0
2023-04-08T22:39:22.170000,1.783118,54.944385,-0.78,0
2023-04-08T22:39:23.113000,1.773101,54.887499,-0.773,0
2023-04-08T22:39:24.057000,1.7631,54.830612,-0.748,0
2023-04-08T22:39:25.000000,1.753117,54.773724,-0.719,0
2023-04-08T22:39:25.943000,1.74315,54.716836,-0.704,0
2023-04-08T22:39:26.887000,1.733201,54.659946,-0.679,0
2023-04-08T22:39:27.830000,1.723268,54.603056,-0.665,0
2023-04-08T22:39:28.774000,1.713352,54.546165,-0.655,0
2023-04-08T22:39:29.717000,1.703452,54.489273,-0.636,0
2023-04-08T22:39:30.661000,1.693569,54.432381,-0.619,0
2023-04-08T22:39:31.604000,1.683702,54.375487,-0.618,0
2023-04-08T22:39:32.548000,1.673852,54.318592,-0.591,0
2023-04-08T22:39:33.491000,1.664017,54.261697,-0.58,0
2023-04-08T22:39:34.434000,1.6542,54.204801,-0.528,0
2023-04-08T22:39:35.378000,1.644398,54.147904,-0.49,0
2023-04-08T22:39:36.321000,1.634612,54.091006,-0.486,0
2023-04-08T22:39:37.265000,1.624842,54.034107,-0.455,0
2023-04-08T22:39:38.208000,1.615088,53.977207,-0.404,0
2023-04-08T22:39:39.152000,1.60535,53.920307,-0.354,0
2023-04-08T22:39:40.095000,1.595628,53.863406,-0.324,0
2023-04-08T22:39:41.038000,1.585921,53.806503,-0.282,0
2023-04-08T22:39:41.982000,1.57623,53.7496,-0.242,0
2023-04-08T22:39:42.925000,1.566554,53.692696,-0.189,0
2023-04-08T22:39:43.869000,1.556894,53.635792,-0.134,0
2023-04-08T22:39:44.812000,1.547249,53.578886,-0.09,0
2023-04-08T22:39:45.756000,1.537619,53.52198,-0.026,0
2023-04-08T22:39:46.699000,1.528005,53.465073,0.029,0
2023-04-08T22:39:47.643000,1.518405,53.408165,0.085,0
2023-04-08T22:39:48.586000,1.508821,53.351256,0.172,0
2023-04-08T22:39:49.529000,1.499252,53.294346,0.235,0
2023-04-08T22:39:50.473000,1.489698,53.237435,0.315,0
2023-04-08T22:39:51.416000,1.480158,53.180524,0.391,0
2023-04-08T22:39:52.360000,1.470633,53.123612,0.461,0
2023-04-08T22:39:53.303000,1.461124,53.066699,0.527,0
2023-04-08T22:39:54.247000,1.451628,53.009784,0.589,1
2023-04-08T22:39:55.190000,1.442147,52.95287,0.702,1
2023-04-08T22:40:15.002000,1.246303,51.757468,0.386,1
2023-04-08T22:40:15.946000,1.237126,51.700535,0.311,1
2023-04-08T22:40:16.889000,1.227963,51.643601,0.252,0
2023-04-08T22:40:17.832000,1.218812,51.586667,0.253,0
2023-04-08T22:40:18.776000,1.209675,51.529731,0.125,0
2023-04-08T22:40:19.719000,1.20055,51.472795,0.114,1
2023-04-08T22:40:27.267000,1.128013,51.017277,1.315,1
2023-04-08T22:40:28.210000,1.119002,50.960333,1.285,1
2023-04-08T22:40:29.154000,1.110004,50.903389,1.395,1
2023-04-08T22:40:30.097000,1.101018,50.846444,1.443,1
2023-04-08T22:40:31.041000,1.092044,50.789498,1.524,0
2023-04-08T22:40:31.984000,1.083083,50.732551,1.601,0
2023-04-08T22:40:32.927000,1.074133,50.675604,1.674,0
2023-04-08T22:40:33.871000,1.065196,50.618655,1.765,0
2023-04-08T22:40:34.814000,1.056271,50.561706,1.846,0
2023-04-08T22:40:35.758000,1.047358,50.504757,1.914,0
2023-04-08T22:40:36.701000,1.038456,50.447806,2.02,0
2023-04-08T22:40:37.645000,1.029567,50.390854,2.065,0
2023-04-08T22:40:38.588000,1.020689,50.333902,2.15,0
2023-04-08T22:40:39.532000,1.011823,50.276949,2.236,0
2023-04-08T22:40:40.475000,1.002969,50.219995,2.316,0
2023-04-08T22:40:41.418000,0.994127,50.163041,2.398,0
2023-04-08T22:40:42.362000,0.985296,50.106085,2.472,0
2023-04-08T22:40:43.305000,0.976476,50.049129,2.532,1
2023-04-08T22:40:44.249000,0.967669,49.992172,2.584,1
2023-04-09T09:54:23.920000,7.041153,53.742209,0.669,1
2023-04-09T09:54:24.864000,7.03146,53.799157,0.583,1
2023-04-09T09:54:25.807000,7.021752,53.856105,0.542,0
2023-04-09T09:54:26.750000,7.012027,53.913052,0.481,0
2023-04-09T09:54:27.694000,7.002288,53.969998,0.448,0
2023-04-09T09:54:28.637000,6.992532,54.026943,0.383,0
2023-04-09T09:54:29.581000,6.98276,54.083887,0.333,0
2023-04-09T09:54:30.524000,6.972973,54.14083,0.299,0
2023-04-09T09:54:31.468000,6.963169,54.197772,0.251,0
2023-04-09T09:54:32.411000,6.95335,54.254713,0.205,0
2023-04-09T09:54:33.354000,6.943514,54.311654,0.147,0
2023-04-09T09:54:34.298000,6.933661,54.368593,0.128,0
2023-04-09T09:54:35.241000,6.923793,54.425532,0.116,0
2023-04-09T09:54:36.185000,6.913908,54.482469,0.064,0
2023-04-09T09:54:37.128000,6.904007,54.539406,0.046,0
2023-04-09T09:54:38.072000,6.894088,54.596342,-0.003,0
2023-04-09T09:54:39.015000,6.884154,54.653277,-0.031,0
2023-04-09T09:54:39.959000,6.874202,54.710211,-0.034,0
2023-04-09T09:54:40.902000,6.864234,54.767144,-0.085,0
2023-04-09T09:54:41.845000,6.854249,54.824076,-0.097,0
2023-04-09T09:54:42.789000,6.844246,54.881007,-0.111,0
2023-04-09T09:54:43.732000,6.834227,54.937937,-0.129,0
2023-04-09T09:54:44.676000,6.82419,54.994866,-0.158,0
2023-04-09T09:54:45.619000,6.814137,55.051795,-0.154,0
2023-04-09T09:54:46.563000,6.804066,55.108722,-0.194,0
2023-04-09T09:54:47.506000,6.793977,55.165649,-0.204,0
2023-04-09T09:54:48.449000,6.783871,55.222574,-0.209,0
2023-04-09T09:54:49.393000,6.773747,55.279499,-0.222,0
2023-04-09T09:54:50.336000,6.763606,55.336422,-0.214,0
2023-04-09T09:54:51.280000,6.753447,55.393345,-0.213,0
2023-04-09T09:54:52.223000,6.74327,55.450267,-0.219,0
2023-04-09T09:54:53.167000,6.733075,55.507188,-0.191,0
2023-04-09T09:54:54.110000,6.722862,55.564108,-0.184,0
2023-04-09T09:54:55.054000,6.71263,55.621027,-0.191,0
2023-04-09T09:54:55.997000,6.702381,55.677945,-0.187,0
2023-04-09T09:54:56.940000,6.692113,55.734862,-0.201,0
2023-04-09T09:54:57.884000,6.681827,55.791778,-0.204,0
2023-04-09T09:54:58.827000,6.671522,55.848693,-0.185,0
2023-04-09T09:54:59.771000,6.661199,55.905607,-0.195,0
2023-04-09T09:55:00.714000,6.650857,55.962521,-0.19,0
2023-04-10T22:37:11.896000,0.948658,55.946458,-0.466,0
2023-04-10T22:37:12.840000,0.938328,55.889589,-0.474,0
2023-04-10T22:37:13.783000,0.928016,55.832719,-0.466,0
2023-04-10T22:37:14.727000,0.917723,55.775848,-0.45,0
2023-04-10T22:37:15.670000,0.907448,55.718976,-0.45,0
2023-04-10T22:37:16.614000,0.897191,55.662103,-0.428,0
2023-04-10T22:37:17.557000,0.886953,55.60523,-0.434,0
2023-04-10T22:37:18.500000,0.876733,55.548355,-0.432,0
2023-04-10T22:37:19.444000,0.866531,55.49148,-0.395,0
2023-04-10T22:37:20.387000,0.856347,55.434604,-0.397,0
2023-04-10T22:37:21.331000,0.846181,55.377726,-0.392,0
2023-04-10T22:37:22.274000,0.836033,55.320848,-0.376,0
2023-04-10T22:37:23.218000,0.825903,55.263969,-0.336,0
2023-04-10T22:37:24.161000,0.81579,55.20709,-0.315,0
2023-04-10T22:37:25.104000,0.805694,55.150209,-0.304,0
2023-04-10T22:37:26.048000,0.795617,55.093327,-0.307,0
2023-04-10T22:37:26.991000,0.785556,55.036445,-0.295,0
2023-04-10T22:37:27.935000,0.775513,54.979562,-0.269,0
2023-04-10T22:37:28.878000,0.765487,54.922677,-0.218,0
2023-04-10T22:37:29.822000,0.755478,54.865792,-0.189,0
2023-04-10T22:37:30.765000,0.745487,54.808906,-0.201,0
2023-04-10T22:37:31.708000,0.735512,54.75202,-0.176,0
2023-04-10T22:37:32.652000,0.725554,54.695132,-0.167,0
2023-04-10T22:37:33.595000,0.715613,54.638243,-0.139,0
2023-04-10T22:37:34.539000,0.705688,54.581354,-0.101,0
2023-04-10T22:37:35.482000,0.69578,54.524464,-0.07,0
2023-04-10T22:37:36.426000,0.685889,54.467573,-0.063,0
2023-04-10T22:37:37.369000,0.676014,54.410681,0.007,0
2023-04-10T22:37:38.313000,0.666156,54.353788,0.026,0
2023-04-10T22:37:39.256000,0.656314,54.296894,0.088,0
2023-04-10T22:37:40.199000,0.646488,54.239999,0.138,0
2023-04-10T22:37:41.143000,0.636678,54.183104,0.16,0
2023-04-10T22:37:42.086000,0.626885,54.126208,0.195,0
2023-04-10T22:37:43.030000,0.617107,54.069311,0.226,0
2023-04-10T22:37:43.973000,0.607345,54.012413,0.29,0
2023-04-10T22:37:44.917000,0.597599,53.955514,0.36,0
2023-04-10T22:37:45.860000,0.587869,53.898614,0.42,0
2023-04-10T22:37:46.803000,0.578155,53.841713,0.485,0
2023-04-10T22:37:47.747000,0.568456,53.784812,0.558,0
2023-04-10T22:37:48.690000,0.558773,53.72791,0.623,0
2023-04-10T22:37:49.634000,0.549105,53.671007,0.727,0
2023-04-10T22:37:50.577000,0.539453,53.614103,0.828,0
2023-04-10T22:37:51.521000,0.529816,53.557198,0.908,0
2023-04-10T22:37:52.464000,0.520194,53.500292,1.009,0
2023-04-10T22:37:53.408000,0.510587,53.443386,1.145,0
2023-04-10T22:37:54.351000,0.500995,53.386478,1.229,0
2023-04-10T22:37:55.294000,0.491419,53.32957,1.32,1
2023-04-10T22:37:56.238000,0.481857,53.272661,1.38,1
2023-04-10T22:37:57.181000,0.472311,53.215751,1.4,1
2023-04-10T22:37:58.125000,0.462779,53.15884,1.426,1
2023-04-10T22:37:59.068000,0.453262,53.101929,1.491,1
2023-04-10T22:38:00.012000,0.443759,53.045016,1.618,1
2023-04-10T22:38:00.955000,0.434272,52.988103,1.716,1
2023-04-10T22:38:38.693000,0.066003,50.710893,-0.414,1
2023-04-10T22:38:39.636000,0.05706,50.653946,-0.362,1
2023-04-10T22:38:40.579000,0.048129,50.596998,-0.292,0
2023-04-10T22:38:41.523000,0.03921,50.54005,-0.204,0
2023-04-10T22:38:42.466000,0.030303,50.4831,-0.098,0
2023-04-10T22:38:43.410000,0.021408,50.42615,-0.005,0
2023-04-10T22:38:44.353000,0.012524,50.369199,0.106,0
2023-04-10T22:38:45.297000,0.003653,50.312247,0.232,0
2023-04-10T22:38:46.240000,-0.005207,50.255295,0.323,0
2023-04-10T22:38:47.183000,-0.014055,50.198341,0.442,0
2023-04-10T22:38:48.127000,-0.022891,50.141387,0.564,0
2023-04-10T22:38:49.070000,-0.031716,50.084432,0.704,0
2023-04-10T22:38:50.014000,-0.040529,50.027476,0.837,0
2023-04-10T22:38:50.957000,-0.049331,49.970519,0.963,0
2023-04-10T22:38:51.901000,-0.058121,49.913562,1.079,0
2023-04-10T22:38:52.844000,-0.0669,49.856604,1.237,0
2023-04-10T22:38:53.788000,-0.075668,49.799645,1.402,0
2023-04-10T22:38:54.731000,-0.084424,49.742685,1.543,0
2023-04-11T09:52:26.855000,6.063371,53.542809,1.194,1
2023-04-11T09:52:27.798000,6.053734,53.599755,1.139,1
2023-04-11T09:52:28.742000,6.044082,53.656701,1.082,0
2023-04-11T09:52:29.685000,6.034414,53.713645,1.024,0
2023-04-11T09:52:30.629000,6.024731,53.770589,0.946,0
2023-04-11T09:52:31.572000,6.015033,53.827532,0.936,0
2023-04-11T09:52:32.515000,6.005319,53.884474,0.884,0
2023-04-11T09:52:33.459000,5.995589,53.941415,0.879,0
2023-04-11T09:52:34.402000,5.985844,53.998355,0.781,0
2023-04-11T09:52:35.346000,5.976082,54.055294,0.783,0
2023-04-11T09:52:36.289000,5.966305,54.112232,0.756,0
2023-04-11T09:52:37.233000,5.956512,54.16917,0.678,0
2023-04-11T09:52:38.176000,5.946703,54.226106,0.661,0
2023-04-11T09:52:39.120000,5.936877,54.283041,0.643,0
2023-04-11T09:52:40.063000,5.927035,54.339976,0.62,0
2023-04-11T09:52:41.006000,5.917177,54.39691,0.609,0
2023-04-11T09:52:41.950000,5.907303,54.453843,0.608,0
2023-04-11T09:52:42.893000,5.897412,54.510774,0.562,0
2023-04-11T09:52:43.837000,5.887505,54.567705,0.543,0
2023-04-11T09:52:44.780000,5.877581,54.624635,0.529,0
2023-04-11T09:52:45.724000,5.86764,54.681564,0.506,0
2023-04-11T09:52:46.667000,5.857682,54.738492,0.483,0
2023-04-11T09:52:47.610000,5.847708,54.79542,0.438,0
2023-04-11T09:52:48.554000,5.837717,54.852346,0.407,0
2023-04-11T09:52:49.497000,5.827708,54.909271,0.417,0
2023-04-11T09:52:50.441000,5.817683,54.966196,0.404,0
2023-04-11T09:52:51.384000,5.80764,55.023119,0.385,0
2023-04-11T09:52:52.328000,5.79758,55.080042,0.338,0
2023-04-11T09:52:53.271000,5.787502,55.136963,0.357,0
2023-04-11T09:52:54.215000,5.777407,55.193884,0.366,0
2023-04-11T09:52:55.158000,5.767295,55.250804,0.376,0
2023-04-11T09:52:56.101000,5.757165,55.307723,0.334,0
2023-04-11T09:52:57.045000,5.747017,55.364641,0.351,0
2023-04-11T09:52:57.988000,5.736852,55.421558,0.314,0
2023-04-11T09:52:58.932000,5.726668,55.478473,0.289,0
2023-04-11T09:52:59.875000,5.716467,55.535389,0.287,0
2023-04-11T09:53:00.819000,5.706247,55.592303,0.301,0
2023-04-11T09:53:01.762000,5.696009,55.649216,0.293,0
2023-04-11T09:53:02.705000,5.685753,55.706128,0.28,0
2023-04-11T09:53:03.649000,5.675479,55.763039,0.311,0
2023-04-11T09:53:04.592000,5.665186,55.81995,0.293,0
2023-04-11T09:53:05.536000,5.654874,55.876859,0.246,0
2023-04-11T09:53:06.479000,5.644544,55.933768,0.263,0
2023-04-12T22:35:17.661000,-0.058971,55.974277,0.106,0
2023-04-12T22:35:18.605000,-0.06931,55.917409,0.12,0
2023-04-12T22:35:19.548000,-0.079631,55.86054,0.14,0
2023-04-12T22:35:20.492000,-0.089933,55.80367,0.157,0
2023-04-12T22:35:21.435000,-0.100216,55.7468,0.184,0
2023-04-12T22:35:22.379000,-0.110481,55.689928,0.203,0
2023-04-12T22:35:23.322000,-0.120728,55.633055,0.22,0
2023-04-12T22:35:24.265000,-0.130957,55.576182,0.245,0
2023-04-12T22:35:25.209000,-0.141167,55.519307,0.312,0
2023-04-12T22:35:26.152000,-0.151359,55.462432,0.309,0
2023-04-12T22:35:27.096000,-0.161534,55.405556,0.31,0
2023-04-12T22:35:28.039000,-0.17169,55.348679,0.35,0
2023-04-12T22:35:28.983000,-0.181829,55.291801,0.375,0
2023-04-12T22:35:29.926000,-0.19195,55.234922,0.404,0
2023-04-12T22:35:30.869000,-0.202054,55.178043,0.408,0
2023-04-12T22:35:31.813000,-0.21214,55.121162,0.445,0
2023-04-12T22:35:32.756000,-0.222209,55.064281,0.46,0
2023-04-12T22:35:33.700000,-0.23226,55.007398,0.466,0
2023-04-12T22:35:34.643000,-0.242294,54.950515,0.512,0
2023-04-12T22:35:35.587000,-0.252311,54.893631,0.543,0
2023-04-12T22:35:36.530000,-0.262311,54.836746,0.574,0
2023-04-12T22:35:37.474000,-0.272293,54.77986,0.606,0
2023-04-12T22:35:38.417000,-0.282259,54.722974,0.646,0
2023-04-12T22:35:39.360000,-0.292208,54.666086,0.667,0
2023-04-12T22:35:40.304000,-0.30214,54.609198,0.704,0
2023-04-12T22:35:41.247000,-0.312056,54.552308,0.76,0
2023-04-12T22:35:42.191000,-0.321955,54.495418,0.814,1
2023-04-12T22:35:43.134000,-0.331838,54.438527,0.839,1
2023-04-12T22:35:44.078000,-0.341704,54.381635,0.923,1
2023-04-12T22:36:47.288000,-0.969092,50.567946,-0.463,1
2023-04-12T22:36:48.231000,-0.978004,50.510997,-0.422,0
2023-04-12T22:36:49.175000,-0.986905,50.454048,-0.322,0
2023-04-12T22:36:50.118000,-0.995794,50.397097,-0.271,0
2023-04-12T22:36:51.062000,-1.004671,50.340146,-0.129,0
2023-04-12T22:36:52.005000,-1.013536,50.283194,-0.11,0
2023-04-12T22:36:52.949000,-1.02239,50.226241,-0.015,0
2023-04-12T22:36:53.892000,-1.031231,50.169287,0.037,0
2023-04-12T22:36:54.835000,-1.040061,50.112333,0.181,0
2023-04-12T22:36:55.779000,-1.04888,50.055377,0.247,0
2023-04-12T22:36:56.722000,-1.057687,49.998421,0.249,0
2023-04-12T22:36:57.666000,-1.066483,49.941464,0.349,0
2023-04-12T22:36:58.609000,-1.075267,49.884507,0.393,0
2023-04-12T22:36:59.553000,-1.08404,49.827548,0.405,0
2023-04-12T22:37:00.496000,-1.092802,49.770589,0.414,0
2023-04-12T22:37:01.439000,-1.101552,49.713628,0.431,1
2023-04-13T09:50:25.072000,5.13147,53.065181,0.937,1
2023-04-13T09:50:26.016000,5.12196,53.12213,0.872,1
2023-04-13T09:50:30.733000,5.074184,53.406861,0.891,1
2023-04-13T09:50:31.676000,5.064584,53.463804,0.815,1
2023-04-13T09:50:32.620000,5.054969,53.520746,0.788,0
2023-04-13T09:50:33.563000,5.045339,53.577688,0.733,0
2023-04-13T09:50:34.507000,5.035693,53.634628,0.697,0
2023-04-13T09:50:35.450000,5.026032,53.691568,0.672,0
2023-04-13T09:50:36.394000,5.016356,53.748507,0.63,0
2023-04-13T09:50:37.337000,5.006664,53.805445,0.591,0
2023-04-13T09:50:38.281000,4.996956,53.862382,0.524,0
2023-04-13T09:50:39.224000,4.987233,53.919318,0.503,0
2023-04-13T09:50:40.167000,4.977494,53.976253,0.489,0
2023-04-13T09:50:41.111000,4.967739,54.033187,0.454,0
2023-04-13T09:50:42.054000,4.957968,54.090121,0.455,0
2023-04-13T09:50:42.998000,4.948182,54.147053,0.404,0
2023-04-13T09:50:43.941000,4.938379,54.203985,0.426,0
2023-04-13T09:50:44.885000,4.92856,54.260915,0.394,0
2023-04-13T09:50:45.828000,4.918725,54.317845,0.409,0
2023-04-13T09:50:46.771000,4.908874,54.374774,0.404,0
2023-04-13T09:50:47.715000,4.899007,54.431702,0.382,0
2023-04-13T09:50:48.658000,4.889123,54.488629,0.348,0
2023-04-13T09:50:49.602000,4.879222,54.545555,0.359,0
2023-04-13T09:50:50.545000,4.869305,54.60248,0.341,0
2023-04-13T09:50:51.489000,4.859371,54.659404,0.34,0
2023-04-13T09:50:52.432000,4.849421,54.716327,0.357,0
2023-04-13T09:50:53.376000,4.839453,54.77325,0.337,0
2023-04-13T09:50:54.319000,4.829469,54.830171,0.341,0
2023-04-13T09:50:55.262000,4.819468,54.887092,0.338,0
2023-04-13T09:50:56.206000,4.809449,54.944011,0.341,0
2023-04-13T09:50:57.149000,4.799414,55.00093,0.32,0
2023-04-13T09:50:58.093000,4.789361,55.057847,0.336,0
2023-04-13T09:50:59.036000,4.779291,55.114764,0.323,0
2023-04-13T09:50:59.980000,4.769203,55.17168,0.336,0
2023-04-13T09:51:00.923000,4.759098,55.228595,0.325,0
2023-04-13T09:51:01.866000,4.748975,55.285509,0.301,0
2023-04-13T09:51:02.810000,4.738835,55.342422,0.281,0
2023-04-13T09:51:03.753000,4.728676,55.399334,0.279,0
2023-04-13T09:51:04.697000,4.7185,55.456245,0.257,0
2023-04-13T09:51:05.640000,4.708306,55.513155,0.282,0
2023-04-13T09:51:06.584000,4.698094,55.570065,0.275,0
2023-04-13T09:51:07.527000,4.687864,55.626973,0.267,0
2023-04-13T09:51:08.470000,4.677616,55.68388,0.242,0
2023-04-13T09:51:09.414000,4.667349,55.740787,0.213,0
2023-04-13T09:51:10.357000,4.657064,55.797692,0.206,0
2023-04-13T09:51:11.301000,4.64676,55.854597,0.21,0
2023-04-13T09:51:12.244000,4.636438,55.911501,0.19,0
2023-04-13T09:51:13.188000,4.626097,55.968403,0.2,0
2023-04-14T22:33:24.370000,-1.076842,55.938079,0.912,0
2023-04-14T22:33:25.313000,-1.08717,55.881211,0.938,0
2023-04-14T22:33:26.257000,-1.09748,55.824341,0.987,0
2023-04-14T22:33:27.200000,-1.107772,55.767471,0.99,0
2023-04-14T22:33:28.144000,-1.118045,55.710599,0.996,0
2023-04-14T22:33:29.087000,-1.1283,55.653727,1.049,0
2023-04-14T22:33:30.030000,-1.138536,55.596854,1.01,0
2023-04-14T22:33:30.974000,-1.148754,55.53998,1.029,0
2023-04-14T22:33:31.917000,-1.158955,55.483105,1.055,0
2023-04-14T22:33:32.861000,-1.169137,55.426229,1.073,0
2023-04-14T22:33:33.804000,-1.179301,55.369352,1.121,0
2023-04-14T22:33:34.748000,-1.189448,55.312475,1.127,0
2023-04-14T22:33:35.691000,-1.199577,55.255596,1.151,0
2023-04-14T22:33:36.635000,-1.209688,55.198717,1.155,0
2023-04-14T22:33:38.521000,-1.229858,55.084956,1.214,1
2023-04-14T22:33:39.465000,-1.239916,55.028073,1.201,1
2023-04-14T22:33:40.408000,-1.249958,54.97119,1.212,1
2023-04-14T22:33:41.352000,-1.259982,54.914307,1.201,1
2023-04-14T22:34:53.996000,-1.986164,50.531676,-0.102,1
2023-04-14T22:34:54.940000,-1.99507,50.474726,-0.125,1
2023-04-14T22:34:55.883000,-2.003964,50.417775,-0.151,0
2023-04-14T22:34:56.827000,-2.012847,50.360824,-0.166,0
2023-04-14T22:34:57.770000,-2.021717,50.303872,-0.178,0
2023-04-14T22:34:58.714000,-2.030576,50.246918,-0.182,0
2023-04-14T22:34:59.657000,-2.039423,50.189964,-0.215,0
2023-04-14T22:35:00.600000,-2.048259,50.13301,-0.264,0
2023-04-14T22:35:01.544000,-2.057082,50.076054,-0.251,0
2023-04-14T22:35:02.487000,-2.065895,50.019098,-0.271,0
2023-04-14T22:35:03.431000,-2.074696,49.962141,-0.246,0
2023-04-14T22:35:04.374000,-2.083485,49.905183,-0.248,0
2023-04-14T22:35:05.318000,-2.092263,49.848224,-0.275,1
2023-04-14T22:35:06.261000,-2.10103,49.791264,-0.25,1
2023-04-15T09:48:16.686000,4.262961,52.195777,1.116,1
2023-04-15T09:48:17.629000,4.253666,52.252734,1.107,1
2023-04-15T09:48:18.573000,4.244357,52.30969,1.046,1
2023-04-15T09:48:19.516000,4.235035,52.366646,0.989,0
2023-04-15T09:48:20.460000,4.225698,52.4236,0.959,0
2023-04-15T09:48:21.403000,4.216348,52.480554,0.904,0
2023-04-15T09:48:22.347000,4.206984,52.537507,0.876,0
2023-04-15T09:48:23.290000,4.197606,52.594459,0.819,0
2023-04-15T09:48:24.233000,4.188214,52.651409,0.761,0
2023-04-15T09:48:25.177000,4.178807,52.70836,0.703,0
2023-04-15T09:48:26.120000,4.169386,52.765309,0.655,0
2023-04-15T09:48:27.064000,4.159952,52.822257,0.611,0
2023-04-15T09:48:28.007000,4.150502,52.879205,0.556,0
2023-04-15T09:48:28.951000,4.141038,52.936151,0.493,0
2023-04-15T09:48:29.894000,4.13156,52.993097,0.448,0
2023-04-15T09:48:30.837000,4.122067,53.050041,0.378,0
2023-04-15T09:48:31.781000,4.11256,53.106985,0.34,0
2023-04-15T09:48:32.724000,4.103038,53.163928,0.285,0
2023-04-15T09:48:33.668000,4.093501,53.22087,0.22,0
2023-04-15T09:48:34.611000,4.083949,53.277811,0.183,0
2023-04-15T09:48:35.555000,4.074383,53.334752,0.148,0
2023-04-15T09:48:36.498000,4.064801,53.391691,0.108,0
2023-04-15T09:48:37.441000,4.055204,53.448629,0.09,0
2023-04-15T09:48:38.385000,4.045592,53.505567,0.079,0
2023-04-15T09:48:39.328000,4.035965,53.562504,0.039,0
2023-04-15T09:48:40.272000,4.026323,53.619439,0.007,0
2023-04-15T09:48:41.215000,4.016665,53.676374,0.014,0
2023-04-15T09:48:42.159000,4.006992,53.733308,0.021,0
2023-04-15T09:48:43.102000,3.997304,53.790241,-0.008,0
2023-04-15T09:48:44.046000,3.9876,53.847173,-0.019,0
2023-04-15T09:48:44.989000,3.97788,53.904105,-0.029,0
2023-04-15T09:48:45.932000,3.968144,53.961035,-0.032,0
2023-04-15T09:48:46.876000,3.958393,54.017964,-0.049,0
2023-04-15T09:48:47.819000,3.948626,54.074893,-0.059,0
2023-04-15T09:48:48.763000,3.938843,54.131821,-0.054,0
2023-04-15T09:48:49.706000,3.929044,54.188747,-0.079,0
2023-04-15T09:48:50.650000,3.919229,54.245673,-0.076,0
2023-04-15T09:48:51.593000,3.909397,54.302598,-0.068,0
2023-04-15T09:48:52.536000,3.89955,54.359522,-0.061,0
2023-04-15T09:48:53.480000,3.889686,54.416445,-0.049,0
2023-04-15T09:48:54.423000,3.879805,54.473367,-0.039,0
2023-04-15T09:48:55.367000,3.869909,54.530288,-0.045,0
2023-04-15T09:48:56.310000,3.859995,54.587208,-0.036,0
2023-04-15T09:48:57.254000,3.850065,54.644128,-0.048,0
2023-04-15T09:48:58.197000,3.840118,54.701046,-0.017,0
2023-04-15T09:48:59.141000,3.830155,54.757964,-0.013,0
2023-04-15T09:49:00.084000,3.820174,54.81488,-0.012,0
2023-04-15T09:49:01.027000,3.810177,54.871796,0.005,0
2023-04-15T09:49:01.971000,3.800162,54.928711,0.028,0
2023-04-15T09:49:02.914000,3.79013,54.985625,0.035,0
2023-04-15T09:49:03.858000,3.780081,55.042537,0.02,0
2023-04-15T09:49:04.801000,3.770015,55.099449,0.021,0
2023-04-15T09:49:05.745000,3.759931,55.15636,0.027,0
2023-04-15T09:49:06.688000,3.74983,55.21327,0.055,0
2023-04-15T09:49:07.631000,3.739712,55.270179,0.069,0
2023-04-15T09:49:08.575000,3.729575,55.327088,0.088,0
2023-04-15T09:49:09.518000,3.719421,55.383995,0.111,0
2023-04-15T09:49:10.462000,3.709249,55.440901,0.123,0
2023-04-15T09:49:11.405000,3.699059,55.497807,0.12,0
2023-04-15T09:49:12.349000,3.688851,55.554711,0.145,0
2023-04-15T09:49:13.292000,3.678625,55.611615,0.168,0
2023-04-15T09:49:14.236000,3.668381,55.668517,0.216,0
2023-04-15T09:49:15.179000,3.658118,55.725419,0.214,0
2023-04-15T09:49:16.122000,3.647837,55.78232,0.241,0
2023-04-15T09:49:17.066000,3.637537,55.83922,0.231,0
2023-04-15T09:49:18.009000,3.627219,55.896118,0.243,0
2023-04-15T09:49:18.953000,3.616883,55.953016,0.247,0
2023-04-17T09:46:10.186000,3.372836,51.450132,1.759,1
2023-04-17T09:46:12.073000,3.35458,51.564059,1.619,1
2023-04-17T09:46:13.017000,3.345433,51.621021,1.486,1
2023-04-17T09:46:13.960000,3.336273,51.677982,1.34,0
2023-04-17T09:46:14.903000,3.3271,51.734942,1.212,0
2023-04-17T09:46:15.847000,3.317914,51.791901,1.071,0
2023-04-17T09:46:16.790000,3.308714,51.84886,0.947,0
2023-04-17T09:46:17.734000,3.299501,51.905817,0.854,0
2023-04-17T09:46:18.677000,3.290275,51.962774,0.756,0
2023-04-17T09:46:19.621000,3.281036,52.01973,0.681,0
2023-04-17T09:46:20.564000,3.271783,52.076685,0.592,0
2023-04-17T09:46:21.507000,3.262516,52.133639,0.495,0
2023-04-17T09:46:22.451000,3.253236,52.190592,0.413,0
2023-04-17T09:46:23.394000,3.243942,52.247544,0.351,0
2023-04-17T09:46:24.338000,3.234635,52.304496,0.28,0
2023-04-17T09:46:25.281000,3.225313,52.361446,0.197,0
2023-04-17T09:46:26.225000,3.215978,52.418396,0.142,0
2023-04-17T09:46:27.168000,3.206629,52.475345,0.067,0
2023-04-17T09:46:28.112000,3.197267,52.532292,-0.006,0
2023-04-17T09:46:29.055000,3.187889,52.589239,-0.067,0
2023-04-17T09:46:29.998000,3.178498,52.646186,-0.132,0
2023-04-17T09:46:30.942000,3.169093,52.703131,-0.179,0
2023-04-17T09:46:31.885000,3.159674,52.760075,-0.179,0
2023-04-17T09:46:32.829000,3.15024,52.817019,-0.274,0
2023-04-17T09:46:33.772000,3.140792,52.873961,-0.303,0
2023-04-17T09:46:34.716000,3.131329,52.930903,-0.338,0
2023-04-17T09:46:35.659000,3.121853,52.987844,-0.394,0
2023-04-17T09:46:36.602000,3.112361,53.044784,-0.427,0
2023-04-17T09:46:37.546000,3.102855,53.101723,-0.476,0
2023-04-17T09:46:38.489000,3.093334,53.158661,-0.493,0
2023-04-17T09:46:39.433000,3.083798,53.215598,-0.521,0
2023-04-17T09:46:40.376000,3.074248,53.272534,-0.525,0
2023-04-17T09:46:41.320000,3.064682,53.32947,-0.52,0
2023-04-17T09:46:42.263000,3.055102,53.386404,-0.544,0
2023-04-17T09:46:43.207000,3.045507,53.443338,-0.568,0
2023-04-17T09:46:44.150000,3.035896,53.500271,-0.571,0
2023-04-17T09:46:45.093000,3.02627,53.557203,-0.588,0
2023-04-17T09:46:46.037000,3.01663,53.614134,-0.595,0
2023-04-17T09:46:46.980000,3.006973,53.671064,-0.595,0
2023-04-17T09:46:47.924000,2.997301,53.727993,-0.589,0
2023-04-17T09:46:48.867000,2.987614,53.784921,-0.576,0
2023-04-17T09:46:49.811000,2.977912,53.841848,-0.588,0
2023-04-17T09:46:50.754000,2.968193,53.898775,-0.616,0
2023-04-17T09:46:51.697000,2.958459,53.9557,-0.622,0
2023-04-17T09:46:52.641000,2.948709,54.012625,-0.646,0
2023-04-17T09:46:53.584000,2.938943,54.069549,-0.625,0
2023-04-17T09:46:54.528000,2.929162,54.126472,-0.603,0
2023-04-17T09:46:55.471000,2.919364,54.183393,-0.594,0
2023-04-17T09:46:56.415000,2.90955,54.240314,-0.59,0
2023-04-17T09:46:57.358000,2.89972,54.297234,-0.544,0
2023-04-17T09:46:58.302000,2.889874,54.354154,-0.532,0
2023-04-17T09:46:59.245000,2.880012,54.411072,-0.52,0
2023-04-17T09:47:00.188000,2.870133,54.467989,-0.524,0
2023-04-17T09:47:01.132000,2.860237,54.524906,-0.487,0
2023-04-17T09:47:02.075000,2.850326,54.581821,-0.476,0
2023-04-17T09:47:03.019000,2.840397,54.638736,-0.502,0
2023-04-17T09:47:03.962000,2.830452,54.695649,-0.475,0
2023-04-17T09:47:04.906000,2.820489,54.752562,-0.454,0
2023-04-17T09:47:05.849000,2.81051,54.809474,-0.438,0
2023-04-17T09:47:06.792000,2.800514,54.866385,-0.444,0
2023-04-17T09:47:07.736000,2.790501,54.923295,-0.436,0
2023-04-17T09:47:08.679000,2.780471,54.980204,-0.442,0
2023-04-17T09:47:09.623000,2.770424,55.037112,-0.429,0
2023-04-17T09:47:10.566000,2.760359,55.094019,-0.399,0
2023-04-17T09:47:11.510000,2.750277,55.150926,-0.406,0
2023-04-17T09:47:12.453000,2.740177,55.207831,-0.398,0
2023-04-17T09:47:13.397000,2.73006,55.264736,-0.385,0
2023-04-17T09:47:14.340000,2.719925,55.321639,-0.368,0
2023-04-17T09:47:15.283000,2.709773,55.378542,-0.37,0
2023-04-17T09:47:16.227000,2.699602,55.435443,-0.329,0
2023-04-17T09:47:17.170000,2.689414,55.492344,-0.317,0
2023-04-17T09:47:18.114000,2.679208,55.549244,-0.29,0
2023-04-17T09:47:19.057000,2.668983,55.606142,-0.272,0
2023-04-17T09:47:20.001000,2.65874,55.66304,-0.244,0
2023-04-17T09:47:20.944000,2.64848,55.719937,-0.222,0
2023-04-17T09:47:21.887000,2.6382,55.776833,-0.226,0
2023-04-17T09:47:22.831000,2.627902,55.833728,-0.196,0
2023-04-17T09:47:23.774000,2.617586,55.890622,-0.199,0
2023-04-17T09:47:24.718000,2.607251,55.947516,-0.174,0
2023-04-19T09:44:10.291000,2.417429,51.114256,1.389,1
2023-04-19T09:44:11.234000,2.408384,51.17122,1.301,1
2023-04-19T09:44:12.178000,2.399327,51.228184,1.178,0
2023-04-19T09:44:13.121000,2.390257,51.285146,1.07,0
2023-04-19T09:44:14.064000,2.381174,51.342108,0.956,0
2023-04-19T09:44:15.008000,2.372079,51.399068,0.842,0
2023-04-19T09:44:15.951000,2.362971,51.456028,0.727,0
2023-04-19T09:44:16.895000,2.35385,51.512987,0.647,0
2023-04-19T09:44:17.838000,2.344716,51.569945,0.569,0
2023-04-19T09:44:18.782000,2.335569,51.626902,0.502,0
2023-04-19T09:44:19.725000,2.326409,51.683858,0.457,0
2023-04-19T09:44:20.668000,2.317236,51.740814,0.4,0
2023-04-19T09:44:21.612000,2.30805,51.797768,0.396,0
2023-04-19T09:44:22.555000,2.298851,51.854722,0.368,0
2023-04-19T09:44:23.499000,2.289638,51.911675,0.342,0
2023-04-19T09:44:24.442000,2.280412,51.968627,0.339,0
2023-04-19T09:44:25.386000,2.271173,52.025578,0.325,0
2023-04-19T09:44:26.329000,2.26192,52.082528,0.321,0
2023-04-19T09:44:27.273000,2.252654,52.139477,0.325,0
2023-04-19T09:44:28.216000,2.243374,52.196426,0.3,0
2023-04-19T09:44:29.159000,2.23408,52.253373,0.358,0
2023-04-19T09:44:30.103000,2.224773,52.31032,0.325,0
2023-04-19T09:44:31.046000,2.215452,52.367266,0.329,0
2023-04-19T09:44:31.990000,2.206117,52.424211,0.346,0
2023-04-19T09:44:32.933000,2.196768,52.481155,0.296,0
2023-04-19T09:44:33.877000,2.187405,52.538098,0.304,0
2023-04-19T09:44:34.820000,2.178029,52.595041,0.269,0
2023-04-19T09:44:35.763000,2.168638,52.651982,0.249,0
2023-04-19T09:44:36.707000,2.159233,52.708922,0.219,0
2023-04-19T09:44:37.650000,2.149813,52.765862,0.183,0
2023-04-19T09:44:38.594000,2.14038,52.822801,0.133,0
2023-04-19T09:44:39.537000,2.130932,52.879739,0.071,0
2023-04-19T09:44:40.481000,2.12147,52.936676,0.003,0
2023-04-19T09:44:41.424000,2.111993,52.993612,-0.072,0
2023-04-19T09:44:42.368000,2.102501,53.050547,-0.146,0
2023-04-19T09:44:43.311000,2.092995,53.107482,-0.177,0
2023-04-19T09:44:44.254000,2.083475,53.164415,-0.232,0
2023-04-19T09:44:45.198000,2.073939,53.221348,-0.329,0
2023-04-19T09:44:46.141000,2.064389,53.278279,-0.374,0
2023-04-19T09:44:47.085000,2.054824,53.33521,-0.444,0
2023-04-19T09:44:48.028000,2.045243,53.39214,-0.506,0
2023-04-19T09:44:48.972000,2.035648,53.449069,-0.568,0
2023-04-19T09:44:49.915000,2.026038,53.505997,-0.631,0
2023-04-19T09:44:50.858000,2.016412,53.562924,-0.662,0
2023-04-19T09:44:51.802000,2.006772,53.619851,-0.707,0
2023-04-19T09:44:52.745000,1.997115,53.676776,-0.749,0
2023-04-19T09:44:53.689000,1.987444,53.733701,-0.833,0
2023-04-19T09:44:54.632000,1.977757,53.790624,-0.849,0
2023-04-19T09:44:55.576000,1.968054,53.847547,-0.903,0
2023-04-19T09:44:56.519000,1.958336,53.904469,-0.971,0
2023-04-19T09:44:57.463000,1.948602,53.96139,-0.974,0
2023-04-19T09:44:58.406000,1.938852,54.01831,-0.998,0
2023-04-19T09:44:59.349000,1.929087,54.075229,-1.002,0
2023-04-19T09:45:00.293000,1.919305,54.132147,-1.036,0
2023-04-19T09:45:01.236000,1.909507,54.189064,-1.062,0
2023-04-19T09:45:02.180000,1.899694,54.245981,-1.093,0
2023-04-19T09:45:03.123000,1.889864,54.302896,-1.123,0
2023-04-19T09:45:04.067000,1.880018,54.359811,-1.156,0
2023-04-19T09:45:05.010000,1.870156,54.416725,-1.154,0
2023-04-19T09:45:05.953000,1.860277,54.473637,-1.158,0
2023-04-19T09:45:06.897000,1.850382,54.530549,-1.175,0
2023-04-19T09:45:07.840000,1.84047,54.58746,-1.158,0
2023-04-19T09:45:08.784000,1.830541,54.64437,-1.142,0
2023-04-19T09:45:09.727000,1.820596,54.701279,-1.141,0
2023-04-19T09:45:10.671000,1.810634,54.758187,-1.145,0
2023-04-19T09:45:11.614000,1.800655,54.815095,-1.144,0
2023-04-19T09:45:12.558000,1.790659,54.872001,-1.131,0
2023-04-19T09:45:13.501000,1.780646,54.928906,-1.112,0
2023-04-19T09:45:14.444000,1.770616,54.985811,-1.11,0
2023-04-19T09:45:15.388000,1.760569,55.042714,-1.079,0
2023-04-19T09:45:16.331000,1.750504,55.099617,-1.069,0
2023-04-19T09:45:17.275000,1.740422,55.156519,-1.056,0
2023-04-19T09:45:18.218000,1.730323,55.21342,-1.042,0
2023-04-19T09:45:19.162000,1.720205,55.27032,-1.028,0
2023-04-19T09:45:20.105000,1.710071,55.327219,-0.987,0
2023-04-19T09:45:21.048000,1.699918,55.384117,-0.974,0
2023-04-19T09:45:21.992000,1.689748,55.441014,-0.96,0
2023-04-19T09:45:22.935000,1.67956,55.49791,-0.928,0
2023-04-19T09:45:23.879000,1.669353,55.554805,-0.906,0
2023-04-19T09:45:24.822000,1.659129,55.611699,-0.885,0
2023-04-19T09:45:25.766000,1.648886,55.668593,-0.842,0
2023-04-19T09:45:26.709000,1.638625,55.725485,-0.841,0
2023-04-19T09:45:27.653000,1.628346,55.782377,-0.805,0
2023-04-19T09:45:28.596000,1.618049,55.839267,-0.771,0
2023-04-19T09:45:29.539000,1.607732,55.896157,-0.74,0
2023-04-19T09:45:30.483000,1.597397,55.953046,-0.738,0
2023-04-19T21:39:30.070000,8.523581,54.217952,1.325,1
2023-04-19T21:39:31.014000,8.513779,54.161055,1.349,1
2023-04-19T21:39:31.957000,8.503993,54.104156,1.342,1
2023-04-19T21:39:32.900000,8.494223,54.047256,1.361,1
2023-04-19T21:39:33.844000,8.484469,53.990356,1.347,1
2023-04-21T09:42:05.678000,1.50741,50.48237,1.87,1
2023-04-21T09:42:06.621000,1.498504,50.53934,1.775,1
2023-04-21T09:42:08.508000,1.480655,50.653275,1.526,1
2023-04-21T09:42:09.452000,1.471713,50.710242,1.334,1
2023-04-21T09:42:10.395000,1.462758,50.767208,1.188,1
2023-04-21T09:42:11.339000,1.453791,50.824173,1.021,1
2023-04-21T09:42:12.282000,1.444812,50.881137,0.829,1
2023-04-21T09:42:13.225000,1.435821,50.9381,0.694,1
2023-04-21T09:42:14.169000,1.426817,50.995062,0.565,1
2023-04-21T09:42:15.112000,1.417801,51.052024,0.481,1
2023-04-21T09:42:22.660000,1.34522,51.507684,-0.226,1
2023-04-21T09:42:23.603000,1.33609,51.564638,-0.22,0
2023-04-21T09:42:24.547000,1.326947,51.621591,-0.161,1
2023-04-21T09:42:25.490000,1.317791,51.678543,-0.119,0
2023-04-21T09:42:26.434000,1.308622,51.735494,-0.025,1
2023-04-21T09:42:27.377000,1.29944,51.792444,0.027,1
2023-04-21T09:42:48.133000,1.09398,53.045131,0.691,1
2023-04-21T09:42:49.076000,1.084478,53.102061,0.621,0
2023-04-21T09:42:50.019000,1.074962,53.15899,0.544,0
2023-04-21T09:42:50.963000,1.06543,53.215919,0.42,0
2023-04-21T09:42:51.906000,1.055884,53.272846,0.332,0
2023-04-21T09:42:52.850000,1.046323,53.329773,0.199,0
2023-04-21T09:42:53.793000,1.036747,53.386698,0.106,0
2023-04-21T09:42:54.737000,1.027157,53.443623,-0.006,0
2023-04-21T09:42:55.680000,1.01755,53.500547,-0.103,0
2023-04-21T09:42:56.624000,1.007929,53.55747,-0.236,0
2023-04-21T09:42:57.567000,0.998293,53.614393,-0.286,0
2023-04-21T09:42:58.510000,0.988641,53.671314,-0.396,0
2023-04-21T09:42:59.454000,0.978974,53.728234,-0.471,0
2023-04-21T09:43:00.397000,0.969291,53.785154,-0.573,0
2023-04-21T09:43:01.341000,0.959593,53.842072,-0.624,0
2023-04-21T09:43:02.284000,0.949879,53.89899,-0.657,0
2023-04-21T09:43:03.228000,0.940149,53.955907,-0.743,0
2023-04-21T09:43:04.171000,0.930404,54.012823,-0.773,0
2023-04-21T09:43:05.114000,0.920643,54.069738,-0.83,0
2023-04-21T09:43:06.058000,0.910866,54.126652,-0.869,0
2023-04-21T09:43:07.001000,0.901073,54.183565,-0.918,0
2023-04-21T09:43:07.945000,0.891264,54.240477,-0.921,0
2023-04-21T09:43:08.888000,0.881439,54.297389,-0.988,0
2023-04-21T09:43:09.832000,0.871597,54.354299,-0.994,0
2023-04-21T09:43:10.775000,0.861739,54.411209,-1.027,0
2023-04-21T09:43:11.718000,0.851865,54.468118,-1.06,0
2023-04-21T09:43:12.662000,0.841974,54.525025,-1.083,0
2023-04-21T09:43:13.605000,0.832067,54.581932,-1.119,0
2023-04-21T09:43:14.549000,0.822143,54.638838,-1.117,0
2023-04-21T09:43:15.492000,0.812203,54.695743,-1.115,0
2023-04-21T09:43:16.436000,0.802245,54.752647,-1.15,0
2023-04-21T09:43:17.379000,0.792271,54.809551,-1.192,0
2023-04-21T09:43:18.323000,0.78228,54.866453,-1.177,0
2023-04-21T09:43:19.266000,0.772271,54.923354,-1.18,0
2023-04-21T09:43:20.209000,0.762246,54.980255,-1.189,0
2023-04-21T09:43:21.153000,0.752204,55.037154,-1.184,0
2023-04-21T09:43:22.096000,0.742144,55.094053,-1.198,0
2023-04-21T09:43:23.040000,0.732066,55.150951,-1.212,0
2023-04-21T09:43:23.983000,0.721972,55.207847,-1.197,0
2023-04-21T09:43:24.927000,0.711859,55.264743,-1.175,0
2023-04-21T09:43:25.870000,0.70173,55.321638,-1.193,0
2023-04-21T09:43:26.813000,0.691582,55.378532,-1.196,0
2023-04-21T09:43:27.757000,0.681416,55.435426,-1.194,0
2023-04-21T09:43:28.700000,0.671233,55.492318,-1.196,0
2023-04-21T09:43:29.644000,0.661032,55.549209,-1.171,0
2023-04-21T09:43:30.587000,0.650812,55.606099,-1.169,0
2023-04-21T09:43:31.531000,0.640574,55.662989,-1.154,0
2023-04-21T09:43:32.474000,0.630319,55.719877,-1.108,0
2023-04-21T09:43:33.418000,0.620044,55.776765,-1.126,0
2023-04-21T09:43:34.361000,0.609752,55.833651,-1.119,0
2023-04-21T09:43:35.304000,0.59944,55.890537,-1.09,0
2023-04-21T09:43:36.248000,0.58911,55.947422,-1.07,0
2023-04-21T21:37:07.532000,7.816174,55.945148,-0.317,0
2023-04-21T21:37:08.475000,7.805848,55.888275,-0.299,0
2023-04-21T21:37:09.419000,7.795541,55.831402,-0.311,0
2023-04-21T21:37:10.362000,7.785252,55.774527,-0.317,0
2023-04-21T21:37:11.306000,7.774982,55.717652,-0.313,0
2023-04-21T21:37:12.249000,7.764729,55.660776,-0.319,0
2023-04-21T21:37:13.193000,7.754496,55.603898,-0.337,0
2023-04-21T21:37:14.136000,7.74428,55.54702,-0.359,0
2023-04-21T21:37:15.080000,7.734082,55.490141,-0.397,0
2023-04-21T21:37:16.023000,7.723903,55.433261,-0.396,0
2023-04-21T21:37:16.966000,7.713741,55.37638,-0.384,0
2023-04-21T21:37:17.910000,7.703597,55.319499,-0.357,0
2023-04-21T21:37:18.853000,7.693471,55.262616,-0.33,0
2023-04-21T21:37:19.797000,7.683362,55.205733,-0.311,0
2023-04-21T21:37:20.740000,7.673271,55.148848,-0.273,0
2023-04-21T21:37:21.684000,7.663197,55.091963,-0.244,0
2023-04-21T21:37:22.627000,7.653141,55.035076,-0.212,0
2023-04-21T21:37:23.570000,7.643102,54.978189,-0.163,0
2023-04-21T21:37:24.514000,7.63308,54.921301,-0.113,0
2023-04-21T21:37:25.457000,7.623076,54.864412,-0.098,0
2023-04-21T21:37:26.401000,7.613088,54.807522,-0.046,0
2023-04-21T21:37:27.344000,7.603117,54.750631,-0.017,0
2023-04-21T21:37:28.288000,7.593163,54.69374,0.052,0
2023-04-21T21:37:29.231000,7.583226,54.636847,0.074,0
2023-04-21T21:37:30.175000,7.573306,54.579954,0.116,0
2023-04-21T21:37:31.118000,7.563402,54.523059,0.168,0
2023-04-21T21:37:32.061000,7.553515,54.466164,0.201,0
2023-04-21T21:37:33.005000,7.543644,54.409268,0.236,0
2023-04-21T21:37:33.948000,7.53379,54.352371,0.259,0
2023-04-21T21:37:34.892000,7.523952,54.295473,0.317,0
2023-04-21T21:37:35.835000,7.51413,54.238574,0.366,0
2023-04-21T21:37:36.779000,7.504324,54.181674,0.438,0
2023-04-21T21:37:37.722000,7.494534,54.124774,0.491,0
2023-04-21T21:37:38.665000,7.484761,54.067873,0.553,0
2023-04-21T21:37:39.609000,7.475003,54.01097,0.601,0
2023-04-21T21:37:40.552000,7.465261,53.954067,0.645,0
2023-04-21T21:37:41.496000,7.455535,53.897163,0.701,0
2023-04-21T21:37:42.439000,7.445824,53.840258,0.763,1
2023-04-23T09:40:02.952000,0.580543,49.931292,0.502,1
2023-04-23T09:40:03.895000,0.571752,49.988266,0.363,1
2023-04-23T09:40:04.839000,0.562949,50.045238,0.266,0
2023-04-23T09:40:05.782000,0.554135,50.10221,0.136,0
2023-04-23T09:40:06.726000,0.545309,50.159181,0.037,0
2023-04-23T09:40:07.669000,0.536472,50.21615,-0.115,0
2023-04-23T09:40:08.613000,0.527623,50.27312,-0.189,0
2023-04-23T09:40:09.556000,0.518762,50.330088,-0.356,0
2023-04-23T09:40:10.500000,0.509889,50.387055,-0.478,0
2023-04-23T09:40:11.443000,0.501005,50.444022,-0.567,0
2023-04-23T09:40:12.386000,0.492109,50.500988,-0.669,0
2023-04-23T09:40:13.330000,0.483201,50.557953,-0.755,0
2023-04-23T09:40:14.273000,0.47428,50.614917,-0.842,0
2023-04-23T09:40:15.217000,0.465348,50.67188,-0.963,0
2023-04-23T09:40:16.160000,0.456404,50.728842,-1.048,1
2023-04-23T09:40:17.104000,0.447448,50.785804,-1.152,1
2023-04-23T09:41:08.993000,-0.065549,53.917361,0.018,1
2023-04-23T09:41:09.936000,-0.075281,53.974273,-0.034,1
2023-04-23T09:41:10.879000,-0.085029,54.031185,-0.111,1
2023-04-23T09:41:13.710000,-0.114368,54.201916,-0.369,1
2023-04-23T09:41:14.653000,-0.12418,54.258824,-0.416,1
2023-04-23T09:41:15.597000,-0.134008,54.315731,-0.452,1
2023-04-23T09:41:16.540000,-0.143852,54.372638,-0.503,0
2023-04-23T09:41:17.484000,-0.153713,54.429544,-0.553,0
2023-04-23T09:41:18.427000,-0.163589,54.486448,-0.572,0
2023-04-23T09:41:19.370000,-0.173483,54.543352,-0.628,0
2023-04-23T09:41:20.314000,-0.183393,54.600255,-0.646,0
2023-04-23T09:41:21.257000,-0.193319,54.657157,-0.696,0
2023-04-23T09:41:22.201000,-0.203263,54.714058,-0.695,0
2023-04-23T09:41:23.144000,-0.213223,54.770958,-0.755,0
2023-04-23T09:41:24.088000,-0.2232,54.827858,-0.774,0
2023-04-23T09:41:25.031000,-0.233194,54.884756,-0.788,0
2023-04-23T09:41:25.974000,-0.243205,54.941654,-0.822,0
2023-04-23T09:41:26.918000,-0.253233,54.99855,-0.864,0
2023-04-23T09:41:27.861000,-0.263279,55.055446,-0.884,0
2023-04-23T09:41:28.805000,-0.273342,55.11234,-0.891,0
2023-04-23T09:41:29.748000,-0.283422,55.169234,-0.909,0
2023-04-23T09:41:30.692000,-0.29352,55.226127,-0.94,0
2023-04-23T09:41:31.635000,-0.303635,55.283019,-0.94,0
2023-04-23T09:41:32.579000,-0.313768,55.33991,-0.985,0
2023-04-23T09:41:33.522000,-0.323918,55.3968,-1.012,0
2023-04-23T09:41:34.465000,-0.334087,55.45369,-1.024,0
2023-04-23T09:41:35.409000,-0.344273,55.510578,-1.042,0
2023-04-23T09:41:36.352000,-0.354478,55.567465,-1.05,0
2023-04-23T09:41:37.296000,-0.3647,55.624352,-1.07,0
2023-04-23T09:41:38.239000,-0.374941,55.681237,-1.107,0
2023-04-23T09:41:39.183000,-0.3852,55.738122,-1.126,0
2023-04-23T09:41:40.126000,-0.395478,55.795005,-1.136,0
2023-04-23T09:41:41.069000,-0.405774,55.851888,-1.159,0
2023-04-23T09:41:42.013000,-0.416088,55.90877,-1.171,0
2023-04-23T09:41:42.956000,-0.426421,55.965651,-1.181,0
2023-04-23T21:35:13.297000,6.808605,55.982083,0.014,0
2023-04-23T21:35:14.241000,6.798268,55.925208,0.013,0
2023-04-23T21:35:15.184000,6.78795,55.868333,0.001,0
2023-04-23T21:35:16.127000,6.777651,55.811456,-0.012,0
2023-04-23T21:35:17.071000,6.76737,55.754579,-0.003,0
2023-04-23T21:35:18.014000,6.757108,55.697701,-0.017,0
2023-04-23T21:35:18.958000,6.746864,55.640821,-0.053,0
2023-04-23T21:35:19.901000,6.736638,55.583941,-0.021,0
2023-04-23T21:35:20.845000,6.72643,55.52706,0.001,0
2023-04-23T21:35:21.788000,6.716241,55.470178,-0.008,0
2023-04-23T21:35:22.731000,6.706069,55.413296,-0.06,0
2023-04-23T21:35:23.675000,6.695915,55.356412,-0.111,0
2023-04-23T21:35:24.618000,6.685779,55.299527,-0.023,0
2023-04-23T21:35:25.562000,6.675661,55.242641,0.004,0
2023-04-23T21:35:26.505000,6.66556,55.185755,-0.048,0
2023-04-23T21:35:27.449000,6.655476,55.128868,-0.047,0
2023-04-23T21:35:28.392000,6.645411,55.071979,0.012,0
2023-04-23T21:35:29.336000,6.635362,55.01509,0.015,0
2023-04-23T21:35:30.279000,6.625331,54.9582,0.097,0
2023-04-23T21:35:31.222000,6.615316,54.901309,0.097,0
2023-04-23T21:35:32.166000,6.605319,54.844417,0.052,0
2023-04-23T21:35:33.109000,6.595339,54.787524,0.113,0
2023-04-23T21:35:34.053000,6.585376,54.73063,0.109,0
2023-04-23T21:35:34.996000,6.57543,54.673736,0.12,0
2023-04-23T21:35:35.940000,6.5655,54.61684,0.117,0
2023-04-23T21:35:36.883000,6.555587,54.559944,0.192,0
2023-04-23T21:35:37.826000,6.545691,54.503046,0.23,0
2023-04-23T21:35:38.770000,6.535811,54.446148,0.229,0
2023-04-23T21:35:39.713000,6.525948,54.389249,0.251,0
2023-04-23T21:35:40.657000,6.5161,54.332349,0.345,0
2023-04-23T21:35:41.600000,6.506269,54.275448,0.321,0
2023-04-23T21:35:42.544000,6.496455,54.218546,0.374,0
2023-04-23T21:35:43.487000,6.486656,54.161643,0.434,0
2023-04-23T21:35:44.431000,6.476874,54.10474,0.465,0
2023-04-23T21:35:45.374000,6.467107,54.047835,0.521,0
2023-04-23T21:35:46.317000,6.457357,53.99093,0.572,0
2023-04-23T21:35:48.204000,6.437902,53.877117,0.644,0
2023-04-23T21:35:49.148000,6.428199,53.820209,0.684,0
2023-04-23T21:35:50.091000,6.418511,53.7633,0.792,0
2023-04-23T21:35:51.035000,6.408839,53.70639,0.872,0
2023-04-23T21:35:51.978000,6.399182,53.649479,0.899,1
2023-04-23T21:35:52.921000,6.38954,53.592568,0.959,1
2023-04-25T09:38:05.887000,-0.401715,49.736815,-0.413,0
2023-04-25T09:38:06.830000,-0.410467,49.793787,-0.401,0
2023-04-25T09:38:07.774000,-0.419229,49.850759,-0.468,0
2023-04-25T09:38:08.717000,-0.428004,49.90773,-0.513,0
2023-04-25T09:38:09.660000,-0.436789,49.9647,-0.542,0
2023-04-25T09:38:10.604000,-0.445586,50.021669,-0.597,0
2023-04-25T09:38:11.547000,-0.454395,50.078637,-0.64,0
2023-04-25T09:38:12.491000,-0.463215,50.135605,-0.69,0
2023-04-25T09:38:13.434000,-0.472046,50.192572,-0.744,0
2023-04-25T09:38:14.378000,-0.48089,50.249538,-0.796,0
2023-04-25T09:38:15.321000,-0.489745,50.306503,-0.812,0
2023-04-25T09:38:16.265000,-0.498611,50.363467,-0.864,0
2023-04-25T09:38:17.208000,-0.50749,50.42043,-0.923,0
2023-04-25T09:38:18.151000,-0.51638,50.477393,-0.986,0
2023-04-25T09:38:19.095000,-0.525282,50.534355,-1.003,0
2023-04-25T09:38:20.038000,-0.534196,50.591315,-1.06,0
2023-04-25T09:38:20.982000,-0.543122,50.648275,-1.143,0
2023-04-25T09:38:21.925000,-0.552061,50.705235,-1.167,1
2023-04-25T09:39:29.853000,-1.231154,54.804034,0.023,1
2023-04-25T09:39:30.796000,-1.24114,54.860929,0.009,1
2023-04-25T09:39:31.740000,-1.251143,54.917824,-0.042,1
2023-04-25T09:39:32.683000,-1.261162,54.974718,-0.071,1
2023-04-25T09:39:33.626000,-1.2712,55.03161,-0.089,1
2023-04-25T09:39:34.570000,-1.281254,55.088502,-0.15,1
2023-04-25T09:39:35.513000,-1.291325,55.145393,-0.177,1
2023-04-25T09:39:36.457000,-1.301415,55.202283,-0.196,1
2023-04-25T09:39:37.400000,-1.311521,55.259173,-0.217,1
2023-04-25T09:39:38.344000,-1.321646,55.316061,-0.261,1
2023-04-25T09:39:39.287000,-1.331788,55.372948,-0.311,1
2023-04-25T09:39:40.230000,-1.341947,55.429835,-0.35,0
2023-04-25T09:39:41.174000,-1.352125,55.48672,-0.373,0
2023-04-25T09:39:42.117000,-1.362321,55.543605,-0.392,0
2023-04-25T09:39:43.061000,-1.372534,55.600488,-0.465,0
2023-04-25T09:39:44.004000,-1.382766,55.657371,-0.52,0
2023-04-25T09:39:44.948000,-1.393016,55.714253,-0.55,0
2023-04-25T09:39:45.891000,-1.403285,55.771134,-0.569,0
2023-04-25T09:39:46.835000,-1.413572,55.828014,-0.592,0
2023-04-25T09:39:47.778000,-1.423877,55.884893,-0.647,0
2023-04-25T09:39:48.721000,-1.434201,55.941771,-0.679,0
2023-04-25T21:33:20.006000,5.789346,55.945382,0.258,0
2023-04-25T21:33:20.949000,5.779022,55.888504,0.272,0
2023-04-25T21:33:21.892000,5.768716,55.831625,0.277,0
2023-04-25T21:33:22.836000,5.758429,55.774745,0.273,0
2023-04-25T21:33:23.779000,5.74816,55.717864,0.279,0
2023-04-25T21:33:24.723000,5.73791,55.660982,0.288,0
2023-04-25T21:33:25.666000,5.727677,55.604099,0.279,0
2023-04-25T21:33:26.610000,5.717463,55.547215,0.283,0
2023-04-25T21:33:27.553000,5.707267,55.490331,0.279,0
2023-04-25T21:33:28.496000,5.697089,55.433445,0.272,0
2023-04-25T21:33:29.440000,5.686929,55.376558,0.28,0
2023-04-25T21:33:30.383000,5.676787,55.319671,0.282,0
2023-04-25T21:33:31.327000,5.666663,55.262783,0.286,0
2023-04-25T21:33:32.270000,5.656556,55.205893,0.319,0
2023-04-25T21:33:33.214000,5.646466,55.149003,0.31,0
2023-04-25T21:33:34.157000,5.636394,55.092112,0.342,0
2023-04-25T21:33:35.101000,5.62634,55.03522,0.306,0
2023-04-25T21:33:36.044000,5.616302,54.978327,0.342,0
2023-04-25T21:33:36.987000,5.606282,54.921433,0.326,0
2023-04-25T21:33:37.931000,5.596279,54.864538,0.337,0
2023-04-25T21:33:38.874000,5.586293,54.807643,0.367,0
2023-04-25T21:33:39.818000,5.576324,54.750746,0.4,0
2023-04-25T21:33:40.761000,5.566372,54.693849,0.367,0
2023-04-25T21:33:41.705000,5.556436,54.63695,0.309,0
2023-04-25T21:33:42.648000,5.546518,54.580051,0.378,0
2023-04-25T21:33:43.591000,5.536616,54.523151,0.334,0
2023-04-25T21:33:44.535000,5.52673,54.46625,0.366,0
2023-04-25T21:33:45.478000,5.516861,54.409348,0.37,0
2023-04-25T21:33:46.422000,5.507008,54.352445,0.375,0
2023-04-25T21:33:47.365000,5.497172,54.295541,0.39,0
2023-04-25T21:33:48.309000,5.487351,54.238636,0.389,0
2023-04-25T21:33:49.252000,5.477547,54.181731,0.362,0
2023-04-25T21:33:50.196000,5.467759,54.124824,0.409,0
2023-04-25T21:33:51.139000,5.457987,54.067917,0.418,0
2023-04-25T21:33:52.082000,5.448231,54.011009,0.415,0
2023-04-25T21:33:53.026000,5.43849,53.9541,0.504,0
2023-04-25T21:33:53.969000,5.428766,53.897189,0.49,0
2023-04-25T21:33:54.913000,5.419057,53.840279,0.516,0
2023-04-25T21:33:55.856000,5.409364,53.783367,0.541,0
2023-04-25T21:33:56.800000,5.399686,53.726454,0.567,0
2023-04-25T21:33:57.743000,5.390023,53.66954,0.604,0
2023-04-25T21:33:58.686000,5.380376,53.612626,0.647,0
2023-04-25T21:33:59.630000,5.370745,53.55571,0.665,1
2023-04-25T21:34:00.573000,5.361128,53.498794,0.699,1
2023-04-27T09:36:13.539000,-1.42917,49.837927,-0.307,1
2023-04-27T09:36:14.482000,-1.437942,49.894895,-0.311,0
2023-04-27T09:36:15.426000,-1.446725,49.951862,-0.316,0
2023-04-27T09:36:16.369000,-1.45552,50.008828,-0.315,0
2023-04-27T09:36:17.312000,-1.464326,50.065793,-0.327,0
2023-04-27T09:36:18.256000,-1.473143,50.122758,-0.333,0
2023-04-27T09:36:19.199000,-1.481972,50.179722,-0.312,0
2023-04-27T09:36:20.143000,-1.490813,50.236685,-0.293,0
2023-04-27T09:36:21.086000,-1.499665,50.293647,-0.313,0
2023-04-27T09:36:22.030000,-1.508529,50.350608,-0.292,0
2023-04-27T09:36:22.973000,-1.517405,50.407569,-0.285,0
2023-04-27T09:36:23.916000,-1.526293,50.464528,-0.269,0
2023-04-27T09:36:24.860000,-1.535193,50.521487,-0.288,0
2023-04-27T09:36:25.803000,-1.544104,50.578445,-0.249,1
2023-04-27T21:31:25.771000,4.780022,55.956214,0.049,0
2023-04-27T21:31:26.714000,4.769693,55.899333,0.028,0
2023-04-27T21:31:27.657000,4.759382,55.842451,0.019,0
2023-04-27T21:31:28.601000,4.74909,55.785567,0.02,0
2023-04-27T21:31:29.544000,4.738817,55.728683,0.055,0
2023-04-27T21:31:30.488000,4.728562,55.671798,0.041,0
2023-04-27T21:31:31.431000,4.718325,55.614911,0.015,0
2023-04-27T21:31:32.375000,4.708107,55.558024,0.037,0
2023-04-27T21:31:33.318000,4.697906,55.501136,0.052,0
2023-04-27T21:31:34.262000,4.687724,55.444247,0.044,0
2023-04-27T21:31:35.205000,4.677559,55.387357,0.038,0
2023-04-27T21:31:36.148000,4.667413,55.330467,0.046,0
2023-04-27T21:31:37.092000,4.657284,55.273575,0.064,0
2023-04-27T21:31:38.035000,4.647172,55.216682,0.067,0
2023-04-27T21:31:38.979000,4.637078,55.159789,0.053,0
2023-04-27T21:31:39.922000,4.627002,55.102894,0.038,0
2023-04-27T21:31:40.866000,4.616943,55.045999,0.025,0
2023-04-27T21:31:41.809000,4.606901,54.989102,0.036,0
2023-04-27T21:31:42.752000,4.596877,54.932205,0.027,0
2023-04-27T21:31:43.696000,4.586869,54.875307,0.039,0
2023-04-27T21:31:44.639000,4.576879,54.818408,0.037,0
2023-04-27T21:31:45.583000,4.566906,54.761508,0.048,0
2023-04-27T21:31:46.526000,4.556949,54.704607,0.029,0
2023-04-27T21:31:47.470000,4.54701,54.647705,0.037,0
2023-04-27T21:31:48.413000,4.537087,54.590803,0.036,0
2023-04-27T21:31:49.357000,4.527181,54.533899,0.034,0
2023-04-27T21:31:50.300000,4.517291,54.476994,0.045,0
2023-04-27T21:31:51.243000,4.507417,54.420089,0.037,0
2023-04-27T21:31:52.187000,4.497561,54.363183,0.055,0
2023-04-27T21:31:53.130000,4.48772,54.306275,0.034,0
2023-04-27T21:31:54.074000,4.477896,54.249367,0.046,0
2023-04-27T21:31:55.017000,4.468087,54.192458,0.047,0
2023-04-27T21:31:55.961000,4.458295,54.135548,0.043,0
2023-04-27T21:31:56.904000,4.448519,54.078637,0.064,0
2023-04-27T21:31:57.847000,4.438759,54.021726,0.043,0
2023-04-27T21:31:58.791000,4.429015,53.964813,0.054,0
2023-04-27T21:31:59.734000,4.419286,53.9079,0.038,0
2023-04-27T21:32:00.678000,4.409573,53.850985,0.042,0
2023-04-27T21:32:01.621000,4.399876,53.79407,0.04,0
2023-04-27T21:32:02.565000,4.390194,53.737154,0.048,0
2023-04-27T21:32:03.508000,4.380528,53.680237,0.05,0
2023-04-27T21:32:04.452000,4.370877,53.623319,0.052,0
2023-04-27T21:32:05.395000,4.361241,53.5664,0.043,0
2023-04-27T21:32:06.338000,4.351621,53.50948,0.046,0
2023-04-27T21:32:07.282000,4.342016,53.452559,0.061,0
2023-04-27T21:32:08.225000,4.332426,53.395638,0.081,0
2023-04-27T21:32:09.169000,4.322851,53.338715,0.086,0
2023-04-27T21:32:10.112000,4.313291,53.281792,0.113,0
2023-04-27T21:32:11.056000,4.303746,53.224868,0.111,0
2023-04-27T21:32:11.999000,4.294215,53.167943,0.099,0
2023-04-27T21:32:12.942000,4.2847,53.111017,0.125,0
2023-04-27T21:32:13.886000,4.275199,53.05409,0.106,0
2023-04-27T21:32:14.829000,4.265713,52.997162,0.124,0
2023-04-27T21:32:15.773000,4.256241,52.940233,0.129,0
2023-04-27T21:32:16.716000,4.246784,52.883304,0.114,0
2023-04-27T21:32:17.660000,4.237341,52.826374,0.12,0
2023-04-27T21:32:18.603000,4.227912,52.769442,0.115,0
2023-04-27T21:32:19.547000,4.218498,52.71251,0.112,0
2023-04-27T21:32:20.490000,4.209098,52.655577,0.127,0
2023-04-27T21:32:21.433000,4.199712,52.598643,0.108,0
2023-04-27T21:32:22.377000,4.19034,52.541708,0.113,0
2023-04-27T21:32:23.320000,4.180983,52.484773,0.101,0
2023-04-27T21:32:24.264000,4.171639,52.427836,0.123,0
2023-04-27T21:32:25.207000,4.162309,52.370899,0.092,0
2023-04-27T21:32:26.151000,4.152993,52.313961,0.1,0
2023-04-27T21:32:27.094000,4.14369,52.257022,0.076,0
2023-04-27T21:32:28.037000,4.134402,52.200082,0.093,1
2023-04-27T21:32:28.981000,4.125127,52.143141,0.094,1
2023-04-27T21:32:29.924000,4.115865,52.086199,0.068,1
2023-04-29T21:29:31.536000,3.770132,55.958937,0.07,0
2023-04-29T21:29:32.479000,3.7598,55.902051,0.057,0
2023-04-29T21:29:33.423000,3.749488,55.845165,0.033,0
2023-04-29T21:29:34.366000,3.739194,55.788277,0.01,0
2023-04-29T21:29:35.309000,3.728918,55.731389,0.029,0
2023-04-29T21:29:36.253000,3.718661,55.6745,-0.004,0
2023-04-29T21:29:37.196000,3.708422,55.61761,-0.007,0
2023-04-29T21:29:38.140000,3.698201,55.560719,0.02,0
2023-04-29T21:29:39.083000,3.687998,55.503827,-0.021,0
2023-04-29T21:29:40.027000,3.677813,55.446934,-0.045,0
2023-04-29T21:29:40.970000,3.667647,55.39004,-0.025,0
2023-04-29T21:29:41.913000,3.657498,55.333145,-0.033,0
2023-04-29T21:29:42.857000,3.647366,55.276249,-0.032,0
2023-04-29T21:29:43.800000,3.637253,55.219353,-0.03,0
2023-04-29T21:29:44.744000,3.627157,55.162455,-0.067,0
2023-04-29T21:29:45.687000,3.617078,55.105557,-0.067,0
2023-04-29T21:29:46.631000,3.607017,55.048657,-0.065,0
2023-04-29T21:29:47.574000,3.596973,54.991757,-0.075,0
2023-04-29T21:29:48.518000,3.586947,54.934856,-0.114,0
2023-04-29T21:29:49.461000,3.576937,54.877953,-0.114,0
2023-04-29T21:29:50.404000,3.566945,54.82105,-0.079,0
2023-04-29T21:29:51.348000,3.556969,54.764146,-0.11,0
2023-04-29T21:29:52.291000,3.547011,54.707241,-0.137,0
2023-04-29T21:29:53.235000,3.537069,54.650336,-0.151,0
2023-04-29T21:29:54.178000,3.527144,54.593429,-0.143,0
2023-04-29T21:29:55.122000,3.517235,54.536521,-0.151,0
2023-04-29T21:29:56.065000,3.507344,54.479613,-0.186,0
2023-04-29T21:29:57.008000,3.497468,54.422703,-0.182,0
2023-04-29T21:29:57.952000,3.487609,54.365793,-0.203,0
2023-04-29T21:29:58.895000,3.477767,54.308882,-0.22,0
2023-04-29T21:29:59.839000,3.46794,54.251969,-0.255,0
2023-04-29T21:30:00.782000,3.45813,54.195056,-0.242,0
2023-04-29T21:30:01.726000,3.448336,54.138142,-0.252,0
2023-04-29T21:30:02.669000,3.438557,54.081227,-0.239,0
2023-04-29T21:30:03.613000,3.428795,54.024311,-0.27,0
2023-04-29T21:30:04.556000,3.419049,53.967395,-0.259,0
2023-04-29T21:30:05.499000,3.409318,53.910477,-0.274,0
2023-04-29T21:30:06.443000,3.399603,53.853559,-0.294,0
2023-04-29T21:30:07.386000,3.389904,53.796639,-0.296,0
2023-04-29T21:30:08.330000,3.38022,53.739719,-0.295,0
2023-04-29T21:30:09.273000,3.370552,53.682798,-0.321,0
2023-04-29T21:30:10.217000,3.360899,53.625876,-0.299,0
2023-04-29T21:30:11.160000,3.351262,53.568953,-0.298,0
2023-04-29T21:30:12.103000,3.341639,53.512029,-0.287,0
2023-04-29T21:30:13.047000,3.332032,53.455104,-0.269,0
2023-04-29T21:30:13.990000,3.32244,53.398178,-0.277,0
2023-04-29T21:30:14.934000,3.312863,53.341252,-0.261,0
2023-04-29T21:30:15.877000,3.303301,53.284324,-0.26,0
2023-04-29T21:30:16.821000,3.293754,53.227396,-0.242,0
2023-04-29T21:30:17.764000,3.284222,53.170467,-0.209,0
2023-04-29T21:30:18.707000,3.274705,53.113537,-0.177,0
2023-04-29T21:30:19.651000,3.265202,53.056606,-0.179,0
2023-04-29T21:30:20.594000,3.255714,52.999674,-0.163,0
2023-04-29T21:30:21.538000,3.24624,52.942741,-0.129,0
2023-04-29T21:30:22.481000,3.236781,52.885807,-0.105,0
2023-04-29T21:30:23.425000,3.227336,52.828873,-0.09,0
2023-04-29T21:30:24.368000,3.217906,52.771937,-0.057,0
2023-04-29T21:30:25.312000,3.20849,52.715001,-0.044,0
2023-04-29T21:30:26.255000,3.199088,52.658064,-0.025,0
2023-04-29T21:30:27.198000,3.1897,52.601126,0.002,0
2023-04-29T21:30:28.142000,3.180327,52.544187,0.031,0
2023-04-29T21:30:29.085000,3.170967,52.487247,0.067,0
2023-04-29T21:30:30.029000,3.161621,52.430306,0.104,0
2023-04-29T21:30:30.972000,3.152289,52.373365,0.121,0
2023-04-29T21:30:31.916000,3.142972,52.316422,0.134,0
2023-04-29T21:30:32.859000,3.133667,52.259479,0.174,0
2023-04-29T21:30:33.802000,3.124377,52.202535,0.202,0
2023-04-29T21:30:34.746000,3.1151,52.14559,0.248,0
2023-04-29T21:30:35.689000,3.105837,52.088644,0.269,0
2023-04-29T21:30:36.633000,3.096587,52.031697,0.331,0
2023-04-29T21:30:37.576000,3.087351,51.974749,0.367,0
2023-04-29T21:30:38.520000,3.078128,51.917801,0.378,0
2023-04-29T21:30:39.463000,3.068918,51.860851,0.425,0
2023-04-29T21:30:40.407000,3.059722,51.803901,0.46,0
2023-04-29T21:30:41.350000,3.050539,51.74695,0.479,0
2023-04-29T21:30:42.293000,3.041369,51.689998,0.536,0
2023-04-29T21:30:43.237000,3.032212,51.633045,0.577,0
2023-04-29T21:30:44.180000,3.023068,51.576091,0.619,0
2023-04-29T21:30:45.124000,3.013937,51.519137,0.652,0
2023-04-29T21:30:46.067000,3.004819,51.462181,0.648,0
2023-04-29T21:30:47.011000,2.995714,51.405225,0.702,1
2023-04-29T21:30:47.954000,2.986622,51.348268,0.699,1
2023-05-01T21:27:37.301000,2.759285,55.954823,-0.089,0
2023-05-01T21:27:38.244000,2.748954,55.897933,-0.121,0
2023-05-01T21:27:39.188000,2.738642,55.841042,-0.102,0
2023-05-01T21:27:40.131000,2.728349,55.78415,-0.125,0
2023-05-01T21:27:41.074000,2.718074,55.727257,-0.144,0
2023-05-01T21:27:42.018000,2.707817,55.670364,-0.169,0
2023-05-01T21:27:42.961000,2.697579,55.613469,-0.178,0
2023-05-01T21:27:43.905000,2.687358,55.556573,-0.201,0
2023-05-01T21:27:44.848000,2.677156,55.499676,-0.221,0
2023-05-01T21:27:45.792000,2.666972,55.442779,-0.224,0
2023-05-01T21:27:46.735000,2.656806,55.38588,-0.279,0
2023-05-01T21:27:47.678000,2.646658,55.328981,-0.274,0
2023-05-01T21:27:48.622000,2.636527,55.272081,-0.279,0
2023-05-01T21:27:49.565000,2.626414,55.215179,-0.304,0
2023-05-01T21:27:50.509000,2.616319,55.158277,-0.3,0
2023-05-01T21:27:51.452000,2.606241,55.101374,-0.33,0
2023-05-01T21:27:52.396000,2.596181,55.04447,-0.37,0
2023-05-01T21:27:53.339000,2.586137,54.987565,-0.361,0
2023-05-01T21:27:54.283000,2.576111,54.930659,-0.394,0
2023-05-01T21:27:55.226000,2.566102,54.873752,-0.407,0
2023-05-01T21:27:56.169000,2.556111,54.816845,-0.412,0
2023-05-01T21:27:57.113000,2.546136,54.759936,-0.449,0
2023-05-01T21:27:58.056000,2.536178,54.703026,-0.439,0
2023-05-01T21:27:59.000000,2.526237,54.646116,-0.441,0
2023-05-01T21:27:59.943000,2.516312,54.589205,-0.453,0
2023-05-01T21:28:00.887000,2.506404,54.532292,-0.473,0
2023-05-01T21:28:01.830000,2.496513,54.475379,-0.481,0
2023-05-01T21:28:02.773000,2.486638,54.418465,-0.499,0
2023-05-01T21:28:03.717000,2.47678,54.36155,-0.495,0
2023-05-01T21:28:04.660000,2.466938,54.304634,-0.542,0
2023-05-01T21:28:05.604000,2.457112,54.247717,-0.53,0
2023-05-01T21:28:06.547000,2.447302,54.190799,-0.552,0
2023-05-01T21:28:07.491000,2.437509,54.133881,-0.567,0
2023-05-01T21:28:08.434000,2.427731,54.076961,-0.551,0
2023-05-01T21:28:09.378000,2.417969,54.020041,-0.587,0
2023-05-01T21:28:10.321000,2.408224,53.963119,-0.603,0
2023-05-01T21:28:11.264000,2.398494,53.906197,-0.602,0
2023-05-01T21:28:12.208000,2.388779,53.849274,-0.589,0
2023-05-01T21:28:13.151000,2.37908,53.79235,-0.602,0
2023-05-01T21:28:14.095000,2.369397,53.735425,-0.614,0
2023-05-01T21:28:15.038000,2.35973,53.678499,-0.63,0
2023-05-01T21:28:15.982000,2.350077,53.621572,-0.581,0
2023-05-01T21:28:16.925000,2.34044,53.564644,-0.544,0
2023-05-01T21:28:17.868000,2.330819,53.507715,-0.557,0
2023-05-01T21:28:18.812000,2.321212,53.450786,-0.533,0
2023-05-01T21:28:19.755000,2.311621,53.393856,-0.529,0
2023-05-01T21:28:20.699000,2.302044,53.336924,-0.526,0
2023-05-01T21:28:21.642000,2.292483,53.279992,-0.508,0
2023-05-01T21:28:22.586000,2.282936,53.223059,-0.475,0
2023-05-01T21:28:23.529000,2.273404,53.166125,-0.469,0
2023-05-01T21:28:24.473000,2.263888,53.10919,-0.429,0
2023-05-01T21:28:25.416000,2.254385,53.052255,-0.366,0
2023-05-01T21:28:26.359000,2.244898,52.995318,-0.328,0
2023-05-01T21:28:27.303000,2.235424,52.93838,-0.293,0
2023-05-01T21:28:28.246000,2.225966,52.881442,-0.192,0
2023-05-01T21:28:29.190000,2.216522,52.824503,-0.19,0
2023-05-01T21:28:30.133000,2.207092,52.767562,-0.103,0
2023-05-01T21:28:31.077000,2.197676,52.710621,-0.061,0
2023-05-01T21:28:32.020000,2.188275,52.653679,0.004,0
2023-05-01T21:28:32.963000,2.178888,52.596737,0.102,0
2023-05-01T21:28:33.907000,2.169515,52.539793,0.184,0
2023-05-01T21:28:34.850000,2.160156,52.482848,0.263,0
2023-05-01T21:28:35.794000,2.15081,52.425903,0.347,0
2023-05-01T21:28:36.737000,2.141479,52.368957,0.416,0
2023-05-01T21:28:37.681000,2.132162,52.312009,0.476,0
2023-05-01T21:28:38.624000,2.122858,52.255061,0.545,0
2023-05-01T21:28:39.568000,2.113568,52.198112,0.635,0
2023-05-01T21:28:40.511000,2.104292,52.141163,0.692,0
2023-05-01T21:28:41.454000,2.095029,52.084212,0.804,0
2023-05-01T21:28:44.285000,2.067321,51.913354,1.069,0
2023-05-01T21:28:47.115000,2.039734,51.742489,1.319,0
2023-05-01T21:28:48.058000,2.030564,51.685532,1.3,0
2023-05-01T21:28:49.002000,2.021408,51.628575,1.326,0
2023-05-01T21:28:49.945000,2.012265,51.571616,1.431,0
2023-05-01T21:28:50.889000,2.003134,51.514657,1.51,0
2023-05-01T21:28:51.832000,1.994017,51.457696,1.604,0
2023-05-01T21:28:53.719000,1.97582,51.343773,1.676,0
2023-05-01T21:28:55.606000,1.957674,51.229847,1.848,0
2023-05-01T21:28:57.493000,1.939579,51.115917,2.011,1
2023-05-01T21:28:58.436000,1.930551,51.05895,2.07,1
2023-05-02T08:42:56.976000,7.827708,53.839307,1.324,1
2023-05-02T08:42:57.920000,7.817998,53.896212,1.297,1
2023-05-02T08:42:58.863000,7.808273,53.953115,1.239,0
2023-05-02T08:42:59.807000,7.798532,54.010017,1.21,0
2023-05-02T08:43:00.750000,7.788776,54.066918,1.174,1
2023-05-02T08:43:01.694000,7.779003,54.123819,1.154,1
2023-05-02T08:43:02.637000,7.769215,54.180719,1.121,1
2023-05-02T08:43:03.580000,7.75941,54.237618,1.088,1
2023-05-02T08:43:04.524000,7.74959,54.294516,1.045,0
2023-05-02T08:43:05.467000,7.739753,54.351413,0.983,0
2023-05-02T08:43:06.411000,7.7299,54.408309,0.988,0
2023-05-02T08:43:07.354000,7.72003,54.465204,0.935,0
2023-05-02T08:43:08.298000,7.710144,54.522098,0.896,0
2023-05-02T08:43:09.241000,7.700242,54.578992,0.86,0
2023-05-02T08:43:10.185000,7.690322,54.635885,0.849,0
2023-05-02T08:43:11.128000,7.680387,54.692776,0.833,0
2023-05-02T08:43:12.071000,7.670434,54.749667,0.748,0
2023-05-02T08:43:13.015000,7.660464,54.806557,0.721,0
2023-05-02T08:43:13.958000,7.650478,54.863446,0.675,0
2023-05-02T08:43:14.902000,7.640475,54.920335,0.657,0
2023-05-02T08:43:15.845000,7.630454,54.977222,0.607,0
2023-05-02T08:43:16.789000,7.620416,55.034108,0.613,0
2023-05-02T08:43:17.732000,7.610361,55.090994,0.555,0
2023-05-02T08:43:18.675000,7.600289,55.147879,0.523,0
2023-05-02T08:43:19.619000,7.590199,55.204762,0.452,0
2023-05-02T08:43:20.562000,7.580091,55.261645,0.424,0
2023-05-02T08:43:21.506000,7.569966,55.318527,0.361,0
2023-05-02T08:43:22.449000,7.559824,55.375408,0.366,0
2023-05-02T08:43:23.393000,7.549663,55.432288,0.306,0
2023-05-02T08:43:24.336000,7.539485,55.489168,0.27,0
2023-05-02T08:43:25.280000,7.529288,55.546046,0.165,0
2023-05-02T08:43:26.223000,7.519074,55.602923,0.193,0
2023-05-02T08:43:27.166000,7.508841,55.6598,0.17,0
2023-05-02T08:43:28.110000,7.49859,55.716676,0.158,0
2023-05-02T08:43:29.053000,7.488321,55.77355,0.114,0
2023-05-02T08:43:29.997000,7.478033,55.830424,0.1,0
2023-05-02T08:43:30.940000,7.467727,55.887297,0.089,0
2023-05-02T08:43:31.884000,7.457402,55.944169,0.071,0
2023-05-03T21:25:43.066000,1.747022,55.94482,-0.682,0
2023-05-03T21:25:44.009000,1.736695,55.887925,-0.68,0
2023-05-03T21:25:44.953000,1.726387,55.831029,-0.705,0
2023-05-03T21:25:45.896000,1.716098,55.774132,-0.711,0
2023-05-03T21:25:46.839000,1.705827,55.717234,-0.75,0
2023-05-03T21:25:47.783000,1.695575,55.660335,-0.756,0
2023-05-03T21:25:48.726000,1.68534,55.603435,-0.836,0
2023-05-03T21:25:49.670000,1.675124,55.546534,-0.842,0
2023-05-03T21:25:50.613000,1.664926,55.489632,-0.845,0
2023-05-03T21:25:51.557000,1.654746,55.43273,-0.876,0
2023-05-03T21:25:52.500000,1.644584,55.375826,-0.918,0
2023-05-03T21:25:53.444000,1.63444,55.318922,-0.908,0
2023-05-03T21:25:54.387000,1.624313,55.262016,-0.978,0
2023-05-03T21:25:55.330000,1.614204,55.20511,-1.02,0
2023-05-03T21:25:56.274000,1.604112,55.148202,-1.03,0
2023-05-03T21:25:57.217000,1.594038,55.091294,-1.046,0
2023-05-03T21:25:58.161000,1.583982,55.034385,-1.086,0
2023-05-03T21:25:59.104000,1.573943,54.977475,-1.101,0
2023-05-03T21:26:00.048000,1.56392,54.920563,-1.138,0
2023-05-03T21:26:00.991000,1.553915,54.863651,-1.169,0
2023-05-03T21:26:01.934000,1.543927,54.806738,-1.185,0
2023-05-03T21:26:02.878000,1.533956,54.749825,-1.183,0
2023-05-03T21:26:03.821000,1.524002,54.69291,-1.215,0
2023-05-03T21:26:04.765000,1.514065,54.635994,-1.243,0
2023-05-03T21:26:05.708000,1.504144,54.579078,-1.262,0
2023-05-03T21:26:06.652000,1.49424,54.52216,-1.261,0
2023-05-03T21:26:07.595000,1.484352,54.465242,-1.278,0
2023-05-03T21:26:08.539000,1.474481,54.408322,-1.272,0
2023-05-03T21:26:09.482000,1.464627,54.351402,-1.282,0
2023-05-03T21:26:10.425000,1.454788,54.294481,-1.301,0
2023-05-03T21:26:11.369000,1.444966,54.237559,-1.331,0
2023-05-03T21:26:12.312000,1.43516,54.180636,-1.359,0
2023-05-03T21:26:13.256000,1.42537,54.123712,-1.35,0
2023-05-03T21:26:14.199000,1.415596,54.066787,-1.382,0
2023-05-03T21:26:15.143000,1.405838,54.009861,-1.375,0
2023-05-03T21:26:16.086000,1.396096,53.952935,-1.394,0
2023-05-03T21:26:17.029000,1.386369,53.896007,-1.404,0
2023-05-03T21:26:17.973000,1.376659,53.839079,-1.4,0
2023-05-03T21:26:18.916000,1.366963,53.782149,-1.381,0
2023-05-03T21:26:19.860000,1.357284,53.725219,-1.378,0
2023-05-03T21:26:20.803000,1.34762,53.668288,-1.346,0
2023-05-03T21:26:21.747000,1.337971,53.611356,-1.331,0
2023-05-03T21:26:22.690000,1.328337,53.554423,-1.268,0
2023-05-03T21:26:23.634000,1.318719,53.497489,-1.206,0
2023-05-03T21:26:24.577000,1.309116,53.440554,-1.172,0
2023-05-03T21:26:25.520000,1.299528,53.383619,-1.14,0
2023-05-03T21:26:26.464000,1.289955,53.326682,-1.083,0
2023-05-03T21:26:27.407000,1.280397,53.269745,-1.059,0
2023-05-03T21:26:28.351000,1.270854,53.212806,-0.995,0
2023-05-03T21:26:29.294000,1.261325,53.155867,-0.966,0
2023-05-03T21:26:30.238000,1.251812,53.098927,-0.924,0
2023-05-03T21:26:31.181000,1.242313,53.041986,-0.914,1
2023-05-03T21:26:53.824000,1.018569,51.675137,1.258,1
2023-05-03T21:26:55.710000,1.000276,51.56121,1.288,1
2023-05-03T21:26:56.654000,0.991148,51.504245,1.299,1
2023-05-03T21:26:57.597000,0.982034,51.44728,1.274,1
2023-05-03T21:27:07.975000,0.882609,50.820601,2.916,1
2023-05-03T21:27:08.919000,0.873645,50.763625,2.944,0
2023-05-03T21:27:09.862000,0.864693,50.706648,2.959,0
2023-05-03T21:27:10.805000,0.855753,50.64967,2.988,0
2023-05-03T21:27:11.749000,0.846826,50.592692,3.047,0
2023-05-03T21:27:12.692000,0.83791,50.535712,3.073,0
2023-05-03T21:27:13.636000,0.829006,50.478732,3.104,0
2023-05-03T21:27:14.579000,0.820114,50.421751,3.141,0
2023-05-03T21:27:15.523000,0.811234,50.364769,3.157,0
2023-05-03T21:27:16.466000,0.802365,50.307786,3.176,0
2023-05-03T21:27:17.409000,0.793509,50.250803,3.24,0
2023-05-03T21:27:18.353000,0.784664,50.193818,3.275,0
2023-05-03T21:27:19.296000,0.775831,50.136833,3.293,0
2023-05-03T21:27:20.240000,0.767009,50.079847,3.319,0
2023-05-03T21:27:21.183000,0.758199,50.02286,3.316,0
2023-05-03T21:27:22.127000,0.7494,49.965872,3.37,1
2023-05-04T08:41:00.855000,6.836585,53.734072,0.883,1
2023-05-04T08:41:01.798000,6.826907,53.790977,0.826,1
2023-05-04T08:41:02.741000,6.817212,53.847881,0.78,0
2023-05-04T08:41:03.685000,6.807503,53.904785,0.724,0
2023-05-04T08:41:04.628000,6.797777,53.961687,0.687,0
2023-05-04T08:41:05.572000,6.788035,54.018589,0.657,0
2023-05-04T08:41:06.515000,6.778278,54.075489,0.617,0
2023-05-04T08:41:07.459000,6.768505,54.132389,0.544,0
2023-05-04T08:41:08.402000,6.758716,54.189288,0.496,0
2023-05-04T08:41:09.346000,6.748911,54.246187,0.459,0
2023-05-04T08:41:10.289000,6.73909,54.303084,0.417,0
2023-05-04T08:41:11.232000,6.729252,54.35998,0.388,0
2023-05-04T08:41:12.176000,6.719398,54.416876,0.346,0
2023-05-04T08:41:13.119000,6.709528,54.47377,0.345,0
2023-05-04T08:41:14.063000,6.699642,54.530664,0.334,0
2023-05-04T08:41:15.006000,6.689738,54.587557,0.272,0
2023-05-04T08:41:15.950000,6.679818,54.644449,0.26,0
2023-05-04T08:41:16.893000,6.669882,54.70134,0.209,0
2023-05-04T08:41:17.836000,6.659929,54.75823,0.208,0
2023-05-04T08:41:18.780000,6.649959,54.815119,0.158,0
2023-05-04T08:41:19.723000,6.639971,54.872008,0.124,0
2023-05-04T08:41:20.667000,6.629967,54.928896,0.094,0
2023-05-04T08:41:21.610000,6.619946,54.985782,0.055,0
2023-05-04T08:41:22.554000,6.609907,55.042668,0.044,0
2023-05-04T08:41:23.497000,6.599852,55.099553,-0.001,0
2023-05-04T08:41:24.440000,6.589779,55.156437,-0.018,0
2023-05-04T08:41:25.384000,6.579688,55.21332,-0.017,0
2023-05-04T08:41:26.327000,6.56958,55.270202,-0.053,0
2023-05-04T08:41:27.271000,6.559454,55.327084,-0.074,0
2023-05-04T08:41:28.214000,6.549311,55.383964,-0.091,0
2023-05-04T08:41:29.158000,6.539149,55.440844,-0.12,0
2023-05-04T08:41:30.101000,6.52897,55.497722,-0.155,0
2023-05-04T08:41:31.045000,6.518773,55.5546,-0.195,0
2023-05-04T08:41:31.988000,6.508558,55.611477,-0.169,0
2023-05-04T08:41:32.931000,6.498324,55.668353,-0.206,0
2023-05-04T08:41:33.875000,6.488072,55.725228,-0.184,0
2023-05-04T08:41:34.818000,6.477803,55.782103,-0.215,0
2023-05-04T08:41:35.762000,6.467514,55.838976,-0.244,0
2023-05-04T08:41:36.705000,6.457207,55.895848,-0.23,0
2023-05-04T08:41:37.649000,6.446881,55.95272,-0.211,0
2023-05-05T21:23:47.887000,0.743437,55.985705,-1.231,0
2023-05-05T21:23:48.831000,0.733099,55.928805,-1.241,0
2023-05-05T21:23:49.774000,0.72278,55.871905,-1.291,0
2023-05-05T21:23:50.718000,0.71248,55.815003,-1.277,0
2023-05-05T21:23:51.661000,0.702198,55.7581,-1.304,0
2023-05-05T21:23:52.605000,0.691934,55.701196,-1.325,0
2023-05-05T21:23:53.548000,0.681689,55.644292,-1.356,0
2023-05-05T21:23:54.491000,0.671462,55.587386,-1.348,0
2023-05-05T21:23:55.435000,0.661253,55.53048,-1.338,0
2023-05-05T21:23:56.378000,0.651062,55.473573,-1.453,0
2023-05-05T21:23:57.322000,0.64089,55.416664,-1.534,0
2023-05-05T21:23:58.265000,0.630735,55.359755,-1.431,0
2023-05-05T21:23:59.209000,0.620598,55.302845,-1.425,0
2023-05-05T21:24:00.152000,0.610478,55.245934,-1.435,0
2023-05-05T21:24:01.095000,0.600376,55.189021,-1.49,0
2023-05-05T21:24:02.039000,0.590292,55.132108,-1.484,0
2023-05-05T21:24:02.982000,0.580225,55.075194,-1.482,0
2023-05-05T21:24:03.926000,0.570175,55.01828,-1.508,0
2023-05-05T21:24:04.869000,0.560143,54.961364,-1.534,0
2023-05-05T21:24:05.813000,0.550128,54.904447,-1.547,0
2023-05-05T21:24:06.756000,0.54013,54.84753,-1.565,0
2023-05-05T21:24:07.700000,0.530149,54.790611,-1.584,0
2023-05-05T21:24:08.643000,0.520184,54.733691,-1.596,0
2023-05-05T21:24:09.586000,0.510237,54.676771,-1.626,0
2023-05-05T21:24:10.530000,0.500306,54.61985,-1.61,0
2023-05-05T21:24:11.473000,0.490393,54.562928,-1.64,0
2023-05-05T21:24:12.417000,0.480495,54.506004,-1.666,0
2023-05-05T21:24:13.360000,0.470615,54.44908,-1.647,0
2023-05-05T21:24:14.304000,0.46075,54.392155,-1.653,0
2023-05-05T21:24:15.247000,0.450902,54.335229,-1.69,0
2023-05-05T21:24:16.190000,0.44107,54.278302,-1.678,0
2023-05-05T21:24:17.134000,0.431255,54.221375,-1.688,0
2023-05-05T21:24:18.077000,0.421456,54.164446,-1.683,0
2023-05-05T21:24:19.021000,0.411672,54.107516,-1.701,0
2023-05-05T21:24:19.964000,0.401905,54.050586,-1.691,0
2023-05-05T21:24:20.908000,0.392153,53.993654,-1.72,0
2023-05-05T21:24:21.851000,0.382418,53.936722,-1.718,0
2023-05-05T21:24:22.795000,0.372698,53.879789,-1.745,0
2023-05-05T21:24:23.738000,0.362993,53.822855,-1.726,0
2023-05-05T21:24:24.681000,0.353304,53.76592,-1.752,0
2023-05-05T21:24:25.625000,0.343631,53.708984,-1.732,0
2023-05-05T21:24:26.568000,0.333973,53.652047,-1.517,1
2023-05-05T21:24:27.512000,0.324331,53.595109,-1.481,1
2023-05-05T21:24:28.455000,0.314704,53.538171,-1.297,1
2023-05-05T21:24:29.399000,0.305092,53.481231,-1.177,1
2023-05-05T21:25:15.627000,-0.148652,50.69011,1.769,1
2023-05-05T21:25:17.514000,-0.166509,50.576143,1.856,0
2023-05-05T21:25:18.457000,-0.17542,50.519158,1.846,0
2023-05-05T21:25:19.401000,-0.184318,50.462172,1.946,0
2023-05-05T21:25:20.344000,-0.193205,50.405185,1.977,0
2023-05-05T21:25:21.288000,-0.20208,50.348197,2.059,0
2023-05-05T21:25:24.118000,-0.228635,50.177229,2.178,0
2023-05-05T21:25:25.061000,-0.237463,50.120238,2.231,0
2023-05-05T21:25:26.005000,-0.246279,50.063246,2.328,0
2023-05-05T21:25:26.948000,-0.255084,50.006253,2.37,0
2023-05-05T21:25:28.835000,-0.27266,49.892265,2.519,0
2023-05-05T21:25:29.779000,-0.281431,49.835269,2.539,0
2023-05-05T21:25:31.665000,-0.298939,49.721276,2.71,0
2023-05-06T08:39:02.846000,5.864234,53.520474,0.823,1
2023-05-06T08:39:03.789000,5.854615,53.577382,0.831,1
2023-05-06T08:39:04.733000,5.844982,53.63429,0.768,0
2023-05-06T08:39:05.676000,5.835333,53.691196,0.703,0
2023-05-06T08:39:06.620000,5.825668,53.748102,0.697,0
2023-05-06T08:39:07.563000,5.815989,53.805007,0.651,0
2023-05-06T08:39:08.506000,5.806293,53.861911,0.578,0
2023-05-06T08:39:09.450000,5.796582,53.918814,0.553,0
2023-05-06T08:39:10.393000,5.786856,53.975717,0.503,0
2023-05-06T08:39:11.337000,5.777113,54.032618,0.437,0
2023-05-06T08:39:12.280000,5.767355,54.089519,0.401,0
2023-05-06T08:39:13.224000,5.757581,54.146419,0.347,0
2023-05-06T08:39:14.167000,5.747791,54.203318,0.309,0
2023-05-06T08:39:15.111000,5.737984,54.260216,0.273,0
2023-05-06T08:39:16.054000,5.728162,54.317113,0.242,0
2023-05-06T08:39:16.997000,5.718323,54.374009,0.187,0
2023-05-06T08:39:17.941000,5.708468,54.430905,0.167,0
2023-05-06T08:39:18.884000,5.698597,54.487799,0.103,0
2023-05-06T08:39:19.828000,5.688709,54.544693,0.082,0
2023-05-06T08:39:20.771000,5.678805,54.601586,0.049,0
2023-05-06T08:39:21.715000,5.668883,54.658478,0.014,0
2023-05-06T08:39:22.658000,5.658946,54.715369,-0.003,0
2023-05-06T08:39:23.601000,5.648991,54.772259,-0.043,0
2023-05-06T08:39:24.545000,5.63902,54.829148,-0.097,0
2023-05-06T08:39:25.488000,5.629031,54.886037,-0.14,0
2023-05-06T08:39:26.432000,5.619026,54.942924,-0.179,0
2023-05-06T08:39:27.375000,5.609003,54.999811,-0.174,0
2023-05-06T08:39:28.319000,5.598964,55.056697,-0.206,0
2023-05-06T08:39:29.262000,5.588906,55.113582,-0.223,0
2023-05-06T08:39:30.206000,5.578832,55.170466,-0.259,0
2023-05-06T08:39:31.149000,5.56874,55.227349,-0.276,0
2023-05-06T08:39:32.092000,5.55863,55.284232,-0.327,0
2023-05-06T08:39:33.036000,5.548503,55.341113,-0.327,0
2023-05-06T08:39:33.979000,5.538359,55.397993,-0.364,0
2023-05-06T08:39:34.923000,5.528196,55.454873,-0.36,0
2023-05-06T08:39:35.866000,5.518015,55.511752,-0.392,0
2023-05-06T08:39:36.810000,5.507816,55.56863,-0.409,0
2023-05-06T08:39:37.753000,5.4976,55.625507,-0.403,0
2023-05-06T08:39:38.696000,5.487365,55.682383,-0.416,0
2023-05-06T08:39:39.640000,5.477112,55.739258,-0.425,0
2023-05-06T08:39:40.583000,5.46684,55.796132,-0.435,0
2023-05-06T08:39:41.527000,5.45655,55.853005,-0.437,0
2023-05-06T08:39:42.470000,5.446242,55.909878,-0.427,0
2023-05-06T08:39:43.414000,5.435914,55.96675,-0.425,0
2023-05-07T21:21:53.652000,-0.271859,55.962227,-1.283,0
2023-05-07T21:21:54.596000,-0.282187,55.905321,-1.279,0
2023-05-07T21:21:55.539000,-0.292496,55.848414,-1.293,0
2023-05-07T21:21:56.483000,-0.302786,55.791507,-1.297,0
2023-05-07T21:21:57.426000,-0.313058,55.734598,-1.294,0
2023-05-07T21:21:58.370000,-0.323312,55.677688,-1.281,0
2023-05-07T21:21:59.313000,-0.333547,55.620778,-1.284,0
2023-05-07T21:22:00.256000,-0.343765,55.563866,-1.287,0
2023-05-07T21:22:01.200000,-0.353964,55.506954,-1.294,0
2023-05-07T21:22:02.143000,-0.364145,55.450041,-1.308,0
2023-05-07T21:22:03.087000,-0.374308,55.393126,-1.32,0
2023-05-07T21:22:04.030000,-0.384454,55.336211,-1.303,0
2023-05-07T21:22:04.974000,-0.394581,55.279295,-1.312,0
2023-05-07T21:22:05.917000,-0.404691,55.222378,-1.288,0
2023-05-07T21:22:06.861000,-0.414784,55.16546,-1.318,0
2023-05-07T21:22:07.804000,-0.424859,55.108541,-1.307,0
2023-05-07T21:22:08.747000,-0.434916,55.051621,-1.295,0
2023-05-07T21:22:09.691000,-0.444956,54.9947,-1.309,0
2023-05-07T21:22:10.634000,-0.45498,54.937778,-1.28,0
2023-05-07T21:22:11.578000,-0.464985,54.880855,-1.273,0
2023-05-07T21:22:12.521000,-0.474974,54.823932,-1.302,0
2023-05-07T21:22:13.465000,-0.484946,54.767007,-1.284,0
2023-05-07T21:22:14.408000,-0.494901,54.710082,-1.279,0
2023-05-07T21:22:15.351000,-0.504839,54.653156,-1.269,0
2023-05-07T21:22:16.295000,-0.514761,54.596228,-1.263,1
2023-05-07T21:22:17.238000,-0.524666,54.5393,-1.285,1
2023-05-07T21:23:23.279000,-1.181021,50.552096,0.264,1
2023-05-07T21:23:24.222000,-1.189924,50.495105,0.469,1
2023-05-07T21:23:25.166000,-1.198816,50.438113,0.649,0
2023-05-07T21:23:26.109000,-1.207696,50.38112,0.777,0
2023-05-07T21:23:27.053000,-1.216565,50.324126,0.916,0
2023-05-07T21:23:27.996000,-1.225421,50.267132,1.065,0
2023-05-07T21:23:28.940000,-1.234266,50.210136,1.215,0
2023-05-07T21:23:29.883000,-1.243099,50.15314,1.381,0
2023-05-07T21:23:30.826000,-1.251921,50.096143,1.535,0
2023-05-07T21:23:31.770000,-1.260731,50.039145,1.658,0
2023-05-07T21:23:32.713000,-1.269529,49.982146,1.798,0
2023-05-07T21:23:33.657000,-1.278316,49.925147,1.905,0
2023-05-07T21:23:34.600000,-1.287092,49.868146,2.048,0
2023-05-08T08:36:59.177000,4.947307,52.972637,0.689,1
2023-05-08T08:37:04.837000,4.890249,53.314127,0.86,1
2023-05-08T08:37:06.724000,4.871112,53.427951,0.832,0
2023-05-08T08:37:07.667000,4.86152,53.484862,0.834,0
2023-05-08T08:37:09.554000,4.842292,53.59868,0.761,0
2023-05-08T08:37:10.498000,4.832655,53.655588,0.676,0
2023-05-08T08:37:11.441000,4.823003,53.712495,0.666,0
2023-05-08T08:37:12.385000,4.813335,53.769401,0.634,0
2023-05-08T08:37:13.328000,4.803651,53.826307,0.636,0
2023-05-08T08:37:14.272000,4.793953,53.883211,0.604,0
2023-05-08T08:37:15.215000,4.784238,53.940115,0.565,0
2023-05-08T08:37:16.158000,4.774508,53.997018,0.549,0
2023-05-08T08:37:17.102000,4.764762,54.05392,0.488,0
2023-05-08T08:37:18.045000,4.755,54.110821,0.499,0
2023-05-08T08:37:18.989000,4.745222,54.167721,0.449,0
2023-05-08T08:37:19.932000,4.735428,54.224621,0.43,0
2023-05-08T08:37:20.876000,4.725619,54.281519,0.397,0
2023-05-08T08:37:21.819000,4.715793,54.338417,0.359,0
2023-05-08T08:37:22.762000,4.70595,54.395314,0.328,0
2023-05-08T08:37:23.706000,4.696091,54.45221,0.289,0
2023-05-08T08:37:24.649000,4.686216,54.509105,0.273,0
2023-05-08T08:37:25.593000,4.676325,54.565999,0.221,0
2023-05-08T08:37:26.536000,4.666416,54.622892,0.203,0
2023-05-08T08:37:27.480000,4.656492,54.679785,0.169,0
2023-05-08T08:37:28.423000,4.64655,54.736676,0.121,0
2023-05-08T08:37:29.367000,4.636591,54.793567,0.125,0
2023-05-08T08:37:30.310000,4.626616,54.850457,0.094,0
2023-05-08T08:37:31.253000,4.616624,54.907346,0.072,0
2023-05-08T08:37:32.197000,4.606615,54.964234,0.054,0
2023-05-08T08:37:33.140000,4.596588,55.021121,0.067,0
2023-05-08T08:37:34.084000,4.586544,55.078008,0.028,0
2023-05-08T08:37:35.027000,4.576483,55.134893,0.007,0
2023-05-08T08:37:35.971000,4.566404,55.191778,-0.005,0
2023-05-08T08:37:36.914000,4.556309,55.248662,0.003,0
2023-05-08T08:37:37.857000,4.546195,55.305545,-0.034,0
2023-05-08T08:37:38.801000,4.536064,55.362427,-0.032,0
2023-05-08T08:37:39.744000,4.525915,55.419308,-0.021,0
2023-05-08T08:37:40.688000,4.515748,55.476188,-0.011,0
2023-05-08T08:37:41.631000,4.505563,55.533067,-0.05,0
2023-05-08T08:37:42.575000,4.49536,55.589946,-0.044,0
2023-05-08T08:37:43.518000,4.485139,55.646823,-0.059,0
2023-05-08T08:37:44.462000,4.4749,55.7037,-0.079,0
2023-05-08T08:37:45.405000,4.464642,55.760576,-0.067,0
2023-05-08T08:37:46.348000,4.454366,55.817451,-0.072,0
2023-05-08T08:37:47.292000,4.444072,55.874325,-0.097,0
2023-05-08T08:37:48.235000,4.433759,55.931198,-0.077,0
2023-05-09T21:19:59.417000,-1.287636,55.930544,-0.655,0
2023-05-09T21:20:00.361000,-1.297953,55.873632,-0.628,0
2023-05-09T21:20:01.304000,-1.308251,55.816719,-0.649,0
2023-05-09T21:20:02.248000,-1.318531,55.759805,-0.59,0
2023-05-09T21:20:03.191000,-1.328792,55.70289,-0.589,0
2023-05-09T21:20:04.135000,-1.339035,55.645975,-0.583,0
2023-05-09T21:20:05.078000,-1.34926,55.589058,-0.542,0
2023-05-09T21:20:06.965000,-1.369655,55.475222,-0.392,1
2023-05-09T21:20:07.908000,-1.379826,55.418302,-0.377,1
2023-05-09T21:20:08.852000,-1.389978,55.361382,-0.383,1
2023-05-09T21:20:09.795000,-1.400113,55.30446,-0.285,1
2023-05-09T21:20:10.739000,-1.410231,55.247538,-0.31,1
2023-05-09T21:21:29.987000,-2.204848,50.462832,1.132,0
2023-05-09T21:21:30.931000,-2.213733,50.405834,1.23,0
2023-05-09T21:21:31.874000,-2.222606,50.348835,1.341,0
2023-05-09T21:21:32.818000,-2.231467,50.291835,1.438,0
2023-05-09T21:21:33.761000,-2.240317,50.234834,1.501,0
2023-05-09T21:21:34.705000,-2.249154,50.177833,1.58,0
2023-05-09T21:21:35.648000,-2.25798,50.12083,1.728,0
2023-05-09T21:21:36.591000,-2.266795,50.063827,1.825,0
2023-05-09T21:21:37.535000,-2.275598,50.006823,1.939,0
2023-05-09T21:21:38.478000,-2.28439,49.949818,2.06,0
2023-05-09T21:21:39.422000,-2.29317,49.892812,2.164,0
2023-05-09T21:21:40.365000,-2.301939,49.835805,2.269,1
2023-05-09T21:21:41.309000,-2.310696,49.778798,2.382,1
2023-05-09T21:21:42.252000,-2.319442,49.72179,2.655,1
2023-05-10T08:34:49.847000,4.082946,52.090582,0.071,1
2023-05-10T08:34:51.733000,4.064422,52.204445,0.187,0
2023-05-10T08:34:52.677000,4.05514,52.261374,0.224,0
2023-05-10T08:34:53.620000,4.045844,52.318303,0.282,0
2023-05-10T08:34:54.564000,4.036534,52.375231,0.345,0
2023-05-10T08:34:55.507000,4.02721,52.432159,0.406,0
2023-05-10T08:34:56.451000,4.017873,52.489085,0.437,0
2023-05-10T08:34:57.394000,4.008522,52.546011,0.485,0
2023-05-10T08:34:58.338000,3.999156,52.602936,0.541,0
2023-05-10T08:35:00.224000,3.980383,52.716783,0.6,0
2023-05-10T08:35:01.168000,3.970975,52.773705,0.635,0
2023-05-10T08:35:02.111000,3.961553,52.830626,0.669,0
2023-05-10T08:35:03.055000,3.952117,52.887547,0.697,0
2023-05-10T08:35:03.998000,3.942666,52.944467,0.726,0
2023-05-10T08:35:04.942000,3.933201,53.001386,0.742,0
2023-05-10T08:35:05.885000,3.923721,53.058304,0.768,0
2023-05-10T08:35:06.828000,3.914227,53.115221,0.8,0
2023-05-10T08:35:07.772000,3.904718,53.172138,0.803,0
2023-05-10T08:35:08.715000,3.895194,53.229053,0.817,0
2023-05-10T08:35:09.659000,3.885656,53.285968,0.833,0
2023-05-10T08:35:10.602000,3.876102,53.342882,0.844,0
2023-05-10T08:35:11.546000,3.866534,53.399795,0.862,0
2023-05-10T08:35:12.489000,3.85695,53.456708,0.864,0
2023-05-10T08:35:13.433000,3.847352,53.513619,0.868,0
2023-05-10T08:35:14.376000,3.837738,53.570529,0.885,0
2023-05-10T08:35:15.319000,3.828109,53.627439,0.878,0
2023-05-10T08:35:16.263000,3.818465,53.684348,0.867,0
2023-05-10T08:35:17.206000,3.808805,53.741256,0.863,0
2023-05-10T08:35:18.150000,3.79913,53.798163,0.894,0
2023-05-10T08:35:19.093000,3.789439,53.85507,0.88,0
2023-05-10T08:35:20.037000,3.779733,53.911975,0.91,0
2023-05-10T08:35:20.980000,3.770011,53.96888,0.897,0
2023-05-10T08:35:21.923000,3.760274,54.025784,0.879,0
2023-05-10T08:35:22.867000,3.75052,54.082687,0.861,0
2023-05-10T08:35:23.810000,3.740751,54.139589,0.869,0
2023-05-10T08:35:24.754000,3.730965,54.19649,0.867,0
2023-05-10T08:35:25.697000,3.721164,54.25339,0.844,0
2023-05-10T08:35:26.641000,3.711346,54.31029,0.828,0
2023-05-10T08:35:27.584000,3.701512,54.367188,0.814,0
2023-05-10T08:35:28.528000,3.691662,54.424086,0.813,0
2023-05-10T08:35:29.471000,3.681796,54.480983,0.802,0
2023-05-10T08:35:30.414000,3.671913,54.537879,0.794,0
2023-05-10T08:35:31.358000,3.662014,54.594775,0.8,0
2023-05-10T08:35:32.301000,3.652097,54.651669,0.775,0
2023-05-10T08:35:33.245000,3.642165,54.708562,0.798,0
2023-05-10T08:35:34.188000,3.632215,54.765455,0.746,0
2023-05-10T08:35:35.132000,3.622249,54.822347,0.727,0
2023-05-10T08:35:36.075000,3.612265,54.879238,0.713,0
2023-05-10T08:35:37.018000,3.602265,54.936128,0.692,0
2023-05-10T08:35:37.962000,3.592247,54.993017,0.67,0
2023-05-10T08:35:38.905000,3.582213,55.049905,0.652,0
2023-05-10T08:35:39.849000,3.57216,55.106793,0.658,0
2023-05-10T08:35:40.792000,3.562091,55.16368,0.636,0
2023-05-10T08:35:41.736000,3.552004,55.220565,0.626,0
2023-05-10T08:35:42.679000,3.5419,55.27745,0.625,0
2023-05-10T08:35:43.623000,3.531778,55.334334,0.571,0
2023-05-10T08:35:44.566000,3.521638,55.391217,0.566,0
2023-05-10T08:35:45.509000,3.511481,55.448099,0.544,0
2023-05-10T08:35:46.453000,3.501305,55.50498,0.515,0
2023-05-10T08:35:47.396000,3.491112,55.561861,0.499,0
2023-05-10T08:35:48.340000,3.4809,55.61874,0.495,0
2023-05-10T08:35:49.283000,3.470671,55.675619,0.486,0
2023-05-10T08:35:50.227000,3.460423,55.732497,0.465,0
2023-05-10T08:35:51.170000,3.450156,55.789374,0.448,0
2023-05-10T08:35:52.113000,3.439872,55.84625,0.426,0
2023-05-10T08:35:53.057000,3.429568,55.903125,0.429,0
2023-05-10T08:35:54.000000,3.419247,55.959999,0.409,0
2023-05-12T08:32:45.234000,3.170919,51.475858,0.335,1
2023-05-12T08:32:46.177000,3.161806,51.5328,0.414,0
2023-05-12T08:32:47.121000,3.152679,51.589741,0.386,0
2023-05-12T08:32:48.064000,3.14354,51.646682,0.376,0
2023-05-12T08:32:49.008000,3.134387,51.703622,0.376,0
2023-05-12T08:32:49.951000,3.125221,51.76056,0.383,0
2023-05-12T08:32:50.894000,3.116042,51.817498,0.342,0
2023-05-12T08:32:51.838000,3.10685,51.874436,0.344,0
2023-05-12T08:32:52.781000,3.097645,51.931372,0.325,0
2023-05-12T08:32:53.725000,3.088426,51.988308,0.319,0
2023-05-12T08:32:54.668000,3.079194,52.045242,0.324,0
2023-05-12T08:32:55.612000,3.069949,52.102176,0.291,0
2023-05-12T08:32:56.555000,3.06069,52.159109,0.295,0
2023-05-12T08:32:57.499000,3.051417,52.216042,0.288,0
2023-05-12T08:32:58.442000,3.042131,52.272973,0.299,0
2023-05-12T08:32:59.385000,3.032831,52.329904,0.305,0
2023-05-12T08:33:00.329000,3.023517,52.386834,0.286,0
2023-05-12T08:33:01.272000,3.01419,52.443763,0.291,0
2023-05-12T08:33:02.216000,3.004848,52.500691,0.284,0
2023-05-12T08:33:03.159000,2.995493,52.557618,0.299,0
2023-05-12T08:33:04.103000,2.986124,52.614545,0.298,0
2023-05-12T08:33:05.046000,2.97674,52.671471,0.295,0
2023-05-12T08:33:05.989000,2.967343,52.728395,0.311,0
2023-05-12T08:33:06.933000,2.957931,52.78532,0.294,0
2023-05-12T08:33:07.876000,2.948505,52.842243,0.308,0
2023-05-12T08:33:08.820000,2.939064,52.899165,0.282,0
2023-05-12T08:33:09.763000,2.929609,52.956087,0.324,0
2023-05-12T08:33:10.707000,2.92014,53.013008,0.337,0
2023-05-12T08:33:11.650000,2.910656,53.069927,0.352,0
2023-05-12T08:33:12.594000,2.901158,53.126847,0.344,0
2023-05-12T08:33:13.537000,2.891644,53.183765,0.351,0
2023-05-12T08:33:14.480000,2.882116,53.240682,0.35,0
2023-05-12T08:33:15.424000,2.872573,53.297599,0.375,0
2023-05-12T08:33:16.367000,2.863016,53.354515,0.4,0
2023-05-12T08:33:17.311000,2.853443,53.41143,0.406,0
2023-05-12T08:33:18.254000,2.843855,53.468344,0.414,0
2023-05-12T08:33:19.198000,2.834253,53.525257,0.43,0
2023-05-12T08:33:20.141000,2.824635,53.582169,0.408,0
2023-05-12T08:33:21.084000,2.815001,53.639081,0.411,0
2023-05-12T08:33:22.028000,2.805353,53.695992,0.425,0
2023-05-12T08:33:22.971000,2.795689,53.752902,0.457,0
2023-05-12T08:33:23.915000,2.786009,53.809811,0.451,0
2023-05-12T08:33:24.858000,2.776314,53.866719,0.437,0
2023-05-12T08:33:25.802000,2.766603,53.923626,0.414,0
2023-05-12T08:33:26.745000,2.756877,53.980533,0.433,0
2023-05-12T08:33:27.688000,2.747135,54.037438,0.452,0
2023-05-12T08:33:28.632000,2.737377,54.094343,0.469,0
2023-05-12T08:33:29.575000,2.727603,54.151247,0.477,0
2023-05-12T08:33:30.519000,2.717813,54.20815,0.458,0
2023-05-12T08:33:31.462000,2.708007,54.265053,0.497,0
2023-05-12T08:33:32.406000,2.698185,54.321954,0.463,0
2023-05-12T08:33:33.349000,2.688347,54.378855,0.466,0
2023-05-12T08:33:34.293000,2.678492,54.435754,0.471,0
2023-05-12T08:33:35.236000,2.668621,54.492653,0.466,0
2023-05-12T08:33:36.179000,2.658733,54.549551,0.479,0
2023-05-12T08:33:37.123000,2.648829,54.606448,0.488,0
2023-05-12T08:33:38.066000,2.638908,54.663345,0.464,0
2023-05-12T08:33:39.010000,2.628971,54.72024,0.466,0
2023-05-12T08:33:39.953000,2.619016,54.777135,0.484,0
2023-05-12T08:33:40.897000,2.609045,54.834028,0.475,0
2023-05-12T08:33:41.840000,2.599057,54.890921,0.463,0
2023-05-12T08:33:42.783000,2.589052,54.947813,0.447,0
2023-05-12T08:33:43.727000,2.579029,55.004704,0.469,0
2023-05-12T08:33:44.670000,2.56899,55.061594,0.463,0
2023-05-12T08:33:45.614000,2.558933,55.118484,0.45,0
2023-05-12T08:33:46.557000,2.548859,55.175372,0.438,0
2023-05-12T08:33:47.501000,2.538767,55.23226,0.437,0
2023-05-12T08:33:48.444000,2.528658,55.289147,0.441,0
2023-05-12T08:33:49.388000,2.518531,55.346033,0.46,0
2023-05-12T08:33:50.331000,2.508386,55.402918,0.425,0
2023-05-12T08:33:51.274000,2.498223,55.459802,0.425,0
2023-05-12T08:33:52.218000,2.488043,55.516685,0.419,0
2023-05-12T08:33:53.161000,2.477844,55.573568,0.415,0
2023-05-12T08:33:54.105000,2.467628,55.630449,0.421,0
2023-05-12T08:33:55.048000,2.457393,55.68733,0.399,0
2023-05-12T08:33:55.992000,2.44714,55.74421,0.388,0
2023-05-12T08:33:56.935000,2.436869,55.801089,0.367,0
2023-05-12T08:33:57.878000,2.426579,55.857967,0.385,0
2023-05-12T08:33:58.822000,2.41627,55.914844,0.377,0
2023-05-12T08:33:59.765000,2.405943,55.97172,0.365,0
2023-05-14T08:30:45.338000,2.217051,51.097574,1.688,1
2023-05-14T08:30:46.282000,2.20802,51.154523,1.641,1
2023-05-14T08:30:47.225000,2.198977,51.211472,1.603,0
2023-05-14T08:30:48.169000,2.189922,51.26842,1.527,0
2023-05-14T08:30:49.112000,2.180853,51.325367,1.447,0
2023-05-14T08:30:50.055000,2.171772,51.382314,1.359,0
2023-05-14T08:30:50.999000,2.162678,51.439259,1.313,0
2023-05-14T08:30:51.942000,2.153572,51.496204,1.246,0
2023-05-14T08:30:52.886000,2.144452,51.553148,1.19,0
2023-05-14T08:30:53.829000,2.13532,51.610091,1.111,0
2023-05-14T08:30:54.773000,2.126174,51.667034,1.073,0
2023-05-14T08:30:55.716000,2.117016,51.723975,0.999,0
2023-05-14T08:30:56.659000,2.107844,51.780916,0.939,0
2023-05-14T08:30:57.603000,2.09866,51.837856,0.889,0
2023-05-14T08:30:58.546000,2.089462,51.894795,0.815,0
2023-05-14T08:30:59.490000,2.08025,51.951733,0.73,0
2023-05-14T08:31:00.433000,2.071026,52.008671,0.654,0
2023-05-14T08:31:01.377000,2.061787,52.065608,0.57,0
2023-05-14T08:31:02.320000,2.052536,52.122544,0.496,0
2023-05-14T08:31:03.264000,2.043271,52.179479,0.445,0
2023-05-14T08:31:04.207000,2.033992,52.236413,0.361,0
2023-05-14T08:31:05.150000,2.0247,52.293346,0.293,0
2023-05-14T08:31:06.094000,2.015394,52.350279,0.233,0
2023-05-14T08:31:07.037000,2.006074,52.407211,0.14,0
2023-05-14T08:31:07.981000,1.99674,52.464142,0.096,0
2023-05-14T08:31:08.924000,1.987393,52.521072,0.014,0
2023-05-14T08:31:09.868000,1.978031,52.578002,-0.066,0
2023-05-14T08:31:10.811000,1.968655,52.63493,-0.155,0
2023-05-14T08:31:11.754000,1.959266,52.691858,-0.245,0
2023-05-14T08:31:12.698000,1.949862,52.748785,-0.31,0
2023-05-14T08:31:13.641000,1.940443,52.805711,-0.319,0
2023-05-14T08:31:14.585000,1.931011,52.862636,-0.395,0
2023-05-14T08:31:15.528000,1.921564,52.919561,-0.425,0
2023-05-14T08:31:16.472000,1.912103,52.976484,-0.449,0
2023-05-14T08:31:17.415000,1.902627,53.033407,-0.415,0
2023-05-14T08:31:18.359000,1.893137,53.090329,-0.613,0
2023-05-14T08:31:19.302000,1.883632,53.14725,-0.589,0
2023-05-14T08:31:20.245000,1.874112,53.20417,-0.515,0
2023-05-14T08:31:21.189000,1.864577,53.26109,-0.718,0
2023-05-14T08:31:22.132000,1.855028,53.318009,-0.579,0
2023-05-14T08:31:23.076000,1.845463,53.374927,-0.681,0
2023-05-14T08:31:24.019000,1.835884,53.431843,-0.613,0
2023-05-14T08:31:24.963000,1.82629,53.48876,-0.544,0
2023-05-14T08:31:25.906000,1.81668,53.545675,-0.465,0
2023-05-14T08:31:26.849000,1.807055,53.60259,-0.558,0
2023-05-14T08:31:27.793000,1.797415,53.659503,-0.423,0
2023-05-14T08:31:28.736000,1.78776,53.716416,-0.382,0
2023-05-14T08:31:32.510000,1.748983,53.944059,-0.473,0
2023-05-14T08:31:34.397000,1.7295,54.057875,-0.398,0
2023-05-14T08:31:35.340000,1.719735,54.114782,-0.336,0
2023-05-14T08:31:36.284000,1.709954,54.171688,-0.238,0
2023-05-14T08:31:37.227000,1.700157,54.228594,-0.299,0
2023-05-14T08:31:38.171000,1.690344,54.285498,-0.277,0
2023-05-14T08:31:39.114000,1.680515,54.342401,-0.232,0
2023-05-14T08:31:40.058000,1.670669,54.399304,-0.198,0
2023-05-14T08:31:41.001000,1.660807,54.456206,-0.162,0
2023-05-14T08:31:41.944000,1.650929,54.513107,-0.102,0
2023-05-14T08:31:42.888000,1.641034,54.570007,-0.073,0
2023-05-14T08:31:43.831000,1.631123,54.626907,-0.074,0
2023-05-14T08:31:44.775000,1.621194,54.683805,-0.028,0
2023-05-14T08:31:45.718000,1.611249,54.740703,0.0,0
2023-05-14T08:31:46.662000,1.601288,54.797599,0.048,0
2023-05-14T08:31:47.605000,1.591309,54.854495,0.054,0
2023-05-14T08:31:48.549000,1.581313,54.91139,0.086,0
2023-05-14T08:31:49.492000,1.5713,54.968284,0.103,0
2023-05-14T08:31:50.435000,1.56127,55.025178,0.131,0
2023-05-14T08:31:51.379000,1.551223,55.08207,0.148,0
2023-05-14T08:31:52.322000,1.541159,55.138962,0.145,0
2023-05-14T08:31:53.266000,1.531077,55.195852,0.174,0
2023-05-14T08:31:54.209000,1.520977,55.252742,0.19,0
2023-05-14T08:31:55.153000,1.51086,55.309631,0.225,0
2023-05-14T08:31:56.096000,1.500725,55.366519,0.201,0
2023-05-14T08:31:57.039000,1.490573,55.423407,0.219,0
2023-05-14T08:31:57.983000,1.480402,55.480293,0.214,0
2023-05-14T08:31:58.926000,1.470214,55.537179,0.233,0
2023-05-14T08:31:59.870000,1.460007,55.594063,0.25,0
2023-05-14T08:32:00.813000,1.449783,55.650947,0.259,0
2023-05-14T08:32:01.757000,1.43954,55.70783,0.262,0
2023-05-14T08:32:02.700000,1.429279,55.764712,0.307,0
2023-05-14T08:32:03.644000,1.418999,55.821593,0.307,0
2023-05-14T08:32:04.587000,1.408701,55.878473,0.307,0
2023-05-14T08:32:05.530000,1.398385,55.935353,0.308,0
2023-05-14T20:26:01.344000,8.351249,54.442142,0.923,1
2023-05-14T20:26:02.287000,8.341388,54.385194,0.984,1
2023-05-14T20:26:03.231000,8.331542,54.328244,0.896,1
2023-05-14T20:26:04.174000,8.321713,54.271293,0.863,0
2023-05-14T20:26:05.118000,8.3119,54.214342,0.894,0
2023-05-14T20:26:06.061000,8.302103,54.15739,0.873,0
2023-05-14T20:26:07.005000,8.292323,54.100436,0.851,0
2023-05-14T20:26:07.948000,8.282558,54.043482,0.794,0
2023-05-14T20:26:08.891000,8.272809,53.986527,0.747,0
2023-05-14T20:26:09.835000,8.263076,53.929571,0.816,1
2023-05-14T20:26:11.722000,8.243657,53.815656,1.041,1
2023-05-14T20:26:12.665000,8.23397,53.758697,1.121,1
2023-05-16T08:28:36.008000,1.351533,50.158584,3.352,1
2023-05-16T08:28:36.952000,1.342701,50.215549,3.35,1
2023-05-16T08:28:37.895000,1.333858,50.272514,3.321,1
2023-05-16T08:28:38.839000,1.325003,50.329478,3.293,0
2023-05-16T08:28:39.782000,1.316136,50.386441,3.232,0
2023-05-16T08:28:40.725000,1.307257,50.443403,3.163,0
2023-05-16T08:28:41.669000,1.298367,50.500364,3.154,0
2023-05-16T08:28:42.612000,1.289464,50.557325,3.052,0
2023-05-16T08:28:43.556000,1.28055,50.614285,3.001,0
2023-05-16T08:28:44.499000,1.271624,50.671244,2.951,0
2023-05-16T08:28:45.443000,1.262685,50.728202,2.914,0
2023-05-16T08:28:46.386000,1.253735,50.78516,2.819,0
2023-05-16T08:28:47.330000,1.244772,50.842116,2.749,0
2023-05-16T08:28:48.273000,1.235797,50.899072,2.677,0
2023-05-16T08:28:49.216000,1.22681,50.956027,2.588,1
2023-05-16T08:28:50.160000,1.21781,51.012981,2.527,1
2023-05-16T08:28:57.707000,1.145363,51.468587,1.566,1
2023-05-16T08:28:58.651000,1.13625,51.525534,1.606,0
2023-05-16T08:28:59.594000,1.127124,51.582481,1.624,1
2023-05-16T08:29:00.538000,1.117985,51.639426,1.641,1
2023-05-16T08:29:01.481000,1.108833,51.696371,1.668,1
2023-05-16T08:29:24.124000,0.885117,53.062802,-0.975,1
2023-05-16T08:29:25.067000,0.875619,53.119727,-1.003,0
2023-05-16T08:29:26.010000,0.866107,53.17665,-1.038,0
2023-05-16T08:29:26.954000,0.856579,53.233573,-1.099,0
2023-05-16T08:29:27.897000,0.847037,53.290495,-1.193,0
2023-05-16T08:29:28.841000,0.83748,53.347416,-1.25,0
2023-05-16T08:29:29.784000,0.827908,53.404336,-1.3,0
2023-05-16T08:29:30.728000,0.818321,53.461256,-1.364,0
2023-05-16T08:29:31.671000,0.808719,53.518174,-1.394,0
2023-05-16T08:29:32.615000,0.799102,53.575092,-1.435,0
2023-05-16T08:29:33.558000,0.789469,53.632009,-1.439,0
2023-05-16T08:29:34.501000,0.779821,53.688925,-1.464,0
2023-05-16T08:29:35.445000,0.770158,53.745841,-1.445,0
2023-05-16T08:29:36.388000,0.760479,53.802755,-1.458,0
2023-05-16T08:29:37.332000,0.750785,53.859669,-1.43,0
2023-05-16T08:29:38.275000,0.741075,53.916582,-1.418,0
2023-05-16T08:29:39.219000,0.731349,53.973494,-1.383,0
2023-05-16T08:29:40.162000,0.721608,54.030405,-1.374,0
2023-05-16T08:29:41.105000,0.711851,54.087315,-1.325,0
2023-05-16T08:29:42.049000,0.702078,54.144224,-1.302,0
2023-05-16T08:29:42.992000,0.692288,54.201133,-1.259,0
2023-05-16T08:29:43.936000,0.682483,54.258041,-1.211,0
2023-05-16T08:29:44.879000,0.672662,54.314948,-1.196,0
2023-05-16T08:29:45.823000,0.662824,54.371854,-1.182,0
2023-05-16T08:29:46.766000,0.65297,54.428759,-1.176,0
2023-05-16T08:29:47.710000,0.6431,54.485663,-1.127,0
2023-05-16T08:29:48.653000,0.633213,54.542567,-1.08,0
2023-05-16T08:29:49.596000,0.623309,54.59947,-1.068,0
2023-05-16T08:29:50.540000,0.613389,54.656372,-1.016,0
2023-05-16T08:29:51.483000,0.603453,54.713273,-1.009,0
2023-05-16T08:29:52.427000,0.593499,54.770173,-0.968,0
2023-05-16T08:29:53.370000,0.583529,54.827072,-0.928,0
2023-05-16T08:29:54.314000,0.573541,54.883971,-0.883,0
2023-05-16T08:29:55.257000,0.563537,54.940868,-0.857,0
2023-05-16T08:29:56.200000,0.553515,54.997765,-0.811,0
2023-05-16T08:29:57.144000,0.543477,55.054661,-0.783,0
2023-05-16T08:29:58.087000,0.533421,55.111556,-0.743,0
2023-05-16T08:29:59.031000,0.523347,55.16845,-0.724,0
2023-05-16T08:29:59.974000,0.513256,55.225343,-0.669,0
2023-05-16T08:30:00.918000,0.503148,55.282236,-0.649,0
2023-05-16T08:30:01.861000,0.493022,55.339127,-0.621,0
2023-05-16T08:30:02.805000,0.482878,55.396018,-0.58,0
2023-05-16T08:30:03.748000,0.472716,55.452908,-0.55,0
2023-05-16T08:30:04.691000,0.462536,55.509797,-0.516,0
2023-05-16T08:30:05.635000,0.452339,55.566685,-0.473,0
2023-05-16T08:30:06.578000,0.442123,55.623572,-0.448,0
2023-05-16T08:30:07.522000,0.431889,55.680459,-0.427,0
2023-05-16T08:30:08.465000,0.421637,55.737344,-0.379,0
2023-05-16T08:30:09.409000,0.411366,55.794229,-0.354,0
2023-05-16T08:30:10.352000,0.401077,55.851113,-0.323,0
2023-05-16T08:30:11.295000,0.39077,55.907995,-0.272,0
2023-05-16T08:30:12.239000,0.380443,55.964878,-0.249,0
2023-05-16T20:23:42.580000,7.604511,55.942276,0.294,0
2023-05-16T20:23:43.523000,7.594188,55.885346,0.337,0
2023-05-16T20:23:44.466000,7.583884,55.828416,0.377,0
2023-05-16T20:23:45.410000,7.573599,55.771485,0.373,0
2023-05-16T20:23:46.353000,7.563332,55.714553,0.392,0
2023-05-16T20:23:47.297000,7.553083,55.65762,0.428,0
2023-05-16T20:23:48.240000,7.542853,55.600686,0.458,0
2023-05-16T20:23:49.184000,7.532641,55.543751,0.472,0
2023-05-16T20:23:50.127000,7.522447,55.486815,0.551,0
2023-05-16T20:23:51.071000,7.512271,55.429879,0.576,0
2023-05-16T20:23:52.014000,7.502113,55.372941,0.634,0
2023-05-16T20:23:52.957000,7.491972,55.316002,0.649,0
2023-05-16T20:23:53.901000,7.48185,55.259063,0.699,0
2023-05-16T20:23:54.844000,7.471744,55.202122,0.735,0
2023-05-16T20:23:55.788000,7.461657,55.145181,0.782,0
2023-05-16T20:23:56.731000,7.451587,55.088238,0.839,0
2023-05-16T20:23:57.675000,7.441534,55.031295,0.841,0
2023-05-16T20:23:58.618000,7.431499,54.974351,0.878,0
2023-05-16T20:23:59.561000,7.421481,54.917406,0.914,0
2023-05-16T20:24:00.505000,7.41148,54.86046,0.94,0
2023-05-16T20:24:01.448000,7.401496,54.803513,0.976,0
2023-05-16T20:24:02.392000,7.391528,54.746565,1.027,0
2023-05-16T20:24:03.335000,7.381578,54.689616,1.053,0
2023-05-16T20:24:04.279000,7.371645,54.632666,1.078,0
2023-05-16T20:24:05.222000,7.361728,54.575715,1.094,0
2023-05-16T20:24:06.166000,7.351828,54.518764,1.132,0
2023-05-16T20:24:07.109000,7.341944,54.461811,1.158,0
2023-05-16T20:24:08.052000,7.332077,54.404858,1.205,0
2023-05-16T20:24:08.996000,7.322226,54.347904,1.241,0
2023-05-16T20:24:09.939000,7.312392,54.290948,1.256,0
2023-05-16T20:24:10.883000,7.302574,54.233992,1.275,0
2023-05-16T20:24:11.826000,7.292772,54.177035,1.276,0
2023-05-16T20:24:12.770000,7.282985,54.120077,1.28,0
2023-05-16T20:24:13.713000,7.273215,54.063118,1.336,0
2023-05-16T20:24:14.656000,7.263461,54.006159,1.374,0
2023-05-16T20:24:15.600000,7.253723,53.949198,1.428,0
2023-05-16T20:24:16.543000,7.244,53.892236,1.458,0
2023-05-16T20:24:17.487000,7.234293,53.835274,1.468,1
2023-05-16T20:24:18.430000,7.224602,53.77831,1.527,1
2023-05-18T08:26:38.000000,0.378085,49.911852,2.502,1
2023-05-18T08:26:38.943000,0.369305,49.968824,2.442,0
2023-05-18T08:26:39.886000,0.360513,50.025795,2.38,0
2023-05-18T08:26:40.830000,0.35171,50.082766,2.341,0
2023-05-18T08:26:41.773000,0.342895,50.139735,2.304,0
2023-05-18T08:26:42.717000,0.334068,50.196704,2.264,0
2023-05-18T08:26:43.660000,0.32523,50.253672,2.207,0
2023-05-18T08:26:44.604000,0.316381,50.310639,2.129,0
2023-05-18T08:26:45.547000,0.307519,50.367605,2.069,0
2023-05-18T08:26:46.491000,0.298646,50.424571,2.023,0
2023-05-18T08:26:47.434000,0.289761,50.481536,1.953,0
2023-05-18T08:26:48.377000,0.280864,50.5385,1.892,0
2023-05-18T08:26:49.321000,0.271955,50.595464,1.841,0
2023-05-18T08:26:50.264000,0.263034,50.652426,1.799,1
2023-05-18T08:27:51.588000,-0.345364,54.353272,-1.809,1
2023-05-18T08:27:52.531000,-0.355211,54.410181,-1.832,1
2023-05-18T08:27:53.475000,-0.365075,54.46709,-1.851,1
2023-05-18T08:27:54.418000,-0.374954,54.523997,-1.844,1
2023-05-18T08:27:56.305000,-0.394764,54.637809,-1.769,0
2023-05-18T08:27:57.248000,-0.404693,54.694714,-1.719,0
2023-05-18T08:27:58.192000,-0.414639,54.751618,-1.716,0
2023-05-18T08:27:59.135000,-0.424603,54.808521,-1.651,0
2023-05-18T08:28:00.079000,-0.434583,54.865423,-1.849,0
2023-05-18T08:28:03.852000,-0.474674,55.093024,-1.551,0
2023-05-18T08:28:04.796000,-0.48474,55.149922,-1.522,0
2023-05-18T08:28:05.739000,-0.494824,55.206819,-1.49,0
2023-05-18T08:28:06.683000,-0.504925,55.263715,-1.511,0
2023-05-18T08:28:08.570000,-0.52518,55.377505,-1.477,0
2023-05-18T08:28:09.513000,-0.535334,55.434399,-1.439,0
2023-05-18T08:28:10.456000,-0.545506,55.491292,-1.447,0
2023-05-18T08:28:11.400000,-0.555696,55.548184,-1.389,0
2023-05-18T08:28:12.343000,-0.565904,55.605075,-1.383,0
2023-05-18T08:28:13.287000,-0.57613,55.661965,-1.317,0
2023-05-18T08:28:14.230000,-0.586375,55.718855,-1.303,0
2023-05-18T08:28:15.174000,-0.596637,55.775743,-1.255,0
2023-05-18T08:28:16.117000,-0.606919,55.832631,-1.207,0
2023-05-18T08:28:17.060000,-0.617218,55.889518,-1.206,0
2023-05-18T08:28:18.004000,-0.627537,55.946403,-1.176,0
2023-05-18T20:21:48.345000,6.593361,55.953167,-0.153,0
2023-05-18T20:21:49.288000,6.583036,55.896233,-0.133,0
2023-05-18T20:21:50.232000,6.572731,55.839298,-0.096,0
2023-05-18T20:21:51.175000,6.562444,55.782362,-0.082,0
2023-05-18T20:21:52.118000,6.552175,55.725426,-0.073,0
2023-05-18T20:21:53.062000,6.541925,55.668488,-0.04,0
2023-05-18T20:21:54.005000,6.531693,55.611549,-0.065,0
2023-05-18T20:21:54.949000,6.521479,55.55461,-0.013,0
2023-05-18T20:21:55.892000,6.511283,55.497669,0.031,0
2023-05-18T20:21:56.836000,6.501106,55.440728,0.04,0
2023-05-18T20:21:57.779000,6.490946,55.383785,0.049,0
2023-05-18T20:21:58.722000,6.480804,55.326842,0.114,0
2023-05-18T20:21:59.666000,6.47068,55.269898,0.116,0
2023-05-18T20:22:00.609000,6.460573,55.212952,0.135,0
2023-05-18T20:22:01.553000,6.450484,55.156006,0.173,0
2023-05-18T20:22:02.496000,6.440412,55.099059,0.184,0
2023-05-18T20:22:03.440000,6.430358,55.042111,0.233,0
2023-05-18T20:22:04.383000,6.420321,54.985162,0.28,0
2023-05-18T20:22:05.327000,6.410302,54.928212,0.293,0
2023-05-18T20:22:06.270000,6.400299,54.871262,0.33,0
2023-05-18T20:22:07.213000,6.390313,54.81431,0.358,0
2023-05-18T20:22:08.157000,6.380345,54.757357,0.392,0
2023-05-18T20:22:09.100000,6.370393,54.700404,0.413,0
2023-05-18T20:22:10.044000,6.360458,54.643449,0.446,0
2023-05-18T20:22:10.987000,6.35054,54.586494,0.482,0
2023-05-18T20:22:11.931000,6.340638,54.529538,0.525,0
2023-05-18T20:22:12.874000,6.330754,54.472581,0.541,0
2023-05-18T20:22:13.817000,6.320885,54.415622,0.568,0
2023-05-18T20:22:14.761000,6.311033,54.358663,0.616,0
2023-05-18T20:22:15.704000,6.301197,54.301704,0.637,0
2023-05-18T20:22:16.648000,6.291377,54.244743,0.632,0
2023-05-18T20:22:17.591000,6.281574,54.187781,0.697,0
2023-05-18T20:22:18.535000,6.271787,54.130818,0.732,0
2023-05-18T20:22:19.478000,6.262015,54.073855,0.79,0
2023-05-18T20:22:20.422000,6.25226,54.01689,0.828,0
2023-05-18T20:22:21.365000,6.24252,53.959925,0.874,0
2023-05-18T20:22:22.308000,6.232796,53.902959,0.92,0
2023-05-18T20:22:23.252000,6.223088,53.845992,0.94,0
2023-05-18T20:22:24.195000,6.213395,53.789023,0.969,0
2023-05-18T20:22:25.139000,6.203718,53.732054,0.989,0
2023-05-18T20:22:26.082000,6.194057,53.675085,1.041,0
2023-05-18T20:22:27.026000,6.184411,53.618114,1.091,1
2023-05-18T20:22:27.969000,6.17478,53.561142,1.133,1
2023-05-20T08:24:40.934000,-0.605307,49.7306,1.818,0
2023-05-20T08:24:41.878000,-0.61405,49.787578,1.672,0
2023-05-20T08:24:42.821000,-0.622804,49.844555,1.531,0
2023-05-20T08:24:43.765000,-0.631569,49.901531,1.409,0
2023-05-20T08:24:44.708000,-0.640346,49.958507,1.278,0
2023-05-20T08:24:45.652000,-0.649134,50.015482,1.162,0
2023-05-20T08:24:46.595000,-0.657934,50.072456,1.027,0
2023-05-20T08:24:47.538000,-0.666745,50.12943,0.902,0
2023-05-20T08:24:48.482000,-0.675567,50.186402,0.758,0
2023-05-20T08:24:49.425000,-0.684402,50.243374,0.621,0
2023-05-20T08:24:50.369000,-0.693248,50.300345,0.481,0
2023-05-20T08:24:51.312000,-0.702105,50.357315,0.346,0
2023-05-20T08:24:52.256000,-0.710975,50.414285,0.188,0
2023-05-20T08:24:53.199000,-0.719856,50.471254,0.018,0
2023-05-20T08:24:54.142000,-0.728749,50.528222,-0.089,0
2023-05-20T08:24:55.086000,-0.737654,50.585189,-0.224,0
2023-05-20T08:24:56.029000,-0.746571,50.642155,-0.319,1
2023-05-20T08:26:18.108000,-1.575113,55.595154,-1.961,1
2023-05-20T08:26:19.995000,-1.595573,55.708942,-1.916,1
2023-05-20T08:26:20.939000,-1.605831,55.765835,-1.945,1
2023-05-20T08:26:21.882000,-1.616106,55.822727,-1.929,0
2023-05-20T08:26:22.826000,-1.626401,55.879618,-1.92,0
2023-05-20T08:26:23.769000,-1.636714,55.936508,-1.916,0
2023-05-20T20:19:54.110000,5.580745,55.954981,-0.105,0
2023-05-20T20:19:55.053000,5.570422,55.898043,-0.117,0
2023-05-20T20:19:55.997000,5.560118,55.841103,-0.106,0
2023-05-20T20:19:56.940000,5.549832,55.784163,-0.106,0
2023-05-20T20:19:57.883000,5.539565,55.727221,-0.11,0
2023-05-20T20:19:58.827000,5.529316,55.670279,-0.117,0
2023-05-20T20:19:59.770000,5.519085,55.613335,-0.093,0
2023-05-20T20:20:00.714000,5.508873,55.556391,-0.088,0
2023-05-20T20:20:01.657000,5.498678,55.499446,-0.074,0
2023-05-20T20:20:02.601000,5.488502,55.4425,-0.053,0
2023-05-20T20:20:03.544000,5.478343,55.385553,-0.068,0
2023-05-20T20:20:04.488000,5.468203,55.328605,-0.038,0
2023-05-20T20:20:05.431000,5.45808,55.271656,-0.032,0
2023-05-20T20:20:06.374000,5.447975,55.214706,-0.027,0
2023-05-20T20:20:07.318000,5.437887,55.157755,-0.011,0
2023-05-20T20:20:08.261000,5.427816,55.100803,0.036,0
2023-05-20T20:20:09.205000,5.417764,55.043851,0.043,0
2023-05-20T20:20:10.148000,5.407728,54.986897,0.049,0
2023-05-20T20:20:11.092000,5.397709,54.929943,0.088,0
2023-05-20T20:20:12.035000,5.387708,54.872988,0.104,0
2023-05-20T20:20:12.978000,5.377724,54.816031,0.12,0
2023-05-20T20:20:13.922000,5.367757,54.759074,0.178,0
2023-05-20T20:20:14.865000,5.357806,54.702116,0.185,0
2023-05-20T20:20:15.809000,5.347873,54.645157,0.206,0
2023-05-20T20:20:16.752000,5.337956,54.588197,0.225,0
2023-05-20T20:20:17.696000,5.328055,54.531236,0.234,0
2023-05-20T20:20:18.639000,5.318172,54.474274,0.274,0
2023-05-20T20:20:19.583000,5.308305,54.417311,0.312,0
2023-05-20T20:20:20.526000,5.298454,54.360348,0.32,0
2023-05-20T20:20:21.469000,5.288619,54.303383,0.35,0
2023-05-20T20:20:22.413000,5.278801,54.246418,0.373,0
2023-05-20T20:20:23.356000,5.268998,54.189452,0.387,0
2023-05-20T20:20:24.300000,5.259212,54.132484,0.44,0
2023-05-20T20:20:25.243000,5.249442,54.075516,0.483,0
2023-05-20T20:20:26.187000,5.239688,54.018547,0.503,0
2023-05-20T20:20:27.130000,5.22995,53.961577,0.538,0
2023-05-20T20:20:28.073000,5.220227,53.904606,0.592,0
2023-05-20T20:20:29.017000,5.21052,53.847635,0.619,0
2023-05-20T20:20:29.960000,5.200829,53.790662,0.672,0
2023-05-20T20:20:30.904000,5.191153,53.733688,0.687,0
2023-05-20T20:20:31.847000,5.181493,53.676714,0.718,0
2023-05-20T20:20:32.791000,5.171848,53.619739,0.748,0
2023-05-20T20:20:33.734000,5.162218,53.562763,0.762,0
2023-05-20T20:20:34.678000,5.152604,53.505785,0.793,1
2023-05-20T20:20:35.621000,5.143005,53.448808,0.818,1
2023-05-20T20:20:41.282000,5.085724,53.106921,0.522,1
2023-05-20T20:20:42.225000,5.07623,53.049936,0.549,1
2023-05-22T08:22:46.699000,-1.616586,49.730861,1.526,1
2023-05-22T08:22:48.586000,-1.634081,49.844825,1.391,0
2023-05-22T08:22:49.530000,-1.642846,49.901805,1.308,0
2023-05-22T08:22:50.473000,-1.651622,49.958785,1.197,0
2023-05-22T08:22:51.417000,-1.660409,50.015764,1.101,0
2023-05-22T08:22:52.360000,-1.669208,50.072742,1.029,0
2023-05-22T08:22:53.303000,-1.678018,50.12972,0.921,0
2023-05-22T08:22:54.247000,-1.68684,50.186696,0.797,0
2023-05-22T08:22:55.190000,-1.695673,50.243672,0.754,0
2023-05-22T08:22:56.134000,-1.704518,50.300647,0.66,0
2023-05-22T08:22:57.077000,-1.713375,50.357622,0.574,0
2023-05-22T08:22:58.021000,-1.722244,50.414595,0.498,0
2023-05-22T08:22:58.964000,-1.731124,50.471568,0.419,0
2023-05-22T08:22:59.907000,-1.740016,50.52854,0.346,0
2023-05-22T08:23:00.851000,-1.748921,50.585512,0.313,1
2023-05-22T08:23:01.794000,-1.757837,50.642482,0.256,1
2023-05-22T20:17:59.875000,4.567236,55.946261,0.032,0
2023-05-22T20:18:00.818000,4.556917,55.889318,0.027,0
2023-05-22T20:18:01.762000,4.546616,55.832374,0.071,0
2023-05-22T20:18:02.705000,4.536334,55.775429,0.07,0
2023-05-22T20:18:03.649000,4.52607,55.718483,0.086,0
2023-05-22T20:18:04.592000,4.515825,55.661536,0.09,0
2023-05-22T20:18:05.535000,4.505598,55.604588,0.116,0
2023-05-22T20:18:06.479000,4.495389,55.547639,0.128,0
2023-05-22T20:18:07.422000,4.485198,55.490689,0.14,0
2023-05-22T20:18:08.366000,4.475025,55.433739,0.156,0
2023-05-22T20:18:09.309000,4.46487,55.376787,0.164,0
2023-05-22T20:18:10.253000,4.454732,55.319835,0.179,0
2023-05-22T20:18:11.196000,4.444613,55.262882,0.179,0
2023-05-22T20:18:12.139000,4.434511,55.205927,0.178,0
2023-05-22T20:18:13.083000,4.424427,55.148972,0.182,0
2023-05-22T20:18:14.026000,4.41436,55.092016,0.203,0
2023-05-22T20:18:14.970000,4.40431,55.035059,0.238,0
2023-05-22T20:18:15.913000,4.394278,54.978101,0.235,0
2023-05-22T20:18:16.857000,4.384263,54.921142,0.238,0
2023-05-22T20:18:17.800000,4.374265,54.864182,0.253,0
2023-05-22T20:18:18.743000,4.364284,54.807221,0.262,0
2023-05-22T20:18:19.687000,4.35432,54.75026,0.247,0
2023-05-22T20:18:20.630000,4.344373,54.693297,0.28,0
2023-05-22T20:18:21.574000,4.334442,54.636334,0.316,0
2023-05-22T20:18:22.517000,4.324529,54.579369,0.349,0
2023-05-22T20:18:23.461000,4.314632,54.522404,0.379,0
2023-05-22T20:18:24.404000,4.304751,54.465438,0.399,0
2023-05-22T20:18:25.348000,4.294887,54.408471,0.387,0
2023-05-22T20:18:26.291000,4.285039,54.351503,0.408,0
2023-05-22T20:18:27.234000,4.275208,54.294534,0.432,0
2023-05-22T20:18:28.178000,4.265393,54.237564,0.448,0
2023-05-22T20:18:29.121000,4.255594,54.180593,0.48,0
2023-05-22T20:18:30.065000,4.245811,54.123622,0.497,0
2023-05-22T20:18:31.008000,4.236044,54.066649,0.539,0
2023-05-22T20:18:31.952000,4.226293,54.009676,0.542,0
2023-05-22T20:18:32.895000,4.216558,53.952701,0.554,0
2023-05-22T20:18:33.838000,4.206838,53.895726,0.58,0
2023-05-22T20:18:34.782000,4.197134,53.83875,0.576,0
2023-05-22T20:18:35.725000,4.187446,53.781773,0.617,0
2023-05-22T20:18:36.669000,4.177773,53.724795,0.625,0
2023-05-22T20:18:37.612000,4.168116,53.667816,0.628,0
2023-05-22T20:18:38.556000,4.158474,53.610837,0.629,0
2023-05-22T20:18:39.499000,4.148848,53.553856,0.622,0
2023-05-22T20:18:40.443000,4.139236,53.496875,0.653,0
2023-05-22T20:18:41.386000,4.12964,53.439892,0.671,0
2023-05-22T20:18:42.329000,4.120059,53.382909,0.653,0
2023-05-22T20:18:43.273000,4.110493,53.325925,0.66,0
2023-05-22T20:18:44.216000,4.100942,53.26894,0.621,0
2023-05-22T20:18:45.160000,4.091406,53.211954,0.626,0
2023-05-22T20:18:46.103000,4.081885,53.154967,0.594,0
2023-05-22T20:18:47.047000,4.072378,53.09798,0.571,0
2023-05-22T20:18:47.990000,4.062886,53.040991,0.548,0
2023-05-22T20:18:48.933000,4.053408,52.984001,0.517,0
2023-05-22T20:18:49.877000,4.043946,52.927011,0.485,0
2023-05-22T20:18:50.820000,4.034497,52.87002,0.446,0
2023-05-22T20:18:51.764000,4.025063,52.813028,0.435,0
2023-05-22T20:18:52.707000,4.015643,52.756035,0.369,0
2023-05-22T20:18:53.651000,4.006238,52.699041,0.312,0
2023-05-22T20:18:54.594000,3.996847,52.642046,0.254,0
2023-05-22T20:18:55.538000,3.98747,52.585051,0.178,0
2023-05-22T20:18:56.481000,3.978107,52.528054,0.109,0
2023-05-22T20:18:57.424000,3.968758,52.471057,0.052,0
2023-05-22T20:18:58.368000,3.959423,52.414059,-0.002,0
2023-05-22T20:18:59.311000,3.950101,52.35706,-0.072,0
2023-05-22T20:19:00.255000,3.940794,52.30006,-0.156,0
2023-05-22T20:19:01.198000,3.9315,52.243059,-0.204,0
2023-05-22T20:19:02.142000,3.92222,52.186057,-0.288,0
2023-05-22T20:19:03.085000,3.912954,52.129054,-0.38,0
2023-05-22T20:19:04.028000,3.903701,52.072051,-0.432,1
2023-05-22T20:19:04.972000,3.894462,52.015047,-0.458,1
2023-05-22T20:19:05.915000,3.885236,51.958042,-0.563,1
2023-05-22T20:19:06.859000,3.876023,51.901036,-0.586,1
2023-05-24T20:16:04.696000,3.563836,55.986652,0.138,0
2023-05-24T20:16:05.640000,3.553503,55.929705,0.114,0
2023-05-24T20:16:06.583000,3.543188,55.872758,0.12,0
2023-05-24T20:16:07.527000,3.532892,55.81581,0.122,0
2023-05-24T20:16:08.470000,3.522615,55.75886,0.148,0
2023-05-24T20:16:09.414000,3.512356,55.70191,0.166,0
2023-05-24T20:16:10.357000,3.502115,55.644959,0.169,0
2023-05-24T20:16:11.300000,3.491892,55.588007,0.177,0
2023-05-24T20:16:12.244000,3.481688,55.531054,0.192,0
2023-05-24T20:16:13.187000,3.471502,55.4741,0.233,0
2023-05-24T20:16:14.131000,3.461333,55.417146,0.237,0
2023-05-24T20:16:15.074000,3.451183,55.36019,0.273,0
2023-05-24T20:16:16.018000,3.44105,55.303233,0.282,0
2023-05-24T20:16:16.961000,3.430935,55.246276,0.303,0
2023-05-24T20:16:17.904000,3.420837,55.189317,0.354,0
2023-05-24T20:16:18.848000,3.410757,55.132358,0.37,0
2023-05-24T20:16:19.791000,3.400695,55.075398,0.399,0
2023-05-24T20:16:20.735000,3.39065,55.018437,0.395,0
2023-05-24T20:16:21.678000,3.380622,54.961474,0.435,0
2023-05-24T20:16:22.622000,3.370611,54.904511,0.443,0
2023-05-24T20:16:23.565000,3.360618,54.847547,0.435,0
2023-05-24T20:16:24.509000,3.350641,54.790583,0.462,0
2023-05-24T20:16:25.452000,3.340681,54.733617,0.466,0
2023-05-24T20:16:26.395000,3.330739,54.67665,0.473,0
2023-05-24T20:16:27.339000,3.320812,54.619683,0.473,0
2023-05-24T20:16:28.282000,3.310903,54.562714,0.508,0
2023-05-24T20:16:29.226000,3.30101,54.505745,0.502,0
2023-05-24T20:16:30.169000,3.291134,54.448774,0.523,0
2023-05-24T20:16:31.113000,3.281274,54.391803,0.535,0
2023-05-24T20:16:32.056000,3.271431,54.334831,0.527,0
2023-05-24T20:16:32.999000,3.261603,54.277858,0.518,0
2023-05-24T20:16:33.943000,3.251792,54.220884,0.53,0
2023-05-24T20:16:34.886000,3.241997,54.163909,0.538,0
2023-05-24T20:16:35.830000,3.232219,54.106934,0.525,0
2023-05-24T20:16:36.773000,3.222456,54.049957,0.533,0
2023-05-24T20:16:37.717000,3.212709,53.99298,0.511,0
2023-05-24T20:16:38.660000,3.202977,53.936001,0.506,0
2023-05-24T20:16:39.604000,3.193262,53.879022,0.471,0
2023-05-24T20:16:40.547000,3.183562,53.822042,0.473,0
2023-05-24T20:16:41.490000,3.173878,53.765061,0.475,0
2023-05-24T20:16:42.434000,3.164209,53.708079,0.468,0
2023-05-24T20:16:43.377000,3.154556,53.651096,0.476,0
2023-05-24T20:16:44.321000,3.144918,53.594112,0.444,0
2023-05-24T20:16:45.264000,3.135295,53.537127,0.406,0
2023-05-24T20:16:46.208000,3.125688,53.480142,0.408,0
2023-05-24T20:16:47.151000,3.116096,53.423156,0.4,0
2023-05-24T20:16:48.094000,3.106518,53.366168,0.359,0
2023-05-24T20:16:49.038000,3.096956,53.30918,0.362,0
2023-05-24T20:16:49.981000,3.087409,53.252191,0.364,0
2023-05-24T20:16:50.925000,3.077876,53.195201,0.297,0
2023-05-24T20:16:51.868000,3.068359,53.13821,0.244,0
2023-05-24T20:16:52.812000,3.058856,53.081218,0.078,0
2023-05-24T20:16:53.755000,3.049368,53.024226,0.25,0
2023-05-24T20:16:54.699000,3.039894,52.967233,0.149,1
2023-05-24T20:16:55.642000,3.030435,52.910238,-0.039,1
2023-05-24T20:16:56.585000,3.02099,52.853243,0.113,0
2023-05-24T20:16:57.529000,3.01156,52.796247,0.095,0
2023-05-24T20:16:58.472000,3.002144,52.73925,0.066,0
2023-05-24T20:16:59.416000,2.992742,52.682252,0.005,0
2023-05-24T20:17:00.359000,2.983354,52.625253,-0.041,0
2023-05-24T20:17:01.303000,2.973981,52.568254,-0.103,0
2023-05-24T20:17:02.246000,2.964621,52.511253,-0.164,0
2023-05-24T20:17:03.189000,2.955276,52.454252,-0.151,0
2023-05-24T20:17:04.133000,2.945945,52.39725,-0.229,0
2023-05-24T20:17:05.076000,2.936627,52.340247,-0.3,0
2023-05-24T20:17:06.020000,2.927323,52.283243,-0.334,0
2023-05-24T20:17:06.963000,2.918033,52.226238,-0.411,0
2023-05-24T20:17:07.907000,2.908756,52.169232,-0.485,0
2023-05-24T20:17:08.850000,2.899493,52.112226,-0.565,0
2023-05-24T20:17:09.794000,2.890244,52.055219,-0.611,0
2023-05-24T20:17:10.737000,2.881008,51.99821,-0.655,0
2023-05-24T20:17:11.680000,2.871786,51.941201,-0.725,0
2023-05-24T20:17:12.624000,2.862577,51.884191,-0.747,0
2023-05-24T20:17:13.567000,2.853381,51.82718,-0.828,0
2023-05-24T20:17:14.511000,2.844198,51.770169,-0.854,0
2023-05-24T20:17:15.454000,2.835029,51.713156,-0.89,0
2023-05-24T20:17:16.398000,2.825873,51.656143,-0.951,0
2023-05-24T20:17:17.341000,2.816729,51.599128,-0.975,0
2023-05-24T20:17:18.284000,2.807599,51.542113,-1.051,0
2023-05-24T20:17:19.228000,2.798482,51.485097,-1.098,0
2023-05-24T20:17:20.171000,2.789377,51.428081,-1.127,0
2023-05-24T20:17:21.115000,2.780285,51.371063,-1.218,0
2023-05-24T20:17:22.058000,2.771207,51.314044,-1.243,1
2023-05-24T20:17:23.002000,2.76214,51.257025,-1.277,1
2023-05-26T20:14:10.461000,2.550012,55.964469,0.078,0
2023-05-26T20:14:11.405000,2.539684,55.907519,0.112,0
2023-05-26T20:14:12.348000,2.529376,55.850568,0.099,0
2023-05-26T20:14:13.292000,2.519086,55.793616,0.106,0
2023-05-26T20:14:14.235000,2.508814,55.736663,0.088,0
2023-05-26T20:14:15.179000,2.498561,55.679708,0.111,0
2023-05-26T20:14:16.122000,2.488326,55.622754,0.109,0
2023-05-26T20:14:17.065000,2.478109,55.565798,0.1,0
2023-05-26T20:14:18.009000,2.46791,55.508841,0.09,0
2023-05-26T20:14:18.952000,2.457729,55.451883,0.118,0
2023-05-26T20:14:19.896000,2.447567,55.394925,0.127,0
2023-05-26T20:14:20.839000,2.437422,55.337965,0.107,0
2023-05-26T20:14:21.783000,2.427295,55.281005,0.091,0
2023-05-26T20:14:22.726000,2.417185,55.224043,0.114,0
2023-05-26T20:14:23.670000,2.407093,55.167081,0.156,0
2023-05-26T20:14:24.613000,2.397019,55.110118,0.08,1
2023-05-26T20:14:25.556000,2.386962,55.053154,0.031,0
2023-05-26T20:14:26.500000,2.376922,54.996189,0.123,0
2023-05-26T20:14:27.443000,2.3669,54.939223,0.18,0
2023-05-26T20:14:28.387000,2.356894,54.882256,0.014,0
2023-05-26T20:14:29.330000,2.346906,54.825288,0.094,0
2023-05-26T20:14:30.274000,2.336935,54.76832,0.154,0
2023-05-26T20:14:31.217000,2.326981,54.71135,0.142,0
2023-05-26T20:14:32.160000,2.317043,54.65438,0.141,0
2023-05-26T20:14:33.104000,2.307122,54.597409,0.126,0
2023-05-26T20:14:34.047000,2.297218,54.540436,0.144,0
2023-05-26T20:14:43.482000,2.199074,53.970664,-0.071,0
2023-05-26T20:14:44.425000,2.189348,53.913682,-0.078,0
2023-05-26T20:14:45.369000,2.179638,53.856699,-0.06,0
2023-05-26T20:14:46.312000,2.169942,53.799715,-0.099,0
2023-05-26T20:14:47.255000,2.160263,53.74273,-0.142,0
2023-05-26T20:14:48.199000,2.150599,53.685745,-0.143,0
2023-05-26T20:14:49.142000,2.140951,53.628758,-0.18,0
2023-05-26T20:14:50.086000,2.131318,53.571771,-0.196,0
2023-05-26T20:14:51.029000,2.1217,53.514782,-0.25,0
2023-05-26T20:14:51.973000,2.112097,53.457793,-0.296,0
2023-05-26T20:14:52.916000,2.10251,53.400803,-0.331,0
2023-05-26T20:14:53.860000,2.092937,53.343812,-0.361,0
2023-05-26T20:14:54.803000,2.083379,53.28682,-0.393,0
2023-05-26T20:14:55.746000,2.073837,53.229828,-0.415,0
2023-05-26T20:14:56.690000,2.064309,53.172834,-0.464,0
2023-05-26T20:14:57.633000,2.054796,53.115839,-0.473,0
2023-05-26T20:14:58.577000,2.045298,53.058844,-0.529,0
2023-05-26T20:14:59.520000,2.035814,53.001848,-0.556,0
2023-05-26T20:15:00.464000,2.026345,52.944851,-0.596,0
2023-05-26T20:15:01.407000,2.01689,52.887853,-0.622,0
2023-05-26T20:15:02.350000,2.00745,52.830854,-0.674,0
2023-05-26T20:15:03.294000,1.998024,52.773854,-0.719,0
2023-05-26T20:15:04.237000,1.988613,52.716854,-0.749,0
2023-05-26T20:15:05.181000,1.979215,52.659852,-0.777,0
2023-05-26T20:15:06.124000,1.969832,52.60285,-0.794,0
2023-05-26T20:15:07.068000,1.960463,52.545847,-0.813,1
2023-05-26T20:15:08.011000,1.951108,52.488842,-0.8,1
2023-05-26T20:15:08.954000,1.941767,52.431838,-0.832,1
2023-05-26T20:15:09.898000,1.932439,52.374832,-0.834,1
2023-05-26T20:15:10.841000,1.923126,52.317825,-0.83,0
2023-05-26T20:15:11.785000,1.913826,52.260818,-0.813,0
2023-05-26T20:15:12.728000,1.904541,52.203809,-0.806,0
2023-05-26T20:15:13.672000,1.895268,52.1468,-0.84,0
2023-05-26T20:15:14.615000,1.88601,52.08979,-0.803,0
2023-05-26T20:15:15.559000,1.876764,52.032779,-0.829,0
2023-05-26T20:15:16.502000,1.867533,51.975767,-0.803,0
2023-05-26T20:15:17.445000,1.858314,51.918754,-0.838,0
2023-05-26T20:15:18.389000,1.849109,51.861741,-0.837,0
2023-05-26T20:15:19.332000,1.839918,51.804727,-0.84,0
2023-05-26T20:15:20.276000,1.830739,51.747711,-0.833,0
2023-05-26T20:15:21.219000,1.821574,51.690695,-0.837,0
2023-05-26T20:15:22.163000,1.812422,51.633678,-0.874,0
2023-05-26T20:15:23.106000,1.803282,51.57666,-0.869,0
2023-05-26T20:15:24.049000,1.794156,51.519642,-0.899,0
2023-05-26T20:15:24.993000,1.785043,51.462622,-0.912,0
2023-05-26T20:15:25.936000,1.775942,51.405602,-0.884,0
2023-05-26T20:15:26.880000,1.766855,51.348581,-0.91,0
2023-05-26T20:15:27.823000,1.75778,51.291559,-0.884,0
2023-05-26T20:15:28.767000,1.748717,51.234536,-0.914,0
2023-05-26T20:15:29.710000,1.739668,51.177512,-0.965,0
2023-05-26T20:15:30.654000,1.730631,51.120487,-1.021,0
2023-05-26T20:15:31.597000,1.721606,51.063462,-1.037,1
2023-05-26T20:15:32.540000,1.712594,51.006436,-1.083,1
2023-05-27T07:29:31.081000,7.626118,53.826012,-0.867,1
2023-05-27T07:29:32.024000,7.61642,53.882949,-0.814,1
2023-05-27T07:29:32.967000,7.606707,53.939886,-0.728,0
2023-05-27T07:29:33.911000,7.596978,53.996821,-0.72,0
2023-05-27T07:29:34.854000,7.587233,54.053756,-0.649,0
2023-05-27T07:29:35.798000,7.577473,54.11069,-0.624,0
2023-05-27T07:29:37.685000,7.557903,54.224556,-0.528,0
2023-05-27T07:29:38.628000,7.548095,54.281488,-0.514,0
2023-05-27T07:29:39.571000,7.53827,54.338418,-0.497,0
2023-05-27T07:29:40.515000,7.528429,54.395348,-0.487,0
2023-05-27T07:29:41.458000,7.518571,54.452278,-0.418,0
2023-05-27T07:29:42.402000,7.508697,54.509206,-0.394,0
2023-05-27T07:29:43.345000,7.498807,54.566133,-0.393,0
2023-05-27T07:29:44.289000,7.4889,54.62306,-0.332,0
2023-05-27T07:29:45.232000,7.478976,54.679986,-0.317,0
2023-05-27T07:29:46.176000,7.469035,54.736911,-0.314,0
2023-05-27T07:29:47.119000,7.459078,54.793835,-0.265,0
2023-05-27T07:29:48.062000,7.449104,54.850758,-0.244,0
2023-05-27T07:29:49.006000,7.439113,54.90768,-0.225,0
2023-05-27T07:29:49.949000,7.429104,54.964602,-0.216,0
2023-05-27T07:29:50.893000,7.419079,55.021523,-0.193,0
2023-05-27T07:29:51.836000,7.409036,55.078443,-0.107,0
2023-05-27T07:29:52.780000,7.398976,55.135362,-0.129,0
2023-05-27T07:29:53.723000,7.388899,55.19228,-0.08,0
2023-05-27T07:29:54.666000,7.378804,55.249197,-0.04,0
2023-05-27T07:29:55.610000,7.368691,55.306114,-0.14,0
2023-05-27T07:29:56.553000,7.358561,55.36303,-0.033,0
2023-05-27T07:29:57.497000,7.348413,55.419945,-0.092,0
2023-05-27T07:29:58.440000,7.338247,55.476859,-0.093,0
2023-05-27T07:29:59.384000,7.328063,55.533772,-0.049,0
2023-05-27T07:30:00.327000,7.317861,55.590684,-0.042,0
2023-05-27T07:30:01.271000,7.307641,55.647595,-0.084,0
2023-05-27T07:30:02.214000,7.297403,55.704506,-0.071,0
2023-05-27T07:30:03.157000,7.287146,55.761416,-0.075,0
2023-05-27T07:30:04.101000,7.276871,55.818325,-0.035,0
2023-05-27T07:30:05.044000,7.266578,55.875233,-0.051,0
2023-05-27T07:30:05.988000,7.256266,55.93214,-0.036,0
2023-05-28T20:12:16.226000,1.535842,55.938244,0.024,0
2023-05-28T20:12:17.170000,1.525522,55.88129,0.007,0
2023-05-28T20:12:18.113000,1.515221,55.824335,-0.01,0
2023-05-28T20:12:19.057000,1.504938,55.767379,-0.001,0
2023-05-28T20:12:20.000000,1.494674,55.710423,-0.034,0
2023-05-28T20:12:20.944000,1.484428,55.653465,-0.058,0
2023-05-28T20:12:21.887000,1.4742,55.596507,-0.058,0
2023-05-28T20:12:22.831000,1.463991,55.539548,-0.069,0
2023-05-28T20:12:23.774000,1.453799,55.482587,-0.071,0
2023-05-28T20:12:24.717000,1.443626,55.425626,-0.083,0
2023-05-28T20:12:25.661000,1.43347,55.368664,-0.084,0
2023-05-28T20:12:26.604000,1.423333,55.311701,-0.129,0
2023-05-28T20:12:27.548000,1.413213,55.254737,-0.116,0
2023-05-28T20:12:28.491000,1.40311,55.197773,-0.121,0
2023-05-28T20:12:29.435000,1.393026,55.140807,-0.141,0
2023-05-28T20:12:30.378000,1.382958,55.08384,-0.168,0
2023-05-28T20:12:31.321000,1.372908,55.026873,-0.164,0
2023-05-28T20:12:32.265000,1.362875,54.969904,-0.179,0
2023-05-28T20:12:33.208000,1.35286,54.912935,-0.19,0
2023-05-28T20:12:34.152000,1.342861,54.855965,-0.194,0
2023-05-28T20:12:35.095000,1.33288,54.798993,-0.208,0
2023-05-28T20:12:36.039000,1.322916,54.742021,-0.208,0
2023-05-28T20:12:36.982000,1.312968,54.685048,-0.224,0
2023-05-28T20:12:37.925000,1.303037,54.628074,-0.275,0
2023-05-28T20:12:38.869000,1.293123,54.5711,-0.258,0
2023-05-28T20:12:39.812000,1.283226,54.514124,-0.314,0
2023-05-28T20:12:40.756000,1.273345,54.457147,-0.359,0
2023-05-28T20:12:41.699000,1.26348,54.40017,-0.389,0
2023-05-28T20:12:42.643000,1.253632,54.343192,-0.429,0
2023-05-28T20:12:43.586000,1.2438,54.286212,-0.433,0
2023-05-28T20:12:44.530000,1.233985,54.229232,-0.472,0
2023-05-28T20:12:45.473000,1.224185,54.172251,-0.485,0
2023-05-28T20:12:46.416000,1.214402,54.115269,-0.557,0
2023-05-28T20:12:47.360000,1.204634,54.058287,-0.585,0
2023-05-28T20:12:48.303000,1.194883,54.001303,-0.618,0
2023-05-28T20:12:49.247000,1.185147,53.944318,-0.649,0
2023-05-28T20:12:50.190000,1.175427,53.887333,-0.674,0
2023-05-28T20:12:51.134000,1.165723,53.830347,-0.717,0
2023-05-28T20:12:52.077000,1.156034,53.773359,-0.801,0
2023-05-28T20:12:53.020000,1.146361,53.716371,-0.822,0
2023-05-28T20:12:53.964000,1.136703,53.659382,-0.834,0
2023-05-28T20:12:54.907000,1.127061,53.602392,-0.921,0
2023-05-28T20:12:55.851000,1.117434,53.545402,-0.919,0
2023-05-28T20:12:56.794000,1.107822,53.48841,-0.989,0
2023-05-28T20:12:57.738000,1.098225,53.431417,-0.993,0
2023-05-28T20:12:58.681000,1.088644,53.374424,-1.005,0
2023-05-28T20:12:59.625000,1.079077,53.31743,-1.039,0
2023-05-28T20:13:00.568000,1.069526,53.260435,-1.051,0
2023-05-28T20:13:01.511000,1.059989,53.203439,-1.038,0
2023-05-28T20:13:02.455000,1.050467,53.146442,-1.047,0
2023-05-28T20:13:03.398000,1.04096,53.089444,-1.071,1
2023-05-28T20:13:04.342000,1.031468,53.032445,-1.139,1
2023-05-28T20:13:41.136000,0.672011,50.808829,0.383,1
2023-05-28T20:13:42.079000,0.663053,50.751796,0.359,1
2023-05-28T20:13:43.023000,0.654107,50.694763,0.353,0
2023-05-28T20:13:43.966000,0.645174,50.637728,0.312,0
2023-05-28T20:13:44.910000,0.636252,50.580693,0.319,0
2023-05-28T20:13:45.853000,0.627343,50.523657,0.304,0
2023-05-28T20:13:46.796000,0.618445,50.46662,0.287,0
2023-05-28T20:13:47.740000,0.609559,50.409582,0.244,0
2023-05-28T20:13:48.683000,0.600685,50.352544,0.196,0
2023-05-28T20:13:49.627000,0.591823,50.295504,0.197,0
2023-05-28T20:13:50.570000,0.582973,50.238464,0.158,0
2023-05-28T20:13:51.514000,0.574134,50.181423,0.156,0
2023-05-28T20:13:52.457000,0.565307,50.124381,0.094,0
2023-05-28T20:13:53.400000,0.556491,50.067338,0.04,0
2023-05-28T20:13:54.344000,0.547687,50.010295,0.013,0
2023-05-28T20:13:55.287000,0.538895,49.953251,-0.058,1
2023-05-28T20:13:56.231000,0.530114,49.896205,-0.124,1
2023-05-29T07:27:34.015000,6.641338,53.676745,-0.226,1
2023-05-29T07:27:34.959000,6.63168,53.73369,-0.227,1
2023-05-29T07:27:35.902000,6.622007,53.790633,-0.226,0
2023-05-29T07:27:36.846000,6.612318,53.847577,-0.192,0
2023-05-29T07:27:37.789000,6.602614,53.904519,-0.184,0
2023-05-29T07:27:38.732000,6.592894,53.96146,-0.168,0
2023-05-29T07:27:39.676000,6.583158,54.018401,-0.131,0
2023-05-29T07:27:40.619000,6.573406,54.07534,-0.103,0
2023-05-29T07:27:41.563000,6.563638,54.132279,-0.091,0
2023-05-29T07:27:42.506000,6.553855,54.189218,-0.069,0
2023-05-29T07:27:43.450000,6.544055,54.246155,-0.049,0
2023-05-29T07:27:44.393000,6.53424,54.303091,-0.06,0
2023-05-29T07:27:45.337000,6.524408,54.360027,-0.049,0
2023-05-29T07:27:46.280000,6.514559,54.416962,-0.026,0
2023-05-29T07:27:47.223000,6.504695,54.473896,-0.014,0
2023-05-29T07:27:48.167000,6.494814,54.530829,0.013,0
2023-05-29T07:27:49.110000,6.484916,54.587761,0.023,0
2023-05-29T07:27:50.054000,6.475002,54.644693,0.006,0
2023-05-29T07:27:50.997000,6.465071,54.701623,0.016,0
2023-05-29T07:27:51.941000,6.455123,54.758553,0.011,0
2023-05-29T07:27:52.884000,6.445158,54.815482,0.058,0
2023-05-29T07:27:53.827000,6.435177,54.87241,0.019,0
2023-05-29T07:27:54.771000,6.425178,54.929338,0.036,0
2023-05-29T07:27:55.714000,6.415162,54.986264,0.043,0
2023-05-29T07:27:56.658000,6.405129,55.04319,0.032,0
2023-05-29T07:27:57.601000,6.395079,55.100114,0.017,0
2023-05-29T07:27:58.545000,6.385011,55.157038,0.075,0
2023-05-29T07:27:59.488000,6.374926,55.213961,0.075,0
2023-05-29T07:28:00.432000,6.364824,55.270884,0.037,0
2023-05-29T07:28:01.375000,6.354703,55.327805,0.051,0
2023-05-29T07:28:02.318000,6.344565,55.384726,0.025,0
2023-05-29T07:28:03.262000,6.33441,55.441645,0.042,0
2023-05-29T07:28:04.205000,6.324236,55.498564,0.049,0
2023-05-29T07:28:05.149000,6.314044,55.555482,0.035,0
2023-05-29T07:28:06.092000,6.303834,55.612399,0.025,0
2023-05-29T07:28:07.036000,6.293607,55.669316,0.005,0
2023-05-29T07:28:07.979000,6.28336,55.726231,0.003,0
2023-05-29T07:28:08.922000,6.273096,55.783146,-0.022,0
2023-05-29T07:28:09.866000,6.262813,55.840059,0.007,0
2023-05-29T07:28:10.809000,6.252511,55.896972,0.02,0
2023-05-29T07:28:11.753000,6.242191,55.953884,0.026,0
2023-05-30T20:10:21.048000,0.531071,55.964873,-0.384,0
2023-05-30T20:10:21.991000,0.520743,55.907917,-0.389,0
2023-05-30T20:10:22.935000,0.510433,55.85096,-0.409,0
2023-05-30T20:10:23.878000,0.500142,55.794002,-0.454,0
2023-05-30T20:10:24.822000,0.489869,55.737044,-0.449,0
2023-05-30T20:10:25.765000,0.479615,55.680084,-0.47,0
2023-05-30T20:10:26.709000,0.469379,55.623123,-0.514,0
2023-05-30T20:10:27.652000,0.459161,55.566162,-0.548,0
2023-05-30T20:10:28.596000,0.448961,55.509199,-0.565,0
2023-05-30T20:10:29.539000,0.43878,55.452236,-0.603,0
2023-05-30T20:10:30.482000,0.428616,55.395272,-0.66,0
2023-05-30T20:10:31.426000,0.41847,55.338307,-0.675,0
2023-05-30T20:10:32.369000,0.408342,55.281341,-0.699,0
2023-05-30T20:10:33.313000,0.398232,55.224374,-0.744,0
2023-05-30T20:10:34.256000,0.388139,55.167406,-0.764,0
2023-05-30T20:10:35.200000,0.378064,55.110437,-0.794,0
2023-05-30T20:10:36.143000,0.368006,55.053467,-0.827,0
2023-05-30T20:10:37.086000,0.357965,54.996497,-0.881,0
2023-05-30T20:10:38.030000,0.347942,54.939525,-0.898,0
2023-05-30T20:10:38.973000,0.337935,54.882553,-0.95,0
2023-05-30T20:10:39.917000,0.327946,54.825579,-0.973,0
2023-05-30T20:10:40.860000,0.317974,54.768605,-1.031,0
2023-05-30T20:10:41.804000,0.308019,54.71163,-1.071,0
2023-05-30T20:10:42.747000,0.29808,54.654654,-1.102,0
2023-05-30T20:10:43.691000,0.288159,54.597677,-1.157,0
2023-05-30T20:10:44.634000,0.278254,54.540699,-1.198,0
2023-05-30T20:10:45.577000,0.268365,54.483721,-1.232,0
2023-05-30T20:10:46.521000,0.258493,54.426741,-1.242,0
2023-05-30T20:10:47.464000,0.248638,54.369761,-1.297,0
2023-05-30T20:10:48.408000,0.238799,54.312779,-1.32,0
2023-05-30T20:10:49.351000,0.228976,54.255797,-1.373,0
2023-05-30T20:10:50.295000,0.219169,54.198814,-1.432,0
2023-05-30T20:10:51.238000,0.209378,54.14183,-1.46,0
2023-05-30T20:10:52.181000,0.199603,54.084845,-1.508,0
2023-05-30T20:10:53.125000,0.189845,54.027859,-1.551,0
2023-05-30T20:10:54.068000,0.180102,53.970872,-1.624,0
2023-05-30T20:10:55.012000,0.170375,53.913885,-1.653,0
2023-05-30T20:10:55.955000,0.160663,53.856896,-1.671,0
2023-05-30T20:10:56.899000,0.150968,53.799907,-1.737,1
2023-05-30T20:10:57.842000,0.141287,53.742917,-1.786,1
2023-05-30T20:11:47.844000,-0.351293,50.721205,1.615,1
2023-05-30T20:11:48.788000,-0.360232,50.664169,1.567,0
2023-05-30T20:11:49.731000,-0.369159,50.607132,1.531,0
2023-05-30T20:11:50.675000,-0.378074,50.550094,1.539,0
2023-05-30T20:11:51.618000,-0.386977,50.493055,1.456,0
2023-05-30T20:11:52.561000,-0.395868,50.436016,1.43,0
2023-05-30T20:11:53.505000,-0.404748,50.378975,1.399,0
2023-05-30T20:11:54.448000,-0.413615,50.321934,1.365,0
2023-05-30T20:11:55.392000,-0.422471,50.264892,1.305,0
2023-05-30T20:11:56.335000,-0.431315,50.207849,1.294,0
2023-05-30T20:11:57.279000,-0.440147,50.150806,1.276,0
2023-05-30T20:11:58.222000,-0.448967,50.093761,1.259,0
2023-05-30T20:11:59.165000,-0.457777,50.036716,1.217,0
2023-05-30T20:12:00.109000,-0.466574,49.97967,1.238,0
2023-05-30T20:12:01.052000,-0.47536,49.922623,1.208,0
2023-05-30T20:12:01.996000,-0.484135,49.865575,1.187,0
2023-05-30T20:12:02.939000,-0.492898,49.808526,1.177,0
2023-05-30T20:12:03.883000,-0.501651,49.751477,1.19,0
2023-05-31T07:25:36.950000,5.656643,53.53183,0.067,1
2023-05-31T07:25:37.893000,5.647025,53.588782,0.116,1
2023-05-31T07:25:38.837000,5.637391,53.645734,0.146,0
2023-05-31T07:25:39.780000,5.627742,53.702684,0.088,0
2023-05-31T07:25:40.724000,5.618078,53.759634,0.109,0
2023-05-31T07:25:41.667000,5.608398,53.816583,0.079,0
2023-05-31T07:25:42.611000,5.598702,53.873531,0.101,0
2023-05-31T07:25:43.554000,5.588991,53.930478,0.004,0
2023-05-31T07:25:44.498000,5.579264,53.987424,0.018,0
2023-05-31T07:25:45.441000,5.569522,54.04437,0.079,0
2023-05-31T07:25:46.384000,5.559763,54.101315,0.055,0
2023-05-31T07:25:47.328000,5.549988,54.158259,0.05,0
2023-05-31T07:25:48.271000,5.540198,54.215202,0.075,0
2023-05-31T07:25:49.215000,5.530391,54.272144,0.083,0
2023-05-31T07:25:50.158000,5.520568,54.329085,0.07,0
2023-05-31T07:25:51.102000,5.510729,54.386026,0.077,0
2023-05-31T07:25:52.045000,5.500874,54.442966,0.036,0
2023-05-31T07:25:52.988000,5.491002,54.499905,0.001,0
2023-05-31T07:25:53.932000,5.481114,54.556843,0.053,0
2023-05-31T07:25:54.875000,5.471209,54.61378,0.048,0
2023-05-31T07:25:55.819000,5.461287,54.670717,-0.014,0
2023-05-31T07:25:56.762000,5.451349,54.727652,0.011,0
2023-05-31T07:25:57.706000,5.441394,54.784587,0.041,0
2023-05-31T07:25:58.649000,5.431422,54.841521,-0.014,0
2023-05-31T07:25:59.593000,5.421433,54.898454,-0.047,0
2023-05-31T07:26:00.536000,5.411427,54.955387,0.019,0
2023-05-31T07:26:01.479000,5.401403,55.012318,0.015,0
2023-05-31T07:26:02.423000,5.391363,55.069249,-0.004,0
2023-05-31T07:26:03.366000,5.381305,55.126178,-0.063,0
2023-05-31T07:26:04.310000,5.37123,55.183107,0.044,0
2023-05-31T07:26:05.253000,5.361137,55.240035,0.065,0
2023-05-31T07:26:06.197000,5.351027,55.296963,-0.02,0
2023-05-31T07:26:07.140000,5.340899,55.353889,-0.09,0
2023-05-31T07:26:08.083000,5.330753,55.410815,-0.052,0
2023-05-31T07:26:09.027000,5.320589,55.467739,-0.128,0
2023-05-31T07:26:09.970000,5.310408,55.524663,0.091,0
2023-05-31T07:26:10.914000,5.300208,55.581586,-0.086,0
2023-05-31T07:26:11.857000,5.28999,55.638508,-0.081,0
2023-05-31T07:26:12.801000,5.279755,55.69543,-0.089,0
2023-05-31T07:26:13.744000,5.2695,55.75235,-0.166,0
2023-05-31T07:26:14.687000,5.259228,55.809269,-0.041,0
2023-05-31T07:26:15.631000,5.248936,55.866188,-0.088,0
2023-05-31T07:26:16.574000,5.238627,55.923106,-0.146,0
2023-05-31T07:26:17.518000,5.228298,55.980023,-0.069,0
2023-06-01T20:08:25.870000,-0.475187,55.986479,-1.03,0
2023-06-01T20:08:26.813000,-0.485521,55.929521,-1.062,0
2023-06-01T20:08:27.757000,-0.495836,55.872563,-1.088,0
2023-06-01T20:08:28.700000,-0.506132,55.815603,-1.128,0
2023-06-01T20:08:29.643000,-0.51641,55.758643,-1.169,0
2023-06-01T20:08:30.587000,-0.526669,55.701681,-1.205,0
2023-06-01T20:08:31.530000,-0.53691,55.644718,-1.231,0
2023-06-01T20:08:32.474000,-0.547133,55.587755,-1.274,0
2023-06-01T20:08:33.417000,-0.557338,55.530791,-1.317,0
2023-06-01T20:08:34.361000,-0.567524,55.473826,-1.352,0
2023-06-01T20:08:35.304000,-0.577693,55.41686,-1.395,0
2023-06-01T20:08:36.247000,-0.587844,55.359893,-1.424,0
2023-06-01T20:08:37.191000,-0.597977,55.302925,-1.451,0
2023-06-01T20:08:38.134000,-0.608092,55.245956,-1.482,0
2023-06-01T20:08:39.078000,-0.61819,55.188987,-1.519,0
2023-06-01T20:08:40.021000,-0.62827,55.132016,-1.552,0
2023-06-01T20:08:40.965000,-0.638333,55.075045,-1.622,0
2023-06-01T20:08:41.908000,-0.648378,55.018072,-1.603,0
2023-06-01T20:08:42.852000,-0.658406,54.961099,-1.64,0
2023-06-01T20:08:43.795000,-0.668417,54.904125,-1.68,0
2023-06-01T20:08:44.738000,-0.678411,54.84715,-1.744,0
2023-06-01T20:08:45.682000,-0.688388,54.790174,-1.788,0
2023-06-01T20:08:46.625000,-0.698348,54.733197,-1.802,0
2023-06-01T20:08:47.569000,-0.708291,54.676219,-1.82,1
2023-06-01T20:08:48.512000,-0.718217,54.619241,-1.876,1
2023-06-01T20:09:56.440000,-1.393622,50.514509,0.803,1
2023-06-01T20:09:57.383000,-1.402517,50.457468,0.79,0
2023-06-01T20:09:58.326000,-1.411399,50.400426,0.807,0
2023-06-01T20:09:59.270000,-1.420269,50.343384,0.847,0
2023-06-01T20:10:00.213000,-1.429128,50.28634,0.891,0
2023-06-01T20:10:01.157000,-1.437975,50.229296,0.92,0
2023-06-01T20:10:02.100000,-1.44681,50.172251,0.904,0
2023-06-01T20:10:03.044000,-1.455633,50.115205,0.952,0
2023-06-01T20:10:03.987000,-1.464445,50.058159,0.971,0
2023-06-01T20:10:04.931000,-1.473246,50.001111,1.013,0
2023-06-01T20:10:05.874000,-1.482035,49.944063,1.009,0
2023-06-01T20:10:06.817000,-1.490812,49.887014,1.063,0
2023-06-01T20:10:07.761000,-1.499579,49.829964,1.08,0
2023-06-01T20:10:08.704000,-1.508334,49.772913,1.08,1
2023-06-02T07:23:36.111000,4.709822,53.16486,0.031,1
2023-06-02T07:23:37.054000,4.700302,53.221823,0.09,1
2023-06-02T07:23:37.998000,4.690767,53.278785,0.146,1
2023-06-02T07:23:38.941000,4.681217,53.335747,0.189,0
2023-06-02T07:23:39.885000,4.671652,53.392707,0.208,0
2023-06-02T07:23:40.828000,4.662073,53.449666,0.244,0
2023-06-02T07:23:41.772000,4.652478,53.506625,0.268,0
2023-06-02T07:23:42.715000,4.642868,53.563583,0.302,0
2023-06-02T07:23:43.658000,4.633242,53.62054,0.287,0
2023-06-02T07:23:44.602000,4.623602,53.677497,0.282,0
2023-06-02T07:23:45.545000,4.613946,53.734452,0.298,0
2023-06-02T07:23:46.489000,4.604275,53.791407,0.32,0
2023-06-02T07:23:47.432000,4.594588,53.848361,0.301,0
2023-06-02T07:23:48.376000,4.584885,53.905314,0.3,0
2023-06-02T07:23:49.319000,4.575167,53.962266,0.272,0
2023-06-02T07:23:50.263000,4.565433,54.019217,0.257,0
2023-06-02T07:23:51.206000,4.555683,54.076168,0.285,0
2023-06-02T07:23:52.149000,4.545917,54.133118,0.244,0
2023-06-02T07:23:53.093000,4.536135,54.190067,0.28,0
2023-06-02T07:23:54.036000,4.526338,54.247015,0.225,0
2023-06-02T07:23:54.980000,4.516524,54.303962,0.251,0
2023-06-02T07:23:55.923000,4.506693,54.360908,0.201,0
2023-06-02T07:23:56.867000,4.496847,54.417854,0.22,0
2023-06-02T07:23:57.810000,4.486984,54.474799,0.218,0
2023-06-02T07:23:58.753000,4.477105,54.531743,0.203,0
2023-06-02T07:23:59.697000,4.467209,54.588686,0.165,0
2023-06-02T07:24:00.640000,4.457297,54.645628,0.139,0
2023-06-02T07:24:01.584000,4.447367,54.70257,0.134,0
2023-06-02T07:24:02.527000,4.437421,54.75951,0.111,0
2023-06-02T07:24:03.471000,4.427459,54.81645,0.088,0
2023-06-02T07:24:04.414000,4.417479,54.873389,0.082,0
2023-06-02T07:24:05.358000,4.407482,54.930327,0.064,0
2023-06-02T07:24:06.301000,4.397468,54.987264,0.046,0
2023-06-02T07:24:07.244000,4.387437,55.044201,0.038,0
2023-06-02T07:24:08.188000,4.377388,55.101136,0.033,0
2023-06-02T07:24:09.131000,4.367323,55.158071,0.028,0
2023-06-02T07:24:10.075000,4.357239,55.215005,0.007,0
2023-06-02T07:24:11.018000,4.347139,55.271938,-0.02,0
2023-06-02T07:24:11.962000,4.33702,55.328871,0.0,0
2023-06-02T07:24:12.905000,4.326884,55.385802,-0.038,0
2023-06-02T07:24:13.848000,4.31673,55.442732,-0.035,0
2023-06-02T07:24:14.792000,4.306558,55.499662,-0.073,0
2023-06-02T07:24:15.735000,4.296368,55.556591,-0.085,0
2023-06-02T07:24:16.679000,4.28616,55.613519,-0.091,0
2023-06-02T07:24:17.622000,4.275934,55.670446,-0.122,0
2023-06-02T07:24:18.566000,4.26569,55.727372,-0.131,0
2023-06-02T07:24:19.509000,4.255427,55.784298,-0.132,0
2023-06-02T07:24:20.453000,4.245146,55.841222,-0.148,0
2023-06-02T07:24:21.396000,4.234846,55.898146,-0.17,0
2023-06-02T07:24:22.339000,4.224528,55.955069,-0.172,0
2023-06-03T20:06:31.635000,-1.493299,55.944873,-1.786,0
2023-06-03T20:06:32.578000,-1.503616,55.887913,-1.844,0
2023-06-03T20:06:33.522000,-1.513915,55.830952,-1.828,0
2023-06-03T20:06:34.465000,-1.524195,55.773991,-1.847,0
2023-06-03T20:06:35.408000,-1.534457,55.717028,-1.871,1
2023-06-03T20:06:36.352000,-1.5447,55.660064,-1.969,1
2023-06-03T20:06:37.295000,-1.554925,55.6031,-1.944,1
2023-06-04T07:21:22.064000,3.891879,52.006754,-0.514,1
2023-06-04T07:21:23.007000,3.882648,52.063739,-0.483,1
2023-06-04T07:21:23.951000,3.873402,52.120722,-0.405,0
2023-06-04T07:21:24.894000,3.864144,52.177705,-0.32,0
2023-06-04T07:21:25.838000,3.854872,52.234687,-0.258,0
2023-06-04T07:21:26.781000,3.845586,52.291669,-0.203,0
2023-06-04T07:21:27.724000,3.836286,52.348649,-0.154,0
2023-06-04T07:21:28.668000,3.826972,52.405629,-0.074,0
2023-06-04T07:21:29.611000,3.817645,52.462608,-0.021,0
2023-06-04T07:21:30.555000,3.808304,52.519586,0.027,0
2023-06-04T07:21:31.498000,3.798949,52.576563,0.079,0
2023-06-04T07:21:32.442000,3.78958,52.63354,0.135,0
2023-06-04T07:21:33.385000,3.780196,52.690515,0.203,0
2023-06-04T07:21:34.329000,3.770799,52.74749,0.237,0
2023-06-04T07:21:35.272000,3.761387,52.804464,0.286,0
2023-06-04T07:21:36.215000,3.751961,52.861438,0.331,0
2023-06-04T07:21:37.159000,3.74252,52.91841,0.395,0
2023-06-04T07:21:38.102000,3.733066,52.975382,0.451,0
2023-06-04T07:21:39.046000,3.723596,53.032353,0.477,0
2023-06-04T07:21:39.989000,3.714112,53.089323,0.506,0
2023-06-04T07:21:40.933000,3.704614,53.146292,0.549,0
2023-06-04T07:21:41.876000,3.6951,53.20326,0.568,0
2023-06-04T07:21:42.819000,3.685572,53.260228,0.604,0
2023-06-04T07:21:43.763000,3.676029,53.317195,0.643,0
2023-06-04T07:21:44.706000,3.666471,53.374161,0.65,0
2023-06-04T07:21:45.650000,3.656898,53.431126,0.664,0
2023-06-04T07:21:46.593000,3.64731,53.488091,0.668,0
2023-06-04T07:21:47.537000,3.637707,53.545054,0.714,0
2023-06-04T07:21:48.480000,3.628089,53.602017,0.696,0
2023-06-04T07:21:49.424000,3.618455,53.658979,0.722,0
2023-06-04T07:21:50.367000,3.608806,53.71594,0.693,0
2023-06-04T07:21:51.310000,3.599142,53.772901,0.686,0
2023-06-04T07:21:52.254000,3.589462,53.82986,0.682,0
2023-06-04T07:21:53.197000,3.579767,53.886819,0.674,0
2023-06-04T07:21:54.141000,3.570056,53.943777,0.663,0
2023-06-04T07:21:55.084000,3.560329,54.000734,0.633,0
2023-06-04T07:21:56.028000,3.550586,54.05769,0.632,0
2023-06-04T07:21:56.971000,3.540827,54.114646,0.6,0
2023-06-04T07:21:57.914000,3.531053,54.1716,0.563,0
2023-06-04T07:21:58.858000,3.521262,54.228554,0.543,0
2023-06-04T07:21:59.801000,3.511456,54.285507,0.525,0
2023-06-04T07:22:00.745000,3.501633,54.342459,0.507,0
2023-06-04T07:22:01.688000,3.491794,54.39941,0.485,0
2023-06-04T07:22:02.632000,3.481938,54.456361,0.449,0
2023-06-04T07:22:03.575000,3.472066,54.513311,0.421,0
2023-06-04T07:22:04.519000,3.462178,54.570259,0.434,0
2023-06-04T07:22:05.462000,3.452273,54.627207,0.377,0
2023-06-04T07:22:06.405000,3.442351,54.684154,0.356,0
2023-06-04T07:22:07.349000,3.432413,54.741101,0.338,0
2023-06-04T07:22:08.292000,3.422458,54.798046,0.304,0
2023-06-04T07:22:09.236000,3.412485,54.854991,0.292,0
2023-06-04T07:22:10.179000,3.402496,54.911935,0.291,0
2023-06-04T07:22:11.123000,3.39249,54.968878,0.232,0
2023-06-04T07:22:12.066000,3.382467,55.02582,0.224,0
2023-06-04T07:22:13.009000,3.372426,55.082761,0.189,0
2023-06-04T07:22:13.953000,3.362368,55.139702,0.163,0
2023-06-04T07:22:14.896000,3.352292,55.196641,0.151,0
2023-06-04T07:22:15.840000,3.342199,55.25358,0.113,0
2023-06-04T07:22:16.783000,3.332089,55.310518,0.107,0
2023-06-04T07:22:17.727000,3.32196,55.367455,0.077,0
2023-06-04T07:22:18.670000,3.311814,55.424391,0.06,0
2023-06-04T07:22:19.614000,3.301651,55.481326,0.065,0
2023-06-04T07:22:20.557000,3.291469,55.538261,0.04,0
2023-06-04T07:22:21.500000,3.281269,55.595194,0.027,0
2023-06-04T07:22:22.444000,3.271051,55.652127,-0.021,0
2023-06-04T07:22:23.387000,3.260814,55.709059,-0.02,0
2023-06-04T07:22:24.331000,3.25056,55.76599,-0.034,0
2023-06-04T07:22:25.274000,3.240287,55.822921,-0.058,0
2023-06-04T07:22:26.218000,3.229995,55.87985,-0.068,0
2023-06-04T07:22:27.161000,3.219685,55.936778,-0.059,0
2023-06-06T07:19:16.508000,2.985468,51.368653,-1.71,1
2023-06-06T07:19:17.451000,2.976383,51.425651,-1.669,0
2023-06-06T07:19:19.338000,2.958176,51.539646,-1.503,0
2023-06-06T07:19:20.281000,2.949053,51.596642,-1.397,0
2023-06-06T07:19:21.225000,2.939917,51.653638,-1.294,0
2023-06-06T07:19:22.168000,2.930768,51.710632,-1.222,0
2023-06-06T07:19:23.112000,2.921606,51.767626,-1.106,0
2023-06-06T07:19:24.055000,2.912431,51.824619,-1.022,0
2023-06-06T07:19:24.999000,2.903242,51.881611,-0.89,0
2023-06-06T07:19:25.942000,2.894041,51.938603,-0.792,0
2023-06-06T07:19:26.885000,2.884826,51.995593,-0.688,0
2023-06-06T07:19:27.829000,2.875597,52.052583,-0.58,0
2023-06-06T07:19:28.772000,2.866355,52.109572,-0.462,0
2023-06-06T07:19:29.716000,2.8571,52.166561,-0.371,0
2023-06-06T07:19:30.659000,2.847831,52.223548,-0.285,0
2023-06-06T07:19:31.603000,2.838548,52.280535,-0.172,0
2023-06-06T07:19:32.546000,2.829252,52.337521,-0.105,0
2023-06-06T07:19:33.490000,2.819941,52.394506,-0.0,0
2023-06-06T07:19:34.433000,2.810617,52.45149,0.082,0
2023-06-06T07:19:35.376000,2.801279,52.508474,0.184,0
2023-06-06T07:19:36.320000,2.791928,52.565457,0.284,0
2023-06-06T07:19:37.263000,2.782562,52.622438,0.358,0
2023-06-06T07:19:38.207000,2.773182,52.67942,0.428,0
2023-06-06T07:19:39.150000,2.763787,52.7364,0.5,0
2023-06-06T07:19:40.094000,2.754379,52.79338,0.548,0
2023-06-06T07:19:41.037000,2.744956,52.850358,0.614,0
2023-06-06T07:19:41.980000,2.735519,52.907336,0.671,0
2023-06-06T07:19:42.924000,2.726068,52.964313,0.731,0
2023-06-06T07:19:43.867000,2.716602,53.021289,0.787,0
2023-06-06T07:19:44.811000,2.707121,53.078265,0.855,0
2023-06-06T07:19:45.754000,2.697626,53.13524,0.865,0
2023-06-06T07:19:46.698000,2.688116,53.192214,0.913,0
2023-06-06T07:19:47.641000,2.678592,53.249187,0.951,0
2023-06-06T07:19:48.585000,2.669052,53.306159,0.978,0
2023-06-06T07:19:49.528000,2.659498,53.36313,1.028,0
2023-06-06T07:19:50.471000,2.649928,53.420101,1.053,0
2023-06-06T07:19:51.415000,2.640344,53.477071,1.078,0
2023-06-06T07:19:52.358000,2.630744,53.53404,1.074,0
2023-06-06T07:19:53.302000,2.621129,53.591008,1.112,0
2023-06-06T07:19:54.245000,2.611499,53.647975,1.118,0
2023-06-06T07:19:55.189000,2.601854,53.704942,1.147,0
2023-06-06T07:19:56.132000,2.592193,53.761908,1.149,0
2023-06-06T07:19:57.075000,2.582517,53.818873,1.18,0
2023-06-06T07:19:58.019000,2.572825,53.875837,1.178,0
2023-06-06T07:19:58.962000,2.563118,53.9328,1.164,0
2023-06-06T07:19:59.906000,2.553395,53.989763,1.155,0
2023-06-06T07:20:00.849000,2.543655,54.046724,1.158,0
2023-06-06T07:20:01.793000,2.533901,54.103685,1.144,0
2023-06-06T07:20:02.736000,2.52413,54.160645,1.109,0
2023-06-06T07:20:03.680000,2.514343,54.217604,1.098,0
2023-06-06T07:20:04.623000,2.50454,54.274563,1.096,0
2023-06-06T07:20:05.566000,2.494721,54.33152,1.052,0
2023-06-06T07:20:06.510000,2.484886,54.388477,1.052,0
2023-06-06T07:20:07.453000,2.475034,54.445433,1.024,0
2023-06-06T07:20:08.397000,2.465166,54.502388,1.001,0
2023-06-06T07:20:09.340000,2.455281,54.559342,0.978,0
2023-06-06T07:20:10.284000,2.44538,54.616295,0.955,0
2023-06-06T07:20:11.227000,2.435462,54.673248,0.91,0
2023-06-06T07:20:12.170000,2.425528,54.730199,0.873,0
2023-06-06T07:20:13.114000,2.415576,54.78715,0.835,0
2023-06-06T07:20:14.057000,2.405608,54.8441,0.799,0
2023-06-06T07:20:15.001000,2.395623,54.901049,0.764,0
2023-06-06T07:20:15.944000,2.38562,54.957998,0.703,0
2023-06-06T07:20:16.888000,2.375601,55.014945,0.656,0
2023-06-06T07:20:17.831000,2.365564,55.071892,0.624,0
2023-06-06T07:20:18.775000,2.35551,55.128838,0.607,0
2023-06-06T07:20:19.718000,2.345439,55.185783,0.552,0
2023-06-06T07:20:20.661000,2.33535,55.242727,0.515,0
2023-06-06T07:20:21.605000,2.325243,55.29967,0.487,0
2023-06-06T07:20:22.548000,2.315119,55.356612,0.444,0
2023-06-06T07:20:23.492000,2.304977,55.413554,0.419,0
2023-06-06T07:20:24.435000,2.294817,55.470495,0.369,0
2023-06-06T07:20:25.379000,2.284639,55.527435,0.349,0
2023-06-06T07:20:26.322000,2.274443,55.584374,0.315,0
2023-06-06T07:20:27.265000,2.264229,55.641312,0.304,0
2023-06-06T07:20:28.209000,2.253997,55.698249,0.267,0
2023-06-06T07:20:29.152000,2.243747,55.755185,0.282,0
2023-06-06T07:20:30.096000,2.233478,55.812121,0.243,0
2023-06-06T07:20:31.039000,2.223191,55.869056,0.212,0
2023-06-06T07:20:31.983000,2.212885,55.92599,0.184,0
2023-06-06T07:20:32.926000,2.20256,55.982923,0.16,0
2023-06-08T07:17:16.612000,2.021992,51.080883,-1.56,1
2023-06-08T07:17:18.499000,2.003935,51.194898,-1.408,0
2023-06-08T07:17:19.442000,1.994888,51.251903,-1.354,0
2023-06-08T07:17:20.386000,1.985829,51.308909,-1.322,0
2023-06-08T07:17:21.329000,1.976756,51.365913,-1.259,0
2023-06-08T07:17:22.273000,1.967671,51.422917,-1.228,0
2023-06-08T07:17:23.216000,1.958573,51.47992,-1.153,0
2023-06-08T07:17:24.160000,1.949462,51.536921,-1.159,0
2023-06-08T07:17:25.103000,1.940339,51.593923,-1.094,0
2023-06-08T07:17:26.046000,1.931202,51.650923,-1.078,0
2023-06-08T07:17:26.990000,1.922052,51.707923,-1.039,0
2023-06-08T07:17:27.933000,1.91289,51.764922,-1.0,0
2023-06-08T07:17:28.877000,1.903714,51.82192,-0.946,0
2023-06-08T07:17:29.820000,1.894524,51.878917,-0.903,0
2023-06-08T07:17:30.764000,1.885322,51.935914,-0.896,0
2023-06-08T07:17:31.707000,1.876106,51.992909,-0.858,0
2023-06-08T07:17:32.651000,1.866877,52.049904,-0.852,0
2023-06-08T07:17:33.594000,1.857634,52.106898,-0.776,0
2023-06-08T07:17:34.537000,1.848378,52.163892,-0.744,0
2023-06-08T07:17:35.481000,1.839108,52.220884,-0.709,1
2023-06-08T07:17:36.424000,1.829825,52.277876,-0.67,1
2023-06-08T07:17:37.368000,1.820528,52.334867,-0.606,1
2023-06-08T07:17:38.311000,1.811217,52.391857,-0.573,1
2023-06-08T07:17:44.915000,1.74565,52.790766,0.389,1
2023-06-08T07:17:45.859000,1.736226,52.847749,0.479,1
2023-06-08T07:17:46.802000,1.726788,52.904732,0.591,0
2023-06-08T07:17:47.746000,1.717336,52.961714,0.694,0
2023-06-08T07:17:48.689000,1.707869,53.018696,0.779,0
2023-06-08T07:17:49.632000,1.698388,53.075676,0.804,0
2023-06-08T07:17:50.576000,1.688892,53.132656,0.853,0
2023-06-08T07:17:51.519000,1.679382,53.189635,0.931,0
2023-06-08T07:17:52.463000,1.669856,53.246613,0.974,0
2023-06-08T07:17:53.406000,1.660316,53.30359,1.004,0
2023-06-08T07:17:54.350000,1.650761,53.360567,1.048,0
2023-06-08T07:17:55.293000,1.641191,53.417542,1.061,0
2023-06-08T07:17:56.236000,1.631605,53.474517,1.146,0
2023-06-08T07:17:57.180000,1.622005,53.531491,1.15,0
2023-06-08T07:17:58.123000,1.61239,53.588464,1.19,0
2023-06-08T07:17:59.067000,1.602759,53.645437,1.211,0
2023-06-08T07:18:00.010000,1.593113,53.702408,1.242,0
2023-06-08T07:18:00.954000,1.583451,53.759379,1.278,0
2023-06-08T07:18:01.897000,1.573774,53.816349,1.304,0
2023-06-08T07:18:02.840000,1.564081,53.873318,1.286,0
2023-06-08T07:18:03.784000,1.554373,53.930286,1.299,0
2023-06-08T07:18:04.727000,1.544649,53.987254,1.32,0
2023-06-08T07:18:05.671000,1.534909,54.04422,1.309,0
2023-06-08T07:18:06.614000,1.525154,54.101186,1.324,0
2023-06-08T07:18:07.558000,1.515382,54.158151,1.311,0
2023-06-08T07:18:08.501000,1.505595,54.215115,1.331,0
2023-06-08T07:18:09.445000,1.495791,54.272078,1.337,0
2023-06-08T07:18:10.388000,1.485971,54.329041,1.323,0
2023-06-08T07:18:11.331000,1.476135,54.386002,1.311,0
2023-06-08T07:18:12.275000,1.466282,54.442963,1.304,0
2023-06-08T07:18:13.218000,1.456414,54.499923,1.275,0
2023-06-08T07:18:14.162000,1.446528,54.556882,1.286,0
2023-06-08T07:18:15.105000,1.436626,54.613841,1.262,0
2023-06-08T07:18:16.049000,1.426708,54.670798,1.271,0
2023-06-08T07:18:16.992000,1.416772,54.727755,1.265,0
2023-06-08T07:18:17.935000,1.40682,54.784711,1.242,0
2023-06-08T07:18:18.879000,1.396851,54.841665,1.228,0
2023-06-08T07:18:19.822000,1.386865,54.89862,1.214,0
2023-06-08T07:18:20.766000,1.376862,54.955573,1.165,0
2023-06-08T07:18:21.709000,1.366842,55.012525,1.151,0
2023-06-08T07:18:22.653000,1.356804,55.069477,1.132,0
2023-06-08T07:18:23.596000,1.346749,55.126428,1.1,0
2023-06-08T07:18:24.540000,1.336677,55.183377,1.089,0
2023-06-08T07:18:25.483000,1.326587,55.240327,1.037,0
2023-06-08T07:18:26.426000,1.31648,55.297275,1.027,0
2023-06-08T07:18:27.370000,1.306355,55.354222,1.002,0
2023-06-08T07:18:28.313000,1.296212,55.411168,0.953,0
2023-06-08T07:18:29.257000,1.286051,55.468114,0.924,0
2023-06-08T07:18:30.200000,1.275873,55.525059,0.903,0
2023-06-08T07:18:31.144000,1.265676,55.582003,0.859,0
2023-06-08T07:18:32.087000,1.255461,55.638946,0.821,0
2023-06-08T07:18:33.030000,1.245228,55.695888,0.801,0
2023-06-08T07:18:33.974000,1.234977,55.752829,0.768,0
2023-06-08T07:18:34.917000,1.224707,55.80977,0.77,0
2023-06-08T07:18:35.861000,1.214419,55.866709,0.747,0
2023-06-08T07:18:36.804000,1.204112,55.923648,0.682,0
2023-06-08T07:18:37.748000,1.193787,55.980586,0.666,0
2023-06-08T19:12:16.579000,8.305894,55.335807,-0.103,1
2023-06-08T19:12:17.523000,8.295773,55.278837,-0.125,1
2023-06-08T19:12:18.466000,8.28567,55.221867,-0.15,1
2023-06-08T19:12:19.410000,8.275584,55.164895,-0.215,1
2023-06-08T19:12:20.353000,8.265516,55.107923,-0.249,1
2023-06-08T19:12:21.297000,8.255465,55.05095,-0.304,1
2023-06-08T19:12:22.240000,8.245432,54.993976,-0.348,1
2023-06-08T19:12:23.183000,8.235415,54.937001,-0.408,1
2023-06-08T19:12:26.014000,8.205469,54.766071,-0.514,1
2023-06-08T19:12:26.957000,8.19552,54.709093,-0.596,1
2023-06-08T19:12:28.844000,8.175674,54.595134,-0.708,1
2023-06-08T19:12:29.787000,8.165776,54.538153,-0.804,0
2023-06-08T19:12:30.731000,8.155895,54.481171,-0.889,0
2023-06-08T19:12:31.674000,8.146029,54.424188,-0.962,0
2023-06-08T19:12:32.618000,8.136181,54.367205,-1.007,0
2023-06-08T19:12:33.561000,8.126348,54.310221,-1.04,0
2023-06-08T19:12:34.505000,8.116532,54.253235,-1.105,0
2023-06-08T19:12:35.448000,8.106732,54.196249,-1.13,1
2023-06-08T19:12:36.392000,8.096948,54.139262,-1.156,1
2023-06-08T19:12:37.335000,8.08718,54.082274,-1.208,0
2023-06-08T19:12:38.278000,8.077428,54.025286,-1.24,0
2023-06-08T19:12:39.222000,8.067692,53.968296,-1.281,0
2023-06-08T19:12:40.165000,8.057972,53.911306,-1.331,0
2023-06-08T19:12:41.109000,8.048267,53.854314,-1.332,1
2023-06-10T07:15:05.395000,1.164147,50.117441,-0.796,1
2023-06-10T07:15:06.339000,1.155327,50.174466,-0.723,0
2023-06-10T07:15:07.282000,1.146494,50.23149,-0.746,0
2023-06-10T07:15:08.226000,1.137651,50.288514,-0.654,0
2023-06-10T07:15:09.169000,1.128795,50.345537,-0.613,0
2023-06-10T07:15:10.112000,1.119928,50.402559,-0.574,0
2023-06-10T07:15:11.056000,1.111049,50.459581,-0.538,0
2023-06-10T07:15:11.999000,1.102158,50.516602,-0.461,0
2023-06-10T07:15:12.943000,1.093255,50.573621,-0.497,0
2023-06-10T07:15:13.886000,1.08434,50.630641,-0.485,0
2023-06-10T07:15:14.830000,1.075413,50.687659,-0.353,0
2023-06-10T07:15:15.773000,1.066474,50.744676,-0.33,0
2023-06-10T07:15:16.717000,1.057523,50.801693,-0.261,1
2023-06-10T07:15:17.660000,1.048559,50.858709,-0.251,1
2023-06-10T07:15:28.038000,0.949141,51.485834,0.706,1
2023-06-10T07:15:54.454000,0.688858,53.081719,-0.162,1
2023-06-10T07:15:55.397000,0.679359,53.138703,-0.103,0
2023-06-10T07:15:56.341000,0.669845,53.195686,-0.045,0
2023-06-10T07:15:57.284000,0.660315,53.252669,0.096,0
2023-06-10T07:15:58.228000,0.650771,53.309651,0.184,0
2023-06-10T07:15:59.171000,0.641213,53.366631,0.257,0
2023-06-10T07:16:00.115000,0.631639,53.423612,0.394,0
2023-06-10T07:16:01.058000,0.62205,53.480591,0.359,0
2023-06-10T07:16:02.001000,0.612446,53.537569,0.408,0
2023-06-10T07:16:02.945000,0.602826,53.594547,0.494,0
2023-06-10T07:16:03.888000,0.593192,53.651524,0.52,0
2023-06-10T07:16:04.832000,0.583542,53.7085,0.617,0
2023-06-10T07:16:05.775000,0.573876,53.765475,0.702,0
2023-06-10T07:16:06.719000,0.564195,53.82245,0.737,0
2023-06-10T07:16:07.662000,0.554499,53.879423,0.778,0
2023-06-10T07:16:08.606000,0.544787,53.936396,0.82,0
2023-06-10T07:16:09.549000,0.535059,53.993368,0.831,0
2023-06-10T07:16:10.492000,0.525315,54.050339,0.852,0
2023-06-10T07:16:11.436000,0.515556,54.107309,0.866,0
2023-06-10T07:16:12.379000,0.50578,54.164279,0.912,0
2023-06-10T07:16:13.323000,0.495989,54.221247,0.908,0
2023-06-10T07:16:14.266000,0.486181,54.278215,0.927,0
2023-06-10T07:16:15.210000,0.476357,54.335182,0.976,0
2023-06-10T07:16:16.153000,0.466517,54.392148,0.974,0
2023-06-10T07:16:17.096000,0.45666,54.449113,0.978,0
2023-06-10T07:16:18.040000,0.446788,54.506078,0.978,0
2023-06-10T07:16:18.983000,0.436898,54.563041,0.99,0
2023-06-10T07:16:19.927000,0.426992,54.620004,1.003,0
2023-06-10T07:16:20.870000,0.417069,54.676966,1.029,0
2023-06-10T07:16:21.814000,0.40713,54.733927,1.024,0
2023-06-10T07:16:22.757000,0.397174,54.790887,1.045,0
2023-06-10T07:16:23.701000,0.3872,54.847847,1.061,0
2023-06-10T07:16:24.644000,0.37721,54.904805,1.074,0
2023-06-10T07:16:25.587000,0.367203,54.961763,1.083,0
2023-06-10T07:16:26.531000,0.357178,55.01872,1.068,0
2023-06-10T07:16:27.474000,0.347137,55.075676,1.061,0
2023-06-10T07:16:28.418000,0.337077,55.132631,1.096,0
2023-06-10T07:16:29.361000,0.327001,55.189585,1.087,0
2023-06-10T07:16:30.305000,0.316907,55.246538,1.094,0
2023-06-10T07:16:31.248000,0.306795,55.303491,1.119,0
2023-06-10T07:16:32.191000,0.296666,55.360443,1.08,0
2023-06-10T07:16:33.135000,0.286519,55.417394,1.104,0
2023-06-10T07:16:34.078000,0.276354,55.474344,1.099,0
2023-06-10T07:16:35.022000,0.266171,55.531293,1.085,0
2023-06-10T07:16:35.965000,0.25597,55.588241,1.076,0
2023-06-10T07:16:36.909000,0.245751,55.645189,1.102,0
2023-06-10T07:16:37.852000,0.235513,55.702135,1.071,0
2023-06-10T07:16:38.796000,0.225258,55.759081,1.094,0
2023-06-10T07:16:39.739000,0.214984,55.816026,1.084,0
2023-06-10T07:16:40.682000,0.204691,55.87297,1.057,0
2023-06-10T07:16:41.626000,0.19438,55.929913,1.051,0
2023-06-10T19:10:11.023000,7.410013,55.951823,0.288,0
2023-06-10T19:10:11.967000,7.399694,55.894864,0.293,0
2023-06-10T19:10:12.910000,7.389393,55.837905,0.284,0
2023-06-10T19:10:13.853000,7.379111,55.780944,0.303,0
2023-06-10T19:10:14.797000,7.368847,55.723983,0.304,0
2023-06-10T19:10:15.740000,7.358602,55.66702,0.312,0
2023-06-10T19:10:16.684000,7.348375,55.610057,0.324,0
2023-06-10T19:10:17.627000,7.338166,55.553093,0.327,0
2023-06-10T19:10:18.571000,7.327975,55.496128,0.337,0
2023-06-10T19:10:19.514000,7.317802,55.439162,0.311,0
2023-06-10T19:10:20.458000,7.307647,55.382195,0.314,0
2023-06-10T19:10:21.401000,7.29751,55.325228,0.28,0
2023-06-10T19:10:22.344000,7.287391,55.268259,0.273,0
2023-06-10T19:10:23.288000,7.277289,55.21129,0.237,0
2023-06-10T19:10:24.231000,7.267205,55.154319,0.223,0
2023-06-10T19:10:25.175000,7.257138,55.097348,0.214,0
2023-06-10T19:10:26.118000,7.247089,55.040376,0.197,0
2023-06-10T19:10:27.062000,7.237057,54.983403,0.172,0
2023-06-10T19:10:28.005000,7.227042,54.926429,0.156,0
2023-06-10T19:10:28.948000,7.217044,54.869455,0.113,0
2023-06-10T19:10:29.892000,7.207063,54.812479,0.076,0
2023-06-10T19:10:30.835000,7.1971,54.755503,0.061,0
2023-06-10T19:10:31.779000,7.187153,54.698526,0.012,0
2023-06-10T19:10:32.722000,7.177223,54.641548,-0.008,0
2023-06-10T19:10:33.666000,7.167309,54.584569,-0.04,0
2023-06-10T19:10:34.609000,7.157413,54.527589,-0.071,0
2023-06-10T19:10:35.553000,7.147533,54.470608,-0.118,0
2023-06-10T19:10:36.496000,7.137669,54.413627,-0.181,0
2023-06-10T19:10:37.439000,7.127821,54.356644,-0.215,0
2023-06-10T19:10:38.383000,7.11799,54.299661,-0.259,0
2023-06-10T19:10:39.326000,7.108176,54.242677,-0.281,0
2023-06-10T19:10:40.270000,7.098377,54.185692,-0.327,0
2023-06-10T19:10:41.213000,7.088594,54.128706,-0.379,0
2023-06-10T19:10:42.157000,7.078828,54.071719,-0.411,0
2023-06-10T19:10:43.100000,7.069077,54.014731,-0.45,0
2023-06-10T19:10:44.043000,7.059342,53.957743,-0.509,0
2023-06-10T19:10:44.987000,7.049623,53.900754,-0.572,0
2023-06-10T19:10:45.930000,7.03992,53.843764,-0.567,0
2023-06-10T19:10:46.874000,7.030232,53.786773,-0.638,1
2023-06-10T19:10:47.817000,7.02056,53.729781,-0.682,1
2023-06-12T07:13:05.500000,0.198749,49.847101,1.012,1
2023-06-12T07:13:06.443000,0.189982,49.904134,1.034,0
2023-06-12T07:13:07.387000,0.181204,49.961167,1.093,0
2023-06-12T07:13:08.330000,0.172414,50.018199,1.138,0
2023-06-12T07:13:10.217000,0.1548,50.13226,1.263,0
2023-06-12T07:13:11.160000,0.145975,50.18929,1.293,0
2023-06-12T07:13:12.104000,0.137139,50.246318,1.316,0
2023-06-12T07:13:13.047000,0.128292,50.303346,1.369,0
2023-06-12T07:13:13.991000,0.119432,50.360373,1.388,0
2023-06-12T07:13:14.934000,0.110561,50.4174,1.42,0
2023-06-12T07:13:15.877000,0.101678,50.474426,1.452,0
2023-06-12T07:13:16.821000,0.092783,50.53145,1.481,0
2023-06-12T07:13:17.764000,0.083876,50.588474,1.458,0
2023-06-12T07:13:18.708000,0.074957,50.645498,1.517,1
2023-06-12T07:13:19.651000,0.066026,50.70252,1.561,1
2023-06-12T07:14:24.748000,-0.582724,54.635146,0.031,1
2023-06-12T07:14:25.692000,-0.592653,54.692111,0.051,1
2023-06-12T07:14:26.635000,-0.602598,54.749076,0.12,0
2023-06-12T07:14:27.579000,-0.612559,54.806041,0.108,0
2023-06-12T07:14:28.522000,-0.622538,54.863004,0.156,0
2023-06-12T07:14:29.466000,-0.632534,54.919966,0.18,0
2023-06-12T07:14:30.409000,-0.642547,54.976928,0.197,0
2023-06-12T07:14:31.352000,-0.652577,55.033889,0.213,0
2023-06-12T07:14:32.296000,-0.662625,55.090848,0.26,0
2023-06-12T07:14:33.239000,-0.67269,55.147808,0.274,0
2023-06-12T07:14:34.183000,-0.682772,55.204766,0.319,0
2023-06-12T07:14:35.126000,-0.692872,55.261723,0.313,0
2023-06-12T07:14:36.070000,-0.702989,55.31868,0.336,0
2023-06-12T07:14:37.013000,-0.713125,55.375635,0.353,0
2023-06-12T07:14:37.957000,-0.723278,55.43259,0.372,0
2023-06-12T07:14:38.900000,-0.733449,55.489544,0.411,0
2023-06-12T07:14:39.843000,-0.743637,55.546497,0.428,0
2023-06-12T07:14:40.787000,-0.753844,55.603449,0.449,0
2023-06-12T07:14:41.730000,-0.76407,55.6604,0.475,0
2023-06-12T07:14:42.674000,-0.774313,55.717351,0.513,0
2023-06-12T07:14:43.617000,-0.784575,55.7743,0.484,0
2023-06-12T07:14:44.561000,-0.794855,55.831249,0.485,0
2023-06-12T07:14:45.504000,-0.805154,55.888197,0.553,0
2023-06-12T07:14:46.447000,-0.815471,55.945144,0.517,0
2023-06-12T19:08:15.845000,6.400415,55.934902,0.23,0
2023-06-12T19:08:16.788000,6.390102,55.877946,0.241,0
2023-06-12T19:08:17.732000,6.379806,55.820988,0.246,0
2023-06-12T19:08:18.675000,6.36953,55.76403,0.237,0
2023-06-12T19:08:19.619000,6.359271,55.707071,0.231,0
2023-06-12T19:08:20.562000,6.349031,55.650112,0.245,0
2023-06-12T19:08:21.505000,6.33881,55.593151,0.252,0
2023-06-12T19:08:22.449000,6.328606,55.536189,0.272,0
2023-06-12T19:08:23.392000,6.318421,55.479227,0.23,0
2023-06-12T19:08:24.336000,6.308253,55.422264,0.246,0
2023-06-12T19:08:25.279000,6.298103,55.365299,0.282,0
2023-06-12T19:08:26.223000,6.287972,55.308335,0.284,0
2023-06-12T19:08:27.166000,6.277857,55.251369,0.286,0
2023-06-12T19:08:28.109000,6.267761,55.194402,0.281,0
2023-06-12T19:08:29.053000,6.257682,55.137434,0.291,0
2023-06-12T19:08:29.996000,6.24762,55.080465,0.295,0
2023-06-12T19:08:30.940000,6.237576,55.023496,0.307,0
2023-06-12T19:08:31.883000,6.227549,54.966526,0.301,0
2023-06-12T19:08:32.827000,6.217539,54.909555,0.326,0
2023-06-12T19:08:33.770000,6.207547,54.852583,0.314,0
2023-06-12T19:08:34.713000,6.197571,54.79561,0.337,0
2023-06-12T19:08:35.657000,6.187612,54.738636,0.305,0
2023-06-12T19:08:36.600000,6.17767,54.681661,0.31,0
2023-06-12T19:08:37.544000,6.167745,54.624686,0.297,0
2023-06-12T19:08:38.487000,6.157837,54.56771,0.321,0
2023-06-12T19:08:39.431000,6.147945,54.510732,0.323,0
2023-06-12T19:08:40.374000,6.13807,54.453754,0.322,0
2023-06-12T19:08:41.318000,6.128211,54.396775,0.288,0
2023-06-12T19:08:42.261000,6.118368,54.339796,0.261,0
2023-06-12T19:08:43.204000,6.108542,54.282815,0.237,0
2023-06-12T19:08:44.148000,6.098732,54.225834,0.234,0
2023-06-12T19:08:45.091000,6.088938,54.168851,0.192,0
2023-06-12T19:08:46.035000,6.07916,54.111868,0.169,0
2023-06-12T19:08:46.978000,6.069399,54.054884,0.16,0
2023-06-12T19:08:47.922000,6.059652,53.997899,0.145,0
2023-06-12T19:08:48.865000,6.049922,53.940913,0.142,0
2023-06-12T19:08:49.808000,6.040208,53.883927,0.116,0
2023-06-12T19:08:50.752000,6.030509,53.826939,0.087,0
2023-06-12T19:08:51.695000,6.020826,53.769951,0.039,0
2023-06-12T19:08:52.639000,6.011158,53.712962,0.014,0
2023-06-12T19:08:53.582000,6.001506,53.655972,-0.014,0
2023-06-12T19:08:54.526000,5.991869,53.598981,-0.039,1
2023-06-12T19:08:55.469000,5.982248,53.54199,-0.087,1
2023-06-14T07:11:09.378000,-0.796194,49.746004,1.611,0
2023-06-14T07:11:10.321000,-0.804941,49.803042,1.537,0
2023-06-14T07:11:11.265000,-0.813698,49.860079,1.521,0
2023-06-14T07:11:12.208000,-0.822468,49.917115,1.51,0
2023-06-14T07:11:13.152000,-0.831248,49.974151,1.472,0
2023-06-14T07:11:14.095000,-0.84004,50.031185,1.446,0
2023-06-14T07:11:15.038000,-0.848843,50.088219,1.417,0
2023-06-14T07:11:15.982000,-0.857658,50.145253,1.391,0
2023-06-14T07:11:16.925000,-0.866484,50.202285,1.36,0
2023-06-14T07:11:17.869000,-0.875322,50.259317,1.368,0
2023-06-14T07:11:18.812000,-0.884172,50.316348,1.33,0
2023-06-14T07:11:19.756000,-0.893034,50.373378,1.308,0
2023-06-14T07:11:20.699000,-0.901907,50.430407,1.305,0
2023-06-14T07:11:21.643000,-0.910792,50.487436,1.294,0
2023-06-14T07:11:22.586000,-0.919689,50.544463,1.286,0
2023-06-14T07:11:23.529000,-0.928598,50.60149,1.285,1
2023-06-14T07:11:24.473000,-0.937519,50.658517,1.308,1
2023-06-14T07:11:25.416000,-0.946452,50.715542,1.297,1
2023-06-14T07:12:48.439000,-1.787026,55.730613,-0.691,1
2023-06-14T07:12:50.326000,-1.807575,55.844516,-0.664,1
2023-06-14T07:12:51.269000,-1.817877,55.901466,-0.632,0
2023-06-14T19:06:21.610000,5.388287,55.939532,-0.026,0
2023-06-14T19:06:22.553000,5.377974,55.882578,-0.014,0
2023-06-14T19:06:23.497000,5.367679,55.825623,0.019,0
2023-06-14T19:06:24.440000,5.357402,55.768667,-0.011,0
2023-06-14T19:06:25.384000,5.347144,55.71171,-0.032,0
2023-06-14T19:06:26.327000,5.336905,55.654753,0.024,0
2023-06-14T19:06:27.270000,5.326683,55.597795,-0.0,0
2023-06-14T19:06:28.214000,5.31648,55.540835,0.026,0
2023-06-14T19:06:29.157000,5.306295,55.483875,0.026,0
2023-06-14T19:06:30.101000,5.296127,55.426914,0.046,0
2023-06-14T19:06:31.044000,5.285978,55.369952,0.059,0
2023-06-14T19:06:31.988000,5.275846,55.312989,0.055,0
2023-06-14T19:06:32.931000,5.265732,55.256026,0.074,0
2023-06-14T19:06:33.874000,5.255636,55.199061,0.102,0
2023-06-14T19:06:34.818000,5.245557,55.142096,0.125,0
2023-06-14T19:06:35.761000,5.235496,55.08513,0.149,0
2023-06-14T19:06:36.705000,5.225452,55.028162,0.176,0
2023-06-14T19:06:37.648000,5.215425,54.971194,0.188,0
2023-06-14T19:06:38.592000,5.205416,54.914226,0.203,0
2023-06-14T19:06:39.535000,5.195424,54.857256,0.206,0
2023-06-14T19:06:40.479000,5.185448,54.800285,0.203,0
2023-06-14T19:06:41.422000,5.17549,54.743314,0.218,0
2023-06-14T19:06:42.365000,5.165548,54.686342,0.229,0
2023-06-14T19:06:43.309000,5.155623,54.629368,0.248,0
2023-06-14T19:06:44.252000,5.145715,54.572394,0.262,0
2023-06-14T19:06:45.196000,5.135824,54.51542,0.257,0
2023-06-14T19:06:46.139000,5.125949,54.458444,0.277,0
2023-06-14T19:06:47.083000,5.11609,54.401467,0.287,0
2023-06-14T19:06:48.026000,5.106248,54.34449,0.282,0
2023-06-14T19:06:48.969000,5.096422,54.287512,0.286,0
2023-06-14T19:06:49.913000,5.086612,54.230533,0.286,0
2023-06-14T19:06:50.856000,5.076819,54.173553,0.262,0
2023-06-14T19:06:51.800000,5.067041,54.116572,0.268,0
2023-06-14T19:06:52.743000,5.057279,54.05959,0.266,0
2023-06-14T19:06:53.687000,5.047534,54.002608,0.232,0
2023-06-14T19:06:54.630000,5.037804,53.945625,0.259,0
2023-06-14T19:06:55.574000,5.02809,53.88864,0.268,0
2023-06-14T19:06:56.517000,5.018391,53.831655,0.242,0
2023-06-14T19:06:57.460000,5.008709,53.774669,0.23,0
2023-06-14T19:06:58.404000,4.999041,53.717683,0.236,0
2023-06-14T19:06:59.347000,4.989389,53.660695,0.185,0
2023-06-14T19:07:00.291000,4.979753,53.603707,0.17,0
2023-06-14T19:07:01.234000,4.970131,53.546718,0.141,0
2023-06-14T19:07:02.178000,4.960526,53.489728,0.11,0
2023-06-14T19:07:03.121000,4.950935,53.432737,0.094,0
2023-06-14T19:07:04.064000,4.941359,53.375745,0.031,1
2023-06-14T19:07:05.008000,4.931798,53.318752,-0.048,1
2023-06-14T19:07:10.669000,4.874745,52.97678,0.061,1
2023-06-16T07:09:16.086000,-1.816341,49.804109,1.494,1
2023-06-16T07:09:17.030000,-1.825098,49.86115,1.497,0
2023-06-16T07:09:17.973000,-1.833865,49.91819,1.446,0
2023-06-16T07:09:18.917000,-1.842645,49.975229,1.407,0
2023-06-16T07:09:19.860000,-1.851435,50.032268,1.284,0
2023-06-16T07:09:20.804000,-1.860237,50.089305,1.215,0
2023-06-16T07:09:21.747000,-1.869051,50.146342,1.105,0
2023-06-16T07:09:22.690000,-1.877876,50.203378,1.004,0
2023-06-16T07:09:23.634000,-1.886713,50.260414,0.948,0
2023-06-16T07:09:24.577000,-1.895562,50.317448,0.826,0
2023-06-16T07:09:25.521000,-1.904422,50.374482,0.775,0
2023-06-16T07:09:26.464000,-1.913294,50.431515,0.682,0
2023-06-16T07:09:27.408000,-1.922178,50.488547,0.607,1
2023-06-16T07:09:28.351000,-1.931074,50.545579,0.52,1
2023-06-16T19:04:27.375000,4.374513,55.93569,0.015,0
2023-06-16T19:04:28.318000,4.364203,55.878739,0.022,0
2023-06-16T19:04:29.262000,4.353912,55.821786,0.072,0
2023-06-16T19:04:30.205000,4.34364,55.764833,0.063,0
2023-06-16T19:04:31.149000,4.333385,55.707879,0.072,0
2023-06-16T19:04:32.092000,4.323149,55.650924,0.079,0
2023-06-16T19:04:33.035000,4.312931,55.593968,0.1,0
2023-06-16T19:04:33.979000,4.302732,55.537011,0.107,0
2023-06-16T19:04:34.922000,4.29255,55.480054,0.092,0
2023-06-16T19:04:35.866000,4.282386,55.423095,0.101,0
2023-06-16T19:04:36.809000,4.272241,55.366136,0.139,0
2023-06-16T19:04:37.753000,4.262113,55.309176,0.146,0
2023-06-16T19:04:38.696000,4.252002,55.252215,0.157,0
2023-06-16T19:04:39.640000,4.24191,55.195253,0.188,0
2023-06-16T19:04:40.583000,4.231835,55.13829,0.187,0
2023-06-16T19:04:41.526000,4.221777,55.081326,0.206,0
2023-06-16T19:04:42.470000,4.211736,55.024362,0.215,0
2023-06-16T19:04:43.413000,4.201713,54.967396,0.262,0
2023-06-16T19:04:44.357000,4.191707,54.91043,0.254,0
2023-06-16T19:04:45.300000,4.181718,54.853463,0.284,0
2023-06-16T19:04:46.244000,4.171747,54.796495,0.316,0
2023-06-16T19:04:47.187000,4.161792,54.739526,0.337,0
2023-06-16T19:04:48.130000,4.151853,54.682557,0.364,0
2023-06-16T19:04:49.074000,4.141932,54.625586,0.381,0
2023-06-16T19:04:50.017000,4.132027,54.568615,0.377,0
2023-06-16T19:04:50.961000,4.122139,54.511643,0.424,0
2023-06-16T19:04:51.904000,4.112268,54.45467,0.43,0
2023-06-16T19:04:52.848000,4.102413,54.397696,0.437,0
2023-06-16T19:04:53.791000,4.092574,54.340721,0.474,0
2023-06-16T19:04:54.735000,4.082751,54.283745,0.476,0
2023-06-16T19:04:55.678000,4.072945,54.226769,0.508,0
2023-06-16T19:04:56.621000,4.063155,54.169792,0.51,0
2023-06-16T19:04:57.565000,4.05338,54.112814,0.535,0
2023-06-16T19:04:58.508000,4.043622,54.055835,0.523,0
2023-06-16T19:04:59.452000,4.03388,53.998855,0.555,0
2023-06-16T19:05:00.395000,4.024153,53.941874,0.555,0
2023-06-16T19:05:01.339000,4.014443,53.884893,0.572,0
2023-06-16T19:05:02.282000,4.004747,53.82791,0.564,0
2023-06-16T19:05:03.225000,3.995068,53.770927,0.565,0
2023-06-16T19:05:04.169000,3.985404,53.713943,0.569,0
2023-06-16T19:05:05.112000,3.975755,53.656958,0.597,0
2023-06-16T19:05:06.056000,3.966122,53.599973,0.576,0
2023-06-16T19:05:06.999000,3.956504,53.542986,0.552,0
2023-06-16T19:05:07.943000,3.946901,53.485999,0.57,0
2023-06-16T19:05:08.886000,3.937314,53.429011,0.543,0
2023-06-16T19:05:09.830000,3.927741,53.372022,0.531,0
2023-06-16T19:05:10.773000,3.918183,53.315032,0.538,0
2023-06-16T19:05:11.716000,3.908641,53.258041,0.547,0
2023-06-16T19:05:12.660000,3.899113,53.20105,0.512,0
2023-06-16T19:05:13.603000,3.8896,53.144058,0.515,0
2023-06-16T19:05:14.547000,3.880102,53.087065,0.479,0
2023-06-16T19:05:15.490000,3.870618,53.030071,0.395,0
2023-06-16T19:05:16.434000,3.861149,52.973076,0.328,0
2023-06-16T19:05:17.377000,3.851694,52.91608,0.241,0
2023-06-16T19:05:18.320000,3.842254,52.859084,0.296,0
2023-06-16T19:05:21.151000,3.81402,52.68809,0.245,0
2023-06-16T19:05:23.038000,3.795268,52.57409,0.158,0
2023-06-16T19:05:23.981000,3.785913,52.517089,0.14,0
2023-06-16T19:05:24.924000,3.776573,52.460087,0.108,0
2023-06-16T19:05:25.868000,3.767246,52.403084,0.068,0
2023-06-16T19:05:26.811000,3.757932,52.34608,0.012,0
2023-06-16T19:05:27.755000,3.748633,52.289075,-0.059,0
2023-06-16T19:05:28.698000,3.739348,52.23207,-0.1,0
2023-06-16T19:05:29.642000,3.730076,52.175064,-0.149,0
2023-06-16T19:05:30.585000,3.720817,52.118057,-0.211,0
2023-06-16T19:05:31.529000,3.711573,52.061049,-0.254,0
2023-06-16T19:05:32.472000,3.702341,52.004041,-0.332,0
2023-06-16T19:05:33.415000,3.693123,51.947031,-0.395,0
2023-06-16T19:05:34.359000,3.683919,51.890021,-0.455,0
2023-06-16T19:05:35.302000,3.674727,51.83301,-0.53,1
2023-06-16T19:05:36.246000,3.66555,51.775998,-0.604,1
2023-06-18T19:02:32.196000,3.370099,55.980031,0.175,0
2023-06-18T19:02:33.140000,3.359776,55.923083,0.207,0
2023-06-18T19:02:34.083000,3.349472,55.866134,0.218,0
2023-06-18T19:02:35.027000,3.339187,55.809185,0.228,0
2023-06-18T19:02:35.970000,3.32892,55.752234,0.244,0
2023-06-18T19:02:36.914000,3.318672,55.695283,0.259,0
2023-06-18T19:02:37.857000,3.308442,55.638331,0.273,0
2023-06-18T19:02:38.801000,3.29823,55.581378,0.314,0
2023-06-18T19:02:39.744000,3.288036,55.524424,0.321,0
2023-06-18T19:02:40.687000,3.27786,55.46747,0.35,0
2023-06-18T19:02:41.631000,3.267702,55.410514,0.361,0
2023-06-18T19:02:42.574000,3.257562,55.353558,0.375,0
2023-06-18T19:02:43.518000,3.24744,55.2966,0.395,0
2023-06-18T19:02:44.461000,3.237335,55.239642,0.435,0
2023-06-18T19:02:45.405000,3.227248,55.182683,0.444,0
2023-06-18T19:02:46.348000,3.217178,55.125723,0.458,0
2023-06-18T19:02:47.291000,3.207126,55.068762,0.486,0
2023-06-18T19:02:48.235000,3.197091,55.011801,0.492,0
2023-06-18T19:02:49.178000,3.187074,54.954838,0.516,0
2023-06-18T19:02:50.122000,3.177073,54.897875,0.539,0
2023-06-18T19:02:51.065000,3.16709,54.840911,0.55,0
2023-06-18T19:02:52.009000,3.157123,54.783946,0.575,0
2023-06-18T19:02:52.952000,3.147174,54.72698,0.593,0
2023-06-18T19:02:53.895000,3.137241,54.670013,0.62,0
2023-06-18T19:02:54.839000,3.127325,54.613046,0.654,0
2023-06-18T19:02:55.782000,3.117426,54.556078,0.695,0
2023-06-18T19:02:56.726000,3.107543,54.499108,0.697,0
2023-06-18T19:02:57.669000,3.097677,54.442138,0.732,0
2023-06-18T19:02:58.613000,3.087827,54.385167,0.756,0
2023-06-18T19:02:59.556000,3.077994,54.328195,0.757,0
2023-06-18T19:03:00.500000,3.068176,54.271223,0.796,0
2023-06-18T19:03:01.443000,3.058375,54.21425,0.81,0
2023-06-18T19:03:02.386000,3.04859,54.157275,0.804,0
2023-06-18T19:03:03.330000,3.038821,54.1003,0.843,0
2023-06-18T19:03:04.273000,3.029068,54.043324,0.845,0
2023-06-18T19:03:05.217000,3.019331,53.986347,0.863,0
2023-06-18T19:03:06.160000,3.009609,53.92937,0.859,0
2023-06-18T19:03:07.104000,2.999904,53.872391,0.861,0
2023-06-18T19:03:08.047000,2.990214,53.815412,0.881,0
2023-06-18T19:03:08.990000,2.980539,53.758432,0.895,0
2023-06-18T19:03:09.934000,2.97088,53.701451,0.875,0
2023-06-18T19:03:10.877000,2.961237,53.644469,0.868,0
2023-06-18T19:03:11.821000,2.951608,53.587487,0.896,0
2023-06-18T19:03:12.764000,2.941995,53.530503,0.893,0
2023-06-18T19:03:13.708000,2.932397,53.473519,0.887,0
2023-06-18T19:03:14.651000,2.922815,53.416534,0.875,0
2023-06-18T19:03:15.595000,2.913247,53.359548,0.821,0
2023-06-18T19:03:16.538000,2.903694,53.302561,0.824,0
2023-06-18T19:03:17.481000,2.894157,53.245573,0.813,0
2023-06-18T19:03:18.425000,2.884634,53.188585,0.781,0
2023-06-18T19:03:19.368000,2.875125,53.131596,0.758,0
2023-06-18T19:03:20.312000,2.865632,53.074606,0.689,0
2023-06-18T19:03:21.255000,2.856153,53.017615,0.673,0
2023-06-18T19:03:22.199000,2.846689,52.960623,0.618,0
2023-06-18T19:03:23.142000,2.837239,52.903631,0.566,0
2023-06-18T19:03:24.085000,2.827804,52.846638,0.494,0
2023-06-18T19:03:25.029000,2.818383,52.789644,0.447,0
2023-06-18T19:03:25.972000,2.808976,52.732649,0.398,0
2023-06-18T19:03:26.916000,2.799584,52.675653,0.345,0
2023-06-18T19:03:27.859000,2.790205,52.618656,0.289,0
2023-06-18T19:03:28.803000,2.780841,52.561659,0.223,0
2023-06-18T19:03:29.746000,2.771491,52.504661,0.113,0
2023-06-18T19:03:30.690000,2.762154,52.447662,0.059,0
2023-06-18T19:03:31.633000,2.752832,52.390662,-0.018,0
2023-06-18T19:03:32.576000,2.743524,52.333662,-0.107,0
2023-06-18T19:03:33.520000,2.734229,52.27666,-0.208,0
2023-06-18T19:03:34.463000,2.724948,52.219658,-0.327,0
2023-06-18T19:03:35.407000,2.71568,52.162655,-0.374,0
2023-06-18T19:03:36.350000,2.706427,52.105651,-0.454,0
2023-06-18T19:03:37.294000,2.697186,52.048646,-0.568,0
2023-06-18T19:03:38.237000,2.687959,51.991641,-0.79,0
2023-06-18T19:03:39.180000,2.678746,51.934635,-0.762,0
2023-06-18T19:03:40.124000,2.669546,51.877628,-0.864,0
2023-06-18T19:03:41.067000,2.660359,51.82062,-0.958,0
2023-06-18T19:03:42.011000,2.651185,51.763611,-1.05,0
2023-06-18T19:03:42.954000,2.642025,51.706602,-1.128,0
2023-06-18T19:03:43.898000,2.632877,51.649592,-1.236,0
2023-06-18T19:03:44.841000,2.623743,51.592581,-1.339,0
2023-06-18T19:03:45.785000,2.614621,51.535569,-1.428,0
2023-06-18T19:03:46.728000,2.605513,51.478556,-1.529,0
2023-06-18T19:03:47.671000,2.596417,51.421543,-1.643,0
2023-06-18T19:03:48.615000,2.587334,51.364529,-1.75,0
2023-06-18T19:03:49.558000,2.578264,51.307514,-1.878,0
2023-06-18T19:03:51.445000,2.560162,51.193481,-1.9,1
2023-06-19T06:17:56.589000,8.419218,54.003438,-1.514,1
2023-06-19T06:17:57.533000,8.409475,54.060424,-1.481,0
2023-06-19T06:17:58.476000,8.399716,54.117409,-1.49,0
2023-06-19T06:17:59.420000,8.389942,54.174394,-1.466,0
2023-06-19T06:18:00.363000,8.380151,54.231378,-1.469,0
2023-06-19T06:18:01.307000,8.370344,54.28836,-1.462,1
2023-06-19T06:18:02.250000,8.360521,54.345342,-1.45,1
2023-06-19T06:18:03.193000,8.350682,54.402323,-1.388,1
2023-06-19T06:18:04.137000,8.340826,54.459303,-1.361,1
2023-06-19T06:18:05.080000,8.330954,54.516283,-1.276,1
2023-06-19T06:18:06.024000,8.321066,54.573261,-1.216,1
2023-06-19T06:18:12.628000,8.251376,54.972086,-0.816,1
2023-06-19T06:18:13.571000,8.241352,55.029058,-0.802,1
2023-06-19T06:18:14.515000,8.231312,55.086029,-0.776,1
2023-06-19T06:18:15.458000,8.221253,55.142999,-0.705,0
2023-06-19T06:18:16.402000,8.211177,55.199968,-0.669,0
2023-06-19T06:18:17.345000,8.201084,55.256936,-0.621,0
2023-06-19T06:18:18.288000,8.190973,55.313903,-0.587,0
2023-06-19T06:18:19.232000,8.180845,55.370869,-0.554,1
2023-06-19T06:18:20.175000,8.170698,55.427835,-0.509,1
2023-06-19T06:18:21.119000,8.160534,55.4848,-0.504,1
2023-06-20T19:00:37.961000,2.355213,55.960965,0.464,0
2023-06-20T19:00:38.905000,2.344897,55.90402,0.473,0
2023-06-20T19:00:39.848000,2.3346,55.847075,0.495,0
2023-06-20T19:00:40.792000,2.324321,55.790128,0.517,0
2023-06-20T19:00:41.735000,2.314061,55.733181,0.547,0
2023-06-20T19:00:42.679000,2.303819,55.676233,0.54,0
2023-06-20T19:00:43.622000,2.293595,55.619284,0.57,0
2023-06-20T19:00:44.566000,2.28339,55.562335,0.57,0
2023-06-20T19:00:45.509000,2.273203,55.505384,0.621,0
2023-06-20T19:00:46.452000,2.263033,55.448433,0.606,0
2023-06-20T19:00:47.396000,2.252882,55.39148,0.653,0
2023-06-20T19:00:48.339000,2.242748,55.334527,0.685,0
2023-06-20T19:00:49.283000,2.232632,55.277573,0.694,0
2023-06-20T19:00:50.226000,2.222534,55.220618,0.718,0
2023-06-20T19:00:51.170000,2.212453,55.163663,0.737,0
2023-06-20T19:00:52.113000,2.20239,55.106706,0.775,0
2023-06-20T19:00:53.056000,2.192344,55.049748,0.799,0
2023-06-20T19:00:54.000000,2.182315,54.99279,0.812,0
2023-06-20T19:00:54.943000,2.172304,54.935831,0.85,0
2023-06-20T19:00:55.887000,2.162309,54.878871,0.877,0
2023-06-20T19:00:56.830000,2.152332,54.82191,0.9,0
2023-06-20T19:00:57.774000,2.142372,54.764948,0.929,0
2023-06-20T19:00:58.717000,2.132428,54.707986,0.951,0
2023-06-20T19:00:59.661000,2.122501,54.651023,0.961,0
2023-06-20T19:01:00.604000,2.112591,54.594058,1.0,0
2023-06-20T19:01:01.547000,2.102698,54.537093,1.028,0
2023-06-20T19:01:02.491000,2.092821,54.480127,1.065,0
2023-06-20T19:01:03.434000,2.082961,54.423161,1.064,0
2023-06-20T19:01:04.378000,2.073117,54.366193,1.109,0
2023-06-20T19:01:05.321000,2.063289,54.309225,1.107,0
2023-06-20T19:01:06.265000,2.053478,54.252255,1.138,0
2023-06-20T19:01:07.208000,2.043682,54.195285,1.134,0
2023-06-20T19:01:08.151000,2.033903,54.138314,1.163,0
2023-06-20T19:01:09.095000,2.02414,54.081343,1.19,0
2023-06-20T19:01:10.038000,2.014393,54.02437,1.183,0
2023-06-20T19:01:10.982000,2.004661,53.967397,1.167,0
2023-06-20T19:01:11.925000,1.994945,53.910422,1.201,0
2023-06-20T19:01:12.869000,1.985245,53.853447,1.213,0
2023-06-20T19:01:13.812000,1.975561,53.796471,1.218,0
2023-06-20T19:01:14.756000,1.965892,53.739494,1.224,0
2023-06-20T19:01:15.699000,1.956238,53.682517,1.216,0
2023-06-20T19:01:16.642000,1.9466,53.625539,1.185,0
2023-06-20T19:01:17.586000,1.936977,53.568559,1.179,0
2023-06-20T19:01:18.529000,1.92737,53.511579,1.177,0
2023-06-20T19:01:19.473000,1.917777,53.454598,1.134,0
2023-06-20T19:01:20.416000,1.9082,53.397617,1.144,0
2023-06-20T19:01:21.360000,1.898638,53.340634,1.128,0
2023-06-20T19:01:22.303000,1.88909,53.283651,1.128,0
2023-06-20T19:01:23.246000,1.879558,53.226667,1.087,0
2023-06-20T19:01:24.190000,1.87004,53.169682,1.067,0
2023-06-20T19:01:25.133000,1.860537,53.112696,1.044,0
2023-06-20T19:01:26.077000,1.851049,53.055709,1.024,0
2023-06-20T19:01:27.020000,1.841576,52.998722,0.959,0
2023-06-20T19:01:27.964000,1.832117,52.941734,0.89,0
2023-06-20T19:01:28.907000,1.822672,52.884745,0.837,0
2023-06-20T19:01:29.851000,1.813242,52.827755,0.755,1
2023-06-20T19:01:30.794000,1.803826,52.770764,0.689,1
2023-06-20T19:01:31.737000,1.794424,52.713773,0.625,1
2023-06-20T19:01:39.285000,1.719717,52.257812,-0.572,1
2023-06-20T19:01:40.228000,1.710441,52.200813,-0.657,1
2023-06-20T19:01:41.172000,1.701178,52.143814,-0.771,1
2023-06-20T19:01:42.115000,1.691929,52.086813,-0.891,1
2023-06-20T19:01:43.059000,1.682694,52.029812,-0.991,1
2023-06-20T19:01:44.002000,1.673472,51.97281,-1.116,1
2023-06-20T19:01:44.946000,1.664263,51.915807,-1.17,0
2023-06-20T19:01:45.889000,1.655068,51.858804,-1.241,0
2023-06-20T19:01:46.832000,1.645886,51.801799,-1.303,0
2023-06-20T19:01:47.776000,1.636717,51.744794,-1.397,0
2023-06-20T19:01:48.719000,1.627561,51.687789,-1.48,0
2023-06-20T19:01:49.663000,1.618418,51.630782,-1.544,0
2023-06-20T19:01:50.606000,1.609289,51.573774,-1.619,0
2023-06-20T19:01:51.550000,1.600172,51.516766,-1.69,0
2023-06-20T19:01:52.493000,1.591068,51.459757,-1.724,1
2023-06-20T19:01:53.436000,1.581977,51.402747,-1.755,1
2023-06-20T19:01:54.380000,1.572899,51.345737,-1.772,1
2023-06-20T19:01:57.210000,1.54574,51.1747,-2.067,1
2023-06-20T19:01:58.154000,1.536712,51.117686,-2.185,1
2023-06-20T19:01:59.097000,1.527697,51.060671,-2.287,1
2023-06-20T19:02:00.041000,1.518694,51.003656,-2.383,0
2023-06-20T19:02:00.984000,1.509704,50.94664,-2.486,1
2023-06-20T19:02:01.927000,1.500726,50.889623,-2.614,1
2023-06-20T19:02:02.871000,1.49176,50.832605,-2.701,1
2023-06-20T19:02:03.814000,1.482806,50.775587,-2.779,1
2023-06-20T19:02:04.758000,1.473865,50.718567,-2.844,1
2023-06-20T19:02:05.701000,1.464935,50.661547,-2.866,1
2023-06-20T19:02:06.645000,1.456018,50.604526,-2.939,1
2023-06-20T19:02:07.588000,1.447113,50.547505,-2.903,1
2023-06-20T19:02:08.531000,1.43822,50.490482,-3.01,1
2023-06-20T19:02:09.475000,1.429338,50.433459,-3.004,1
2023-06-20T19:02:10.418000,1.420469,50.376435,-3.071,1
2023-06-20T19:02:12.305000,1.402765,50.262385,-3.13,1
2023-06-20T19:02:14.192000,1.385108,50.148332,-3.165,1
2023-06-21T06:15:58.581000,7.443113,53.797363,-0.968,1
2023-06-21T06:15:59.524000,7.433426,53.854355,-0.942,1
2023-06-21T06:16:00.468000,7.423724,53.911345,-0.917,0
2023-06-21T06:16:01.411000,7.414007,53.968335,-0.867,0
2023-06-21T06:16:02.354000,7.404273,54.025323,-0.802,0
2023-06-21T06:16:03.298000,7.394524,54.082311,-0.779,0
2023-06-21T06:16:04.241000,7.384759,54.139298,-0.728,0
2023-06-21T06:16:05.185000,7.374978,54.196284,-0.699,0
2023-06-21T06:16:06.128000,7.365181,54.253269,-0.641,0
2023-06-21T06:16:07.072000,7.355367,54.310254,-0.582,0
2023-06-21T06:16:08.015000,7.345538,54.367237,-0.54,0
2023-06-21T06:16:08.958000,7.335692,54.42422,-0.492,0
2023-06-21T06:16:09.902000,7.325829,54.481202,-0.443,0
2023-06-21T06:16:10.845000,7.315951,54.538183,-0.41,0
2023-06-21T06:16:11.789000,7.306055,54.595163,-0.367,0
2023-06-21T06:16:12.732000,7.296143,54.652142,-0.331,0
2023-06-21T06:16:13.676000,7.286215,54.709121,-0.307,0
2023-06-21T06:16:14.619000,7.276269,54.766098,-0.256,0
2023-06-21T06:16:15.563000,7.266307,54.823075,-0.182,0
2023-06-21T06:16:16.506000,7.256328,54.88005,-0.139,0
2023-06-21T06:16:17.449000,7.246331,54.937025,-0.122,0
2023-06-21T06:16:18.393000,7.236318,54.994,-0.096,0
2023-06-21T06:16:19.336000,7.226287,55.050973,-0.029,0
2023-06-21T06:16:20.280000,7.216239,55.107945,0.0,0
2023-06-21T06:16:21.223000,7.206174,55.164916,0.042,0
2023-06-21T06:16:22.167000,7.196091,55.221887,0.1,0
2023-06-21T06:16:23.110000,7.18599,55.278857,0.129,0
2023-06-21T06:16:24.053000,7.175872,55.335825,0.177,0
2023-06-21T06:16:24.997000,7.165736,55.392793,0.155,0
2023-06-21T06:16:25.940000,7.155583,55.44976,0.193,0
2023-06-21T06:16:26.884000,7.145411,55.506727,0.221,0
2023-06-21T06:16:27.827000,7.135222,55.563692,0.219,0
2023-06-21T06:16:28.771000,7.125014,55.620656,0.198,0
2023-06-21T06:16:29.714000,7.114788,55.67762,0.215,0
2023-06-21T06:16:30.657000,7.104544,55.734582,0.235,0
2023-06-21T06:16:31.601000,7.094282,55.791544,0.236,0
2023-06-21T06:16:32.544000,7.084001,55.848505,0.226,0
2023-06-21T06:16:33.488000,7.073702,55.905465,0.24,0
2023-06-21T06:16:34.431000,7.063383,55.962424,0.265,0
2023-06-22T18:58:43.727000,1.340378,55.936056,0.567,0
2023-06-22T18:58:44.670000,1.330069,55.879115,0.583,0
2023-06-22T18:58:45.613000,1.319779,55.822173,0.61,0
2023-06-22T18:58:46.557000,1.309508,55.765231,0.624,0
2023-06-22T18:58:47.500000,1.299255,55.708287,0.636,0
2023-06-22T18:58:48.444000,1.289021,55.651343,0.665,0
2023-06-22T18:58:49.387000,1.278804,55.594397,0.696,0
2023-06-22T18:58:50.331000,1.268606,55.537451,0.725,0
2023-06-22T18:58:51.274000,1.258426,55.480504,0.737,0
2023-06-22T18:58:52.217000,1.248264,55.423556,0.782,0
2023-06-22T18:58:53.161000,1.238119,55.366608,0.81,0
2023-06-22T18:58:54.104000,1.227993,55.309658,0.811,0
2023-06-22T18:58:55.048000,1.217884,55.252707,0.85,0
2023-06-22T18:58:55.991000,1.207792,55.195756,0.863,0
2023-06-22T18:58:56.935000,1.197719,55.138804,0.884,0
2023-06-22T18:58:57.878000,1.187662,55.081851,0.9,0
2023-06-22T18:58:58.822000,1.177623,55.024897,0.923,0
2023-06-22T18:58:59.765000,1.167601,54.967942,0.927,0
2023-06-22T18:59:00.708000,1.157597,54.910987,0.957,0
2023-06-22T18:59:01.652000,1.147609,54.854031,0.978,0
2023-06-22T18:59:02.595000,1.137639,54.797073,0.987,0
2023-06-22T18:59:03.539000,1.127685,54.740115,1.012,0
2023-06-22T18:59:04.482000,1.117748,54.683156,1.008,0
2023-06-22T18:59:05.426000,1.107828,54.626197,1.026,0
2023-06-22T18:59:06.369000,1.097925,54.569236,1.028,0
2023-06-22T18:59:07.312000,1.088038,54.512275,1.007,0
2023-06-22T18:59:08.256000,1.078168,54.455312,1.032,0
2023-06-22T18:59:09.199000,1.068314,54.398349,1.039,0
2023-06-22T18:59:10.143000,1.058476,54.341385,1.045,0
2023-06-22T18:59:11.086000,1.048655,54.28442,1.047,0
2023-06-22T18:59:12.030000,1.03885,54.227455,1.023,0
2023-06-22T18:59:12.973000,1.029061,54.170488,1.058,0
2023-06-22T18:59:13.917000,1.019288,54.113521,1.042,0
2023-06-22T18:59:14.860000,1.009531,54.056553,1.061,0
2023-06-22T18:59:15.803000,0.99979,53.999584,1.038,0
2023-06-22T18:59:16.747000,0.990065,53.942614,1.06,0
2023-06-22T18:59:17.690000,0.980355,53.885644,1.058,0
2023-06-22T18:59:18.634000,0.970661,53.828672,1.046,0
2023-06-22T18:59:19.577000,0.960983,53.7717,1.032,0
2023-06-22T18:59:20.521000,0.95132,53.714727,1.0,0
2023-06-22T18:59:21.464000,0.941673,53.657753,0.978,0
2023-06-22T18:59:22.407000,0.932041,53.600778,0.973,0
2023-06-22T18:59:23.351000,0.922424,53.543803,0.987,0
2023-06-22T18:59:24.294000,0.912822,53.486826,0.966,0
2023-06-22T18:59:25.238000,0.903236,53.429849,0.955,0
2023-06-22T18:59:26.181000,0.893665,53.372871,0.951,0
2023-06-22T18:59:27.125000,0.884108,53.315893,0.939,0
2023-06-22T18:59:28.068000,0.874567,53.258913,0.954,0
2023-06-22T18:59:29.012000,0.86504,53.201932,0.968,0
2023-06-22T18:59:29.955000,0.855528,53.144951,0.946,0
2023-06-22T18:59:30.898000,0.846031,53.087969,0.955,1
2023-06-22T18:59:31.842000,0.836549,53.030986,0.898,1
2023-06-22T19:00:09.579000,0.468515,50.751015,-1.842,1
2023-06-22T19:00:10.523000,0.459578,50.694,-1.868,1
2023-06-22T19:00:11.466000,0.450653,50.636984,-1.922,0
2023-06-22T19:00:12.410000,0.441741,50.579967,-1.941,0
2023-06-22T19:00:13.353000,0.43284,50.522949,-1.951,0
2023-06-22T19:00:14.296000,0.423951,50.465931,-2.001,0
2023-06-22T19:00:15.240000,0.415074,50.408911,-2.041,0
2023-06-22T19:00:16.183000,0.406209,50.351891,-2.091,0
2023-06-22T19:00:17.127000,0.397356,50.29487,-2.12,0
2023-06-22T19:00:18.070000,0.388515,50.237849,-2.122,0
2023-06-22T19:00:19.014000,0.379685,50.180826,-2.182,0
2023-06-22T19:00:19.957000,0.370866,50.123803,-2.25,0
2023-06-22T19:00:20.901000,0.36206,50.066779,-2.313,0
2023-06-22T19:00:21.844000,0.353265,50.009755,-2.373,0
2023-06-22T19:00:22.787000,0.344481,49.952729,-2.434,0
2023-06-22T19:00:23.731000,0.335709,49.895703,-2.467,1
2023-06-22T19:00:24.674000,0.326948,49.838676,-2.489,1
2023-06-23T06:14:01.515000,6.456323,53.654529,-0.843,1
2023-06-23T06:14:02.459000,6.446674,53.711523,-0.82,0
2023-06-23T06:14:03.402000,6.43701,53.768517,-0.779,0
2023-06-23T06:14:04.346000,6.427331,53.825511,-0.733,0
2023-06-23T06:14:05.289000,6.417635,53.882503,-0.711,0
2023-06-23T06:14:06.233000,6.407924,53.939494,-0.639,0
2023-06-23T06:14:07.176000,6.398198,53.996485,-0.604,0
2023-06-23T06:14:08.119000,6.388455,54.053474,-0.542,0
2023-06-23T06:14:09.063000,6.378697,54.110463,-0.515,0
2023-06-23T06:14:10.006000,6.368923,54.167451,-0.465,0
2023-06-23T06:14:10.950000,6.359132,54.224438,-0.433,0
2023-06-23T06:14:11.893000,6.349326,54.281425,-0.379,0
2023-06-23T06:14:12.837000,6.339503,54.33841,-0.334,0
2023-06-23T06:14:13.780000,6.329664,54.395394,-0.31,0
2023-06-23T06:14:14.723000,6.319809,54.452378,-0.261,0
2023-06-23T06:14:15.667000,6.309938,54.509361,-0.232,0
2023-06-23T06:14:16.610000,6.300049,54.566343,-0.194,0
2023-06-23T06:14:17.554000,6.290145,54.623324,-0.169,0
2023-06-23T06:14:18.497000,6.280223,54.680304,-0.154,0
2023-06-23T06:14:19.441000,6.270285,54.737284,-0.096,0
2023-06-23T06:14:20.384000,6.26033,54.794262,-0.072,0
2023-06-23T06:14:21.328000,6.250358,54.85124,-0.049,0
2023-06-23T06:14:22.271000,6.240369,54.908216,-0.019,0
2023-06-23T06:14:23.214000,6.230363,54.965192,0.026,0
2023-06-23T06:14:24.158000,6.22034,55.022167,0.063,0
2023-06-23T06:14:25.101000,6.210299,55.079141,0.086,0
2023-06-23T06:14:26.045000,6.200241,55.136114,0.128,0
2023-06-23T06:14:26.988000,6.190166,55.193087,0.093,0
2023-06-23T06:14:27.932000,6.180073,55.250058,0.114,0
2023-06-23T06:14:29.818000,6.159835,55.363999,-0.03,0
2023-06-23T06:14:30.762000,6.149689,55.420967,0.111,0
2023-06-23T06:14:31.705000,6.139525,55.477935,0.159,0
2023-06-23T06:14:32.649000,6.129343,55.534902,0.184,0
2023-06-23T06:14:33.592000,6.119143,55.591868,0.216,0
2023-06-23T06:14:34.536000,6.108926,55.648834,0.276,0
2023-06-23T06:14:35.479000,6.098689,55.705798,0.275,0
2023-06-23T06:14:36.423000,6.088435,55.762761,0.284,0
2023-06-23T06:14:37.366000,6.078162,55.819724,0.302,0
2023-06-23T06:14:38.309000,6.067871,55.876686,0.311,0
2023-06-23T06:14:39.253000,6.057561,55.933647,0.303,0
2023-06-24T18:56:48.548000,0.335619,55.962285,0.692,0
2023-06-24T18:56:49.492000,0.325301,55.905348,0.706,0
2023-06-24T18:56:50.435000,0.315002,55.848411,0.709,0
2023-06-24T18:56:51.378000,0.304721,55.791473,0.697,0
2023-06-24T18:56:52.322000,0.294459,55.734534,0.706,0
2023-06-24T18:56:53.265000,0.284215,55.677594,0.707,0
2023-06-24T18:56:54.209000,0.273989,55.620654,0.715,0
2023-06-24T18:56:55.152000,0.263781,55.563712,0.731,0
2023-06-24T18:56:56.096000,0.253592,55.50677,0.741,0
2023-06-24T18:56:57.039000,0.24342,55.449827,0.747,0
2023-06-24T18:56:57.983000,0.233267,55.392882,0.744,0
2023-06-24T18:56:58.926000,0.223131,55.335938,0.751,0
2023-06-24T18:56:59.869000,0.213013,55.278992,0.763,0
2023-06-24T18:57:00.813000,0.202913,55.222045,0.734,0
2023-06-24T18:57:01.756000,0.19283,55.165098,0.738,0
2023-06-24T18:57:02.700000,0.182765,55.108149,0.739,0
2023-06-24T18:57:03.643000,0.172717,55.0512,0.727,0
2023-06-24T18:57:04.587000,0.162686,54.99425,0.722,0
2023-06-24T18:57:05.530000,0.152673,54.937299,0.72,0
2023-06-24T18:57:06.473000,0.142677,54.880348,0.71,0
2023-06-24T18:57:07.417000,0.132697,54.823395,0.687,0
2023-06-24T18:57:08.360000,0.122735,54.766442,0.7,0
2023-06-24T18:57:09.304000,0.11279,54.709488,0.668,0
2023-06-24T18:57:10.247000,0.102861,54.652532,0.683,0
2023-06-24T18:57:11.191000,0.092949,54.595577,0.66,0
2023-06-24T18:57:12.134000,0.083054,54.53862,0.673,0
2023-06-24T18:57:13.078000,0.073175,54.481662,0.644,0
2023-06-24T18:57:14.021000,0.063312,54.424704,0.655,0
2023-06-24T18:57:14.964000,0.053467,54.367745,0.695,0
2023-06-24T18:57:15.908000,0.043637,54.310784,0.661,0
2023-06-24T18:57:16.851000,0.033824,54.253824,0.635,0
2023-06-24T18:57:17.795000,0.024026,54.196862,0.659,1
2023-06-24T18:57:18.738000,0.014245,54.139899,0.658,1
2023-06-24T18:57:19.682000,0.00448,54.082936,0.641,1
2023-06-24T18:57:20.625000,-0.005269,54.025972,0.628,1
2023-06-24T18:57:21.568000,-0.015003,53.969007,0.59,1
2023-06-24T18:57:22.512000,-0.02472,53.912041,0.541,1
2023-06-24T18:58:15.344000,-0.545901,50.720665,-0.655,1
2023-06-24T18:58:16.288000,-0.554831,50.663653,-0.614,1
2023-06-24T18:58:19.118000,-0.581552,50.492614,-0.752,0
2023-06-24T18:58:20.062000,-0.590436,50.4356,-0.751,0
2023-06-24T18:58:21.005000,-0.599307,50.378585,-0.772,0
2023-06-24T18:58:21.948000,-0.608166,50.321569,-0.892,0
2023-06-24T18:58:23.835000,-0.62585,50.207534,-0.98,1
2023-06-24T18:58:24.779000,-0.634674,50.150516,-1.041,0
2023-06-24T18:58:25.722000,-0.643487,50.093497,-1.136,0
2023-06-24T18:58:26.666000,-0.652288,50.036477,-1.158,0
2023-06-24T18:58:27.609000,-0.661078,49.979457,-1.233,0
2023-06-24T18:58:28.552000,-0.669856,49.922435,-1.313,0
2023-06-24T18:58:29.496000,-0.678623,49.865413,-1.366,0
2023-06-24T18:58:30.439000,-0.687379,49.80839,-1.428,0
2023-06-24T18:58:31.383000,-0.696123,49.751367,-1.464,0
2023-06-25T06:12:05.394000,5.459439,53.575161,-0.792,1
2023-06-25T06:12:09.167000,5.420832,53.803144,-0.639,0
2023-06-25T06:12:10.111000,5.411142,53.860137,-0.55,0
2023-06-25T06:12:11.054000,5.401436,53.91713,-0.536,0
2023-06-25T06:12:12.941000,5.381977,54.031113,-0.529,0
2023-06-25T06:12:13.884000,5.372224,54.088103,-0.452,0
2023-06-25T06:12:14.828000,5.362455,54.145092,-0.422,0
2023-06-25T06:12:15.771000,5.352669,54.20208,-0.395,0
2023-06-25T06:12:16.715000,5.342868,54.259068,-0.365,0
2023-06-25T06:12:17.658000,5.33305,54.316054,-0.35,0
2023-06-25T06:12:18.602000,5.323217,54.37304,-0.321,0
2023-06-25T06:12:19.545000,5.313367,54.430025,-0.267,0
2023-06-25T06:12:20.489000,5.3035,54.487009,-0.239,0
2023-06-25T06:12:21.432000,5.293617,54.543992,-0.243,0
2023-06-25T06:12:22.375000,5.283718,54.600975,-0.192,0
2023-06-25T06:12:23.319000,5.273802,54.657956,-0.162,0
2023-06-25T06:12:24.262000,5.263869,54.714937,-0.137,0
2023-06-25T06:12:25.206000,5.253919,54.771916,-0.151,0
2023-06-25T06:12:26.149000,5.243952,54.828895,-0.079,0
2023-06-25T06:12:27.093000,5.233969,54.885873,-0.063,0
2023-06-25T06:12:28.036000,5.223968,54.94285,-0.051,0
2023-06-25T06:12:28.979000,5.213951,54.999826,-0.03,0
2023-06-25T06:12:29.923000,5.203916,55.056801,-0.024,0
2023-06-25T06:12:30.866000,5.193863,55.113775,-0.004,0
2023-06-25T06:12:31.810000,5.183794,55.170749,-0.004,0
2023-06-25T06:12:32.753000,5.173706,55.227722,0.002,0
2023-06-25T06:12:33.697000,5.163602,55.284693,0.044,0
2023-06-25T06:12:34.640000,5.153479,55.341664,0.039,0
2023-06-25T06:12:35.584000,5.143339,55.398634,0.051,0
2023-06-25T06:12:36.527000,5.133181,55.455603,0.084,0
2023-06-25T06:12:37.470000,5.123005,55.512571,0.074,0
2023-06-25T06:12:38.414000,5.112811,55.569539,0.085,0
2023-06-25T06:12:39.357000,5.102599,55.626505,0.097,0
2023-06-25T06:12:40.301000,5.092369,55.68347,0.086,0
2023-06-25T06:12:41.244000,5.08212,55.740435,0.131,0
2023-06-25T06:12:42.188000,5.071853,55.797399,0.146,0
2023-06-25T06:12:45.018000,5.040941,55.968284,0.154,0
2023-06-26T18:54:53.370000,-0.669992,55.982054,0.559,0
2023-06-26T18:54:54.313000,-0.680317,55.925123,0.57,0
2023-06-26T18:54:55.257000,-0.690623,55.86819,0.531,0
2023-06-26T18:54:56.200000,-0.70091,55.811257,0.529,0
2023-06-26T18:54:57.143000,-0.711179,55.754323,0.503,0
2023-06-26T18:54:58.087000,-0.721429,55.697388,0.515,0
2023-06-26T18:54:59.030000,-0.731662,55.640452,0.495,0
2023-06-26T18:54:59.974000,-0.741876,55.583515,0.469,0
2023-06-26T18:55:00.917000,-0.752072,55.526578,0.452,0
2023-06-26T18:55:01.861000,-0.762249,55.469639,0.425,0
2023-06-26T18:55:02.804000,-0.772409,55.4127,0.387,0
2023-06-26T18:55:03.748000,-0.782551,55.35576,0.377,0
2023-06-26T18:55:04.691000,-0.792676,55.298819,0.364,0
2023-06-26T18:55:05.634000,-0.802782,55.241877,0.354,0
2023-06-26T18:55:06.578000,-0.812871,55.184934,0.336,0
2023-06-26T18:55:07.521000,-0.822943,55.127991,0.324,0
2023-06-26T18:55:08.465000,-0.832997,55.071047,0.293,0
2023-06-26T18:55:09.408000,-0.843034,55.014101,0.267,0
2023-06-26T18:55:10.352000,-0.853053,54.957155,0.242,0
2023-06-26T18:55:11.295000,-0.863056,54.900208,0.233,0
2023-06-26T18:55:12.238000,-0.873041,54.843261,0.2,0
2023-06-26T18:55:13.182000,-0.88301,54.786312,0.196,0
2023-06-26T18:55:14.125000,-0.892961,54.729363,0.194,0
2023-06-26T18:55:15.069000,-0.902896,54.672413,0.184,1
2023-06-26T18:56:22.996000,-1.578784,50.56986,0.362,1
2023-06-26T18:56:23.940000,-1.587683,50.512851,0.289,0
2023-06-26T18:56:24.883000,-1.59657,50.455842,0.189,0
2023-06-26T18:56:25.827000,-1.605446,50.398831,0.109,0
2023-06-26T18:56:26.770000,-1.61431,50.34182,0.016,0
2023-06-26T18:56:27.713000,-1.623162,50.284809,-0.061,0
2023-06-26T18:56:28.657000,-1.632002,50.227796,-0.146,0
2023-06-26T18:56:29.600000,-1.640831,50.170783,-0.23,0
2023-06-26T18:56:30.544000,-1.649648,50.113769,-0.296,0
2023-06-26T18:56:31.487000,-1.658453,50.056754,-0.417,0
2023-06-26T18:56:32.431000,-1.667247,49.999738,-0.49,0
2023-06-26T18:56:33.374000,-1.67603,49.942722,-0.604,0
2023-06-26T18:56:34.318000,-1.684801,49.885705,-0.699,0
2023-06-26T18:56:35.261000,-1.693561,49.828687,-0.84,0
2023-06-26T18:56:36.204000,-1.702309,49.771668,-0.94,1
2023-06-27T06:09:57.950000,4.576546,52.818762,-0.346,1
2023-06-27T06:09:58.894000,4.567114,52.875771,-0.386,1
2023-06-27T06:09:59.837000,4.557668,52.932779,-0.372,1
2023-06-27T06:10:00.781000,4.548207,52.989786,-0.443,1
2023-06-27T06:10:01.724000,4.538731,53.046792,-0.434,1
2023-06-27T06:10:02.668000,4.529241,53.103797,-0.446,1
2023-06-27T06:10:03.611000,4.519736,53.160802,-0.451,0
2023-06-27T06:10:04.555000,4.510217,53.217805,-0.432,0
2023-06-27T06:10:05.498000,4.500682,53.274808,-0.41,0
2023-06-27T06:10:06.441000,4.491133,53.33181,-0.381,0
2023-06-27T06:10:07.385000,4.481569,53.388811,-0.383,0
2023-06-27T06:10:08.328000,4.47199,53.445811,-0.325,0
2023-06-27T06:10:09.272000,4.462396,53.50281,-0.295,0
2023-06-27T06:10:10.215000,4.452786,53.559809,-0.285,0
2023-06-27T06:10:11.159000,4.443161,53.616806,-0.253,0
2023-06-27T06:10:12.102000,4.433521,53.673803,-0.233,0
2023-06-27T06:10:13.045000,4.423866,53.730799,-0.219,0
2023-06-27T06:10:13.989000,4.414195,53.787794,-0.191,0
2023-06-27T06:10:14.932000,4.404509,53.844788,-0.179,0
2023-06-27T06:10:15.876000,4.394807,53.901781,-0.165,0
2023-06-27T06:10:16.819000,4.385089,53.958774,-0.095,0
2023-06-27T06:10:17.763000,4.375355,54.015765,-0.093,0
2023-06-27T06:10:18.706000,4.365606,54.072756,-0.065,0
2023-06-27T06:10:19.650000,4.355841,54.129746,-0.064,0
2023-06-27T06:10:20.593000,4.34606,54.186735,-0.018,0
2023-06-27T06:10:21.536000,4.336262,54.243723,-0.007,0
2023-06-27T06:10:22.480000,4.326449,54.30071,0.009,0
2023-06-27T06:10:23.423000,4.316619,54.357696,0.019,0
2023-06-27T06:10:24.367000,4.306773,54.414682,0.027,0
2023-06-27T06:10:25.310000,4.296911,54.471666,0.054,0
2023-06-27T06:10:26.254000,4.287032,54.52865,0.072,0
2023-06-27T06:10:27.197000,4.277137,54.585633,0.096,0
2023-06-27T06:10:28.140000,4.267225,54.642615,0.117,0
2023-06-27T06:10:29.084000,4.257296,54.699596,0.125,0
2023-06-27T06:10:30.027000,4.247351,54.756576,0.134,0
2023-06-27T06:10:30.971000,4.237388,54.813555,0.144,0
2023-06-27T06:10:31.914000,4.227409,54.870534,0.135,0
2023-06-27T06:10:32.858000,4.217413,54.927511,0.136,0
2023-06-27T06:10:33.801000,4.207399,54.984488,0.145,0
2023-06-27T06:10:34.745000,4.197369,55.041464,0.153,0
2023-06-27T06:10:35.688000,4.187321,55.098439,0.191,0
2023-06-27T06:10:36.631000,4.177255,55.155413,0.151,0
2023-06-27T06:10:37.575000,4.167172,55.212386,0.179,0
2023-06-27T06:10:38.518000,4.157072,55.269358,0.178,0
2023-06-27T06:10:39.462000,4.146954,55.326329,0.177,0
2023-06-27T06:10:40.405000,4.136818,55.3833,0.178,0
2023-06-27T06:10:41.349000,4.126665,55.440269,0.204,0
2023-06-27T06:10:42.292000,4.116493,55.497238,0.197,0
2023-06-27T06:10:43.235000,4.106304,55.554206,0.204,0
2023-06-27T06:10:44.179000,4.096096,55.611173,0.212,0
2023-06-27T06:10:45.122000,4.085871,55.668139,0.219,0
2023-06-27T06:10:46.066000,4.075627,55.725104,0.227,0
2023-06-27T06:10:47.009000,4.065365,55.782068,0.226,0
2023-06-27T06:10:47.953000,4.055084,55.839031,0.243,0
2023-06-27T06:10:48.896000,4.044784,55.895993,0.212,0
2023-06-27T06:10:49.840000,4.034466,55.952955,0.222,0
2023-06-28T18:52:59.135000,-1.6873,55.938794,-0.204,0
2023-06-28T18:53:00.078000,-1.697609,55.881867,-0.255,0
2023-06-29T06:07:46.734000,3.727895,51.840706,-0.186,1
2023-06-29T06:07:47.677000,3.7187,51.89773,-0.208,1
2023-06-29T06:07:48.621000,3.709493,51.954752,-0.218,0
2023-06-29T06:07:49.564000,3.700272,52.011773,-0.19,0
2023-06-29T06:07:50.507000,3.691038,52.068794,-0.171,0
2023-06-29T06:07:51.451000,3.68179,52.125813,-0.177,0
2023-06-29T06:07:52.394000,3.672529,52.182832,-0.126,0
2023-06-29T06:07:53.338000,3.663254,52.23985,-0.114,0
2023-06-29T06:07:54.281000,3.653965,52.296867,-0.085,0
2023-06-29T06:07:55.225000,3.644663,52.353884,-0.089,0
2023-06-29T06:07:56.168000,3.635347,52.410899,-0.066,0
2023-06-29T06:07:57.111000,3.626017,52.467914,-0.076,0
2023-06-29T06:07:58.055000,3.616673,52.524928,-0.085,0
2023-06-29T06:07:58.998000,3.607315,52.581941,-0.053,0
2023-06-29T06:07:59.942000,3.597943,52.638953,-0.056,0
2023-06-29T06:08:00.885000,3.588557,52.695964,-0.067,0
2023-06-29T06:08:01.829000,3.579157,52.752975,-0.036,0
2023-06-29T06:08:02.772000,3.569742,52.809984,-0.027,0
2023-06-29T06:08:03.716000,3.560313,52.866993,-0.006,0
2023-06-29T06:08:04.659000,3.55087,52.924001,-0.003,0
2023-06-29T06:08:05.602000,3.541413,52.981008,-0.0,0
2023-06-29T06:08:06.546000,3.53194,53.038014,0.006,0
2023-06-29T06:08:07.489000,3.522454,53.095019,-0.021,0
2023-06-29T06:08:08.433000,3.512952,53.152023,0.049,0
2023-06-29T06:08:09.376000,3.503436,53.209027,0.002,0
2023-06-29T06:08:10.320000,3.493905,53.26603,0.036,0
2023-06-29T06:08:11.263000,3.484359,53.323032,0.098,0
2023-06-29T06:08:12.206000,3.474798,53.380033,0.1,0
2023-06-29T06:08:13.150000,3.465222,53.437033,0.069,0
2023-06-29T06:08:14.093000,3.455631,53.494032,0.062,0
2023-06-29T06:08:15.037000,3.446025,53.551031,0.106,0
2023-06-29T06:08:15.980000,3.436404,53.608028,0.089,0
2023-06-29T06:08:16.924000,3.426767,53.665025,0.087,0
2023-06-29T06:08:17.867000,3.417115,53.722021,0.107,0
2023-06-29T06:08:18.811000,3.407448,53.779016,0.08,0
2023-06-29T06:08:19.754000,3.397765,53.83601,0.057,0
2023-06-29T06:08:20.697000,3.388067,53.893003,0.063,0
2023-06-29T06:08:21.641000,3.378352,53.949995,0.077,0
2023-06-29T06:08:22.584000,3.368622,54.006987,0.038,0
2023-06-29T06:08:23.528000,3.358877,54.063978,0.026,0
2023-06-29T06:08:24.471000,3.349115,54.120967,0.022,0
2023-06-29T06:08:25.415000,3.339337,54.177956,0.013,0
2023-06-29T06:08:26.358000,3.329544,54.234944,0.003,0
2023-06-29T06:08:27.301000,3.319734,54.291931,-0.012,0
2023-06-29T06:08:28.245000,3.309908,54.348917,-0.002,0
2023-06-29T06:08:29.188000,3.300065,54.405903,-0.019,0
2023-06-29T06:08:30.132000,3.290207,54.462887,-0.016,0
2023-06-29T06:08:31.075000,3.280332,54.519871,-0.012,0
2023-06-29T06:08:32.019000,3.27044,54.576854,-0.031,0
2023-06-29T06:08:32.962000,3.260532,54.633835,-0.059,0
2023-06-29T06:08:33.905000,3.250607,54.690816,-0.069,0
2023-06-29T06:08:34.849000,3.240665,54.747796,-0.075,0
2023-06-29T06:08:35.792000,3.230706,54.804776,-0.069,0
2023-06-29T06:08:36.736000,3.220731,54.861754,-0.059,0
2023-06-29T06:08:37.679000,3.210738,54.918731,-0.092,0
2023-06-29T06:08:38.623000,3.200729,54.975708,-0.086,0
2023-06-29T06:08:39.566000,3.190702,55.032684,-0.1,0
2023-06-29T06:08:40.510000,3.180658,55.089658,-0.13,0
2023-06-29T06:08:41.453000,3.170596,55.146632,-0.096,0
2023-06-29T06:08:42.396000,3.160517,55.203605,-0.092,0
2023-06-29T06:08:43.340000,3.150421,55.260577,-0.08,0
2023-06-29T06:08:44.283000,3.140307,55.317548,-0.064,0
2023-06-29T06:08:45.227000,3.130175,55.374519,-0.073,0
2023-06-29T06:08:46.170000,3.120025,55.431488,-0.106,0
2023-06-29T06:08:47.114000,3.109858,55.488456,-0.081,0
2023-06-29T06:08:48.057000,3.099672,55.545424,-0.06,0
2023-06-29T06:08:49.000000,3.089469,55.602391,-0.081,0
2023-06-29T06:08:49.944000,3.079247,55.659356,-0.073,0
2023-06-29T06:08:50.887000,3.069007,55.716321,-0.066,0
2023-06-29T06:08:51.831000,3.058749,55.773285,-0.081,0
2023-06-29T06:08:52.774000,3.048472,55.830248,-0.069,0
2023-06-29T06:08:53.718000,3.038177,55.88721,-0.078,0
2023-06-29T06:08:54.661000,3.027863,55.944172,-0.092,0
2023-07-01T06:05:44.008000,2.798186,51.330604,-0.868,1
2023-07-01T06:05:44.951000,2.78911,51.387633,-0.839,0
2023-07-01T06:05:45.895000,2.780021,51.444661,-0.779,0
2023-07-01T06:05:46.838000,2.77092,51.501689,-0.789,0
2023-07-01T06:05:48.725000,2.752678,51.615741,-0.657,0
2023-07-01T06:05:49.668000,2.743537,51.672765,-0.565,0
2023-07-01T06:05:50.612000,2.734384,51.729789,-0.517,0
2023-07-01T06:05:51.555000,2.725218,51.786813,-0.441,0
2023-07-01T06:05:52.499000,2.716038,51.843835,-0.402,0
2023-07-01T06:05:53.442000,2.706845,51.900856,-0.328,0
2023-07-01T06:05:54.386000,2.697639,51.957877,-0.269,0
2023-07-01T06:05:55.329000,2.688419,52.014897,-0.17,0
2023-07-01T06:05:56.272000,2.679186,52.071916,-0.112,0
2023-07-01T06:05:57.216000,2.669939,52.128934,-0.053,0
2023-07-01T06:05:58.159000,2.66068,52.185951,-0.022,0
2023-07-01T06:05:59.103000,2.651406,52.242968,0.063,0
2023-07-01T06:06:00.046000,2.642119,52.299983,0.107,0
2023-07-01T06:06:00.990000,2.632817,52.356998,0.168,0
2023-07-01T06:06:01.933000,2.623503,52.414012,0.216,0
2023-07-01T06:06:02.876000,2.614174,52.471025,0.252,0
2023-07-01T06:06:03.820000,2.604831,52.528037,0.296,0
2023-07-01T06:06:04.763000,2.595475,52.585048,0.334,0
2023-07-01T06:06:05.707000,2.586104,52.642059,0.372,0
2023-07-01T06:06:06.650000,2.576719,52.699068,0.389,0
2023-07-01T06:06:07.594000,2.56732,52.756077,0.436,0
2023-07-01T06:06:08.537000,2.557907,52.813085,0.454,0
2023-07-01T06:06:09.481000,2.548479,52.870092,0.462,0
2023-07-01T06:06:10.424000,2.539037,52.927098,0.509,0
2023-07-01T06:06:11.367000,2.529581,52.984104,0.528,0
2023-07-01T06:06:12.311000,2.52011,53.041108,0.551,0
2023-07-01T06:06:13.254000,2.510624,53.098112,0.552,0
2023-07-01T06:06:14.198000,2.501124,53.155115,0.612,0
2023-07-01T06:06:15.141000,2.491609,53.212117,0.62,0
2023-07-01T06:06:16.085000,2.48208,53.269118,0.603,0
2023-07-01T06:06:17.028000,2.472535,53.326118,0.603,0
2023-07-01T06:06:17.971000,2.462975,53.383117,0.575,0
2023-07-01T06:06:18.915000,2.453401,53.440115,0.614,0
2023-07-01T06:06:19.858000,2.443811,53.497113,0.594,0
2023-07-01T06:06:20.802000,2.434207,53.55411,0.605,0
2023-07-01T06:06:21.745000,2.424587,53.611106,0.603,0
2023-07-01T06:06:22.689000,2.414951,53.668101,0.584,0
2023-07-01T06:06:23.632000,2.405301,53.725095,0.565,0
2023-07-01T06:06:24.576000,2.395635,53.782088,0.535,0
2023-07-01T06:06:25.519000,2.385953,53.83908,0.513,0
2023-07-01T06:06:26.462000,2.376256,53.896072,0.489,0
2023-07-01T06:06:27.406000,2.366543,53.953062,0.461,0
2023-07-01T06:06:28.349000,2.356814,54.010052,0.451,0
2023-07-01T06:06:29.293000,2.34707,54.067041,0.424,0
2023-07-01T06:06:30.236000,2.337309,54.124029,0.404,0
2023-07-01T06:06:31.180000,2.327533,54.181016,0.369,0
2023-07-01T06:06:32.123000,2.317741,54.238002,0.32,0
2023-07-01T06:06:33.066000,2.307932,54.294987,0.324,0
2023-07-01T06:06:34.010000,2.298108,54.351972,0.308,0
2023-07-01T06:06:34.953000,2.288267,54.408956,0.263,0
2023-07-01T06:06:35.897000,2.278409,54.465938,0.239,0
2023-07-01T06:06:36.840000,2.268536,54.52292,0.229,0
2023-07-01T06:06:37.784000,2.258645,54.579901,0.183,0
2023-07-01T06:06:38.727000,2.248738,54.636881,0.156,0
2023-07-01T06:06:39.671000,2.238815,54.69386,0.142,0
2023-07-01T06:06:40.614000,2.228874,54.750839,0.136,0
2023-07-01T06:06:41.557000,2.218917,54.807816,0.09,0
2023-07-01T06:06:42.501000,2.208943,54.864792,0.096,0
2023-07-01T06:06:43.444000,2.198952,54.921768,0.07,0
2023-07-01T06:06:44.388000,2.188943,54.978742,0.018,0
2023-07-01T06:06:45.331000,2.178918,55.035716,0.014,0
2023-07-01T06:06:46.275000,2.168875,55.092689,0.0,0
2023-07-01T06:06:47.218000,2.158815,55.149661,-0.037,0
2023-07-01T06:06:48.161000,2.148737,55.206632,-0.058,0
2023-07-01T06:06:49.105000,2.138643,55.263602,-0.112,0
2023-07-01T06:06:50.048000,2.12853,55.320572,-0.099,0
2023-07-01T06:06:50.992000,2.118399,55.37754,-0.113,0
2023-07-01T06:06:51.935000,2.108251,55.434508,-0.127,0
2023-07-01T06:06:52.879000,2.098085,55.491474,-0.141,0
2023-07-01T06:06:53.822000,2.087901,55.54844,-0.154,0
2023-07-01T06:06:54.766000,2.077699,55.605405,-0.143,0
2023-07-01T06:06:55.709000,2.067479,55.662369,-0.148,0
2023-07-01T06:06:56.652000,2.05724,55.719332,-0.185,0
2023-07-01T06:06:57.596000,2.046983,55.776294,-0.193,0
2023-07-01T06:06:58.539000,2.036708,55.833255,-0.203,0
2023-07-01T06:06:59.483000,2.026414,55.890215,-0.197,0
2023-07-01T06:07:00.426000,2.016102,55.947174,-0.226,0
2023-07-03T06:03:45.999000,1.822753,51.094773,-2.343,1
2023-07-03T06:03:46.942000,1.81373,51.151805,-2.153,0
2023-07-03T06:03:47.886000,1.804695,51.208835,-2.037,0
2023-07-03T06:03:48.829000,1.795648,51.265864,-1.879,0
2023-07-03T06:03:49.773000,1.786588,51.322893,-1.755,0
2023-07-03T06:03:50.716000,1.777515,51.379921,-1.679,0
2023-07-03T06:03:51.660000,1.768429,51.436948,-1.549,0
2023-07-03T06:03:52.603000,1.759331,51.493974,-1.451,0
2023-07-03T06:03:53.547000,1.750219,51.551,-1.367,0
2023-07-03T06:03:54.490000,1.741095,51.608024,-1.239,0
2023-07-03T06:03:55.433000,1.731958,51.665048,-1.124,0
2023-07-03T06:03:56.377000,1.722807,51.722071,-0.985,0
2023-07-03T06:03:57.320000,1.713644,51.779093,-0.882,0
2023-07-03T06:03:58.264000,1.704468,51.836114,-0.791,0
2023-07-03T06:03:59.207000,1.695278,51.893134,-0.66,0
2023-07-03T06:04:00.151000,1.686075,51.950153,-0.529,0
2023-07-03T06:04:01.094000,1.676858,52.007172,-0.418,1
2023-07-03T06:04:02.037000,1.667628,52.06419,-0.242,1
2023-07-03T06:04:16.189000,1.527529,52.919353,1.798,1
2023-07-03T06:04:17.132000,1.518076,52.976357,1.811,1
2023-07-03T06:04:18.076000,1.508609,53.033361,1.82,0
2023-07-03T06:04:19.019000,1.499127,53.090363,1.83,0
2023-07-03T06:04:19.963000,1.48963,53.147364,1.786,0
2023-07-03T06:04:20.906000,1.480118,53.204365,1.808,0
2023-07-03T06:04:21.850000,1.470592,53.261365,1.78,0
2023-07-03T06:04:22.793000,1.461051,53.318364,1.795,0
2023-07-03T06:04:23.737000,1.451495,53.375362,1.788,0
2023-07-03T06:04:24.680000,1.441924,53.432359,1.759,0
2023-07-03T06:04:25.623000,1.432338,53.489355,1.733,0
2023-07-03T06:04:26.567000,1.422737,53.54635,1.732,0
2023-07-03T06:04:27.510000,1.41312,53.603345,1.687,0
2023-07-03T06:04:28.454000,1.403489,53.660338,1.681,0
2023-07-03T06:04:29.397000,1.393842,53.717331,1.68,0
2023-07-03T06:04:30.341000,1.384179,53.774323,1.641,0
2023-07-03T06:04:31.284000,1.374501,53.831314,1.595,0
2023-07-03T06:04:32.227000,1.364807,53.888304,1.543,0
2023-07-03T06:04:33.171000,1.355098,53.945293,1.502,0
2023-07-03T06:04:34.114000,1.345373,54.002282,1.47,0
2023-07-03T06:04:35.058000,1.335633,54.059269,1.436,0
2023-07-03T06:04:36.001000,1.325876,54.116256,1.399,0
2023-07-03T06:04:36.945000,1.316103,54.173241,1.335,0
2023-07-03T06:04:37.888000,1.306315,54.230226,1.287,0
2023-07-03T06:04:38.832000,1.29651,54.28721,1.266,0
2023-07-03T06:04:39.775000,1.286689,54.344193,1.219,0
2023-07-03T06:04:40.718000,1.276852,54.401176,1.156,0
2023-07-03T06:04:41.662000,1.266998,54.458157,1.142,0
2023-07-03T06:04:42.605000,1.257128,54.515137,1.086,0
2023-07-03T06:04:43.549000,1.247242,54.572117,1.07,0
2023-07-03T06:04:44.492000,1.237339,54.629095,0.983,0
2023-07-03T06:04:45.436000,1.227419,54.686073,0.961,0
2023-07-03T06:04:46.379000,1.217483,54.74305,0.905,0
2023-07-03T06:04:47.322000,1.207529,54.800026,0.862,0
2023-07-03T06:04:48.266000,1.197559,54.857001,0.8,0
2023-07-03T06:04:49.209000,1.187572,54.913975,0.757,0
2023-07-03T06:04:50.153000,1.177567,54.970948,0.722,0
2023-07-03T06:04:51.096000,1.167546,55.027921,0.653,0
2023-07-03T06:04:52.040000,1.157507,55.084892,0.612,0
2023-07-03T06:04:52.983000,1.147451,55.141862,0.577,0
2023-07-03T06:04:53.927000,1.137377,55.198832,0.548,0
2023-07-03T06:04:54.870000,1.127286,55.255801,0.49,0
2023-07-03T06:04:55.813000,1.117178,55.312769,0.48,0
2023-07-03T06:04:56.757000,1.107051,55.369735,0.392,0
2023-07-03T06:04:57.700000,1.096907,55.426702,0.372,0
2023-07-03T06:04:58.644000,1.086745,55.483667,0.295,0
2023-07-03T06:04:59.587000,1.076565,55.540631,0.31,0
2023-07-03T06:05:00.531000,1.066367,55.597594,0.257,0
2023-07-03T06:05:01.474000,1.056151,55.654557,0.216,0
2023-07-03T06:05:02.417000,1.045917,55.711518,0.186,0
2023-07-03T06:05:03.361000,1.035664,55.768479,0.151,0
2023-07-03T06:05:04.304000,1.025393,55.825438,0.132,0
2023-07-03T06:05:05.248000,1.015104,55.882397,0.111,0
2023-07-03T06:05:06.191000,1.004796,55.939355,0.097,0
2023-07-03T17:58:44.079000,8.124931,55.469411,-0.019,1
2023-07-03T17:58:45.023000,8.11478,55.41249,-0.065,1
2023-07-03T17:58:45.966000,8.104646,55.355568,-0.072,0
2023-07-03T17:58:46.910000,8.09453,55.298645,-0.082,0
2023-07-03T17:58:47.853000,8.084432,55.241722,-0.131,0
2023-07-03T17:58:48.797000,8.074351,55.184798,-0.146,0
2023-07-03T17:58:49.740000,8.064288,55.127873,-0.208,0
2023-07-03T17:58:50.683000,8.054242,55.070947,-0.216,0
2023-07-03T17:58:51.627000,8.044214,55.01402,-0.236,0
2023-07-03T17:58:52.570000,8.034202,54.957092,-0.25,0
2023-07-03T17:58:53.514000,8.024208,54.900164,-0.244,0
2023-07-03T17:58:54.457000,8.014231,54.843234,-0.312,0
2023-07-03T17:58:56.344000,7.994327,54.729373,-0.373,0
2023-07-03T17:58:57.288000,7.984401,54.672441,-0.386,0
2023-07-03T17:58:58.231000,7.974491,54.615509,-0.452,0
2023-07-03T17:58:59.174000,7.964598,54.558575,-0.472,0
2023-07-03T17:59:00.118000,7.954721,54.501641,-0.489,0
2023-07-03T17:59:01.061000,7.944861,54.444706,-0.493,0
2023-07-03T17:59:02.005000,7.935017,54.38777,-0.532,0
2023-07-03T17:59:02.948000,7.92519,54.330833,-0.55,0
2023-07-03T17:59:03.892000,7.915378,54.273895,-0.532,1
2023-07-03T17:59:06.722000,7.886041,54.103077,-0.574,1
2023-07-03T17:59:07.665000,7.876294,54.046136,-0.544,1
2023-07-03T17:59:08.609000,7.866562,53.989195,-0.566,0
2023-07-03T17:59:09.552000,7.856847,53.932252,-0.584,0
2023-07-03T17:59:10.496000,7.847147,53.875309,-0.578,1
2023-07-05T06:01:34.782000,0.969762,50.068469,-3.557,0
2023-07-05T06:01:35.726000,0.960955,50.125513,-3.497,0
2023-07-05T06:01:36.669000,0.952137,50.182557,-3.45,0
2023-07-05T06:01:37.613000,0.943307,50.239599,-3.391,0
2023-07-05T06:01:38.556000,0.934465,50.296641,-3.358,0
2023-07-05T06:01:39.499000,0.925612,50.353682,-3.271,0
2023-07-05T06:01:40.443000,0.916747,50.410722,-3.238,0
2023-07-05T06:01:41.386000,0.90787,50.467761,-3.197,0
2023-07-05T06:01:42.330000,0.898981,50.5248,-3.132,0
2023-07-05T06:01:43.273000,0.89008,50.581838,-3.058,0
2023-07-05T06:01:44.217000,0.881167,50.638874,-3.015,0
2023-07-05T06:01:45.160000,0.872242,50.69591,-2.967,0
2023-07-05T06:01:46.103000,0.863306,50.752945,-2.939,0
2023-07-05T06:01:47.047000,0.854356,50.80998,-2.872,1
2023-07-05T06:01:47.990000,0.845395,50.867013,-2.819,1
2023-07-05T06:02:23.841000,0.495263,53.033657,2.776,1
2023-07-05T06:02:24.784000,0.48578,53.090658,2.745,1
2023-07-05T06:02:25.728000,0.476283,53.147657,2.709,1
2023-07-05T06:02:26.671000,0.466771,53.204655,2.757,1
2023-07-05T06:02:27.615000,0.457244,53.261653,2.84,1
2023-07-05T06:02:28.558000,0.447702,53.31865,2.865,1
2023-07-05T06:02:29.502000,0.438146,53.375646,2.849,1
2023-07-05T06:02:30.445000,0.428574,53.432641,2.815,1
2023-07-05T06:02:31.388000,0.418987,53.489635,2.794,0
2023-07-05T06:02:32.332000,0.409386,53.546628,2.784,0
2023-07-05T06:02:33.275000,0.399769,53.60362,2.774,0
2023-07-05T06:02:34.219000,0.390136,53.660612,2.712,0
2023-07-05T06:02:35.162000,0.380489,53.717602,2.663,0
2023-07-05T06:02:36.106000,0.370825,53.774592,2.593,0
2023-07-05T06:02:37.049000,0.361147,53.831581,2.525,0
2023-07-05T06:02:37.993000,0.351453,53.888569,2.482,0
2023-07-05T06:02:38.936000,0.341743,53.945556,2.421,0
2023-07-05T06:02:39.879000,0.332017,54.002542,2.373,0
2023-07-05T06:02:40.823000,0.322276,54.059527,2.314,0
2023-07-05T06:02:41.766000,0.312519,54.116512,2.259,0
2023-07-05T06:02:42.710000,0.302746,54.173496,2.195,0
2023-07-05T06:02:43.653000,0.292956,54.230478,2.143,0
2023-07-05T06:02:44.597000,0.283151,54.28746,2.092,0
2023-07-05T06:02:45.540000,0.273329,54.344441,2.022,0
2023-07-05T06:02:46.483000,0.263491,54.401421,1.96,0
2023-07-05T06:02:47.427000,0.253637,54.4584,1.901,0
2023-07-05T06:02:48.370000,0.243767,54.515378,1.847,0
2023-07-05T06:02:49.314000,0.23388,54.572355,1.807,0
2023-07-05T06:02:50.257000,0.223976,54.629332,1.767,0
2023-07-05T06:02:51.201000,0.214056,54.686307,1.714,0
2023-07-05T06:02:52.144000,0.204118,54.743282,1.673,0
2023-07-05T06:02:53.087000,0.194164,54.800255,1.629,0
2023-07-05T06:02:54.031000,0.184194,54.857228,1.588,0
2023-07-05T06:02:54.974000,0.174206,54.9142,1.554,0
2023-07-05T06:02:55.918000,0.164201,54.971171,1.488,0
2023-07-05T06:02:56.861000,0.154179,55.028141,1.443,0
2023-07-05T06:02:57.805000,0.144139,55.08511,1.423,0
2023-07-05T06:02:58.748000,0.134082,55.142079,1.399,0
2023-07-05T06:02:59.692000,0.124008,55.199046,1.322,0
2023-07-05T06:03:00.635000,0.113917,55.256012,1.3,0
2023-07-05T06:03:01.578000,0.103807,55.312978,1.244,0
2023-07-05T06:03:02.522000,0.09368,55.369943,1.199,0
2023-07-05T06:03:03.465000,0.083536,55.426906,1.155,0
2023-07-05T06:03:04.409000,0.073373,55.483869,1.075,0
2023-07-05T06:03:05.352000,0.063192,55.540831,1.032,0
2023-07-05T06:03:06.296000,0.052994,55.597792,0.94,0
2023-07-05T06:03:07.239000,0.042777,55.654752,0.932,0
2023-07-05T06:03:08.182000,0.032542,55.711711,0.938,0
2023-07-05T06:03:09.126000,0.022289,55.768669,0.854,0
2023-07-05T06:03:10.069000,0.012017,55.825627,0.811,0
2023-07-05T06:03:11.013000,0.001727,55.882583,0.811,0
2023-07-05T06:03:11.956000,-0.008582,55.939538,0.755,0
2023-07-05T17:56:41.354000,7.205227,55.984943,0.177,0
2023-07-05T17:56:42.297000,7.194909,55.928035,0.179,0
2023-07-05T17:56:43.240000,7.18461,55.871127,0.184,0
2023-07-05T17:56:44.184000,7.174329,55.814217,0.178,0
2023-07-05T17:56:45.127000,7.164067,55.757306,0.149,0
2023-07-05T17:56:46.071000,7.153823,55.700395,0.172,0
2023-07-05T17:56:47.014000,7.143597,55.643483,0.157,0
2023-07-05T17:56:47.958000,7.13339,55.58657,0.144,0
2023-07-05T17:56:48.901000,7.123201,55.529656,0.151,0
2023-07-05T17:56:49.844000,7.113029,55.472741,0.154,0
2023-07-05T17:56:50.788000,7.102876,55.415826,0.121,0
2023-07-05T17:56:51.731000,7.09274,55.358909,0.12,0
2023-07-05T17:56:52.675000,7.082623,55.301992,0.074,0
2023-07-05T17:56:53.618000,7.072522,55.245074,0.049,0
2023-07-05T17:56:54.562000,7.06244,55.188155,0.009,0
2023-07-05T17:56:55.505000,7.052375,55.131235,-0.002,0
2023-07-05T17:56:56.449000,7.042327,55.074314,-0.031,0
2023-07-05T17:56:57.392000,7.032296,55.017393,-0.079,0
2023-07-05T17:56:58.335000,7.022283,54.960471,-0.102,0
2023-07-05T17:56:59.279000,7.012287,54.903547,-0.092,0
2023-07-05T17:57:00.222000,7.002308,54.846623,-0.131,0
2023-07-05T17:57:01.166000,6.992346,54.789699,-0.138,0
2023-07-05T17:57:02.109000,6.9824,54.732773,-0.173,0
2023-07-05T17:57:03.053000,6.972472,54.675846,-0.185,0
2023-07-05T17:57:03.996000,6.96256,54.618919,-0.221,0
2023-07-05T17:57:04.939000,6.952665,54.561991,-0.264,0
2023-07-05T17:57:05.883000,6.942786,54.505062,-0.288,0
2023-07-05T17:57:06.826000,6.932924,54.448132,-0.371,0
2023-07-05T17:57:07.770000,6.923079,54.391201,-0.382,0
2023-07-05T17:57:08.713000,6.913249,54.33427,-0.419,0
2023-07-05T17:57:09.657000,6.903436,54.277337,-0.445,0
2023-07-05T17:57:10.600000,6.893639,54.220404,-0.471,0
2023-07-05T17:57:11.544000,6.883858,54.16347,-0.444,0
2023-07-05T17:57:12.487000,6.874093,54.106536,-0.498,0
2023-07-05T17:57:13.430000,6.864344,54.0496,-0.522,0
2023-07-05T17:57:14.374000,6.854611,53.992664,-0.521,0
2023-07-05T17:57:15.317000,6.844894,53.935726,-0.605,0
2023-07-05T17:57:16.261000,6.835192,53.878788,-0.634,0
2023-07-05T17:57:17.204000,6.825506,53.821849,-0.642,0
2023-07-05T17:57:18.148000,6.815835,53.76491,-0.652,1
2023-07-05T17:57:19.091000,6.80618,53.707969,-0.657,1
2023-07-07T05:59:34.887000,0.008174,49.733971,-2.847,1
2023-07-07T05:59:35.830000,-0.000568,49.791018,-2.804,0
2023-07-07T05:59:36.774000,-0.009321,49.848064,-2.657,0
2023-07-07T05:59:38.660000,-0.026861,49.962153,-2.538,0
2023-07-07T05:59:40.547000,-0.044447,50.076239,-2.313,0
2023-07-07T05:59:41.491000,-0.053257,50.13328,-2.224,0
2023-07-07T05:59:42.434000,-0.062079,50.190321,-2.131,0
2023-07-07T05:59:43.378000,-0.070912,50.247361,-2.069,0
2023-07-07T05:59:44.321000,-0.079757,50.3044,-1.993,0
2023-07-07T05:59:45.264000,-0.088614,50.361439,-1.928,0
2023-07-07T05:59:46.208000,-0.097483,50.418476,-1.801,0
2023-07-07T05:59:47.151000,-0.106363,50.475513,-1.753,0
2023-07-07T05:59:48.095000,-0.115255,50.532548,-1.683,0
2023-07-07T05:59:49.038000,-0.12416,50.589583,-1.617,0
2023-07-07T05:59:49.982000,-0.133076,50.646618,-1.576,0
2023-07-07T05:59:50.925000,-0.142004,50.703651,-1.522,1
2023-07-07T05:59:51.869000,-0.150944,50.760683,-1.495,1
2023-07-07T06:00:56.022000,-0.790538,54.636878,2.172,1
2023-07-07T06:00:56.966000,-0.800463,54.693851,2.138,1
2023-07-07T06:00:57.909000,-0.810404,54.750822,2.124,0
2023-07-07T06:00:58.853000,-0.820363,54.807793,2.089,0
2023-07-07T06:00:59.796000,-0.830338,54.864763,2.07,0
2023-07-07T06:01:00.739000,-0.84033,54.921732,2.039,0
2023-07-07T06:01:01.683000,-0.85034,54.9787,2.006,0
2023-07-07T06:01:02.626000,-0.860366,55.035667,2.007,0
2023-07-07T06:01:03.570000,-0.87041,55.092633,1.965,0
2023-07-07T06:01:04.513000,-0.880471,55.149598,1.928,0
2023-07-07T06:01:05.457000,-0.89055,55.206562,1.902,0
2023-07-07T06:01:06.400000,-0.900646,55.263526,1.886,0
2023-07-07T06:01:07.343000,-0.91076,55.320488,1.845,0
2023-07-07T06:01:08.287000,-0.920891,55.37745,1.853,0
2023-07-07T06:01:09.230000,-0.931041,55.43441,1.846,0
2023-07-07T06:01:10.174000,-0.941208,55.49137,1.804,0
2023-07-07T06:01:11.117000,-0.951393,55.548329,1.788,0
2023-07-07T06:01:12.061000,-0.961596,55.605287,1.767,0
2023-07-07T06:01:13.004000,-0.971818,55.662244,1.739,0
2023-07-07T06:01:13.948000,-0.982057,55.7192,1.694,0
2023-07-07T06:01:14.891000,-0.992315,55.776155,1.659,0
2023-07-07T06:01:15.834000,-1.002592,55.833109,1.621,0
2023-07-07T06:01:16.778000,-1.012887,55.890063,1.612,0
2023-07-07T06:01:17.721000,-1.0232,55.947015,1.572,0
2023-07-07T17:54:47.119000,6.19361,55.981242,0.204,0
2023-07-07T17:54:48.062000,6.183291,55.924339,0.197,0
2023-07-07T17:54:49.005000,6.172991,55.867435,0.173,0
2023-07-07T17:54:49.949000,6.162709,55.810531,0.16,0
2023-07-07T17:54:50.892000,6.152446,55.753625,0.132,0
2023-07-07T17:54:51.836000,6.142201,55.696719,0.131,0
2023-07-07T17:54:52.779000,6.131975,55.639812,0.106,0
2023-07-07T17:54:53.723000,6.121766,55.582904,0.1,0
2023-07-07T17:54:54.666000,6.111576,55.525996,0.078,0
2023-07-07T17:54:55.610000,6.101403,55.469086,0.018,0
2023-07-07T17:54:56.553000,6.091249,55.412176,0.006,0
2023-07-07T17:54:57.496000,6.081112,55.355264,-0.023,0
2023-07-07T17:54:58.440000,6.070994,55.298352,-0.019,0
2023-07-07T17:54:59.383000,6.060892,55.241439,-0.073,0
2023-07-07T17:55:00.327000,6.050809,55.184525,-0.108,0
2023-07-07T17:55:01.270000,6.040743,55.127611,-0.128,0
2023-07-07T17:55:02.214000,6.030694,55.070695,-0.166,0
2023-07-07T17:55:03.157000,6.020662,55.013779,-0.23,0
2023-07-07T17:55:04.100000,6.010648,54.956862,-0.248,0
2023-07-07T17:55:05.044000,6.000651,54.899944,-0.271,0
2023-07-07T17:55:05.987000,5.990671,54.843025,-0.296,0
2023-07-07T17:55:06.931000,5.980708,54.786105,-0.311,0
2023-07-07T17:55:07.874000,5.970761,54.729185,-0.354,0
2023-07-07T17:55:08.818000,5.960832,54.672263,-0.396,0
2023-07-07T17:55:09.761000,5.950919,54.615341,-0.444,0
2023-07-07T17:55:10.705000,5.941023,54.558418,-0.486,0
2023-07-07T17:55:11.648000,5.931143,54.501494,-0.525,0
2023-07-07T17:55:12.591000,5.92128,54.44457,-0.587,0
2023-07-07T17:55:13.535000,5.911434,54.387644,-0.61,0
2023-07-07T17:55:14.478000,5.901603,54.330718,-0.675,0
2023-07-07T17:55:15.422000,5.891789,54.27379,-0.725,0
2023-07-07T17:55:16.365000,5.881991,54.216862,-0.769,0
2023-07-07T17:55:17.309000,5.872209,54.159934,-0.806,0
2023-07-07T17:55:18.252000,5.862443,54.103004,-0.875,0
2023-07-07T17:55:19.195000,5.852693,54.046073,-0.924,0
2023-07-07T17:55:20.139000,5.842959,53.989142,-0.934,0
2023-07-07T17:55:21.082000,5.83324,53.93221,-0.991,0
2023-07-07T17:55:22.026000,5.823537,53.875277,-1.056,0
2023-07-07T17:55:22.969000,5.81385,53.818343,-1.07,0
2023-07-07T17:55:23.913000,5.804179,53.761409,-1.13,0
2023-07-07T17:55:24.856000,5.794523,53.704473,-1.186,0
2023-07-07T17:55:25.800000,5.784882,53.647537,-1.237,0
2023-07-07T17:55:26.743000,5.775257,53.5906,-1.268,1
2023-07-07T17:55:27.686000,5.765646,53.533662,-1.307,1
2023-07-09T05:57:41.595000,-1.014746,49.806692,-1.242,0
2023-07-09T05:57:42.539000,-1.023503,49.863735,-1.175,0
2023-07-09T05:57:43.482000,-1.032272,49.920776,-1.08,0
2023-07-09T05:57:44.425000,-1.041052,49.977817,-0.956,0
2023-07-09T05:57:45.369000,-1.049844,50.034857,-0.825,0
2023-07-09T05:57:46.312000,-1.058647,50.091896,-0.747,0
2023-07-09T05:57:47.256000,-1.067462,50.148935,-0.635,0
2023-07-09T05:57:48.199000,-1.076288,50.205972,-0.511,0
2023-07-09T05:57:49.143000,-1.085126,50.263009,-0.404,0
2023-07-09T05:57:50.086000,-1.093976,50.320045,-0.312,0
2023-07-09T05:57:51.029000,-1.102837,50.37708,-0.165,0
2023-07-09T05:57:51.973000,-1.11171,50.434114,-0.045,0
2023-07-09T05:57:52.916000,-1.120595,50.491147,0.05,1
2023-07-09T05:57:53.860000,-1.129492,50.54818,0.18,1
2023-07-09T05:59:23.486000,-2.037963,55.962312,1.923,1
2023-07-09T17:52:52.884000,5.181053,55.97005,0.1,0
2023-07-09T17:52:53.827000,5.170737,55.913152,0.097,0
2023-07-09T17:52:54.771000,5.160439,55.856253,0.084,0
2023-07-09T17:52:55.714000,5.15016,55.799353,0.125,0
2023-07-09T17:52:56.657000,5.139899,55.742453,0.149,0
2023-07-09T17:52:57.601000,5.129657,55.685552,0.127,0
2023-07-09T17:52:58.544000,5.119433,55.628649,0.097,0
2023-07-09T17:52:59.488000,5.109227,55.571746,0.089,0
2023-07-09T17:53:00.431000,5.099039,55.514843,0.105,0
2023-07-09T17:53:01.375000,5.088869,55.457938,0.093,0
2023-07-09T17:53:02.318000,5.078717,55.401032,0.079,0
2023-07-09T17:53:03.261000,5.068583,55.344126,0.08,0
2023-07-09T17:53:04.205000,5.058466,55.287218,0.025,0
2023-07-09T17:53:05.148000,5.048368,55.23031,0.036,0
2023-07-09T17:53:06.092000,5.038286,55.173401,0.021,0
2023-07-09T17:53:07.035000,5.028222,55.116492,0.025,0
2023-07-09T17:53:07.979000,5.018176,55.059581,-0.005,0
2023-07-09T17:53:08.922000,5.008147,55.002669,-0.015,0
2023-07-09T17:53:09.865000,4.998135,54.945757,-0.024,0
2023-07-09T17:53:10.809000,4.98814,54.888844,-0.032,0
2023-07-09T17:53:11.752000,4.978162,54.83193,-0.058,0
2023-07-09T17:53:12.696000,4.968201,54.775015,-0.058,0
2023-07-09T17:53:13.639000,4.958257,54.718099,-0.102,0
2023-07-09T17:53:14.583000,4.94833,54.661183,-0.133,0
2023-07-09T17:53:15.526000,4.938419,54.604265,-0.095,0
2023-07-09T17:53:16.470000,4.928525,54.547347,-0.156,0
2023-07-09T17:53:17.413000,4.918648,54.490428,-0.193,0
2023-07-09T17:53:18.356000,4.908787,54.433508,-0.165,0
2023-07-09T17:53:19.300000,4.898942,54.376587,-0.211,0
2023-07-09T17:53:20.243000,4.889114,54.319666,-0.238,0
2023-07-09T17:53:21.187000,4.879302,54.262743,-0.285,0
2023-07-09T17:53:22.130000,4.869506,54.20582,-0.338,0
2023-07-09T17:53:23.074000,4.859726,54.148896,-0.371,0
2023-07-09T17:53:24.017000,4.849962,54.091971,-0.395,0
2023-07-09T17:53:24.960000,4.840214,54.035046,-0.415,0
2023-07-09T17:53:25.904000,4.830482,53.978119,-0.436,0
2023-07-09T17:53:26.847000,4.820765,53.921192,-0.47,0
2023-07-09T17:53:27.791000,4.811064,53.864264,-0.513,0
2023-07-09T17:53:28.734000,4.801379,53.807335,-0.539,0
2023-07-09T17:53:29.678000,4.79171,53.750405,-0.586,0
2023-07-09T17:53:30.621000,4.782056,53.693474,-0.643,0
2023-07-09T17:53:31.565000,4.772417,53.636543,-0.63,0
2023-07-09T17:53:32.508000,4.762793,53.579611,-0.682,0
2023-07-09T17:53:33.451000,4.753185,53.522678,-0.707,0
2023-07-09T17:53:34.395000,4.743592,53.465744,-0.73,0
2023-07-09T17:53:35.338000,4.734014,53.408809,-0.755,0
2023-07-09T17:53:36.282000,4.724451,53.351873,-0.767,0
2023-07-09T17:53:37.225000,4.714903,53.294937,-0.786,1
2023-07-09T17:53:38.169000,4.70537,53.238,-0.792,1
2023-07-09T17:53:39.112000,4.695852,53.181062,-0.759,1
2023-07-09T17:53:40.055000,4.686348,53.124123,-0.746,1
2023-07-11T05:55:46.417000,-2.019897,49.772251,-0.982,1
2023-07-11T05:55:47.360000,-2.028648,49.829291,-0.866,1
2023-07-11T05:55:48.304000,-2.037409,49.88633,-0.77,0
2023-07-11T05:55:49.247000,-2.046183,49.943368,-0.725,0
2023-07-11T05:55:50.190000,-2.054967,50.000405,-0.639,0
2023-07-11T05:55:51.134000,-2.063763,50.057441,-0.581,0
2023-07-11T05:55:52.077000,-2.07257,50.114476,-0.558,0
2023-07-11T05:55:53.021000,-2.081389,50.171511,-0.538,0
2023-07-11T05:55:53.964000,-2.09022,50.228545,-0.48,0
2023-07-11T05:55:54.908000,-2.099062,50.285578,-0.479,0
2023-07-11T05:55:55.851000,-2.107916,50.34261,-0.413,0
2023-07-11T05:55:56.795000,-2.116782,50.399641,-0.387,0
2023-07-11T05:55:57.738000,-2.125659,50.456671,-0.352,0
2023-07-11T05:55:58.681000,-2.134549,50.513701,-0.331,1
2023-07-11T17:50:58.649000,4.166838,55.95227,-0.069,0
2023-07-11T17:50:59.592000,4.156528,55.895377,-0.088,0
2023-07-11T17:51:00.536000,4.146237,55.838482,-0.085,0
2023-07-11T17:51:01.479000,4.135964,55.781587,-0.069,0
2023-07-11T17:51:02.422000,4.12571,55.724691,-0.094,0
2023-07-11T17:51:03.366000,4.115474,55.667794,-0.091,0
2023-07-11T17:51:04.309000,4.105257,55.610896,-0.105,0
2023-07-11T17:51:05.253000,4.095057,55.553998,-0.092,0
2023-07-11T17:51:06.196000,4.084876,55.497098,-0.106,0
2023-07-11T17:51:07.140000,4.074712,55.440198,-0.096,0
2023-07-11T17:51:08.083000,4.064567,55.383297,-0.105,0
2023-07-11T17:51:09.026000,4.054439,55.326394,-0.104,0
2023-07-11T17:51:09.970000,4.044329,55.269492,-0.084,0
2023-07-11T17:51:10.913000,4.034236,55.212588,-0.109,0
2023-07-11T17:51:11.857000,4.024161,55.155683,-0.108,0
2023-07-11T17:51:12.800000,4.014104,55.098778,-0.111,0
2023-07-11T17:51:13.744000,4.004063,55.041871,-0.097,0
2023-07-11T17:51:14.687000,3.99404,54.984964,-0.107,0
2023-07-11T17:51:15.631000,3.984034,54.928056,-0.078,0
2023-07-11T17:51:16.574000,3.974045,54.871147,-0.099,0
2023-07-11T17:51:17.517000,3.964074,54.814238,-0.105,0
2023-07-11T17:51:18.461000,3.954119,54.757327,-0.106,0
2023-07-11T17:51:19.404000,3.944181,54.700416,-0.087,0
2023-07-11T17:51:20.348000,3.93426,54.643504,-0.105,0
2023-07-11T17:51:21.291000,3.924355,54.586591,-0.121,0
2023-07-11T17:51:22.235000,3.914467,54.529677,-0.105,0
2023-07-11T17:51:23.178000,3.904595,54.472762,-0.134,0
2023-07-11T17:51:24.121000,3.89474,54.415847,-0.131,0
2023-07-11T17:51:25.065000,3.884901,54.35893,-0.155,0
2023-07-11T17:51:26.008000,3.875079,54.302013,-0.157,0
2023-07-11T17:51:26.952000,3.865273,54.245095,-0.173,0
2023-07-11T17:51:27.895000,3.855482,54.188176,-0.176,0
2023-07-11T17:51:28.839000,3.845708,54.131256,-0.173,0
2023-07-11T17:51:29.782000,3.83595,54.074336,-0.188,0
2023-07-11T17:51:30.726000,3.826208,54.017414,-0.167,0
2023-07-11T17:51:31.669000,3.816481,53.960492,-0.159,0
2023-07-11T17:51:32.612000,3.80677,53.903569,-0.14,0
2023-07-11T17:51:33.556000,3.797075,53.846645,-0.179,0
2023-07-11T17:51:34.499000,3.787396,53.789721,-0.205,0
2023-07-11T17:51:35.443000,3.777732,53.732795,-0.19,0
2023-07-11T17:51:36.386000,3.768083,53.675869,-0.177,0
2023-07-11T17:51:37.330000,3.75845,53.618942,-0.202,0
2023-07-11T17:51:38.273000,3.748832,53.562014,-0.22,0
2023-07-11T17:51:39.216000,3.739229,53.505085,-0.218,0
2023-07-11T17:51:40.160000,3.729641,53.448155,-0.199,0
2023-07-11T17:51:41.103000,3.720069,53.391225,-0.224,0
2023-07-11T17:51:42.047000,3.710511,53.334294,-0.222,0
2023-07-11T17:51:42.990000,3.700968,53.277362,-0.203,0
2023-07-11T17:51:43.934000,3.691441,53.220429,-0.21,0
2023-07-11T17:51:44.877000,3.681928,53.163495,-0.218,0
2023-07-11T17:51:45.821000,3.672429,53.106561,-0.193,0
2023-07-11T17:51:46.764000,3.662946,53.049625,-0.19,0
2023-07-11T17:51:47.707000,3.653477,52.992689,-0.158,0
2023-07-11T17:51:48.651000,3.644022,52.935752,-0.166,0
2023-07-11T17:51:49.594000,3.634582,52.878815,-0.153,0
2023-07-11T17:51:50.538000,3.625156,52.821876,-0.122,0
2023-07-11T17:51:51.481000,3.615744,52.764937,-0.1,0
2023-07-11T17:51:52.425000,3.606347,52.707997,-0.087,0
2023-07-11T17:51:53.368000,3.596964,52.651056,-0.046,0
2023-07-11T17:51:54.311000,3.587595,52.594114,-0.025,0
2023-07-11T17:51:55.255000,3.57824,52.537172,0.008,0
2023-07-11T17:51:56.198000,3.568899,52.480228,0.012,0
2023-07-11T17:51:57.142000,3.559572,52.423284,0.037,0
2023-07-11T17:51:58.085000,3.550259,52.366339,0.074,0
2023-07-11T17:51:59.029000,3.54096,52.309393,0.104,0
2023-07-11T17:51:59.972000,3.531674,52.252447,0.162,0
2023-07-11T17:52:00.916000,3.522402,52.195499,0.204,0
2023-07-11T17:52:01.859000,3.513144,52.138551,0.242,0
2023-07-11T17:52:02.802000,3.503899,52.081602,0.324,0
2023-07-11T17:52:03.746000,3.494667,52.024653,0.378,0
2023-07-11T17:52:04.689000,3.485449,51.967702,0.468,0
2023-07-11T17:52:05.633000,3.476245,51.910751,0.55,0
2023-07-11T17:52:06.576000,3.467053,51.853799,0.597,0
2023-07-11T17:52:07.520000,3.457875,51.796846,0.673,0
2023-07-11T17:52:08.463000,3.44871,51.739892,0.778,0
2023-07-11T17:52:09.406000,3.439558,51.682937,0.882,1
2023-07-11T17:52:10.350000,3.430419,51.625982,0.991,1
2023-07-11T17:52:13.180000,3.403081,51.455112,1.212,1
2023-07-13T17:49:03.470000,3.161272,55.984017,-0.159,0
2023-07-13T17:49:04.414000,3.150954,55.927128,-0.122,0
2023-07-13T17:49:05.357000,3.140654,55.870238,-0.17,0
2023-07-13T17:49:06.301000,3.130373,55.813348,-0.15,0
2023-07-13T17:49:07.244000,3.120111,55.756456,-0.153,0
2023-07-13T17:49:08.187000,3.109867,55.699564,-0.133,0
2023-07-13T17:49:09.131000,3.099641,55.642671,-0.135,0
2023-07-13T17:49:10.074000,3.089433,55.585777,-0.148,0
2023-07-13T17:49:11.018000,3.079244,55.528882,-0.119,0
2023-07-13T17:49:11.961000,3.069072,55.471986,-0.124,0
2023-07-13T17:49:12.905000,3.058919,55.41509,-0.107,0
2023-07-13T17:49:13.848000,3.048783,55.358193,-0.113,0
2023-07-13T17:49:14.792000,3.038665,55.301294,-0.077,0
2023-07-13T17:49:15.735000,3.028564,55.244395,-0.088,0
2023-07-13T17:49:16.678000,3.018482,55.187495,-0.089,0
2023-07-13T17:49:17.622000,3.008416,55.130594,-0.067,0
2023-07-13T17:49:18.565000,2.998368,55.073693,-0.057,0
2023-07-13T17:49:19.509000,2.988337,55.01679,-0.028,0
2023-07-13T17:49:20.452000,2.978324,54.959887,-0.035,0
2023-07-13T17:49:21.396000,2.968327,54.902983,-0.032,0
2023-07-13T17:49:22.339000,2.958348,54.846078,-0.027,0
2023-07-13T17:49:23.282000,2.948386,54.789172,-0.019,0
2023-07-13T17:49:24.226000,2.93844,54.732265,-0.001,0
2023-07-13T17:49:25.169000,2.928511,54.675357,0.016,0
2023-07-13T17:49:26.113000,2.918599,54.618449,0.007,0
2023-07-13T17:49:27.056000,2.908704,54.56154,0.012,0
2023-07-13T17:49:28.000000,2.898825,54.50463,0.032,0
2023-07-13T17:49:28.943000,2.888962,54.447719,0.045,0
2023-07-13T17:49:29.887000,2.879116,54.390807,0.063,0
2023-07-13T17:49:30.830000,2.869287,54.333894,0.075,0
2023-07-13T17:49:31.773000,2.859473,54.276981,0.073,0
2023-07-13T17:49:32.717000,2.849676,54.220066,0.099,0
2023-07-13T17:49:33.660000,2.839895,54.163151,0.116,0
2023-07-13T17:49:34.604000,2.830129,54.106235,0.106,0
2023-07-13T17:49:35.547000,2.82038,54.049319,0.129,0
2023-07-13T17:49:36.491000,2.810646,53.992401,0.147,0
2023-07-13T17:49:37.434000,2.800929,53.935482,0.169,0
2023-07-13T17:49:38.377000,2.791227,53.878563,0.18,0
2023-07-13T17:49:39.321000,2.78154,53.821643,0.217,0
2023-07-13T17:49:40.264000,2.771869,53.764722,0.25,0
2023-07-13T17:49:41.208000,2.762214,53.7078,0.266,0
2023-07-13T17:49:42.151000,2.752574,53.650878,0.273,0
2023-07-13T17:49:43.095000,2.742949,53.593954,0.306,0
2023-07-13T17:49:44.038000,2.733339,53.53703,0.334,0
2023-07-13T17:49:44.982000,2.723745,53.480105,0.344,0
2023-07-13T17:49:45.925000,2.714166,53.423179,0.367,0
2023-07-13T17:49:46.868000,2.704601,53.366253,0.368,0
2023-07-13T17:49:47.812000,2.695052,53.309325,0.385,0
2023-07-13T17:49:48.755000,2.685518,53.252397,0.408,0
2023-07-13T17:49:49.699000,2.675998,53.195468,0.424,0
2023-07-13T17:49:50.642000,2.666493,53.138538,0.437,0
2023-07-13T17:49:51.586000,2.657003,53.081607,0.444,0
2023-07-13T17:49:52.529000,2.647527,53.024675,0.457,0
2023-07-13T17:49:53.472000,2.638067,52.967743,0.441,0
2023-07-13T17:49:54.416000,2.62862,52.91081,0.471,0
2023-07-13T17:49:55.359000,2.619188,52.853876,0.465,0
2023-07-13T17:49:56.303000,2.60977,52.796941,0.454,0
2023-07-13T17:49:57.246000,2.600367,52.740005,0.458,0
2023-07-13T17:49:58.190000,2.590977,52.683069,0.468,0
2023-07-13T17:49:59.133000,2.581602,52.626132,0.485,0
2023-07-13T17:50:00.077000,2.572241,52.569194,0.46,0
2023-07-13T17:50:01.020000,2.562894,52.512255,0.448,0
2023-07-13T17:50:01.963000,2.553561,52.455315,0.44,0
2023-07-13T17:50:02.907000,2.544242,52.398375,0.439,0
2023-07-13T17:50:03.850000,2.534936,52.341433,0.409,0
2023-07-13T17:50:04.794000,2.525644,52.284491,0.393,0
2023-07-13T17:50:05.737000,2.516366,52.227548,0.366,0
2023-07-13T17:50:06.681000,2.507102,52.170605,0.364,0
2023-07-13T17:50:07.624000,2.497851,52.11366,0.327,0
2023-07-13T17:50:08.567000,2.488614,52.056715,0.276,0
2023-07-13T17:50:09.511000,2.47939,51.999769,0.251,0
2023-07-13T17:50:10.454000,2.470179,51.942822,0.211,0
2023-07-13T17:50:11.398000,2.460982,51.885874,0.211,0
2023-07-13T17:50:12.341000,2.451798,51.828926,0.173,0
2023-07-13T17:50:13.285000,2.442627,51.771977,0.118,0
2023-07-13T17:50:14.228000,2.43347,51.715027,0.106,0
2023-07-13T17:50:15.171000,2.424325,51.658076,0.094,0
2023-07-13T17:50:16.115000,2.415194,51.601124,0.083,0
2023-07-13T17:50:17.058000,2.406075,51.544171,0.045,0
2023-07-13T17:50:18.002000,2.396969,51.487218,0.04,0
2023-07-13T17:50:18.945000,2.387876,51.430264,0.041,0
2023-07-13T17:50:19.889000,2.378796,51.373309,0.044,0
2023-07-13T17:50:20.832000,2.369729,51.316354,0.072,0
2023-07-13T17:50:21.776000,2.360675,51.259397,0.112,0
2023-07-13T17:50:22.719000,2.351632,51.20244,0.139,0
2023-07-13T17:50:23.662000,2.342603,51.145482,0.153,1
2023-07-14T05:04:24.089000,8.243016,53.827589,0.344,1
2023-07-14T05:04:25.033000,8.233323,53.884561,0.462,1
2023-07-14T05:04:25.976000,8.223615,53.941533,0.481,1
2023-07-14T05:04:26.920000,8.21389,53.998504,0.422,0
2023-07-14T05:04:27.863000,8.20415,54.055474,0.394,0
2023-07-14T05:04:28.807000,8.194394,54.112443,0.356,0
2023-07-14T05:04:29.750000,8.184622,54.169411,0.304,0
2023-07-14T05:04:30.693000,8.174834,54.226378,0.292,0
2023-07-14T05:04:31.637000,8.16503,54.283345,0.235,0
2023-07-14T05:04:32.580000,8.15521,54.34031,0.213,0
2023-07-14T05:04:33.524000,8.145373,54.397274,0.154,0
2023-07-14T05:04:34.467000,8.135521,54.454238,0.118,0
2023-07-14T05:04:35.411000,8.125651,54.511201,0.095,0
2023-07-14T05:04:36.354000,8.115765,54.568163,0.045,1
2023-07-14T05:04:37.298000,8.105863,54.625124,0.054,1
2023-07-14T05:04:38.241000,8.095944,54.682083,0.027,1
2023-07-14T05:04:39.184000,8.086008,54.739042,-0.003,1
2023-07-14T05:04:40.128000,8.076056,54.796001,-0.002,1
2023-07-14T05:04:41.071000,8.066086,54.852958,0.005,1
2023-07-14T05:04:42.015000,8.0561,54.909914,-0.013,0
2023-07-14T05:04:42.958000,8.046096,54.966869,-0.056,0
2023-07-14T05:04:43.902000,8.036075,55.023824,-0.051,0
2023-07-14T05:04:44.845000,8.026037,55.080777,-0.081,0
2023-07-14T05:04:45.788000,8.015982,55.13773,-0.085,0
2023-07-14T05:04:46.732000,8.005909,55.194682,-0.066,0
2023-07-14T05:04:47.675000,7.995819,55.251632,-0.052,0
2023-07-14T05:04:48.619000,7.985711,55.308582,-0.093,0
2023-07-14T05:04:49.562000,7.975586,55.365531,-0.12,0
2023-07-14T05:04:50.506000,7.965443,55.422479,-0.133,0
2023-07-14T05:04:51.449000,7.955282,55.479426,-0.109,1
2023-07-14T05:04:52.393000,7.945103,55.536372,-0.132,1
2023-07-14T05:04:53.336000,7.934906,55.593317,-0.043,1
2023-07-14T05:04:54.279000,7.92469,55.650262,-0.018,1
2023-07-14T05:04:55.223000,7.914457,55.707205,0.002,1
2023-07-14T05:04:56.166000,7.904205,55.764147,0.011,0
2023-07-14T05:04:57.110000,7.893935,55.821089,0.03,0
2023-07-14T05:04:58.053000,7.883647,55.878029,0.073,0
2023-07-14T05:04:58.997000,7.87334,55.934969,0.075,0
2023-07-15T17:47:09.235000,2.144357,55.951619,-0.069,0
2023-07-15T17:47:10.179000,2.134052,55.894734,-0.079,0
2023-07-15T17:47:11.122000,2.123765,55.837847,-0.075,0
2023-07-15T17:47:12.066000,2.113496,55.78096,-0.058,0
2023-07-15T17:47:13.009000,2.103246,55.724072,-0.077,0
2023-07-15T17:47:13.953000,2.093014,55.667183,-0.068,0
2023-07-15T17:47:14.896000,2.0828,55.610293,-0.04,0
2023-07-15T17:47:15.839000,2.072604,55.553402,-0.021,0
2023-07-15T17:47:16.783000,2.062427,55.496511,-0.021,0
2023-07-15T17:47:17.726000,2.052267,55.439618,0.007,0
2023-07-15T17:47:18.670000,2.042126,55.382725,-0.002,0
2023-07-15T17:47:19.613000,2.032001,55.325831,0.023,0
2023-07-15T17:47:20.557000,2.021895,55.268936,0.021,0
2023-07-15T17:47:21.500000,2.011806,55.21204,0.073,0
2023-07-15T17:47:22.443000,2.001735,55.155143,0.071,0
2023-07-15T17:47:23.387000,1.991681,55.098245,0.125,0
2023-07-15T17:47:24.330000,1.981645,55.041347,0.139,0
2023-07-15T17:47:25.274000,1.971625,54.984448,0.2,0
2023-07-15T17:47:26.217000,1.961623,54.927547,0.246,0
2023-07-15T17:47:27.161000,1.951638,54.870646,0.293,0
2023-07-15T17:47:28.104000,1.94167,54.813745,0.341,0
2023-07-15T17:47:29.048000,1.931719,54.756842,0.407,0
2023-07-15T17:47:29.991000,1.921785,54.699938,0.421,0
2023-07-15T17:47:30.934000,1.911867,54.643034,0.409,0
2023-07-15T17:47:31.878000,1.901966,54.586129,0.415,0
2023-07-15T17:47:32.821000,1.892081,54.529223,0.42,0
2023-07-15T17:47:33.765000,1.882214,54.472316,0.413,0
2023-07-15T17:47:34.708000,1.872362,54.415408,0.418,0
2023-07-15T17:47:35.652000,1.862527,54.358499,0.446,0
2023-07-15T17:47:36.595000,1.852708,54.30159,0.468,0
2023-07-15T17:47:37.538000,1.842905,54.24468,0.519,0
2023-07-15T17:47:38.482000,1.833119,54.187768,0.533,0
2023-07-15T17:47:39.425000,1.823348,54.130857,0.552,0
2023-07-15T17:47:40.369000,1.813593,54.073944,0.575,0
2023-07-15T17:47:41.312000,1.803855,54.01703,0.589,0
2023-07-15T17:47:42.256000,1.794132,53.960116,0.63,0
2023-07-15T17:47:43.199000,1.784424,53.9032,0.656,0
2023-07-15T17:47:44.142000,1.774733,53.846284,0.638,0
2023-07-15T17:47:45.086000,1.765057,53.789367,0.67,0
2023-07-15T17:47:46.029000,1.755396,53.73245,0.688,0
2023-07-15T17:47:46.973000,1.745751,53.675531,0.709,0
2023-07-15T17:47:47.916000,1.736121,53.618612,0.743,0
2023-07-15T17:47:48.860000,1.726506,53.561691,0.734,0
2023-07-15T17:47:49.803000,1.716907,53.50477,0.746,0
2023-07-15T17:47:50.747000,1.707323,53.447848,0.758,0
2023-07-15T17:47:51.690000,1.697753,53.390926,0.783,0
2023-07-15T17:47:52.633000,1.688199,53.334002,0.798,0
2023-07-15T17:47:53.577000,1.67866,53.277078,0.863,0
2023-07-15T17:47:54.520000,1.669135,53.220153,0.804,0
2023-07-15T17:47:55.464000,1.659626,53.163227,0.839,0
2023-07-15T17:47:56.407000,1.650131,53.1063,0.878,0
2023-07-15T17:47:57.351000,1.64065,53.049372,0.937,0
2023-07-15T17:47:58.294000,1.631185,52.992444,0.969,0
2023-07-15T17:47:59.237000,1.621733,52.935514,0.879,1
2023-07-15T17:48:00.181000,1.612296,52.878584,0.883,1
2023-07-15T17:48:16.219000,1.454013,51.910649,-0.863,1
2023-07-15T17:48:17.163000,1.444825,51.853704,-0.985,1
2023-07-15T17:48:18.106000,1.43565,51.796759,-1.101,1
2023-07-15T17:48:19.050000,1.426488,51.739813,-1.219,0
2023-07-15T17:48:19.993000,1.417339,51.682866,-1.298,0
2023-07-15T17:48:20.937000,1.408203,51.625918,-1.381,1
2023-07-15T17:48:21.880000,1.399081,51.568969,-1.424,0
2023-07-15T17:48:22.823000,1.389971,51.51202,-1.505,1
2023-07-15T17:48:23.767000,1.380874,51.45507,-1.523,1
2023-07-15T17:48:30.371000,1.31755,51.056396,-1.626,1
2023-07-15T17:48:31.314000,1.308553,50.99944,-1.617,1
2023-07-15T17:48:32.258000,1.29957,50.942482,-1.622,0
2023-07-15T17:48:33.201000,1.290598,50.885524,-1.576,0
2023-07-15T17:48:34.145000,1.281639,50.828565,-1.573,0
2023-07-15T17:48:35.088000,1.272692,50.771606,-1.482,0
2023-07-15T17:48:36.032000,1.263757,50.714645,-1.433,0
2023-07-15T17:48:36.975000,1.254834,50.657684,-1.376,0
2023-07-15T17:48:37.918000,1.245923,50.600722,-1.308,0
2023-07-15T17:48:38.862000,1.237024,50.543759,-1.269,0
2023-07-15T17:48:39.805000,1.228137,50.486795,-1.175,0
2023-07-15T17:48:40.749000,1.219262,50.429831,-1.106,0
2023-07-15T17:48:41.692000,1.210398,50.372866,-1.062,0
2023-07-15T17:48:42.636000,1.201547,50.3159,-0.986,0
2023-07-15T17:48:43.579000,1.192707,50.258933,-0.897,0
2023-07-15T17:48:44.522000,1.183879,50.201966,-0.837,0
2023-07-15T17:48:45.466000,1.175062,50.144998,-0.756,0
2023-07-15T17:48:46.409000,1.166257,50.088029,-0.669,1
2023-07-15T17:48:47.353000,1.157463,50.031059,-0.59,1
2023-07-16T05:02:28.911000,7.236521,53.810903,0.217,1
2023-07-16T05:02:29.854000,7.226834,53.867871,0.198,0
2023-07-16T05:02:30.798000,7.217132,53.924838,0.163,0
2023-07-16T05:02:31.741000,7.207413,53.981805,0.124,0
2023-07-16T05:02:32.685000,7.197679,54.038771,0.146,0
2023-07-16T05:02:33.628000,7.18793,54.095735,0.112,0
2023-07-16T05:02:34.572000,7.178164,54.152699,0.131,0
2023-07-16T05:02:35.515000,7.168382,54.209662,0.084,0
2023-07-16T05:02:36.459000,7.158584,54.266624,0.13,0
2023-07-16T05:02:37.402000,7.148771,54.323585,0.115,0
2023-07-16T05:02:38.345000,7.13894,54.380545,0.055,0
2023-07-16T05:02:39.289000,7.129094,54.437505,0.107,0
2023-07-16T05:02:40.232000,7.119231,54.494463,0.121,0
2023-07-16T05:02:41.176000,7.109352,54.551421,0.146,0
2023-07-16T05:02:42.119000,7.099456,54.608377,0.197,0
2023-07-16T05:02:43.063000,7.089543,54.665333,0.177,0
2023-07-16T05:02:44.006000,7.079614,54.722288,0.145,0
2023-07-16T05:02:44.949000,7.069668,54.779241,0.165,0
2023-07-16T05:02:45.893000,7.059705,54.836194,0.165,0
2023-07-16T05:02:46.836000,7.049726,54.893146,0.193,0
2023-07-16T05:02:47.780000,7.039729,54.950097,0.21,0
2023-07-16T05:02:48.723000,7.029715,55.007047,0.196,0
2023-07-16T05:02:49.667000,7.019683,55.063996,0.215,0
2023-07-16T05:02:50.610000,7.009635,55.120945,0.213,0
2023-07-16T05:02:51.554000,6.999569,55.177892,0.231,0
2023-07-16T05:02:52.497000,6.989486,55.234838,0.235,0
2023-07-16T05:02:53.440000,6.979385,55.291784,0.215,0
2023-07-16T05:02:54.384000,6.969266,55.348728,0.213,0
2023-07-16T05:02:55.327000,6.95913,55.405672,0.277,0
2023-07-16T05:02:56.271000,6.948976,55.462615,0.317,0
2023-07-16T05:02:57.214000,6.938804,55.519556,0.338,0
2023-07-16T05:02:58.158000,6.928614,55.576497,0.312,0
2023-07-16T05:02:59.101000,6.918406,55.633437,0.312,1
2023-07-16T05:03:00.044000,6.908179,55.690376,0.304,0
2023-07-16T05:03:00.988000,6.897935,55.747314,0.351,0
2023-07-16T05:03:01.931000,6.887672,55.804251,0.339,0
2023-07-16T05:03:02.875000,6.877391,55.861187,0.336,0
2023-07-16T05:03:03.818000,6.867091,55.918122,0.362,0
2023-07-16T05:03:04.762000,6.856772,55.975057,0.365,0
2023-07-17T17:45:14.057000,1.137498,55.969682,0.345,0
2023-07-17T17:45:15.000000,1.127187,55.9128,0.371,0
2023-07-17T17:45:15.944000,1.116894,55.855917,0.388,0
2023-07-17T17:45:16.887000,1.10662,55.799034,0.417,0
2023-07-17T17:45:17.831000,1.096365,55.742149,0.425,0
2023-07-17T17:45:18.774000,1.086127,55.685264,0.464,0
2023-07-17T17:45:19.718000,1.075908,55.628377,0.533,0
2023-07-17T17:45:20.661000,1.065707,55.57149,0.533,0
2023-07-17T17:45:21.604000,1.055524,55.514602,0.522,0
2023-07-17T17:45:22.548000,1.04536,55.457713,0.569,0
2023-07-17T17:45:23.491000,1.035213,55.400823,0.595,0
2023-07-17T17:45:24.435000,1.025083,55.343933,0.635,0
2023-07-17T17:45:25.378000,1.014972,55.287041,0.668,0
2023-07-17T17:45:26.322000,1.004878,55.230149,0.698,0
2023-07-17T17:45:27.265000,0.994802,55.173256,0.734,0
2023-07-17T17:45:28.208000,0.984743,55.116362,0.756,0
2023-07-17T17:45:29.152000,0.974701,55.059467,0.786,0
2023-07-17T17:45:30.095000,0.964677,55.002571,0.83,0
2023-07-17T17:45:31.039000,0.954669,54.945674,0.87,0
2023-07-17T17:45:31.982000,0.944679,54.888777,0.879,0
2023-07-17T17:45:32.926000,0.934706,54.831879,0.919,0
2023-07-17T17:45:33.869000,0.92475,54.77498,0.959,0
2023-07-17T17:45:34.813000,0.914811,54.718079,0.994,0
2023-07-17T17:45:35.756000,0.904888,54.661179,0.995,0
2023-07-17T17:45:36.699000,0.894983,54.604277,1.049,0
2023-07-17T17:45:37.643000,0.885093,54.547374,1.105,0
2023-07-17T17:45:38.586000,0.87522,54.490471,1.161,0
2023-07-17T17:45:39.530000,0.865364,54.433566,1.197,0
2023-07-17T17:45:40.473000,0.855524,54.376661,1.231,0
2023-07-17T17:45:41.417000,0.845701,54.319755,1.276,0
2023-07-17T17:45:42.360000,0.835893,54.262849,1.334,0
2023-07-17T17:45:43.303000,0.826102,54.205941,1.361,0
2023-07-17T17:45:44.247000,0.816326,54.149033,1.383,0
2023-07-17T17:45:45.190000,0.806567,54.092123,1.44,0
2023-07-17T17:45:46.134000,0.796824,54.035213,1.437,0
2023-07-17T17:45:47.077000,0.787096,53.978302,1.502,0
2023-07-17T17:45:48.021000,0.777384,53.92139,1.534,0
2023-07-17T17:45:48.964000,0.767688,53.864478,1.611,0
2023-07-17T17:45:49.908000,0.758007,53.807564,1.659,0
2023-07-17T17:45:50.851000,0.748342,53.75065,1.713,0
2023-07-17T17:45:51.794000,0.738692,53.693735,1.731,0
2023-07-17T17:45:52.738000,0.729058,53.636819,1.765,0
2023-07-17T17:45:53.681000,0.719439,53.579902,1.806,0
2023-07-17T17:45:54.625000,0.709835,53.522984,1.886,0
2023-07-17T17:45:55.568000,0.700246,53.466066,1.914,0
2023-07-17T17:45:56.512000,0.690673,53.409146,1.947,0
2023-07-17T17:45:57.455000,0.681114,53.352226,1.981,0
2023-07-17T17:45:58.398000,0.67157,53.295305,2.113,0
2023-07-17T17:45:59.342000,0.662041,53.238384,2.133,0
2023-07-17T17:46:00.285000,0.652527,53.181461,2.186,0
2023-07-17T17:46:01.229000,0.643028,53.124538,2.219,0
2023-07-17T17:46:02.172000,0.633543,53.067613,2.243,1
2023-07-17T17:46:41.797000,0.247562,50.676064,-2.236,1
2023-07-17T17:46:42.740000,0.238648,50.619105,-2.222,1
2023-07-17T17:46:43.683000,0.229746,50.562145,-2.21,0
2023-07-17T17:46:44.627000,0.220855,50.505185,-2.2,0
2023-07-17T17:46:45.570000,0.211976,50.448224,-2.177,0
2023-07-17T17:46:46.514000,0.20311,50.391262,-2.166,0
2023-07-17T17:46:47.457000,0.194254,50.334299,-2.158,0
2023-07-17T17:46:48.401000,0.185411,50.277336,-2.142,0
2023-07-17T17:46:49.344000,0.17658,50.220371,-2.15,0
2023-07-17T17:46:50.288000,0.167759,50.163406,-2.134,0
2023-07-17T17:46:51.231000,0.158951,50.10644,-2.125,0
2023-07-17T17:46:52.174000,0.150154,50.049474,-2.132,0
2023-07-17T17:46:53.118000,0.141368,49.992506,-2.11,0
2023-07-17T17:46:54.061000,0.132595,49.935538,-2.087,0
2023-07-17T17:46:55.005000,0.123832,49.878569,-2.118,0
2023-07-17T17:46:55.948000,0.11508,49.821599,-2.066,1
2023-07-17T17:46:56.892000,0.10634,49.764629,-2.003,1
2023-07-17T17:46:57.835000,0.097611,49.707658,-1.912,1
2023-07-18T05:00:29.959000,6.267353,53.572284,-0.125,1
2023-07-18T05:00:30.902000,6.257731,53.629252,-0.154,1
2023-07-18T05:00:31.846000,6.248093,53.686218,-0.17,0
2023-07-18T05:00:32.789000,6.238441,53.743184,-0.139,0
2023-07-18T05:00:33.733000,6.228773,53.800148,-0.147,0
2023-07-18T05:00:34.676000,6.219089,53.857112,-0.131,0
2023-07-18T05:00:35.620000,6.20939,53.914074,-0.136,0
2023-07-18T05:00:36.563000,6.199675,53.971036,-0.108,0
2023-07-18T05:00:37.506000,6.189944,54.027997,-0.117,0
2023-07-18T05:00:38.450000,6.180198,54.084957,-0.097,0
2023-07-18T05:00:39.393000,6.170436,54.141917,-0.085,0
2023-07-18T05:00:40.337000,6.160657,54.198875,-0.093,0
2023-07-18T05:00:41.280000,6.150863,54.255832,-0.062,0
2023-07-18T05:00:42.224000,6.141052,54.312788,-0.032,0
2023-07-18T05:00:43.167000,6.131226,54.369744,-0.012,0
2023-07-18T05:00:44.110000,6.121383,54.426699,0.012,0
2023-07-18T05:00:45.054000,6.111523,54.483652,0.037,0
2023-07-18T05:00:45.997000,6.101647,54.540605,0.041,0
2023-07-18T05:00:46.941000,6.091755,54.597557,0.037,0
2023-07-18T05:00:47.884000,6.081846,54.654508,0.046,0
2023-07-18T05:00:48.828000,6.071921,54.711458,0.071,0
2023-07-18T05:00:49.771000,6.061978,54.768407,0.087,0
2023-07-18T05:00:50.715000,6.052019,54.825355,0.106,0
2023-07-18T05:00:51.658000,6.042042,54.882302,0.096,0
2023-07-18T05:00:52.601000,6.032049,54.939249,0.101,0
2023-07-18T05:00:53.545000,6.022039,54.996194,0.095,0
2023-07-18T05:00:54.488000,6.012011,55.053138,0.106,0
2023-07-18T05:00:55.432000,6.001966,55.110082,0.112,0
2023-07-18T05:00:56.375000,5.991904,55.167025,0.122,0
2023-07-18T05:00:57.319000,5.981825,55.223966,0.131,0
2023-07-18T05:00:58.262000,5.971728,55.280907,0.157,0
2023-07-18T05:00:59.205000,5.961613,55.337847,0.129,0
2023-07-18T05:01:00.149000,5.95148,55.394786,0.175,0
2023-07-18T05:01:01.092000,5.94133,55.451724,0.193,0
2023-07-18T05:01:02.036000,5.931162,55.508661,0.19,0
2023-07-18T05:01:02.979000,5.920975,55.565597,0.206,0
2023-07-18T05:01:03.923000,5.910771,55.622532,0.214,0
2023-07-18T05:01:04.866000,5.900549,55.679466,0.247,0
2023-07-18T05:01:05.810000,5.890308,55.736399,0.225,0
2023-07-18T05:01:06.753000,5.880049,55.793332,0.261,0
2023-07-18T05:01:07.696000,5.869772,55.850263,0.261,0
2023-07-18T05:01:08.640000,5.859476,55.907194,0.259,0
2023-07-18T05:01:09.583000,5.849161,55.964123,0.291,0
2023-07-19T17:43:18.879000,0.130689,55.981154,0.868,0
2023-07-19T17:43:19.822000,0.120373,55.924275,0.913,0
2023-07-19T17:43:20.765000,0.110076,55.867395,0.955,0
2023-07-19T17:43:21.709000,0.099797,55.810514,0.948,0
2023-07-19T17:43:22.652000,0.089537,55.753633,1.016,0
2023-07-19T17:43:23.596000,0.079295,55.696751,1.002,0
2023-07-19T17:43:24.539000,0.069071,55.639867,1.073,0
2023-07-19T17:43:25.483000,0.058865,55.582983,1.119,0
2023-07-19T17:43:26.426000,0.048678,55.526098,1.152,0
2023-07-19T17:43:27.369000,0.038509,55.469212,1.179,0
2023-07-19T17:43:28.313000,0.028357,55.412326,1.213,0
2023-07-19T17:43:29.256000,0.018223,55.355438,1.242,0
2023-07-19T17:43:30.200000,0.008107,55.29855,1.292,0
2023-07-19T17:43:31.143000,-0.001991,55.24166,1.325,0
2023-07-19T17:43:32.087000,-0.012072,55.18477,1.33,0
2023-07-19T17:43:33.030000,-0.022136,55.127879,1.403,0
2023-07-19T17:43:33.974000,-0.032182,55.070987,1.39,0
2023-07-19T17:43:34.917000,-0.04221,55.014094,1.396,0
2023-07-19T17:43:35.860000,-0.052222,54.957201,1.46,0
2023-07-19T17:43:36.804000,-0.062217,54.900306,1.51,0
2023-07-19T17:43:37.747000,-0.072194,54.843411,1.521,0
2023-07-19T17:43:38.691000,-0.082155,54.786514,1.546,0
2023-07-19T17:43:39.634000,-0.092098,54.729617,1.609,0
2023-07-19T17:43:40.578000,-0.102025,54.67272,1.613,0
2023-07-19T17:43:41.521000,-0.111935,54.615821,1.632,0
2023-07-19T17:43:42.464000,-0.121829,54.558921,1.71,0
2023-07-19T17:43:43.408000,-0.131706,54.502021,1.732,0
2023-07-19T17:43:44.351000,-0.141566,54.445119,1.781,0
2023-07-19T17:43:45.295000,-0.151411,54.388217,1.814,0
2023-07-19T17:43:46.238000,-0.161239,54.331314,1.871,0
2023-07-19T17:43:47.182000,-0.17105,54.27441,1.918,1
2023-07-19T17:43:48.125000,-0.180846,54.217506,1.941,1
2023-07-19T17:44:47.562000,-0.768533,50.630845,-1.501,1
2023-07-19T17:44:48.505000,-0.777439,50.573888,-1.479,0
2023-07-19T17:44:49.448000,-0.786333,50.516931,-1.43,0
2023-07-19T17:44:50.392000,-0.795215,50.459972,-1.455,0
2023-07-19T17:44:51.335000,-0.804085,50.403013,-1.464,0
2023-07-19T17:44:52.279000,-0.812943,50.346053,-1.457,0
2023-07-19T17:44:53.222000,-0.821789,50.289092,-1.494,0
2023-07-19T17:44:54.166000,-0.830624,50.23213,-1.483,0
2023-07-19T17:44:55.109000,-0.839448,50.175168,-1.517,0
2023-07-19T17:44:56.053000,-0.848259,50.118204,-1.534,0
2023-07-19T17:44:56.996000,-0.857059,50.06124,-1.599,0
2023-07-19T17:44:57.939000,-0.865848,50.004275,-1.644,0
2023-07-19T17:44:58.883000,-0.874625,49.94731,-1.696,0
2023-07-19T17:44:59.826000,-0.883391,49.890344,-1.747,0
2023-07-19T17:45:00.770000,-0.892146,49.833376,-1.791,0
2023-07-19T17:45:01.713000,-0.900889,49.776408,-1.868,0
2023-07-19T17:45:02.657000,-0.909621,49.71944,-1.949,0
2023-07-20T04:58:32.894000,5.27779,53.453835,0.021,1
2023-07-20T04:58:33.837000,5.268199,53.510799,-0.025,1
2023-07-20T04:58:34.781000,5.258592,53.567763,-0.06,0
2023-07-20T04:58:35.724000,5.248971,53.624725,-0.063,0
2023-07-20T04:58:36.667000,5.239334,53.681686,-0.082,0
2023-07-20T04:58:37.611000,5.229682,53.738647,-0.076,0
2023-07-20T04:58:38.554000,5.220014,53.795606,-0.049,0
2023-07-20T04:58:39.498000,5.210331,53.852565,-0.065,0
2023-07-20T04:58:40.441000,5.200632,53.909523,-0.068,0
2023-07-20T04:58:41.385000,5.190918,53.96648,-0.064,0
2023-07-20T04:58:42.328000,5.181188,54.023436,-0.047,0
2023-07-20T04:58:43.271000,5.171442,54.080391,-0.032,0
2023-07-20T04:58:44.215000,5.16168,54.137345,-0.019,0
2023-07-20T04:58:45.158000,5.151902,54.194298,-0.013,0
2023-07-20T04:58:46.102000,5.142108,54.25125,0.014,0
2023-07-20T04:58:47.045000,5.132298,54.308202,0.044,0
2023-07-20T04:58:47.989000,5.122472,54.365152,0.054,0
2023-07-20T04:58:48.932000,5.112629,54.422102,0.086,0
2023-07-20T04:58:49.875000,5.10277,54.47905,0.102,0
2023-07-20T04:58:50.819000,5.092895,54.535998,0.13,0
2023-07-20T04:58:51.762000,5.083003,54.592945,0.151,0
2023-07-20T04:58:52.706000,5.073094,54.649891,0.152,0
2023-07-20T04:58:53.649000,5.063169,54.706836,0.139,0
2023-07-20T04:58:54.593000,5.053227,54.76378,0.171,0
2023-07-20T04:58:55.536000,5.043269,54.820723,0.219,0
2023-07-20T04:58:56.480000,5.033293,54.877665,0.215,0
2023-07-20T04:58:57.423000,5.0233,54.934607,0.239,0
2023-07-20T04:58:58.366000,5.01329,54.991547,0.21,0
2023-07-20T04:58:59.310000,5.003263,55.048487,0.257,0
2023-07-20T04:59:00.253000,4.993219,55.105425,0.307,0
2023-07-20T04:59:01.197000,4.983157,55.162363,0.309,0
2023-07-20T04:59:02.140000,4.973078,55.219299,0.315,0
2023-07-20T04:59:03.084000,4.962982,55.276235,0.333,0
2023-07-20T04:59:04.027000,4.952867,55.33317,0.367,0
2023-07-20T04:59:04.970000,4.942735,55.390104,0.384,0
2023-07-20T04:59:05.914000,4.932586,55.447037,0.393,0
2023-07-20T04:59:06.857000,4.922418,55.503969,0.376,0
2023-07-20T04:59:07.801000,4.912233,55.5609,0.397,0
2023-07-20T04:59:08.744000,4.902029,55.61783,0.395,0
2023-07-20T04:59:09.688000,4.891807,55.674759,0.442,0
2023-07-20T04:59:10.631000,4.881567,55.731687,0.444,0
2023-07-20T04:59:11.575000,4.871309,55.788615,0.445,0
2023-07-20T04:59:12.518000,4.861032,55.845541,0.459,0
2023-07-20T04:59:13.461000,4.850737,55.902467,0.484,0
2023-07-20T04:59:14.405000,4.840422,55.959391,0.488,0
2023-07-21T17:41:24.644000,-0.881495,55.973911,1.16,0
2023-07-21T17:41:25.587000,-0.89181,55.917034,1.195,0
2023-07-21T17:41:26.530000,-0.902107,55.860157,1.246,0
2023-07-21T17:41:27.474000,-0.912385,55.803278,1.292,0
2023-07-21T17:41:28.417000,-0.922645,55.746399,1.325,0
2023-07-21T17:41:29.361000,-0.932886,55.689519,1.334,0
2023-07-21T17:41:30.304000,-0.94311,55.632637,1.354,0
2023-07-21T17:41:31.248000,-0.953315,55.575756,1.371,0
2023-07-21T17:41:32.191000,-0.963502,55.518873,1.393,0
2023-07-21T17:41:33.135000,-0.973671,55.461989,1.414,0
2023-07-21T17:41:34.078000,-0.983822,55.405105,1.459,0
2023-07-21T17:41:35.021000,-0.993955,55.348219,1.452,0
2023-07-21T17:41:35.965000,-1.004071,55.291333,1.487,0
2023-07-21T17:41:36.908000,-1.014169,55.234446,1.502,0
2023-07-21T17:41:37.852000,-1.024249,55.177557,1.518,0
2023-07-21T17:41:38.795000,-1.034312,55.120669,1.547,0
2023-07-21T17:41:39.739000,-1.044358,55.063779,1.564,0
2023-07-21T17:41:40.682000,-1.054386,55.006888,1.595,0
2023-07-21T17:41:41.625000,-1.064397,54.949997,1.641,0
2023-07-21T17:41:42.569000,-1.074391,54.893104,1.664,0
2023-07-21T17:41:43.512000,-1.084368,54.836211,1.698,0
2023-07-21T17:41:44.456000,-1.094329,54.779317,1.669,1
2023-07-21T17:41:45.399000,-1.104272,54.722422,1.692,1
2023-07-21T17:42:53.327000,-1.780693,50.62379,-0.485,1
2023-07-21T17:42:54.270000,-1.789599,50.566835,-0.497,1
2023-07-21T17:42:55.214000,-1.798493,50.509879,-0.554,1
2023-07-21T17:42:56.157000,-1.807375,50.452922,-0.596,0
2023-07-21T17:42:57.100000,-1.816245,50.395964,-0.629,0
2023-07-21T17:42:58.044000,-1.825103,50.339006,-0.676,0
2023-07-21T17:42:58.987000,-1.83395,50.282047,-0.73,0
2023-07-21T17:42:59.931000,-1.842785,50.225087,-0.779,0
2023-07-21T17:43:00.874000,-1.851608,50.168126,-0.835,0
2023-07-21T17:43:01.818000,-1.86042,50.111165,-0.881,0
2023-07-21T17:43:02.761000,-1.86922,50.054202,-0.931,0
2023-07-21T17:43:03.704000,-1.878008,49.997239,-0.972,0
2023-07-21T17:43:04.648000,-1.886786,49.940275,-1.035,0
2023-07-21T17:43:05.591000,-1.895552,49.883311,-1.101,0
2023-07-21T17:43:06.535000,-1.904306,49.826345,-1.158,1
2023-07-21T17:43:07.478000,-1.913049,49.769379,-1.213,1
2023-07-22T04:56:21.677000,4.435474,52.422093,1.203,1
2023-07-22T04:56:22.620000,4.426144,52.479067,1.196,1
2023-07-22T04:56:23.564000,4.4168,52.536041,1.097,1
2023-07-22T04:56:24.507000,4.407442,52.593014,1.0,1
2023-07-22T04:56:25.451000,4.39807,52.649986,0.889,0
2023-07-22T04:56:27.337000,4.379284,52.763927,0.761,0
2023-07-22T04:56:28.281000,4.36987,52.820896,0.681,0
2023-07-22T04:56:29.224000,4.360441,52.877864,0.568,0
2023-07-22T04:56:30.168000,4.350998,52.934832,0.462,0
2023-07-22T04:56:31.111000,4.34154,52.991798,0.39,0
2023-07-22T04:56:32.055000,4.332068,53.048764,0.257,0
2023-07-22T04:56:32.998000,4.322581,53.105729,0.184,0
2023-07-22T04:56:33.941000,4.31308,53.162693,0.106,0
2023-07-22T04:56:34.885000,4.303564,53.219656,0.025,0
2023-07-22T04:56:35.828000,4.294033,53.276618,-0.035,0
2023-07-22T04:56:36.772000,4.284487,53.333579,-0.105,0
2023-07-22T04:56:37.715000,4.274926,53.390539,-0.13,0
2023-07-22T04:56:38.659000,4.265351,53.447499,-0.172,0
2023-07-22T04:56:39.602000,4.25576,53.504457,-0.183,0
2023-07-22T04:56:40.546000,4.246154,53.561415,-0.232,0
2023-07-22T04:56:41.489000,4.236533,53.618371,-0.223,0
2023-07-22T04:56:42.432000,4.226897,53.675327,-0.219,0
2023-07-22T04:56:43.376000,4.217245,53.732282,-0.233,0
2023-07-22T04:56:44.319000,4.207578,53.789236,-0.247,0
2023-07-22T04:56:45.263000,4.197895,53.846189,-0.228,0
2023-07-22T04:56:46.206000,4.188197,53.903141,-0.226,0
2023-07-22T04:56:47.150000,4.178483,53.960093,-0.211,0
2023-07-22T04:56:48.093000,4.168753,54.017043,-0.201,0
2023-07-22T04:56:49.036000,4.159007,54.073993,-0.166,0
2023-07-22T04:56:49.980000,4.149246,54.130941,-0.147,0
2023-07-22T04:56:50.923000,4.139469,54.187889,-0.141,0
2023-07-22T04:56:51.867000,4.129675,54.244835,-0.148,0
2023-07-22T04:56:52.810000,4.119866,54.301781,-0.12,0
2023-07-22T04:56:53.754000,4.11004,54.358726,-0.101,0
2023-07-22T04:56:54.697000,4.100198,54.41567,-0.083,0
2023-07-22T04:56:55.641000,4.09034,54.472613,-0.076,0
2023-07-22T04:56:56.584000,4.080465,54.529555,-0.041,0
2023-07-22T04:56:57.527000,4.070574,54.586497,-0.032,0
2023-07-22T04:56:58.471000,4.060666,54.643437,0.009,0
2023-07-22T04:56:59.414000,4.050741,54.700376,0.045,0
2023-07-22T04:57:00.358000,4.0408,54.757315,0.045,0
2023-07-22T04:57:01.301000,4.030842,54.814252,0.086,0
2023-07-22T04:57:02.245000,4.020866,54.871189,0.094,0
2023-07-22T04:57:03.188000,4.010874,54.928125,0.094,0
2023-07-22T04:57:04.131000,4.000865,54.98506,0.126,0
2023-07-22T04:57:05.075000,3.990839,55.041993,0.162,0
2023-07-22T04:57:06.018000,3.980795,55.098926,0.157,0
2023-07-22T04:57:06.962000,3.970734,55.155859,0.176,0
2023-07-22T04:57:07.905000,3.960655,55.212789,0.194,0
2023-07-22T04:57:08.849000,3.950559,55.26972,0.205,0
2023-07-22T04:57:09.792000,3.940446,55.326649,0.236,0
2023-07-22T04:57:10.736000,3.930315,55.383577,0.26,0
2023-07-22T04:57:11.679000,3.920166,55.440505,0.283,0
2023-07-22T04:57:12.622000,3.909999,55.497431,0.299,0
2023-07-22T04:57:13.566000,3.899814,55.554356,0.301,0
2023-07-22T04:57:14.509000,3.889611,55.611281,0.312,0
2023-07-22T04:57:15.453000,3.87939,55.668205,0.354,0
2023-07-22T04:57:16.396000,3.86915,55.725127,0.317,0
2023-07-22T04:57:17.340000,3.858893,55.782049,0.334,0
2023-07-22T04:57:18.283000,3.848617,55.83897,0.335,0
2023-07-22T04:57:19.226000,3.838322,55.89589,0.364,0
2023-07-22T04:57:20.170000,3.828009,55.952808,0.324,0
2023-07-23T17:39:31.352000,-1.899999,55.943643,1.41,1
2023-07-23T17:39:32.295000,-1.910306,55.886768,1.474,1
2023-07-23T17:39:33.239000,-1.920594,55.829892,1.498,1
2023-07-24T04:54:15.177000,3.54481,51.661303,1.889,1
2023-07-24T04:54:16.121000,3.535659,51.718284,1.822,1
2023-07-24T04:54:17.064000,3.526495,51.775264,1.684,1
2023-07-24T04:54:18.007000,3.517318,51.832243,1.624,0
2023-07-24T04:54:18.951000,3.508127,51.889222,1.516,0
2023-07-24T04:54:19.894000,3.498924,51.9462,1.451,0
2023-07-24T04:54:20.838000,3.489707,52.003176,1.34,0
2023-07-24T04:54:21.781000,3.480476,52.060152,1.267,0
2023-07-24T04:54:22.725000,3.471232,52.117127,1.166,0
2023-07-24T04:54:23.668000,3.461975,52.174101,1.056,0
2023-07-24T04:54:24.612000,3.452704,52.231075,0.96,0
2023-07-24T04:54:25.555000,3.443419,52.288047,0.901,0
2023-07-24T04:54:26.498000,3.434121,52.345019,0.798,0
2023-07-24T04:54:27.442000,3.424809,52.401989,0.74,0
2023-07-24T04:54:28.385000,3.415483,52.458959,0.659,0
2023-07-24T04:54:29.329000,3.406143,52.515928,0.595,0
2023-07-24T04:54:30.272000,3.396789,52.572896,0.513,0
2023-07-24T04:54:31.216000,3.387422,52.629863,0.446,0
2023-07-24T04:54:32.159000,3.37804,52.686829,0.401,0
2023-07-24T04:54:33.102000,3.368644,52.743794,0.336,0
2023-07-24T04:54:34.046000,3.359233,52.800759,0.265,0
2023-07-24T04:54:34.989000,3.349809,52.857722,0.223,0
2023-07-24T04:54:35.933000,3.34037,52.914685,0.156,0
2023-07-24T04:54:36.876000,3.330916,52.971647,0.081,0
2023-07-24T04:54:37.820000,3.321448,53.028608,0.031,0
2023-07-24T04:54:38.763000,3.311966,53.085568,-0.006,0
2023-07-24T04:54:39.707000,3.302469,53.142527,-0.036,0
2023-07-24T04:54:40.650000,3.292957,53.199485,-0.091,0
2023-07-24T04:54:41.593000,3.283431,53.256442,-0.138,0
2023-07-24T04:54:42.537000,3.273889,53.313399,-0.162,0
2023-07-24T04:54:43.480000,3.264333,53.370354,-0.174,0
2023-07-24T04:54:44.424000,3.254762,53.427309,-0.165,0
2023-07-24T04:54:45.367000,3.245176,53.484263,-0.21,0
2023-07-24T04:54:46.311000,3.235574,53.541215,-0.232,0
2023-07-24T04:54:47.254000,3.225957,53.598167,-0.258,0
2023-07-24T04:54:48.197000,3.216326,53.655118,-0.258,0
2023-07-24T04:54:49.141000,3.206678,53.712069,-0.282,0
2023-07-24T04:54:50.084000,3.197016,53.769018,-0.289,0
2023-07-24T04:54:51.028000,3.187338,53.825966,-0.279,0
2023-07-24T04:54:51.971000,3.177644,53.882913,-0.293,0
2023-07-24T04:54:52.915000,3.167935,53.93986,-0.265,0
2023-07-24T04:54:53.858000,3.15821,53.996806,-0.262,0
2023-07-24T04:54:54.802000,3.148469,54.05375,-0.251,0
2023-07-24T04:54:55.745000,3.138712,54.110694,-0.234,0
2023-07-24T04:54:56.688000,3.128939,54.167637,-0.23,0
2023-07-24T04:54:57.632000,3.119151,54.224579,-0.209,0
2023-07-24T04:54:58.575000,3.109346,54.28152,-0.198,0
2023-07-24T04:54:59.519000,3.099525,54.33846,-0.207,0
2023-07-24T04:55:00.462000,3.089688,54.395399,-0.211,0
2023-07-24T04:55:01.406000,3.079835,54.452338,-0.22,0
2023-07-24T04:55:02.349000,3.069965,54.509275,-0.151,0
2023-07-24T04:55:03.292000,3.060078,54.566211,-0.159,0
2023-07-24T04:55:04.236000,3.050175,54.623147,-0.12,0
2023-07-24T04:55:05.179000,3.040256,54.680082,-0.096,0
2023-07-24T04:55:06.123000,3.03032,54.737015,-0.047,0
2023-07-24T04:55:07.066000,3.020366,54.793948,-0.02,0
2023-07-24T04:55:08.010000,3.010396,54.85088,-0.004,0
2023-07-24T04:55:08.953000,3.000409,54.907811,-0.002,0
2023-07-24T04:55:09.897000,2.990405,54.964741,0.045,0
2023-07-24T04:55:10.840000,2.980384,55.02167,0.099,0
2023-07-24T04:55:11.783000,2.970346,55.078598,0.121,0
2023-07-24T04:55:12.727000,2.96029,55.135525,0.148,0
2023-07-24T04:55:13.670000,2.950216,55.192452,0.143,0
2023-07-24T04:55:14.614000,2.940126,55.249377,0.188,0
2023-07-24T04:55:15.557000,2.930018,55.306302,0.202,0
2023-07-24T04:55:16.501000,2.919892,55.363225,0.23,0
2023-07-24T04:55:17.444000,2.909748,55.420148,0.258,0
2023-07-24T04:55:18.387000,2.899586,55.477069,0.3,0
2023-07-24T04:55:19.331000,2.889407,55.53399,0.321,0
2023-07-24T04:55:20.274000,2.879209,55.59091,0.311,0
2023-07-24T04:55:21.218000,2.868994,55.647829,0.327,0
2023-07-24T04:55:22.161000,2.85876,55.704747,0.347,0
2023-07-24T04:55:23.105000,2.848508,55.761664,0.353,0
2023-07-24T04:55:24.048000,2.838237,55.81858,0.334,0
2023-07-24T04:55:24.992000,2.827948,55.875495,0.347,0
2023-07-24T04:55:25.935000,2.817641,55.932409,0.371,0
2023-07-26T04:52:13.395000,2.606704,51.193086,1.878,1
2023-07-26T04:52:14.338000,2.597658,51.250069,1.849,1
2023-07-26T04:52:15.282000,2.5886,51.307052,1.729,0
2023-07-26T04:52:16.225000,2.57953,51.364033,1.678,0
2023-07-26T04:52:17.168000,2.570446,51.421014,1.619,0
2023-07-26T04:52:19.055000,2.552241,51.534972,1.533,0
2023-07-26T04:52:19.999000,2.543119,51.59195,1.457,0
2023-07-26T04:52:20.942000,2.533984,51.648928,1.369,0
2023-07-26T04:52:21.886000,2.524836,51.705904,1.297,0
2023-07-26T04:52:22.829000,2.515675,51.762879,1.238,0
2023-07-26T04:52:23.773000,2.506501,51.819854,1.167,0
2023-07-26T04:52:24.716000,2.497314,51.876827,1.092,0
2023-07-26T04:52:25.659000,2.488113,51.9338,1.022,0
2023-07-26T04:52:26.603000,2.478899,51.990772,0.935,0
2023-07-26T04:52:27.546000,2.469672,52.047743,0.87,0
2023-07-26T04:52:28.490000,2.460431,52.104713,0.833,0
2023-07-26T04:52:29.433000,2.451177,52.161683,0.766,0
2023-07-26T04:52:30.377000,2.441909,52.218651,0.693,0
2023-07-26T04:52:31.320000,2.432628,52.275618,0.608,0
2023-07-26T04:52:32.263000,2.423332,52.332585,0.553,0
2023-07-26T04:52:33.207000,2.414024,52.389551,0.471,0
2023-07-26T04:52:34.150000,2.404701,52.446516,0.409,0
2023-07-26T04:52:35.094000,2.395364,52.50348,0.349,0
2023-07-26T04:52:36.037000,2.386014,52.560443,0.264,0
2023-07-26T04:52:36.981000,2.376649,52.617405,0.202,0
2023-07-26T04:52:37.924000,2.367271,52.674366,0.138,0
2023-07-26T04:52:38.868000,2.357878,52.731327,0.076,0
2023-07-26T04:52:39.811000,2.348471,52.788286,0.005,0
2023-07-26T04:52:40.754000,2.33905,52.845245,-0.036,0
2023-07-26T04:52:41.698000,2.329614,52.902203,-0.085,0
2023-07-26T04:52:42.641000,2.320164,52.95916,-0.114,0
2023-07-26T04:52:43.585000,2.3107,53.016116,-0.167,0
2023-07-26T04:52:44.528000,2.301221,53.073071,-0.216,0
2023-07-26T04:52:45.472000,2.291727,53.130025,-0.252,0
2023-07-26T04:52:46.415000,2.282219,53.186978,-0.286,0
2023-07-26T04:52:47.358000,2.272696,53.243931,-0.331,0
2023-07-26T04:52:48.302000,2.263158,53.300882,-0.356,0
2023-07-26T04:52:49.245000,2.253605,53.357833,-0.359,0
2023-07-26T04:52:50.189000,2.244037,53.414783,-0.378,0
2023-07-26T04:52:51.132000,2.234454,53.471732,-0.397,0
2023-07-26T04:52:52.076000,2.224857,53.52868,-0.404,0
2023-07-26T04:52:53.019000,2.215243,53.585627,-0.388,0
2023-07-26T04:52:53.963000,2.205615,53.642573,-0.407,0
2023-07-26T04:52:54.906000,2.195972,53.699518,-0.409,0
2023-07-26T04:52:55.849000,2.186313,53.756462,-0.403,0
2023-07-26T04:52:56.793000,2.176638,53.813406,-0.382,0
2023-07-26T04:52:57.736000,2.166948,53.870348,-0.39,0
2023-07-26T04:52:58.680000,2.157242,53.92729,-0.394,0
2023-07-26T04:52:59.623000,2.147521,53.984231,-0.373,0
2023-07-26T04:53:00.567000,2.137784,54.041171,-0.371,0
2023-07-26T04:53:01.510000,2.128031,54.09811,-0.367,0
2023-07-26T04:53:02.453000,2.118262,54.155048,-0.343,0
2023-07-26T04:53:03.397000,2.108477,54.211985,-0.349,0
2023-07-26T04:53:04.340000,2.098676,54.268921,-0.326,0
2023-07-26T04:53:05.284000,2.088859,54.325856,-0.299,0
2023-07-26T04:53:06.227000,2.079026,54.382791,-0.288,0
2023-07-26T04:53:07.171000,2.069176,54.439724,-0.284,0
2023-07-26T04:53:08.114000,2.05931,54.496657,-0.252,0
2023-07-26T04:53:09.057000,2.049428,54.553588,-0.24,0
2023-07-26T04:53:10.001000,2.039529,54.610519,-0.226,0
2023-07-26T04:53:10.944000,2.029613,54.667449,-0.205,0
2023-07-26T04:53:11.888000,2.019681,54.724378,-0.211,0
2023-07-26T04:53:12.831000,2.009732,54.781306,-0.176,0
2023-07-26T04:53:13.775000,1.999765,54.838233,-0.153,0
2023-07-26T04:53:14.718000,1.989782,54.895159,-0.152,0
2023-07-26T04:53:15.662000,1.979782,54.952084,-0.114,0
2023-07-26T04:53:16.605000,1.969765,55.009008,-0.129,0
2023-07-26T04:53:17.548000,1.959731,55.065932,-0.127,0
2023-07-26T04:53:18.492000,1.949679,55.122854,-0.106,0
2023-07-26T04:53:19.435000,1.93961,55.179776,-0.085,0
2023-07-26T04:53:20.379000,1.929523,55.236696,-0.065,0
2023-07-26T04:53:21.322000,1.919419,55.293616,-0.049,0
2023-07-26T04:53:22.266000,1.909298,55.350534,-0.029,0
2023-07-26T04:53:23.209000,1.899158,55.407452,-0.02,0
2023-07-26T04:53:24.152000,1.889001,55.464369,-0.003,0
2023-07-26T04:53:25.096000,1.878826,55.521285,-0.009,0
2023-07-26T04:53:26.039000,1.868632,55.5782,0.034,0
2023-07-26T04:53:26.983000,1.858421,55.635114,0.069,0
2023-07-26T04:53:27.926000,1.848191,55.692027,0.086,0
2023-07-26T04:53:28.870000,1.837944,55.748939,0.087,0
2023-07-26T04:53:29.813000,1.827678,55.80585,0.101,0
2023-07-26T04:53:30.757000,1.817393,55.862761,0.098,0
2023-07-26T04:53:31.700000,1.80709,55.91967,0.15,0
2023-07-26T04:53:32.643000,1.796768,55.976578,0.175,0
2023-07-26T16:47:36.004000,8.662049,53.958009,1.78,1
2023-07-28T04:50:15.386000,1.631333,50.962891,1.608,1
2023-07-28T04:50:16.329000,1.622339,51.019872,1.512,1
2023-07-28T04:50:17.273000,1.613333,51.076853,1.451,0
2023-07-28T04:50:18.216000,1.604315,51.133833,1.366,1
2023-07-28T04:50:19.160000,1.595284,51.190812,1.278,1
2023-07-28T04:50:20.103000,1.58624,51.24779,1.215,1
2023-07-28T04:50:21.047000,1.577184,51.304768,1.123,1
2023-07-28T04:50:21.990000,1.568115,51.361744,1.027,1
2023-07-28T04:50:22.934000,1.559033,51.41872,0.957,1
2023-07-28T04:50:23.877000,1.549939,51.475695,0.897,1
2023-07-28T04:50:24.820000,1.540832,51.532668,0.89,0
2023-07-28T04:50:25.764000,1.531711,51.589641,0.926,0
2023-07-28T04:50:26.707000,1.522578,51.646614,0.939,0
2023-07-28T04:50:27.651000,1.513432,51.703585,0.923,0
2023-07-28T04:50:28.594000,1.504273,51.760555,0.901,0
2023-07-28T04:50:29.538000,1.495101,51.817525,0.931,0
2023-07-28T04:50:30.481000,1.485915,51.874493,0.912,1
2023-07-28T04:50:31.424000,1.476717,51.931461,0.945,1
2023-07-28T04:50:49.350000,1.29934,53.013683,0.299,1
2023-07-28T04:50:50.293000,1.289863,53.070633,0.242,1
2023-07-28T04:50:51.237000,1.280371,53.127582,0.192,0
2023-07-28T04:50:52.180000,1.270865,53.184531,0.152,0
2023-07-28T04:50:53.123000,1.261344,53.241478,0.105,0
2023-07-28T04:50:54.067000,1.251808,53.298425,0.076,0
2023-07-28T04:50:55.010000,1.242257,53.35537,0.009,0
2023-07-28T04:50:55.954000,1.232692,53.412315,-0.017,0
2023-07-28T04:50:56.897000,1.223111,53.469259,-0.06,0
2023-07-28T04:50:57.841000,1.213515,53.526202,-0.098,0
2023-07-28T04:50:58.784000,1.203904,53.583144,-0.128,0
2023-07-28T04:50:59.728000,1.194278,53.640085,-0.181,0
2023-07-28T04:51:00.671000,1.184636,53.697026,-0.25,0
2023-07-28T04:51:01.614000,1.174979,53.753965,-0.245,0
2023-07-28T04:51:02.558000,1.165307,53.810904,-0.234,0
2023-07-28T04:51:03.501000,1.155619,53.867841,-0.247,0
2023-07-28T04:51:04.445000,1.145916,53.924778,-0.256,0
2023-07-28T04:51:05.388000,1.136196,53.981714,-0.289,0
2023-07-28T04:51:06.332000,1.126461,54.038649,-0.305,0
2023-07-28T04:51:07.275000,1.116711,54.095583,-0.307,0
2023-07-28T04:51:08.218000,1.106944,54.152516,-0.351,0
2023-07-28T04:51:10.105000,1.087362,54.266379,-0.339,0
2023-07-28T04:51:11.049000,1.077547,54.32331,-0.35,0
2023-07-28T04:51:11.992000,1.067716,54.380239,-0.328,0
2023-07-28T04:51:12.936000,1.057869,54.437168,-0.34,0
2023-07-28T04:51:13.879000,1.048005,54.494096,-0.379,0
2023-07-28T04:51:14.823000,1.038125,54.551022,-0.321,0
2023-07-28T04:51:15.766000,1.028228,54.607948,-0.512,1
2023-07-28T04:51:16.709000,1.018315,54.664873,-0.434,1
2023-07-28T04:51:17.653000,1.008385,54.721797,-0.29,0
2023-07-28T04:51:18.596000,0.998438,54.77872,-0.32,0
2023-07-28T04:51:19.540000,0.988474,54.835642,-0.349,0
2023-07-28T04:51:20.483000,0.978493,54.892563,-0.339,0
2023-07-28T04:51:21.427000,0.968495,54.949484,-0.286,0
2023-07-28T04:51:22.370000,0.95848,55.006403,-0.35,0
2023-07-28T04:51:23.313000,0.948448,55.063322,-0.267,0
2023-07-28T04:51:25.200000,0.928332,55.177156,-0.354,0
2023-07-28T04:51:26.144000,0.918248,55.234071,-0.329,0
2023-07-28T04:51:27.087000,0.908146,55.290986,-0.322,0
2023-07-28T04:51:28.031000,0.898027,55.3479,-0.339,0
2023-07-28T04:51:28.974000,0.88789,55.404813,-0.316,0
2023-07-28T04:51:29.918000,0.877735,55.461725,-0.318,0
2023-07-28T04:51:30.861000,0.867562,55.518636,-0.296,0
2023-07-28T04:51:31.804000,0.857371,55.575546,-0.321,0
2023-07-28T04:51:32.748000,0.847162,55.632455,-0.298,0
2023-07-28T04:51:33.691000,0.836935,55.689363,-0.297,0
2023-07-28T04:51:34.635000,0.82669,55.74627,-0.292,0
2023-07-28T04:51:35.578000,0.816426,55.803177,-0.257,0
2023-07-28T04:51:36.522000,0.806144,55.860082,-0.252,0
2023-07-28T04:51:37.465000,0.795843,55.916987,-0.245,0
2023-07-28T04:51:38.408000,0.785524,55.97389,-0.267,0
2023-07-28T16:45:08.749000,8.000078,55.9532,0.268,1
2023-07-28T16:45:09.693000,7.98977,55.896328,0.302,1
2023-07-28T16:45:10.636000,7.979481,55.839455,0.219,1
2023-07-28T16:45:11.580000,7.969211,55.78258,0.263,1
2023-07-28T16:45:12.523000,7.958959,55.725705,0.269,1
2023-07-28T16:45:13.466000,7.948725,55.668829,0.307,1
2023-07-28T16:45:15.353000,7.928312,55.555075,0.356,1
2023-07-28T16:45:16.297000,7.918133,55.498196,0.396,1
2023-07-28T16:45:17.240000,7.907972,55.441317,0.464,0
2023-07-28T16:45:18.184000,7.897828,55.384436,0.444,0
2023-07-28T16:45:19.127000,7.887702,55.327555,0.477,0
2023-07-28T16:45:20.070000,7.877594,55.270673,0.521,0
2023-07-28T16:45:21.014000,7.867503,55.21379,0.537,0
2023-07-28T16:45:21.957000,7.85743,55.156906,0.57,0
2023-07-28T16:45:22.901000,7.847375,55.100021,0.614,0
2023-07-28T16:45:23.844000,7.837336,55.043135,0.61,0
2023-07-28T16:45:24.788000,7.827315,54.986249,0.666,0
2023-07-28T16:45:25.731000,7.817311,54.929361,0.698,0
2023-07-28T16:45:26.675000,7.807324,54.872473,0.732,0
2023-07-28T16:45:27.618000,7.797354,54.815584,0.746,0
2023-07-28T16:45:28.561000,7.787401,54.758693,0.784,0
2023-07-28T16:45:29.505000,7.777465,54.701802,0.842,0
2023-07-28T16:45:30.448000,7.767546,54.644911,0.879,0
2023-07-28T16:45:31.392000,7.757643,54.588018,0.91,0
2023-07-28T16:45:32.335000,7.747757,54.531124,0.966,0
2023-07-28T16:45:33.279000,7.737887,54.47423,0.977,0
2023-07-28T16:45:34.222000,7.728033,54.417334,1.004,0
2023-07-28T16:45:35.165000,7.718197,54.360438,1.03,0
2023-07-28T16:45:36.109000,7.708376,54.303541,1.05,0
2023-07-28T16:45:37.052000,7.698571,54.246643,1.095,1
2023-07-28T16:45:37.996000,7.688783,54.189744,1.121,1
2023-07-28T16:45:38.939000,7.67901,54.132845,1.152,1
2023-07-28T16:45:39.883000,7.669254,54.075944,1.201,0
2023-07-28T16:45:40.826000,7.659513,54.019043,1.225,0
2023-07-28T16:45:41.770000,7.649788,53.962141,1.251,0
2023-07-28T16:45:42.713000,7.640079,53.905237,1.291,1
2023-07-28T16:45:43.656000,7.630386,53.848333,1.34,1
2023-07-30T04:48:04.169000,0.778562,49.94505,-0.073,1
2023-07-30T04:48:05.113000,0.769781,50.002042,-0.149,1
2023-07-30T04:48:06.056000,0.76099,50.059033,-0.229,0
2023-07-30T04:48:06.999000,0.752187,50.116023,-0.265,0
2023-07-30T04:48:07.943000,0.743372,50.173012,-0.352,0
2023-07-30T04:48:08.886000,0.734546,50.230001,-0.389,0
2023-07-30T04:48:09.830000,0.725708,50.286989,-0.472,0
2023-07-30T04:48:10.773000,0.716858,50.343976,-0.566,0
2023-07-30T04:48:11.717000,0.707997,50.400962,-0.587,0
2023-07-30T04:48:12.660000,0.699124,50.457947,-0.644,0
2023-07-30T04:48:13.604000,0.690239,50.514931,-0.702,0
2023-07-30T04:48:14.547000,0.681342,50.571914,-0.724,0
2023-07-30T04:48:15.490000,0.672433,50.628897,-0.77,0
2023-07-30T04:48:16.434000,0.663512,50.685879,-0.8,0
2023-07-30T04:48:17.377000,0.654579,50.74286,-0.897,1
2023-07-30T04:48:18.321000,0.645634,50.79984,-0.92,1
2023-07-30T04:48:53.228000,0.305633,52.907492,1.891,1
2023-07-30T04:48:54.171000,0.296184,52.964439,1.797,1
2023-07-30T04:49:03.606000,0.200893,53.53386,1.097,1
2023-07-30T04:49:06.436000,0.172013,53.704668,0.726,1
2023-07-30T04:49:07.379000,0.162356,53.761603,0.668,1
2023-07-30T04:49:08.323000,0.152683,53.818536,0.616,1
2023-07-30T04:49:09.266000,0.142995,53.875469,0.527,0
2023-07-30T04:49:10.210000,0.133291,53.932401,0.511,0
2023-07-30T04:49:11.153000,0.123571,53.989332,0.465,0
2023-07-30T04:49:12.097000,0.113836,54.046261,0.423,0
2023-07-30T04:49:13.040000,0.104084,54.10319,0.37,1
2023-07-30T04:49:13.984000,0.094317,54.160119,0.31,1
2023-07-30T04:49:14.927000,0.084534,54.217046,0.307,0
2023-07-30T04:49:15.870000,0.074735,54.273972,0.261,0
2023-07-30T04:49:16.814000,0.064919,54.330898,0.222,0
2023-07-30T04:49:17.757000,0.055088,54.387822,0.178,0
2023-07-30T04:49:18.701000,0.04524,54.444746,0.131,0
2023-07-30T04:49:19.644000,0.035376,54.501668,0.115,0
2023-07-30T04:49:20.588000,0.025495,54.55859,0.089,0
2023-07-30T04:49:21.531000,0.015598,54.615511,0.05,0
2023-07-30T04:49:22.474000,0.005684,54.672431,0.047,0
2023-07-30T04:49:23.418000,-0.004247,54.72935,0.002,0
2023-07-30T04:49:24.361000,-0.014194,54.786268,-0.018,0
2023-07-30T04:49:25.305000,-0.024159,54.843185,-0.041,0
2023-07-30T04:49:26.248000,-0.03414,54.900101,-0.057,0
2023-07-30T04:49:27.192000,-0.044138,54.957017,-0.052,0
2023-07-30T04:49:28.135000,-0.054154,55.013931,-0.086,0
2023-07-30T04:49:29.079000,-0.064186,55.070845,-0.091,0
2023-07-30T04:49:30.022000,-0.074236,55.127757,-0.104,0
2023-07-30T04:49:30.965000,-0.084303,55.184669,-0.117,0
2023-07-30T04:49:31.909000,-0.094388,55.24158,-0.119,0
2023-07-30T04:49:32.852000,-0.104491,55.298489,-0.154,0
2023-07-30T04:49:33.796000,-0.114611,55.355398,-0.162,0
2023-07-30T04:49:34.739000,-0.124748,55.412306,-0.188,0
2023-07-30T04:49:35.683000,-0.134904,55.469213,-0.229,0
2023-07-30T04:49:36.626000,-0.145077,55.52612,-0.217,0
2023-07-30T04:49:37.569000,-0.155269,55.583025,-0.251,0
2023-07-30T04:49:38.513000,-0.165478,55.639929,-0.249,0
2023-07-30T04:49:39.456000,-0.175706,55.696832,-0.267,0
2023-07-30T04:49:40.400000,-0.185952,55.753734,-0.297,0
2023-07-30T04:49:41.343000,-0.196216,55.810636,-0.309,0
2023-07-30T04:49:42.287000,-0.206499,55.867536,-0.321,0
2023-07-30T04:49:43.230000,-0.2168,55.924436,-0.339,0
2023-07-30T04:49:44.174000,-0.22712,55.981334,-0.342,0
2023-07-30T16:43:14.514000,6.986334,55.946646,0.235,0
2023-07-30T16:43:15.458000,6.97603,55.889773,0.232,0
2023-07-30T16:43:16.401000,6.965744,55.8329,0.22,0
2023-07-30T16:43:17.345000,6.955477,55.776026,0.214,0
2023-07-30T16:43:18.288000,6.945228,55.719151,0.235,0
2023-07-30T16:43:19.231000,6.934997,55.662275,0.278,0
2023-07-30T16:43:20.175000,6.924784,55.605398,0.262,0
2023-07-30T16:43:21.118000,6.91459,55.54852,0.273,0
2023-07-30T16:43:22.062000,6.904414,55.491641,0.23,0
2023-07-30T16:43:23.005000,6.894255,55.434762,0.226,0
2023-07-30T16:43:23.949000,6.884114,55.377881,0.201,0
2023-07-30T16:43:24.892000,6.873992,55.320999,0.217,0
2023-07-30T16:43:25.836000,6.863886,55.264117,0.225,0
2023-07-30T16:43:26.779000,6.853799,55.207234,0.242,0
2023-07-30T16:43:27.722000,6.843729,55.15035,0.254,0
2023-07-30T16:43:28.666000,6.833676,55.093465,0.253,0
2023-07-30T16:43:29.609000,6.82364,55.036579,0.248,0
2023-07-30T16:43:30.553000,6.813622,54.979692,0.267,0
2023-07-30T16:43:31.496000,6.803621,54.922804,0.288,0
2023-07-30T16:43:32.440000,6.793637,54.865916,0.297,0
2023-07-30T16:43:33.383000,6.78367,54.809027,0.311,0
2023-07-30T16:43:34.326000,6.77372,54.752136,0.308,0
2023-07-30T16:43:35.270000,6.763786,54.695245,0.342,0
2023-07-30T16:43:36.213000,6.753869,54.638353,0.332,0
2023-07-30T16:43:37.157000,6.743969,54.58146,0.35,0
2023-07-30T16:43:38.100000,6.734086,54.524566,0.374,0
2023-07-30T16:43:39.044000,6.724219,54.467672,0.38,0
2023-07-30T16:43:39.987000,6.714368,54.410776,0.402,0
2023-07-30T16:43:40.930000,6.704534,54.35388,0.399,0
2023-07-30T16:43:41.874000,6.694716,54.296982,0.424,0
2023-07-30T16:43:42.817000,6.684914,54.240084,0.432,0
2023-07-30T16:43:43.761000,6.675129,54.183185,0.49,0
2023-07-30T16:43:44.704000,6.665359,54.126285,0.509,0
2023-07-30T16:43:45.648000,6.655605,54.069384,0.542,0
2023-07-30T16:43:46.591000,6.645867,54.012483,0.551,0
2023-07-30T16:43:47.535000,6.636145,53.95558,0.644,0
2023-07-30T16:43:48.478000,6.626438,53.898677,0.675,0
2023-07-30T16:43:49.421000,6.616747,53.841773,0.724,0
2023-07-30T16:43:50.365000,6.607072,53.784867,0.773,0
2023-07-30T16:43:51.308000,6.597412,53.727961,0.834,1
2023-07-30T16:43:52.252000,6.587768,53.671055,0.897,1
2023-08-01T04:46:06.160000,-0.200771,49.735868,-2.206,0
2023-08-01T04:46:07.104000,-0.209509,49.792858,-2.173,0
2023-08-01T04:46:08.047000,-0.218259,49.849848,-2.143,0
2023-08-01T04:46:08.991000,-0.22702,49.906836,-2.144,0
2023-08-01T04:46:09.934000,-0.235793,49.963824,-2.134,0
2023-08-01T04:46:10.878000,-0.244576,50.02081,-2.113,0
2023-08-01T04:46:11.821000,-0.253372,50.077796,-2.084,0
2023-08-01T04:46:12.765000,-0.262178,50.134782,-2.105,0
2023-08-01T04:46:13.708000,-0.270997,50.191766,-2.05,0
2023-08-01T04:46:14.651000,-0.279827,50.248749,-2.052,0
2023-08-01T04:46:15.595000,-0.288668,50.305732,-2.036,0
2023-08-01T04:46:16.538000,-0.297522,50.362714,-2.006,0
2023-08-01T04:46:17.482000,-0.306387,50.419694,-2.019,0
2023-08-01T04:46:18.425000,-0.315264,50.476674,-2.021,0
2023-08-01T04:46:19.369000,-0.324153,50.533654,-2.005,0
2023-08-01T04:46:20.312000,-0.333053,50.590632,-2.034,0
2023-08-01T04:46:21.255000,-0.341966,50.647609,-2.044,0
2023-08-01T04:46:22.199000,-0.350891,50.704586,-2.101,1
2023-08-01T04:46:23.142000,-0.359827,50.761562,-2.132,1
2023-08-01T04:47:30.126000,-1.028923,54.804613,1.176,0
2023-08-01T04:47:31.070000,-1.038892,54.861526,1.155,0
2023-08-01T04:47:32.013000,-1.048879,54.918437,1.129,0
2023-08-01T04:47:32.957000,-1.058883,54.975347,1.076,0
2023-08-01T04:47:33.900000,-1.068903,55.032257,1.023,0
2023-08-01T04:47:34.844000,-1.078941,55.089165,0.98,0
2023-08-01T04:47:35.787000,-1.088997,55.146073,0.928,0
2023-08-01T04:47:36.730000,-1.09907,55.20298,0.885,0
2023-08-01T04:47:37.674000,-1.10916,55.259886,0.847,0
2023-08-01T04:47:38.617000,-1.119268,55.31679,0.792,0
2023-08-01T04:47:39.561000,-1.129393,55.373694,0.746,0
2023-08-01T04:47:40.504000,-1.139536,55.430597,0.683,0
2023-08-01T04:47:41.448000,-1.149698,55.487499,0.676,0
2023-08-01T04:47:42.391000,-1.159877,55.5444,0.591,0
2023-08-01T04:47:43.334000,-1.170074,55.601301,0.538,0
2023-08-01T04:47:44.278000,-1.180289,55.6582,0.485,0
2023-08-01T04:47:45.221000,-1.190522,55.715098,0.458,0
2023-08-01T04:47:46.165000,-1.200774,55.771996,0.419,0
2023-08-01T04:47:47.108000,-1.211044,55.828892,0.332,0
2023-08-01T04:47:48.052000,-1.221333,55.885788,0.306,0
2023-08-01T04:47:48.995000,-1.23164,55.942682,0.258,0
2023-08-01T16:41:19.336000,5.98249,55.985598,0.199,0
2023-08-01T16:41:20.279000,5.972172,55.928726,0.186,0
2023-08-01T16:41:21.223000,5.961872,55.871852,0.211,0
2023-08-01T16:41:22.166000,5.951591,55.814978,0.192,0
2023-08-01T16:41:23.110000,5.941329,55.758103,0.186,0
2023-08-01T16:41:24.053000,5.931084,55.701227,0.171,0
2023-08-01T16:41:24.996000,5.920858,55.64435,0.182,0
2023-08-01T16:41:25.940000,5.91065,55.587473,0.167,0
2023-08-01T16:41:26.883000,5.90046,55.530594,0.177,0
2023-08-01T16:41:27.827000,5.890288,55.473714,0.182,0
2023-08-01T16:41:28.770000,5.880134,55.416834,0.174,0
2023-08-01T16:41:29.714000,5.869998,55.359952,0.161,0
2023-08-01T16:41:30.657000,5.85988,55.30307,0.184,0
2023-08-01T16:41:31.601000,5.849779,55.246187,0.184,0
2023-08-01T16:41:32.544000,5.839696,55.189303,0.173,0
2023-08-01T16:41:33.487000,5.82963,55.132418,0.183,0
2023-08-01T16:41:34.431000,5.819581,55.075532,0.195,0
2023-08-01T16:41:35.374000,5.80955,55.018645,0.211,0
2023-08-01T16:41:36.318000,5.799536,54.961757,0.214,0
2023-08-01T16:41:37.261000,5.78954,54.904869,0.229,0
2023-08-01T16:41:38.205000,5.77956,54.84798,0.218,0
2023-08-01T16:41:39.148000,5.769597,54.791089,0.227,0
2023-08-01T16:41:40.091000,5.759651,54.734198,0.239,0
2023-08-01T16:41:41.035000,5.749722,54.677306,0.229,0
2023-08-01T16:41:41.978000,5.739809,54.620413,0.244,0
2023-08-01T16:41:42.922000,5.729913,54.563519,0.258,0
2023-08-01T16:41:43.865000,5.720034,54.506624,0.255,0
2023-08-01T16:41:44.809000,5.710171,54.449729,0.275,0
2023-08-01T16:41:45.752000,5.700325,54.392832,0.284,0
2023-08-01T16:41:46.696000,5.690494,54.335935,0.278,0
2023-08-01T16:41:47.639000,5.68068,54.279037,0.284,0
2023-08-01T16:41:48.582000,5.670883,54.222137,0.286,0
2023-08-01T16:41:49.526000,5.661101,54.165237,0.288,0
2023-08-01T16:41:50.469000,5.651335,54.108337,0.309,0
2023-08-01T16:41:51.413000,5.641585,54.051435,0.346,0
2023-08-01T16:41:52.356000,5.631851,53.994532,0.33,0
2023-08-01T16:41:53.300000,5.622133,53.937629,0.372,0
2023-08-01T16:41:54.243000,5.61243,53.880724,0.404,0
2023-08-01T16:41:55.186000,5.602743,53.823819,0.415,0
2023-08-01T16:41:56.130000,5.593072,53.766913,0.462,0
2023-08-01T16:41:57.073000,5.583416,53.710006,0.501,0
2023-08-01T16:41:58.017000,5.573775,53.653098,0.559,0
2023-08-01T16:41:58.960000,5.56415,53.596189,0.612,0
2023-08-01T16:41:59.904000,5.55454,53.53928,0.629,1
2023-08-03T04:44:11.926000,-1.216537,49.764554,-2.716,1
2023-08-03T04:44:12.869000,-1.225283,49.821539,-2.636,1
2023-08-03T04:44:13.812000,-1.23404,49.878523,-2.474,0
2023-08-03T04:44:14.756000,-1.242808,49.935507,-2.363,0
2023-08-03T04:44:15.699000,-1.251588,49.992489,-2.242,0
2023-08-03T04:44:16.643000,-1.260379,50.049471,-2.084,0
2023-08-03T04:44:17.586000,-1.269182,50.106452,-2.035,0
2023-08-03T04:44:18.530000,-1.277996,50.163432,-1.908,0
2023-08-03T04:44:19.473000,-1.286822,50.220411,-1.807,0
2023-08-03T04:44:20.416000,-1.29566,50.277389,-1.709,0
2023-08-03T04:44:21.360000,-1.304509,50.334367,-1.678,0
2023-08-03T04:44:22.303000,-1.31337,50.391344,-1.584,0
2023-08-03T04:44:23.247000,-1.322243,50.448319,-1.511,1
2023-08-03T04:44:24.190000,-1.331127,50.505294,-1.426,1
2023-08-03T16:39:25.101000,4.968539,55.957244,0.357,0
2023-08-03T16:39:26.044000,4.958227,55.90037,0.322,0
2023-08-03T16:39:26.988000,4.947933,55.843496,0.321,0
2023-08-03T16:39:27.931000,4.937658,55.78662,0.309,0
2023-08-03T16:39:28.875000,4.927401,55.729743,0.282,0
2023-08-03T16:39:29.818000,4.917163,55.672866,0.289,0
2023-08-03T16:39:30.762000,4.906943,55.615987,0.253,0
2023-08-03T16:39:31.705000,4.89674,55.559108,0.246,0
2023-08-03T16:39:32.648000,4.886556,55.502227,0.216,0
2023-08-03T16:39:33.592000,4.87639,55.445346,0.217,0
2023-08-03T16:39:34.535000,4.866242,55.388464,0.219,0
2023-08-03T16:39:35.479000,4.856111,55.331581,0.135,0
2023-08-03T16:39:36.422000,4.845998,55.274697,0.137,0
2023-08-03T16:39:37.366000,4.835903,55.217813,0.132,0
2023-08-03T16:39:38.309000,4.825825,55.160927,0.073,0
2023-08-03T16:39:39.252000,4.815765,55.10404,0.063,0
2023-08-03T16:39:40.196000,4.805722,55.047153,0.043,0
2023-08-03T16:39:41.139000,4.795697,54.990264,0.05,0
2023-08-03T16:39:42.083000,4.785688,54.933375,0.057,0
2023-08-03T16:39:43.026000,4.775696,54.876485,0.022,0
2023-08-03T16:39:43.970000,4.765722,54.819594,-0.004,0
2023-08-03T16:39:44.913000,4.755764,54.762702,0.003,0
2023-08-03T16:39:45.857000,4.745824,54.705809,-0.027,0
2023-08-03T16:39:46.800000,4.7359,54.648915,-0.051,0
2023-08-03T16:39:47.743000,4.725992,54.59202,-0.044,0
2023-08-03T16:39:48.687000,4.716102,54.535125,-0.064,0
2023-08-03T16:39:49.630000,4.706227,54.478229,-0.087,0
2023-08-03T16:39:50.574000,4.69637,54.421331,-0.103,0
2023-08-03T16:39:51.517000,4.686528,54.364433,-0.096,0
2023-08-03T16:39:52.461000,4.676703,54.307534,-0.091,0
2023-08-03T16:39:53.404000,4.666894,54.250634,-0.088,0
2023-08-03T16:39:54.347000,4.657101,54.193733,-0.12,0
2023-08-03T16:39:55.291000,4.647324,54.136832,-0.124,0
2023-08-03T16:39:56.234000,4.637563,54.079929,-0.142,0
2023-08-03T16:39:57.178000,4.627819,54.023025,-0.109,0
2023-08-03T16:39:58.121000,4.618089,53.966121,-0.108,0
2023-08-03T16:39:59.065000,4.608376,53.909216,-0.105,0
2023-08-03T16:40:00.008000,4.598678,53.85231,-0.093,0
2023-08-03T16:40:00.952000,4.588996,53.795403,-0.071,0
2023-08-03T16:40:01.895000,4.579329,53.738495,-0.039,0
2023-08-03T16:40:02.838000,4.569678,53.681586,-0.038,0
2023-08-03T16:40:03.782000,4.560042,53.624677,0.014,0
2023-08-03T16:40:04.725000,4.550421,53.567766,0.071,0
2023-08-03T16:40:05.669000,4.540816,53.510855,0.152,0
2023-08-03T16:40:06.612000,4.531225,53.453943,0.2,0
2023-08-03T16:40:07.556000,4.52165,53.397029,0.323,0
2023-08-03T16:40:08.499000,4.51209,53.340115,0.386,0
2023-08-03T16:40:09.442000,4.502544,53.283201,0.492,0
2023-08-03T16:40:10.386000,4.493014,53.226285,0.558,0
2023-08-03T16:40:11.329000,4.483498,53.169369,0.643,0
2023-08-03T16:40:12.273000,4.473997,53.112451,0.731,0
2023-08-03T16:40:13.216000,4.464511,53.055533,0.804,0
2023-08-03T16:40:14.160000,4.455039,52.998614,0.856,1
2023-08-03T16:40:15.103000,4.445582,52.941694,0.91,1
2023-08-03T16:40:16.047000,4.436139,52.884773,0.965,0
2023-08-03T16:40:16.990000,4.426711,52.827851,0.997,0
2023-08-03T16:40:17.933000,4.417296,52.770929,1.041,0
2023-08-03T16:40:18.877000,4.407897,52.714005,1.081,0
2023-08-03T16:40:19.820000,4.398511,52.657081,1.095,0
2023-08-03T16:40:20.764000,4.389139,52.600156,1.129,0
2023-08-03T16:40:21.707000,4.379782,52.54323,1.154,1
2023-08-03T16:40:22.651000,4.370438,52.486303,1.197,1
2023-08-03T16:40:23.594000,4.361108,52.429375,1.22,1
2023-08-03T16:40:24.537000,4.351793,52.372447,1.214,1
2023-08-03T16:40:25.481000,4.34249,52.315517,1.239,1
2023-08-03T16:40:26.424000,4.333202,52.258587,1.244,1
2023-08-05T04:42:17.691000,-2.232663,49.802156,-2.68,1
2023-08-05T04:42:18.634000,-2.241419,49.859137,-2.552,0
2023-08-05T04:42:19.577000,-2.250185,49.916116,-2.375,0
2023-08-05T04:42:20.521000,-2.258963,49.973095,-2.248,0
2023-08-05T04:42:21.464000,-2.267753,50.030072,-2.081,0
2023-08-05T04:42:22.408000,-2.276554,50.087049,-1.957,0
2023-08-05T04:42:23.351000,-2.285366,50.144025,-1.835,0
2023-08-05T04:42:24.295000,-2.29419,50.201,-1.676,0
2023-08-05T04:42:25.238000,-2.303026,50.257975,-1.572,0
2023-08-05T04:42:26.182000,-2.311873,50.314948,-1.436,0
2023-08-05T04:42:27.125000,-2.320733,50.371921,-1.332,0
2023-08-05T04:42:28.068000,-2.329603,50.428893,-1.219,1
2023-08-05T04:42:29.012000,-2.338486,50.485864,-1.043,1
2023-08-05T04:42:29.955000,-2.34738,50.542834,-0.903,1
2023-08-05T16:37:29.923000,3.964313,55.976199,0.142,0
2023-08-05T16:37:30.866000,3.953991,55.919323,0.127,0
2023-08-05T16:37:31.809000,3.943688,55.862447,0.088,0
2023-08-05T16:37:32.753000,3.933404,55.80557,0.098,0
2023-08-05T16:37:33.696000,3.923137,55.748692,0.072,0
2023-08-05T16:37:34.640000,3.91289,55.691813,0.09,0
2023-08-05T16:37:35.583000,3.90266,55.634933,0.089,0
2023-08-05T16:37:36.527000,3.892449,55.578052,0.062,0
2023-08-05T16:37:37.470000,3.882256,55.52117,0.014,0
2023-08-05T16:37:38.413000,3.87208,55.464288,0.009,0
2023-08-05T16:37:39.357000,3.861923,55.407404,-0.018,0
2023-08-05T16:37:40.300000,3.851783,55.350519,-0.051,0
2023-08-05T16:37:41.244000,3.841662,55.293634,-0.059,0
2023-08-05T16:37:42.187000,3.831557,55.236748,-0.09,0
2023-08-05T16:37:43.131000,3.821471,55.179861,-0.091,0
2023-08-05T16:37:44.074000,3.811402,55.122973,-0.139,0
2023-08-05T16:37:45.018000,3.80135,55.066084,-0.168,0
2023-08-05T16:37:45.961000,3.791315,55.009194,-0.199,0
2023-08-05T16:37:46.904000,3.781298,54.952303,-0.238,0
2023-08-05T16:37:47.848000,3.771298,54.895411,-0.253,0
2023-08-05T16:37:48.791000,3.761315,54.838519,-0.29,0
2023-08-05T16:37:49.735000,3.751348,54.781625,-0.301,0
2023-08-05T16:37:50.678000,3.741399,54.724731,-0.308,0
2023-08-05T16:37:51.622000,3.731467,54.667835,-0.327,0
2023-08-05T16:37:52.565000,3.721551,54.610939,-0.36,0
2023-08-05T16:37:53.508000,3.711651,54.554042,-0.423,0
2023-08-05T16:37:54.452000,3.701769,54.497144,-0.461,0
2023-08-05T16:37:55.395000,3.691903,54.440245,-0.471,0
2023-08-05T16:37:56.339000,3.682053,54.383345,-0.531,0
2023-08-05T16:37:57.282000,3.672219,54.326445,-0.539,0
2023-08-05T16:37:58.226000,3.662402,54.269543,-0.573,0
2023-08-05T16:37:59.169000,3.652601,54.212641,-0.581,0
2023-08-05T16:38:00.112000,3.642816,54.155738,-0.61,0
2023-08-05T16:38:01.056000,3.633046,54.098833,-0.65,0
2023-08-05T16:38:01.999000,3.623293,54.041928,-0.644,0
2023-08-05T16:38:02.943000,3.613556,53.985022,-0.685,0
2023-08-05T16:38:03.886000,3.603834,53.928115,-0.658,0
2023-08-05T16:38:04.830000,3.594128,53.871208,-0.678,0
2023-08-05T16:38:05.773000,3.584438,53.814299,-0.707,0
2023-08-05T16:38:06.717000,3.574763,53.75739,-0.678,0
2023-08-05T16:38:07.660000,3.565104,53.700479,-0.671,0
2023-08-05T16:38:08.603000,3.55546,53.643568,-0.666,0
2023-08-05T16:38:09.547000,3.545831,53.586656,-0.691,0
2023-08-05T16:38:10.490000,3.536218,53.529743,-0.623,0
2023-08-05T16:38:11.434000,3.52662,53.472829,-0.589,0
2023-08-05T16:38:12.377000,3.517037,53.415914,-0.59,0
2023-08-05T16:38:13.321000,3.507469,53.358999,-0.529,0
2023-08-05T16:38:14.264000,3.497915,53.302082,-0.465,0
2023-08-05T16:38:15.207000,3.488377,53.245165,-0.435,0
2023-08-05T16:38:16.151000,3.478854,53.188247,-0.405,0
2023-08-05T16:38:17.094000,3.469345,53.131328,-0.35,0
2023-08-05T16:38:18.038000,3.459851,53.074408,-0.282,0
2023-08-05T16:38:18.981000,3.450372,53.017487,-0.233,0
2023-08-05T16:38:19.925000,3.440907,52.960565,-0.173,0
2023-08-05T16:38:20.868000,3.431457,52.903642,-0.091,0
2023-08-05T16:38:21.812000,3.422021,52.846719,-0.038,0
2023-08-05T16:38:22.755000,3.412599,52.789795,0.043,0
2023-08-05T16:38:23.698000,3.403191,52.73287,0.083,0
2023-08-05T16:38:24.642000,3.393798,52.675944,0.147,0
2023-08-05T16:38:25.585000,3.384419,52.619017,0.241,0
2023-08-05T16:38:26.529000,3.375054,52.562089,0.326,0
2023-08-05T16:38:27.472000,3.365703,52.50516,0.368,0
2023-08-05T16:38:28.416000,3.356366,52.448231,0.467,0
2023-08-05T16:38:29.359000,3.347043,52.391301,0.532,0
2023-08-05T16:38:30.302000,3.337734,52.334369,0.616,0
2023-08-05T16:38:31.246000,3.328438,52.277437,0.68,0
2023-08-05T16:38:32.189000,3.319156,52.220504,0.748,0
2023-08-05T16:38:33.133000,3.309888,52.163571,0.833,0
2023-08-05T16:38:34.076000,3.300633,52.106636,0.935,0
2023-08-05T16:38:35.020000,3.291392,52.049701,1.006,0
2023-08-05T16:38:35.963000,3.282164,51.992764,1.062,0
2023-08-05T16:38:36.907000,3.27295,51.935827,1.152,0
2023-08-05T16:38:37.850000,3.263749,51.878889,1.247,0
2023-08-05T16:38:38.793000,3.254561,51.82195,1.325,0
2023-08-05T16:38:39.737000,3.245386,51.76501,1.4,0
2023-08-05T16:38:40.680000,3.236225,51.70807,1.497,0
2023-08-05T16:38:41.624000,3.227076,51.651129,1.576,0
2023-08-05T16:38:42.567000,3.217941,51.594186,1.671,0
2023-08-05T16:38:43.511000,3.208819,51.537243,1.751,0
2023-08-05T16:38:44.454000,3.199709,51.480299,1.83,1
2023-08-05T16:38:45.397000,3.190612,51.423354,1.872,1
2023-08-07T16:35:34.744000,2.958272,55.985413,0.176,0
2023-08-07T16:35:35.688000,2.947946,55.928535,0.162,0
2023-08-07T16:35:36.631000,2.937639,55.871657,0.095,0
2023-08-07T16:35:37.574000,2.92735,55.814777,0.084,0
2023-08-07T16:35:38.518000,2.91708,55.757897,0.077,0
2023-08-07T16:35:39.461000,2.906828,55.701016,0.003,0
2023-08-07T16:35:40.405000,2.896594,55.644134,-0.002,0
2023-08-07T16:35:41.348000,2.886378,55.587251,-0.069,0
2023-08-07T16:35:42.292000,2.876181,55.530367,-0.077,0
2023-08-07T16:35:43.235000,2.866002,55.473482,-0.045,0
2023-08-07T16:35:44.178000,2.85584,55.416596,-0.099,0
2023-08-07T16:35:45.122000,2.845696,55.359709,-0.171,0
2023-08-07T16:35:46.065000,2.835571,55.302821,-0.158,0
2023-08-07T16:35:47.009000,2.825462,55.245933,-0.179,0
2023-08-07T16:35:47.952000,2.815372,55.189043,-0.201,0
2023-08-07T16:35:48.896000,2.805298,55.132153,-0.247,0
2023-08-07T16:35:49.839000,2.795243,55.075261,-0.271,0
2023-08-07T16:35:50.783000,2.785204,55.018369,-0.3,0
2023-08-07T16:35:51.726000,2.775183,54.961476,-0.278,0
2023-08-07T16:35:52.669000,2.765178,54.904582,-0.307,0
2023-08-07T16:35:53.613000,2.755191,54.847687,-0.326,0
2023-08-07T16:35:54.556000,2.745221,54.790791,-0.323,0
2023-08-07T16:35:55.500000,2.735268,54.733895,-0.323,0
2023-08-07T16:35:56.443000,2.725332,54.676997,-0.355,0
2023-08-07T16:35:57.387000,2.715412,54.620098,-0.386,0
2023-08-07T16:35:58.330000,2.705509,54.563199,-0.375,0
2023-08-07T16:35:59.273000,2.695622,54.506299,-0.411,0
2023-08-07T16:36:00.217000,2.685752,54.449397,-0.418,0
2023-08-07T16:36:01.160000,2.675898,54.392495,-0.455,0
2023-08-07T16:36:02.104000,2.666061,54.335592,-0.459,0
2023-08-07T16:36:03.047000,2.65624,54.278688,-0.487,0
2023-08-07T16:36:03.991000,2.646435,54.221783,-0.54,0
2023-08-07T16:36:04.934000,2.636646,54.164878,-0.553,0
2023-08-07T16:36:05.878000,2.626873,54.107971,-0.563,0
2023-08-07T16:36:06.821000,2.617116,54.051064,-0.582,0
2023-08-07T16:36:07.764000,2.607375,53.994155,-0.621,0
2023-08-07T16:36:08.708000,2.59765,53.937246,-0.648,0
2023-08-07T16:36:09.651000,2.58794,53.880336,-0.658,0
2023-08-07T16:36:10.595000,2.578247,53.823425,-0.676,0
2023-08-07T16:36:11.538000,2.568568,53.766513,-0.694,0
2023-08-07T16:36:12.482000,2.558905,53.7096,-0.692,0
2023-08-07T16:36:13.425000,2.549258,53.652686,-0.685,0
2023-08-07T16:36:14.368000,2.539626,53.595772,-0.698,0
2023-08-07T16:36:15.312000,2.530009,53.538856,-0.681,0
2023-08-07T16:36:16.255000,2.520407,53.48194,-0.637,0
2023-08-07T16:36:17.199000,2.51082,53.425023,-0.666,0
2023-08-07T16:36:18.142000,2.501248,53.368105,-0.627,0
2023-08-07T16:36:19.086000,2.491692,53.311186,-0.606,0
2023-08-07T16:36:20.029000,2.48215,53.254266,-0.587,0
2023-08-07T16:36:20.973000,2.472623,53.197345,-0.531,0
2023-08-07T16:36:21.916000,2.463111,53.140424,-0.501,0
2023-08-07T16:36:22.859000,2.453613,53.083501,-0.459,0
2023-08-07T16:36:23.803000,2.444131,53.026578,-0.384,0
2023-08-07T16:36:24.746000,2.434662,52.969654,-0.331,0
2023-08-07T16:36:25.690000,2.425209,52.912729,-0.269,0
2023-08-07T16:36:26.633000,2.415769,52.855803,-0.212,0
2023-08-07T16:36:27.577000,2.406344,52.798876,-0.126,0
2023-08-07T16:36:28.520000,2.396933,52.741948,-0.06,0
2023-08-07T16:36:29.463000,2.387537,52.685019,0.036,0
2023-08-07T16:36:30.407000,2.378154,52.62809,0.111,0
2023-08-07T16:36:31.350000,2.368786,52.57116,0.196,0
2023-08-07T16:36:32.294000,2.359432,52.514229,0.36,0
2023-08-07T16:36:33.237000,2.350091,52.457297,0.426,0
2023-08-07T16:36:34.181000,2.340765,52.400364,0.502,0
2023-08-07T16:36:35.124000,2.331452,52.34343,0.595,0
2023-08-07T16:36:36.068000,2.322153,52.286496,0.693,0
2023-08-07T16:36:37.011000,2.312868,52.22956,0.798,0
2023-08-07T16:36:37.954000,2.303597,52.172624,0.878,0
2023-08-07T16:36:38.898000,2.294339,52.115686,1.001,0
2023-08-07T16:36:39.841000,2.285094,52.058749,1.088,0
2023-08-07T16:36:40.785000,2.275863,52.00181,1.199,0
2023-08-07T16:36:41.728000,2.266646,51.94487,1.313,0
2023-08-07T16:36:42.672000,2.257442,51.887929,1.422,0
2023-08-07T16:36:43.615000,2.248251,51.830988,1.497,0
2023-08-07T16:36:44.558000,2.239073,51.774045,1.609,0
2023-08-07T16:36:45.502000,2.229908,51.717102,1.671,0
2023-08-07T16:36:46.445000,2.220756,51.660158,1.782,0
2023-08-07T16:36:47.389000,2.211618,51.603213,1.857,0
2023-08-07T16:36:48.332000,2.202492,51.546268,1.926,0
2023-08-07T16:36:49.276000,2.19338,51.489321,2.028,0
2023-08-07T16:36:50.219000,2.18428,51.432374,2.113,0
2023-08-07T16:36:51.163000,2.175193,51.375425,2.218,0
2023-08-07T16:36:52.106000,2.166119,51.318476,2.296,0
2023-08-07T16:36:53.049000,2.157057,51.261526,2.402,0
2023-08-07T16:36:53.993000,2.148008,51.204575,2.506,0
2023-08-07T16:36:54.936000,2.138972,51.147624,2.61,1
2023-08-07T16:36:55.880000,2.129948,51.090671,2.647,1
2023-08-08T03:50:54.420000,8.036616,53.821969,1.807,1
2023-08-08T03:50:55.363000,8.026922,53.878884,1.721,1
2023-08-08T03:50:56.307000,8.017213,53.935797,1.669,0
2023-08-08T03:50:57.250000,8.007488,53.99271,1.652,0
2023-08-08T03:50:58.194000,7.997747,54.049622,1.622,0
2023-08-08T03:50:59.137000,7.98799,54.106533,1.599,1
2023-08-08T03:51:01.024000,7.968429,54.220353,1.555,1
2023-08-08T03:51:01.967000,7.958624,54.277261,1.531,1
2023-08-08T03:51:02.911000,7.948804,54.334169,1.499,0
2023-08-08T03:51:03.854000,7.938966,54.391075,1.479,0
2023-08-08T03:51:04.798000,7.929113,54.447981,1.453,0
2023-08-08T03:51:05.741000,7.919243,54.504886,1.388,0
2023-08-08T03:51:06.685000,7.909357,54.56179,1.383,0
2023-08-08T03:51:07.628000,7.899454,54.618693,1.308,0
2023-08-08T03:51:08.571000,7.889534,54.675595,1.251,0
2023-08-08T03:51:09.515000,7.879598,54.732496,1.207,0
2023-08-08T03:51:10.458000,7.869645,54.789396,1.212,0
2023-08-08T03:51:11.402000,7.859675,54.846296,1.158,0
2023-08-08T03:51:12.345000,7.849688,54.903194,1.165,0
2023-08-08T03:51:13.289000,7.839684,54.960092,1.147,0
2023-08-08T03:51:14.232000,7.829663,55.016988,1.113,0
2023-08-08T03:51:15.175000,7.819625,55.073884,1.042,0
2023-08-08T03:51:16.119000,7.809569,55.130779,1.041,0
2023-08-08T03:51:17.062000,7.799496,55.187673,1.018,0
2023-08-08T03:51:18.006000,7.789406,55.244566,1.0,0
2023-08-08T03:51:18.949000,7.779298,55.301458,0.961,0
2023-08-08T03:51:19.893000,7.769172,55.358349,0.969,0
2023-08-08T03:51:20.836000,7.759029,55.41524,0.92,0
2023-08-08T03:51:21.780000,7.748867,55.472129,0.887,0
2023-08-08T03:51:22.723000,7.738688,55.529017,0.701,0
2023-08-08T03:51:23.666000,7.728491,55.585905,0.783,0
2023-08-08T03:51:24.610000,7.718275,55.642792,0.73,0
2023-08-08T03:51:25.553000,7.708042,55.699677,0.729,0
2023-08-08T03:51:26.497000,7.69779,55.756562,0.668,0
2023-08-08T03:51:27.440000,7.68752,55.813446,0.721,0
2023-08-08T03:51:28.384000,7.677231,55.870329,0.675,0
2023-08-08T03:51:29.327000,7.666924,55.927211,0.675,0
2023-08-08T03:51:30.270000,7.656598,55.984092,0.665,0
2023-08-09T16:33:39.566000,1.950332,55.986421,0.049,0
2023-08-09T16:33:40.509000,1.940006,55.929541,0.046,0
2023-08-09T16:33:41.453000,1.929699,55.872659,-0.047,0
2023-08-09T16:33:42.396000,1.91941,55.815777,-0.061,0
2023-08-09T16:33:43.339000,1.90914,55.758893,-0.072,0
2023-08-09T16:33:44.283000,1.898888,55.702009,-0.077,0
2023-08-09T16:33:45.226000,1.888654,55.645123,-0.139,0
2023-08-09T16:33:46.170000,1.878439,55.588237,-0.123,0
2023-08-09T16:33:47.113000,1.868241,55.53135,-0.203,0
2023-08-09T16:33:48.057000,1.858062,55.474462,-0.222,0
2023-08-09T16:33:49.000000,1.8479,55.417573,-0.227,0
2023-08-09T16:33:49.944000,1.837757,55.360683,-0.27,0
2023-08-09T16:33:50.887000,1.827631,55.303793,-0.297,0
2023-08-09T16:33:51.830000,1.817523,55.246901,-0.32,0
2023-08-09T16:33:52.774000,1.807432,55.190008,-0.297,0
2023-08-09T16:33:53.717000,1.797359,55.133115,-0.322,0
2023-08-09T16:33:54.661000,1.787303,55.07622,-0.33,0
2023-08-09T16:33:55.604000,1.777265,55.019325,-0.314,0
2023-08-09T16:33:56.548000,1.767244,54.962428,-0.302,0
2023-08-09T16:33:57.491000,1.757239,54.905531,-0.356,0
2023-08-09T16:33:58.434000,1.747252,54.848633,-0.341,0
2023-08-09T16:33:59.378000,1.737282,54.791734,-0.329,0
2023-08-09T16:34:00.321000,1.727329,54.734834,-0.292,0
2023-08-09T16:34:01.265000,1.717393,54.677933,-0.298,0
2023-08-09T16:34:02.208000,1.707473,54.621032,-0.329,0
2023-08-09T16:34:03.152000,1.69757,54.564129,-0.348,0
2023-08-09T16:34:04.095000,1.687684,54.507226,-0.365,0
2023-08-09T16:34:05.039000,1.677814,54.450321,-0.335,0
2023-08-09T16:34:05.982000,1.66796,54.393416,-0.381,0
2023-08-09T16:34:06.925000,1.658123,54.33651,-0.375,0
2023-08-09T16:34:07.869000,1.648302,54.279603,-0.396,0
2023-08-09T16:34:08.812000,1.638497,54.222695,-0.389,0
2023-08-09T16:34:09.756000,1.628708,54.165786,-0.376,0
2023-08-09T16:34:10.699000,1.618935,54.108876,-0.378,0
2023-08-09T16:34:11.643000,1.609179,54.051965,-0.446,0
2023-08-09T16:34:12.586000,1.599438,53.995054,-0.449,0
2023-08-09T16:34:13.529000,1.589712,53.938141,-0.435,0
2023-08-09T16:34:14.473000,1.580003,53.881228,-0.46,0
2023-08-09T16:34:15.416000,1.570309,53.824314,-0.432,0
2023-08-09T16:34:16.360000,1.560631,53.767398,-0.433,0
2023-08-09T16:34:17.303000,1.550968,53.710482,-0.444,0
2023-08-09T16:34:18.247000,1.54132,53.653565,-0.432,0
2023-08-09T16:34:19.190000,1.531688,53.596648,-0.379,0
2023-08-09T16:34:20.134000,1.522071,53.539729,-0.349,0
2023-08-09T16:34:21.077000,1.51247,53.482809,-0.344,0
2023-08-09T16:34:22.020000,1.502883,53.425889,-0.305,0
2023-08-09T16:34:22.964000,1.493312,53.368968,-0.288,0
2023-08-09T16:34:23.907000,1.483755,53.312045,-0.261,0
2023-08-09T16:34:24.851000,1.474213,53.255122,-0.218,0
2023-08-09T16:34:25.794000,1.464687,53.198198,-0.228,0
2023-08-09T16:34:26.738000,1.455175,53.141273,-0.2,0
2023-08-09T16:34:27.681000,1.445677,53.084348,-0.157,0
2023-08-09T16:34:28.624000,1.436194,53.027421,-0.118,1
2023-08-09T16:34:29.568000,1.426726,52.970494,-0.078,1
2023-08-09T16:34:50.324000,1.221974,51.717869,1.921,1
2023-08-09T16:34:51.267000,1.212823,51.660922,1.911,1
2023-08-09T16:34:52.210000,1.203684,51.603973,1.92,0
2023-08-09T16:34:53.154000,1.194559,51.547024,1.937,0
2023-08-09T16:34:54.097000,1.185446,51.490074,1.895,1
2023-08-09T16:34:55.041000,1.176346,51.433123,1.93,1
2023-08-09T16:35:02.588000,1.104005,50.977486,2.546,1
2023-08-09T16:35:03.532000,1.095018,50.920528,2.595,1
2023-08-09T16:35:04.475000,1.086044,50.863568,2.623,1
2023-08-09T16:35:05.418000,1.077082,50.806608,2.629,1
2023-08-09T16:35:06.362000,1.068132,50.749647,2.62,0
2023-08-09T16:35:07.305000,1.059194,50.692685,2.642,0
2023-08-09T16:35:08.249000,1.050268,50.635723,2.65,0
2023-08-09T16:35:09.192000,1.041354,50.578759,2.689,0
2023-08-09T16:35:10.136000,1.032453,50.521795,2.697,0
2023-08-09T16:35:11.079000,1.023563,50.46483,2.721,0
2023-08-09T16:35:12.023000,1.014685,50.407863,2.732,0
2023-08-09T16:35:13.909000,0.996964,50.293929,2.769,0
2023-08-09T16:35:14.853000,0.988122,50.23696,2.782,0
2023-08-09T16:35:15.796000,0.979291,50.179991,2.818,0
2023-08-09T16:35:16.740000,0.970471,50.123021,2.808,0
2023-08-09T16:35:17.683000,0.961663,50.06605,2.829,0
2023-08-09T16:35:18.627000,0.952867,50.009078,2.818,1
2023-08-10T03:48:58.298000,7.038944,53.766034,1.138,1
2023-08-10T03:48:59.241000,7.029267,53.822946,1.113,1
2023-08-10T03:49:00.185000,7.019574,53.879858,1.099,0
2023-08-10T03:49:01.128000,7.009866,53.936769,1.049,0
2023-08-10T03:49:02.072000,7.000142,53.993679,1.019,0
2023-08-10T03:49:03.015000,6.990402,54.050588,1.006,0
2023-08-10T03:49:03.959000,6.980646,54.107496,0.992,0
2023-08-10T03:49:04.902000,6.970874,54.164404,0.936,0
2023-08-10T03:49:05.845000,6.961087,54.22131,0.917,0
2023-08-10T03:49:06.789000,6.951283,54.278215,0.857,0
2023-08-10T03:49:07.732000,6.941463,54.33512,0.873,0
2023-08-10T03:49:08.676000,6.931627,54.392024,0.864,0
2023-08-10T03:49:09.619000,6.921775,54.448927,0.834,0
2023-08-10T03:49:10.563000,6.911906,54.505829,0.829,0
2023-08-10T03:49:11.506000,6.902021,54.56273,0.83,0
2023-08-10T03:49:12.450000,6.892119,54.61963,0.777,0
2023-08-10T03:49:13.393000,6.8822,54.676529,0.757,0
2023-08-10T03:49:14.336000,6.872265,54.733427,0.714,0
2023-08-10T03:49:15.280000,6.862313,54.790325,0.681,0
2023-08-10T03:49:16.223000,6.852344,54.847222,0.657,0
2023-08-10T03:49:17.167000,6.842358,54.904117,0.624,0
2023-08-10T03:49:18.110000,6.832355,54.961012,0.619,0
2023-08-10T03:49:19.054000,6.822335,55.017906,0.643,0
2023-08-10T03:49:19.997000,6.812298,55.074799,0.586,0
2023-08-10T03:49:20.940000,6.802243,55.131691,0.566,0
2023-08-10T03:49:21.884000,6.792171,55.188582,0.555,0
2023-08-10T03:49:22.827000,6.782082,55.245472,0.517,0
2023-08-10T03:49:23.771000,6.771975,55.302361,0.504,0
2023-08-10T03:49:24.714000,6.76185,55.35925,0.462,0
2023-08-10T03:49:25.658000,6.751708,55.416137,0.47,0
2023-08-10T03:49:26.601000,6.741548,55.473024,0.457,0
2023-08-10T03:49:27.545000,6.731369,55.52991,0.448,0
2023-08-10T03:49:28.488000,6.721173,55.586794,0.448,0
2023-08-10T03:49:29.431000,6.710959,55.643678,0.438,0
2023-08-10T03:49:30.375000,6.700727,55.700561,0.437,0
2023-08-10T03:49:31.318000,6.690476,55.757443,0.405,0
2023-08-10T03:49:32.262000,6.680207,55.814324,0.4,0
2023-08-10T03:49:33.205000,6.669919,55.871205,0.388,0
2023-08-10T03:49:34.149000,6.659613,55.928084,0.377,0
2023-08-10T03:49:35.092000,6.649288,55.984962,0.362,0
2023-08-11T16:31:45.331000,0.937029,55.978687,-0.205,0
2023-08-11T16:31:46.274000,0.926706,55.921803,-0.242,0
2023-08-11T16:31:47.218000,0.916402,55.864917,-0.238,0
2023-08-11T16:31:48.161000,0.906116,55.808031,-0.232,0
2023-08-11T16:31:49.105000,0.895849,55.751144,-0.213,0
2023-08-11T16:31:50.048000,0.8856,55.694256,-0.22,0
2023-08-11T16:31:50.991000,0.87537,55.637366,-0.226,0
2023-08-11T16:31:51.935000,0.865157,55.580476,-0.241,0
2023-08-11T16:31:52.878000,0.854963,55.523586,-0.212,0
2023-08-11T16:31:53.822000,0.844787,55.466694,-0.211,0
2023-08-11T16:31:54.765000,0.834628,55.409801,-0.21,0
2023-08-11T16:31:55.709000,0.824488,55.352907,-0.204,0
2023-08-11T16:31:56.652000,0.814365,55.296013,-0.191,0
2023-08-11T16:31:57.595000,0.80426,55.239117,-0.193,0
2023-08-11T16:31:58.539000,0.794172,55.182221,-0.165,0
2023-08-11T16:31:59.482000,0.784102,55.125323,-0.177,0
2023-08-11T16:32:00.426000,0.774049,55.068425,-0.186,0
2023-08-11T16:32:01.369000,0.764014,55.011526,-0.156,0
2023-08-11T16:32:02.313000,0.753995,54.954626,-0.134,0
2023-08-11T16:32:03.256000,0.743994,54.897725,-0.132,0
2023-08-11T16:32:04.200000,0.73401,54.840823,-0.145,0
2023-08-11T16:32:05.143000,0.724043,54.78392,-0.15,0
2023-08-11T16:32:06.086000,0.714093,54.727016,-0.146,0
2023-08-11T16:32:07.030000,0.704159,54.670111,-0.133,0
2023-08-11T16:32:07.973000,0.694242,54.613206,-0.095,0
2023-08-11T16:32:08.917000,0.684342,54.556299,-0.089,0
2023-08-11T16:32:09.860000,0.674459,54.499392,-0.081,0
2023-08-11T16:32:10.804000,0.664592,54.442484,-0.08,0
2023-08-11T16:32:11.747000,0.654741,54.385574,-0.085,0
2023-08-11T16:32:12.690000,0.644906,54.328664,-0.037,0
2023-08-11T16:32:13.634000,0.635088,54.271753,-0.002,0
2023-08-11T16:32:14.577000,0.625286,54.214841,-0.01,0
2023-08-11T16:32:15.521000,0.6155,54.157929,0.018,0
2023-08-11T16:32:16.464000,0.60573,54.101015,0.021,0
2023-08-11T16:32:17.408000,0.595976,54.0441,0.054,0
2023-08-11T16:32:18.351000,0.586238,53.987185,0.101,0
2023-08-11T16:32:19.295000,0.576515,53.930268,0.136,0
2023-08-11T16:32:20.238000,0.566809,53.873351,0.141,0
2023-08-11T16:32:21.181000,0.557117,53.816433,0.184,0
2023-08-11T16:32:22.125000,0.547442,53.759514,0.23,0
2023-08-11T16:32:23.068000,0.537782,53.702594,0.264,0
2023-08-11T16:32:24.012000,0.528137,53.645673,0.352,0
2023-08-11T16:32:24.955000,0.518508,53.588752,0.359,0
2023-08-11T16:32:25.899000,0.508893,53.531829,0.44,0
2023-08-11T16:32:26.842000,0.499294,53.474905,0.52,0
2023-08-11T16:32:27.785000,0.48971,53.417981,0.596,0
2023-08-11T16:32:28.729000,0.480141,53.361056,0.655,1
2023-08-11T16:32:29.672000,0.470587,53.30413,0.729,1
2023-08-11T16:32:30.616000,0.461048,53.247203,0.755,1
2023-08-11T16:32:31.559000,0.451524,53.190275,0.739,1
2023-08-11T16:32:32.503000,0.442015,53.133346,0.806,1
2023-08-11T16:32:33.446000,0.43252,53.076416,0.886,1
2023-08-11T16:32:34.389000,0.42304,53.019486,0.969,1
2023-08-11T16:32:35.333000,0.413574,52.962554,1.008,1
2023-08-11T16:33:13.070000,0.046136,50.684585,0.271,1
2023-08-11T16:33:14.014000,0.037213,50.627619,0.317,0
2023-08-11T16:33:14.957000,0.028301,50.570651,0.343,0
2023-08-11T16:33:15.901000,0.019402,50.513683,0.375,0
2023-08-11T16:33:16.844000,0.010514,50.456713,0.439,0
2023-08-11T16:33:17.788000,0.001638,50.399743,0.493,0
2023-08-11T16:33:18.731000,-0.007226,50.342772,0.544,0
2023-08-11T16:33:19.674000,-0.016078,50.2858,0.595,0
2023-08-11T16:33:20.618000,-0.024919,50.228828,0.663,0
2023-08-11T16:33:21.561000,-0.033748,50.171854,0.697,0
2023-08-11T16:33:22.505000,-0.042565,50.11488,0.756,0
2023-08-11T16:33:23.448000,-0.051371,50.057905,0.82,0
2023-08-11T16:33:24.392000,-0.060165,50.000929,0.872,0
2023-08-11T16:33:25.335000,-0.068948,49.943952,0.895,0
2023-08-11T16:33:26.279000,-0.077719,49.886974,0.953,0
2023-08-11T16:33:27.222000,-0.08648,49.829996,1.009,0
2023-08-11T16:33:28.165000,-0.095228,49.773016,1.086,0
2023-08-11T16:33:29.109000,-0.103966,49.716036,1.148,0
2023-08-12T03:47:00.289000,6.0676,53.522412,0.919,1
2023-08-12T03:47:01.233000,6.057989,53.579326,0.894,1
2023-08-12T03:47:02.176000,6.048364,53.636239,0.837,0
2023-08-12T03:47:03.120000,6.038723,53.693152,0.83,0
2023-08-12T03:47:04.063000,6.029066,53.750063,0.781,0
2023-08-12T03:47:05.950000,6.009708,53.863884,0.696,0
2023-08-12T03:47:06.893000,6.000005,53.920792,0.676,0
2023-08-12T03:47:07.837000,5.990286,53.977701,0.649,0
2023-08-12T03:47:08.780000,5.980552,54.034608,0.607,0
2023-08-12T03:47:09.724000,5.970802,54.091514,0.588,0
2023-08-12T03:47:10.667000,5.961036,54.148419,0.549,0
2023-08-12T03:47:11.611000,5.951254,54.205324,0.53,0
2023-08-12T03:47:12.554000,5.941456,54.262227,0.513,0
2023-08-12T03:47:13.497000,5.931642,54.31913,0.495,0
2023-08-12T03:47:14.441000,5.921811,54.376032,0.503,0
2023-08-12T03:47:15.384000,5.911965,54.432933,0.462,0
2023-08-12T03:47:16.328000,5.902102,54.489833,0.482,0
2023-08-12T03:47:17.271000,5.892222,54.546732,0.472,0
2023-08-12T03:47:18.215000,5.882326,54.60363,0.472,0
2023-08-12T03:47:19.158000,5.872413,54.660528,0.416,0
2023-08-12T03:47:20.101000,5.862484,54.717424,0.424,0
2023-08-12T03:47:21.045000,5.852538,54.77432,0.399,0
2023-08-12T03:47:21.988000,5.842575,54.831214,0.375,0
2023-08-12T03:47:22.932000,5.832595,54.888108,0.374,0
2023-08-12T03:47:23.875000,5.822598,54.945001,0.338,0
2023-08-12T03:47:24.819000,5.812584,55.001893,0.33,0
2023-08-12T03:47:25.762000,5.802553,55.058784,0.301,0
2023-08-12T03:47:26.706000,5.792504,55.115675,0.283,0
2023-08-12T03:47:27.649000,5.782439,55.172564,0.299,0
2023-08-12T03:47:28.592000,5.772355,55.229452,0.315,0
2023-08-12T03:47:29.536000,5.762255,55.28634,0.286,0
2023-08-12T03:47:30.479000,5.752136,55.343227,0.245,0
2023-08-12T03:47:31.423000,5.742,55.400112,0.242,0
2023-08-12T03:47:32.366000,5.731846,55.456997,0.215,0
2023-08-12T03:47:33.310000,5.721674,55.513881,0.233,0
2023-08-12T03:47:34.253000,5.711484,55.570764,0.211,0
2023-08-12T03:47:35.196000,5.701276,55.627646,0.201,0
2023-08-12T03:47:36.140000,5.69105,55.684527,0.229,0
2023-08-12T03:47:37.083000,5.680806,55.741407,0.239,0
2023-08-12T03:47:38.027000,5.670543,55.798286,0.224,0
2023-08-12T03:47:38.970000,5.660262,55.855165,0.251,0
2023-08-12T03:47:39.914000,5.649962,55.912042,0.247,0
2023-08-12T03:47:40.857000,5.639644,55.968919,0.218,0
2023-08-13T16:29:52.039000,-0.082014,55.952423,0.218,0
2023-08-13T16:29:52.983000,-0.092328,55.895534,0.256,0
2023-08-13T16:29:53.926000,-0.102624,55.838644,0.266,0
2023-08-13T16:29:54.870000,-0.112902,55.781753,0.274,0
2023-08-13T16:29:55.813000,-0.123161,55.724862,0.319,0
2023-08-13T16:29:56.756000,-0.133402,55.667969,0.332,0
2023-08-13T16:29:57.700000,-0.143624,55.611075,0.328,0
2023-08-13T16:29:58.643000,-0.153828,55.554181,0.369,0
2023-08-13T16:29:59.587000,-0.164015,55.497285,0.418,0
2023-08-13T16:30:00.530000,-0.174183,55.440389,0.416,0
2023-08-13T16:30:01.474000,-0.184333,55.383492,0.426,0
2023-08-13T16:30:02.417000,-0.194466,55.326594,0.475,0
2023-08-13T16:30:03.360000,-0.204581,55.269694,0.52,0
2023-08-13T16:30:04.304000,-0.214678,55.212794,0.528,0
2023-08-13T16:30:05.247000,-0.224758,55.155893,0.541,0
2023-08-13T16:30:06.191000,-0.234821,55.098992,0.557,0
2023-08-13T16:30:07.134000,-0.244866,55.042089,0.579,0
2023-08-13T16:30:08.078000,-0.254894,54.985185,0.592,0
2023-08-13T16:30:09.021000,-0.264904,54.92828,0.641,0
2023-08-13T16:30:09.965000,-0.274898,54.871375,0.669,0
2023-08-13T16:30:10.908000,-0.284874,54.814468,0.695,0
2023-08-13T16:30:11.851000,-0.294834,54.757561,0.739,0
2023-08-13T16:30:12.795000,-0.304777,54.700653,0.76,0
2023-08-13T16:30:13.738000,-0.314703,54.643744,0.78,0
2023-08-13T16:30:14.682000,-0.324612,54.586833,0.837,0
2023-08-13T16:30:15.625000,-0.334505,54.529922,0.85,0
2023-08-13T16:30:16.569000,-0.344382,54.473011,0.892,1
2023-08-13T16:30:17.512000,-0.354241,54.416098,0.922,1
2023-08-13T16:31:18.835000,-0.963354,50.714864,-0.617,1
2023-08-13T16:31:19.779000,-0.972284,50.657893,-0.598,1
2023-08-13T16:31:20.722000,-0.981203,50.600922,-0.543,1
2023-08-13T16:31:21.666000,-0.990109,50.543949,-0.479,0
2023-08-13T16:31:22.609000,-0.999003,50.486976,-0.421,0
2023-08-13T16:31:23.553000,-1.007885,50.430002,-0.327,0
2023-08-13T16:31:24.496000,-1.016756,50.373027,-0.239,0
2023-08-13T16:31:25.440000,-1.025615,50.316052,-0.211,0
2023-08-13T16:31:26.383000,-1.034462,50.259075,-0.158,0
2023-08-13T16:31:27.326000,-1.043297,50.202097,-0.104,0
2023-08-13T16:31:28.270000,-1.052121,50.145119,-0.041,0
2023-08-13T16:31:29.213000,-1.060933,50.08814,0.012,0
2023-08-13T16:31:30.157000,-1.069734,50.03116,0.045,0
2023-08-13T16:31:31.100000,-1.078523,49.974179,0.08,0
2023-08-13T16:31:32.044000,-1.087301,49.917198,0.116,0
2023-08-13T16:31:32.987000,-1.096068,49.860215,0.147,0
2023-08-13T16:31:33.930000,-1.104823,49.803232,0.15,0
2023-08-13T16:31:34.874000,-1.113567,49.746248,0.137,1
2023-08-14T03:44:59.450000,5.125357,53.09342,0.429,1
2023-08-14T03:45:04.167000,5.07772,53.378006,0.729,1
2023-08-14T03:45:05.111000,5.068148,53.434921,0.71,1
2023-08-14T03:45:06.054000,5.058561,53.491835,0.665,1
2023-08-14T03:45:06.998000,5.048959,53.548748,0.618,0
2023-08-14T03:45:07.941000,5.039342,53.60566,0.584,0
2023-08-14T03:45:08.885000,5.02971,53.662571,0.56,0
2023-08-14T03:45:09.828000,5.020061,53.719481,0.553,0
2023-08-14T03:45:10.772000,5.010398,53.77639,0.526,0
2023-08-14T03:45:11.715000,5.000719,53.833299,0.514,0
2023-08-14T03:45:12.658000,4.991025,53.890206,0.475,0
2023-08-14T03:45:13.602000,4.981315,53.947113,0.504,0
2023-08-14T03:45:14.545000,4.971589,54.004019,0.482,0
2023-08-14T03:45:15.489000,4.961848,54.060924,0.45,0
2023-08-14T03:45:16.432000,4.95209,54.117828,0.468,0
2023-08-14T03:45:17.376000,4.942317,54.174732,0.449,0
2023-08-14T03:45:18.319000,4.932528,54.231634,0.447,0
2023-08-14T03:45:19.262000,4.922722,54.288535,0.454,0
2023-08-14T03:45:20.206000,4.912901,54.345436,0.459,0
2023-08-14T03:45:21.149000,4.903063,54.402336,0.463,0
2023-08-14T03:45:22.093000,4.893209,54.459235,0.441,0
2023-08-14T03:45:23.036000,4.883338,54.516132,0.431,0
2023-08-14T03:45:23.980000,4.873451,54.57303,0.466,0
2023-08-14T03:45:24.923000,4.863548,54.629926,0.457,0
2023-08-14T03:45:25.867000,4.853627,54.686821,0.423,0
2023-08-14T03:45:26.810000,4.84369,54.743716,0.432,0
2023-08-14T03:45:27.753000,4.833736,54.800609,0.431,0
2023-08-14T03:45:28.697000,4.823766,54.857502,0.439,0
2023-08-14T03:45:29.640000,4.813778,54.914393,0.416,0
2023-08-14T03:45:30.584000,4.803773,54.971284,0.425,0
2023-08-14T03:45:31.527000,4.793751,55.028174,0.393,0
2023-08-14T03:45:32.471000,4.783712,55.085063,0.417,0
2023-08-14T03:45:33.414000,4.773656,55.141951,0.416,0
2023-08-14T03:45:34.357000,4.763582,55.198839,0.386,0
2023-08-14T03:45:35.301000,4.753491,55.255725,0.393,0
2023-08-14T03:45:36.244000,4.743382,55.312611,0.378,0
2023-08-14T03:45:37.188000,4.733255,55.369495,0.38,0
2023-08-14T03:45:38.131000,4.723111,55.426379,0.373,0
2023-08-14T03:45:39.075000,4.712949,55.483262,0.375,0
2023-08-14T03:45:40.018000,4.702768,55.540143,0.376,0
2023-08-14T03:45:40.962000,4.69257,55.597024,0.354,0
2023-08-14T03:45:41.905000,4.682354,55.653905,0.348,0
2023-08-14T03:45:42.848000,4.67212,55.710784,0.344,0
2023-08-14T03:45:43.792000,4.661867,55.767662,0.32,0
2023-08-14T03:45:44.735000,4.651596,55.824539,0.31,0
2023-08-14T03:45:45.679000,4.641306,55.881416,0.314,0
2023-08-14T03:45:46.622000,4.630998,55.938291,0.297,0
2023-08-15T16:27:57.804000,-1.090719,55.976217,0.802,0
2023-08-15T16:27:58.748000,-1.101043,55.919325,0.839,0
2023-08-15T16:27:59.691000,-1.111348,55.862431,0.838,0
2023-08-15T16:28:00.635000,-1.121635,55.805536,0.926,0
2023-08-15T16:28:01.578000,-1.131904,55.74864,0.958,0
2023-08-15T16:28:02.521000,-1.142154,55.691744,0.984,0
2023-08-15T16:28:03.465000,-1.152386,55.634846,1.001,0
2023-08-15T16:28:04.408000,-1.1626,55.577948,1.048,0
2023-08-15T16:28:05.352000,-1.172795,55.521048,1.084,0
2023-08-15T16:28:06.295000,-1.182973,55.464148,1.103,0
2023-08-15T16:28:07.239000,-1.193132,55.407247,1.15,0
2023-08-15T16:28:08.182000,-1.203274,55.350345,1.187,0
2023-08-15T16:28:09.126000,-1.213399,55.293442,1.248,0
2023-08-15T16:28:10.069000,-1.223505,55.236537,1.288,0
2023-08-15T16:28:11.012000,-1.233594,55.179632,1.334,0
2023-08-15T16:28:11.956000,-1.243665,55.122727,1.397,1
2023-08-15T16:28:12.899000,-1.253719,55.06582,1.414,1
2023-08-15T16:28:13.843000,-1.263756,55.008912,1.438,1
2023-08-15T16:28:14.786000,-1.273776,54.952003,1.476,1
2023-08-15T16:29:28.374000,-2.00846,50.510377,0.178,1
2023-08-15T16:29:29.318000,-2.017349,50.453399,0.225,1
2023-08-15T16:29:30.261000,-2.026225,50.39642,0.232,0
2023-08-15T16:29:31.205000,-2.035091,50.339439,0.249,0
2023-08-15T16:29:32.148000,-2.043944,50.282459,0.289,0
2023-08-15T16:29:33.091000,-2.052785,50.225477,0.324,0
2023-08-15T16:29:34.035000,-2.061615,50.168494,0.332,0
2023-08-15T16:29:34.978000,-2.070434,50.111511,0.358,0
2023-08-15T16:29:35.922000,-2.079241,50.054527,0.424,0
2023-08-15T16:29:36.865000,-2.088036,49.997542,0.471,0
2023-08-15T16:29:37.809000,-2.09682,49.940556,0.526,0
2023-08-15T16:29:38.752000,-2.105592,49.883569,0.585,0
2023-08-15T16:29:39.695000,-2.114354,49.826581,0.625,1
2023-08-15T16:29:40.639000,-2.123104,49.769593,0.742,1
2023-08-16T03:42:51.064000,4.25588,52.215071,0.998,1
2023-08-16T03:42:52.007000,4.246599,52.272001,0.988,1
2023-08-16T03:42:52.951000,4.237305,52.328931,0.954,0
2023-08-16T03:42:53.894000,4.227997,52.38586,0.912,0
2023-08-16T03:42:54.838000,4.218675,52.442789,0.914,0
2023-08-16T03:42:55.781000,4.209339,52.499716,0.891,1
2023-08-16T03:42:57.668000,4.190626,52.613568,0.867,0
2023-08-16T03:42:59.555000,4.171856,52.727417,0.832,0
2023-08-16T03:43:00.498000,4.16245,52.78434,0.813,0
2023-08-16T03:43:01.442000,4.153029,52.841263,0.781,0
2023-08-16T03:43:02.385000,4.143595,52.898184,0.806,0
2023-08-16T03:43:03.328000,4.134146,52.955105,0.761,0
2023-08-16T03:43:04.272000,4.124682,53.012024,0.729,0
2023-08-16T03:43:05.215000,4.115204,53.068943,0.701,0
2023-08-16T03:43:06.159000,4.105711,53.125861,0.674,0
2023-08-16T03:43:08.046000,4.086682,53.239695,0.662,0
2023-08-16T03:43:08.989000,4.077145,53.29661,0.586,0
2023-08-16T03:43:09.933000,4.067593,53.353525,0.605,0
2023-08-16T03:43:10.876000,4.058026,53.410438,0.557,0
2023-08-16T03:43:11.819000,4.048444,53.467351,0.58,0
2023-08-16T03:43:12.763000,4.038847,53.524263,0.571,0
2023-08-16T03:43:13.706000,4.029235,53.581174,0.538,0
2023-08-16T03:43:14.650000,4.019608,53.638085,0.517,0
2023-08-16T03:43:15.593000,4.009965,53.694994,0.514,0
2023-08-16T03:43:16.537000,4.000307,53.751903,0.5,0
2023-08-16T03:43:17.480000,3.990634,53.80881,0.503,0
2023-08-16T03:43:18.423000,3.980945,53.865717,0.462,0
2023-08-16T03:43:19.367000,3.97124,53.922623,0.434,0
2023-08-16T03:43:20.310000,3.96152,53.979528,0.479,0
2023-08-16T03:43:21.254000,3.951784,54.036432,0.442,0
2023-08-16T03:43:22.197000,3.942032,54.093336,0.45,0
2023-08-16T03:43:23.141000,3.932264,54.150238,0.475,0
2023-08-16T03:43:24.084000,3.922481,54.20714,0.443,0
2023-08-16T03:43:25.028000,3.912681,54.264041,0.436,0
2023-08-16T03:43:25.971000,3.902865,54.32094,0.438,0
2023-08-16T03:43:26.914000,3.893033,54.377839,0.45,0
2023-08-16T03:43:27.858000,3.883184,54.434737,0.443,0
2023-08-16T03:43:28.801000,3.873319,54.491634,0.452,0
2023-08-16T03:43:29.745000,3.863438,54.548531,0.442,0
2023-08-16T03:43:30.688000,3.85354,54.605426,0.469,0
2023-08-16T03:43:31.632000,3.843626,54.662321,0.451,0
2023-08-16T03:43:32.575000,3.833695,54.719214,0.465,0
2023-08-16T03:43:33.518000,3.823747,54.776107,0.453,0
2023-08-16T03:43:34.462000,3.813782,54.832999,0.455,0
2023-08-16T03:43:35.405000,3.8038,54.88989,0.418,0
2023-08-16T03:43:36.349000,3.793801,54.94678,0.436,0
2023-08-16T03:43:37.292000,3.783786,55.00367,0.452,0
2023-08-16T03:43:38.236000,3.773752,55.060558,0.428,0
2023-08-16T03:43:39.179000,3.763702,55.117445,0.428,0
2023-08-16T03:43:40.122000,3.753634,55.174332,0.428,0
2023-08-16T03:43:41.066000,3.743549,55.231218,0.438,0
2023-08-16T03:43:42.009000,3.733446,55.288102,0.459,0
2023-08-16T03:43:42.953000,3.723326,55.344986,0.468,0
2023-08-16T03:43:43.896000,3.713188,55.401869,0.491,0
2023-08-16T03:43:44.840000,3.703032,55.458751,0.51,0
2023-08-16T03:43:45.783000,3.692858,55.515632,0.511,0
2023-08-16T03:43:46.727000,3.682666,55.572513,0.503,0
2023-08-16T03:43:47.670000,3.672457,55.629392,0.52,0
2023-08-16T03:43:48.613000,3.662228,55.686271,0.514,0
2023-08-16T03:43:49.557000,3.651982,55.743148,0.546,0
2023-08-16T03:43:50.500000,3.641718,55.800025,0.546,0
2023-08-16T03:43:51.444000,3.631434,55.856901,0.532,0
2023-08-16T03:43:52.387000,3.621133,55.913776,0.514,0
2023-08-16T03:43:53.331000,3.610813,55.97065,0.474,0
2023-08-18T03:40:44.564000,3.364285,51.458121,1.57,1
2023-08-18T03:40:45.508000,3.355179,51.515062,1.46,1
2023-08-18T03:40:46.451000,3.346059,51.572002,1.39,1
2023-08-18T03:40:47.394000,3.336927,51.628942,1.31,1
2023-08-18T03:40:48.338000,3.327781,51.68588,1.258,0
2023-08-18T03:40:49.281000,3.318623,51.742818,1.15,0
2023-08-18T03:40:50.225000,3.309451,51.799755,1.077,0
2023-08-18T03:40:51.168000,3.300266,51.856691,1.04,0
2023-08-18T03:40:52.112000,3.291068,51.913626,0.943,0
2023-08-18T03:40:53.055000,3.281857,51.970561,0.887,0
2023-08-18T03:40:53.999000,3.272632,52.027494,0.825,0
2023-08-18T03:40:55.885000,3.254143,52.141359,0.69,0
2023-08-18T03:40:56.829000,3.244877,52.19829,0.663,0
2023-08-18T03:40:57.772000,3.235599,52.25522,0.587,0
2023-08-18T03:40:58.716000,3.226306,52.31215,0.552,0
2023-08-18T03:40:59.659000,3.217,52.369078,0.476,0
2023-08-18T03:41:00.603000,3.20768,52.426006,0.433,0
2023-08-18T03:41:01.546000,3.198346,52.482933,0.394,0
2023-08-18T03:41:02.489000,3.188999,52.539859,0.327,0
2023-08-18T03:41:03.433000,3.179637,52.596784,0.3,0
2023-08-18T03:41:04.376000,3.170261,52.653708,0.231,0
2023-08-18T03:41:05.320000,3.160871,52.710632,0.209,0
2023-08-18T03:41:06.263000,3.151467,52.767554,0.161,0
2023-08-18T03:41:07.207000,3.142049,52.824476,0.129,0
2023-08-18T03:41:08.150000,3.132616,52.881397,0.099,0
2023-08-18T03:41:09.093000,3.123169,52.938317,0.08,0
2023-08-18T03:41:10.037000,3.113708,52.995237,0.041,0
2023-08-18T03:41:10.980000,3.104232,53.052155,0.009,0
2023-08-18T03:41:11.924000,3.094741,53.109072,-0.033,0
2023-08-18T03:41:12.867000,3.085236,53.165989,-0.063,0
2023-08-18T03:41:13.811000,3.075716,53.222905,-0.076,0
2023-08-18T03:41:14.754000,3.066181,53.27982,-0.093,0
2023-08-18T03:41:15.698000,3.056631,53.336734,-0.102,0
2023-08-18T03:41:16.641000,3.047067,53.393648,-0.11,0
2023-08-18T03:41:17.584000,3.037487,53.45056,-0.086,0
2023-08-18T03:41:18.528000,3.027893,53.507472,-0.078,0
2023-08-18T03:41:19.471000,3.018283,53.564382,-0.061,0
2023-08-18T03:41:20.415000,3.008658,53.621292,-0.044,0
2023-08-18T03:41:21.358000,2.999018,53.678201,-0.025,0
2023-08-18T03:41:22.302000,2.989362,53.735109,-0.014,0
2023-08-18T03:41:23.245000,2.979691,53.792017,-0.016,0
2023-08-18T03:41:24.188000,2.970004,53.848923,-0.03,0
2023-08-18T03:41:25.132000,2.960302,53.905829,0.004,0
2023-08-18T03:41:26.075000,2.950584,53.962733,0.024,0
2023-08-18T03:41:27.019000,2.94085,54.019637,0.048,0
2023-08-18T03:41:27.962000,2.931101,54.07654,0.063,0
2023-08-18T03:41:28.906000,2.921336,54.133442,0.096,0
2023-08-18T03:41:29.849000,2.911554,54.190343,0.106,0
2023-08-18T03:41:30.793000,2.901757,54.247244,0.121,0
2023-08-18T03:41:31.736000,2.891943,54.304143,0.127,0
2023-08-18T03:41:32.679000,2.882114,54.361042,0.152,0
2023-08-18T03:41:33.623000,2.872268,54.41794,0.184,0
2023-08-18T03:41:34.566000,2.862405,54.474836,0.188,0
2023-08-18T03:41:35.510000,2.852527,54.531732,0.222,0
2023-08-18T03:41:36.453000,2.842631,54.588628,0.233,0
2023-08-18T03:41:37.397000,2.832719,54.645522,0.229,0
2023-08-18T03:41:38.340000,2.822791,54.702415,0.279,0
2023-08-18T03:41:39.283000,2.812845,54.759308,0.306,0
2023-08-18T03:41:40.227000,2.802883,54.816199,0.302,0
2023-08-18T03:41:41.170000,2.792904,54.87309,0.326,0
2023-08-18T03:41:42.114000,2.782908,54.92998,0.338,0
2023-08-18T03:41:43.057000,2.772895,54.986869,0.367,0
2023-08-18T03:41:44.001000,2.762864,55.043757,0.377,0
2023-08-18T03:41:44.944000,2.752817,55.100644,0.417,0
2023-08-18T03:41:45.888000,2.742752,55.15753,0.434,0
2023-08-18T03:41:46.831000,2.732669,55.214416,0.449,0
2023-08-18T03:41:47.774000,2.722569,55.2713,0.472,0
2023-08-18T03:41:48.718000,2.712452,55.328184,0.445,0
2023-08-18T03:41:49.661000,2.702316,55.385067,0.481,0
2023-08-18T03:41:50.605000,2.692163,55.441948,0.503,0
2023-08-18T03:41:51.548000,2.681992,55.498829,0.495,0
2023-08-18T03:41:52.492000,2.671803,55.55571,0.517,0
2023-08-18T03:41:53.435000,2.661596,55.612589,0.51,0
2023-08-18T03:41:54.378000,2.651371,55.669467,0.547,0
2023-08-18T03:41:55.322000,2.641128,55.726344,0.535,0
2023-08-18T03:41:56.265000,2.630866,55.783221,0.549,0
2023-08-18T03:41:57.209000,2.620586,55.840096,0.556,0
2023-08-18T03:41:58.152000,2.610288,55.896971,0.548,0
2023-08-18T03:41:59.096000,2.59997,55.953845,0.531,0
2023-08-20T03:38:44.669000,2.407176,51.108852,1.842,1
2023-08-20T03:38:45.612000,2.398145,51.165798,1.866,1
2023-08-20T03:38:46.555000,2.389102,51.222743,1.816,0
2023-08-20T03:38:47.499000,2.380046,51.279687,1.687,0
2023-08-20T03:38:48.442000,2.370977,51.33663,1.624,0
2023-08-20T03:38:49.386000,2.361896,51.393573,1.534,0
2023-08-20T03:38:51.273000,2.343695,51.507456,1.352,0
2023-08-20T03:38:52.216000,2.334575,51.564396,1.297,0
2023-08-20T03:38:53.159000,2.325442,51.621335,1.197,0
2023-08-20T03:38:54.103000,2.316296,51.678273,1.123,0
2023-08-20T03:38:55.046000,2.307138,51.735211,1.005,0
2023-08-20T03:38:55.990000,2.297966,51.792148,0.923,0
2023-08-20T03:38:56.933000,2.28878,51.849084,0.835,0
2023-08-20T03:38:57.877000,2.279582,51.906019,0.726,0
2023-08-20T03:38:58.820000,2.27037,51.962953,0.654,0
2023-08-20T03:38:59.764000,2.261145,52.019887,0.535,0
2023-08-20T03:39:00.707000,2.251907,52.076819,0.444,0
2023-08-20T03:39:01.650000,2.242655,52.133751,0.342,0
2023-08-20T03:39:02.594000,2.23339,52.190682,0.233,0
2023-08-20T03:39:03.537000,2.224111,52.247612,0.156,0
2023-08-20T03:39:04.481000,2.214818,52.304542,0.082,0
2023-08-20T03:39:05.424000,2.205511,52.36147,0.007,0
2023-08-20T03:39:06.368000,2.196191,52.418398,-0.075,0
2023-08-20T03:39:07.311000,2.186857,52.475325,-0.133,0
2023-08-20T03:39:08.254000,2.177509,52.532251,-0.222,0
2023-08-20T03:39:09.198000,2.168147,52.589176,-0.3,0
2023-08-20T03:39:10.141000,2.158771,52.6461,-0.379,0
2023-08-20T03:39:11.085000,2.149381,52.703024,-0.443,0
2023-08-20T03:39:12.028000,2.139976,52.759946,-0.517,0
2023-08-20T03:39:12.972000,2.130558,52.816868,-0.564,0
2023-08-20T03:39:13.915000,2.121125,52.873789,-0.605,0
2023-08-20T03:39:14.859000,2.111678,52.930709,-0.665,0
2023-08-20T03:39:15.802000,2.102216,52.987628,-0.697,0
2023-08-20T03:39:16.745000,2.092739,53.044547,-0.697,0
2023-08-20T03:39:17.689000,2.083249,53.101464,-0.731,0
2023-08-20T03:39:18.632000,2.073743,53.158381,-0.75,0
2023-08-20T03:39:19.576000,2.064223,53.215297,-0.752,0
2023-08-20T03:39:20.519000,2.054688,53.272212,-0.751,0
2023-08-20T03:39:21.463000,2.045138,53.329126,-0.744,0
2023-08-20T03:39:22.406000,2.035573,53.386039,-0.744,0
2023-08-20T03:39:23.349000,2.025993,53.442952,-0.756,0
2023-08-20T03:39:24.293000,2.016398,53.499863,-0.771,0
2023-08-20T03:39:25.236000,2.006788,53.556774,-0.723,0
2023-08-20T03:39:26.180000,1.997163,53.613684,-0.658,0
2023-08-20T03:39:27.123000,1.987523,53.670593,-0.621,0
2023-08-20T03:39:28.067000,1.977867,53.727501,-0.58,0
2023-08-20T03:39:29.010000,1.968195,53.784409,-0.518,0
2023-08-20T03:39:29.954000,1.958508,53.841315,-0.51,0
2023-08-20T03:39:30.897000,1.948806,53.898221,-0.458,0
2023-08-20T03:39:31.840000,1.939088,53.955126,-0.41,0
2023-08-20T03:39:32.784000,1.929354,54.012029,-0.344,0
2023-08-20T03:39:33.727000,1.919604,54.068933,-0.281,0
2023-08-20T03:39:34.671000,1.909839,54.125835,-0.24,0
2023-08-20T03:39:35.614000,1.900057,54.182736,-0.21,0
2023-08-20T03:39:36.558000,1.89026,54.239636,-0.168,0
2023-08-20T03:39:37.501000,1.880446,54.296536,-0.101,0
2023-08-20T03:39:38.444000,1.870616,54.353435,-0.077,0
2023-08-20T03:39:39.388000,1.86077,54.410333,-0.049,0
2023-08-20T03:39:40.331000,1.850907,54.46723,0.016,0
2023-08-20T03:39:41.275000,1.841028,54.524126,0.075,0
2023-08-20T03:39:42.218000,1.831133,54.581021,0.125,0
2023-08-20T03:39:43.162000,1.821221,54.637915,0.16,0
2023-08-20T03:39:44.105000,1.811292,54.694809,0.215,0
2023-08-20T03:39:45.049000,1.801347,54.751701,0.251,0
2023-08-20T03:39:45.992000,1.791384,54.808593,0.288,0
2023-08-20T03:39:46.935000,1.781405,54.865484,0.315,0
2023-08-20T03:39:47.879000,1.771409,54.922374,0.361,0
2023-08-20T03:39:48.822000,1.761395,54.979263,0.388,0
2023-08-20T03:39:49.766000,1.751365,55.036151,0.435,0
2023-08-20T03:39:50.709000,1.741317,55.093039,0.474,0
2023-08-20T03:39:51.653000,1.731252,55.149925,0.493,0
2023-08-20T03:39:52.596000,1.721169,55.206811,0.496,0
2023-08-20T03:39:53.539000,1.711069,55.263696,0.505,0
2023-08-20T03:39:54.483000,1.700951,55.32058,0.531,0
2023-08-20T03:39:55.426000,1.690816,55.377463,0.549,0
2023-08-20T03:39:56.370000,1.680663,55.434344,0.564,0
2023-08-20T03:39:57.313000,1.670492,55.491226,0.59,0
2023-08-20T03:39:58.257000,1.660303,55.548106,0.598,0
2023-08-20T03:39:59.200000,1.650095,55.604985,0.605,0
2023-08-20T03:40:00.144000,1.63987,55.661864,0.596,0
2023-08-20T03:40:01.087000,1.629627,55.718742,0.64,0
2023-08-20T03:40:02.030000,1.619365,55.775618,0.634,0
2023-08-20T03:40:02.974000,1.609085,55.832494,0.647,0
2023-08-20T03:40:03.917000,1.598786,55.889369,0.674,0
2023-08-20T03:40:04.861000,1.588469,55.946243,0.662,0
2023-08-20T15:34:03.505000,8.511148,54.27134,1.237,1
2023-08-20T15:34:04.448000,8.501339,54.214408,1.172,1
2023-08-20T15:34:05.391000,8.491546,54.157476,1.145,0
2023-08-20T15:34:06.335000,8.481769,54.100542,1.156,1
2023-08-20T15:34:07.278000,8.472008,54.043608,1.178,1
2023-08-20T15:34:08.222000,8.462262,53.986673,1.301,1
2023-08-20T15:34:13.882000,8.404119,53.645042,1.675,1
2023-08-22T03:36:40.999000,1.485094,50.541397,2.377,1
2023-08-22T03:36:42.886000,1.467262,50.655305,2.356,1
2023-08-22T03:36:44.773000,1.449381,50.76921,2.343,1
2023-08-22T03:36:46.660000,1.431452,50.883111,2.274,1
2023-08-22T03:36:47.603000,1.422469,50.94006,2.19,1
2023-08-22T03:36:48.547000,1.413473,50.997009,2.085,1
2023-08-22T03:36:49.490000,1.404466,51.053956,2.018,1
2023-08-22T03:36:56.094000,1.341061,51.452568,1.784,1
2023-08-22T03:36:57.038000,1.331952,51.509509,1.786,1
2023-08-22T03:36:57.981000,1.32283,51.56645,1.797,0
2023-08-22T03:36:58.925000,1.313696,51.623389,1.753,1
2023-08-22T03:36:59.868000,1.304548,51.680328,1.732,0
2023-08-22T03:37:00.811000,1.295388,51.737266,1.691,1
2023-08-22T03:37:22.510000,1.080947,53.046611,-1.469,1
2023-08-22T03:37:23.454000,1.071454,53.103529,-1.415,1
2023-08-22T03:37:24.397000,1.061947,53.160446,-1.391,0
2023-08-22T03:37:25.341000,1.052425,53.217363,-1.398,0
2023-08-22T03:37:26.284000,1.042888,53.274278,-1.415,0
2023-08-22T03:37:27.228000,1.033336,53.331193,-1.387,0
2023-08-22T03:37:28.171000,1.023769,53.388106,-1.373,0
2023-08-22T03:37:29.115000,1.014187,53.44502,-1.37,0
2023-08-22T03:37:30.058000,1.00459,53.501932,-1.34,0
2023-08-22T03:37:31.001000,0.994978,53.558843,-1.3,0
2023-08-22T03:37:31.945000,0.985351,53.615753,-1.22,0
2023-08-22T03:37:32.888000,0.975708,53.672663,-1.163,0
2023-08-22T03:37:33.832000,0.96605,53.729571,-1.085,0
2023-08-22T03:37:34.775000,0.956377,53.786479,-0.995,0
2023-08-22T03:37:35.719000,0.946688,53.843386,-0.944,0
2023-08-22T03:37:36.662000,0.936984,53.900292,-0.87,0
2023-08-22T03:37:37.605000,0.927264,53.957198,-0.803,0
2023-08-22T03:37:38.549000,0.917528,54.014102,-0.739,0
2023-08-22T03:37:39.492000,0.907776,54.071006,-0.683,0
2023-08-22T03:37:40.436000,0.898008,54.127908,-0.624,0
2023-08-22T03:37:41.379000,0.888225,54.18481,-0.586,0
2023-08-22T03:37:42.323000,0.878425,54.241711,-0.521,0
2023-08-22T03:37:43.266000,0.868609,54.298611,-0.47,0
2023-08-22T03:37:44.210000,0.858777,54.355511,-0.43,0
2023-08-22T03:37:45.153000,0.848929,54.412409,-0.368,0
2023-08-22T03:37:46.096000,0.839064,54.469307,-0.314,0
2023-08-22T03:37:47.040000,0.829183,54.526203,-0.258,0
2023-08-22T03:37:47.983000,0.819286,54.583099,-0.235,0
2023-08-22T03:37:48.927000,0.809372,54.639994,-0.202,0
2023-08-22T03:37:49.870000,0.799441,54.696888,-0.151,0
2023-08-22T03:37:50.814000,0.789493,54.753781,-0.123,0
2023-08-22T03:37:51.757000,0.779529,54.810674,-0.084,0
2023-08-22T03:37:52.700000,0.769547,54.867565,-0.039,0
2023-08-22T03:37:53.644000,0.759549,54.924456,-0.008,0
2023-08-22T03:37:54.587000,0.749533,54.981346,0.014,0
2023-08-22T03:37:55.531000,0.7395,55.038235,0.044,0
2023-08-22T03:37:56.474000,0.72945,55.095123,0.103,0
2023-08-22T03:37:57.418000,0.719383,55.15201,0.139,0
2023-08-22T03:37:58.361000,0.709298,55.208896,0.163,0
2023-08-22T03:37:59.304000,0.699196,55.265781,0.221,0
2023-08-22T03:38:00.248000,0.689076,55.322666,0.254,0
2023-08-22T03:38:01.191000,0.678938,55.379549,0.28,0
2023-08-22T03:38:02.135000,0.668783,55.436432,0.287,0
2023-08-22T03:38:03.078000,0.658609,55.493314,0.325,0
2023-08-22T03:38:04.022000,0.648418,55.550195,0.358,0
2023-08-22T03:38:04.965000,0.638209,55.607075,0.38,0
2023-08-22T03:38:05.909000,0.627981,55.663954,0.412,0
2023-08-22T03:38:06.852000,0.617735,55.720832,0.415,0
2023-08-22T03:38:07.795000,0.607471,55.77771,0.454,0
2023-08-22T03:38:08.739000,0.597189,55.834586,0.485,0
2023-08-22T03:38:09.682000,0.586888,55.891462,0.499,0
2023-08-22T03:38:10.626000,0.576568,55.948337,0.502,0
2023-08-22T15:31:40.966000,7.801991,55.970453,0.481,0
2023-08-22T15:31:41.910000,7.791662,55.913544,0.503,0
2023-08-22T15:31:42.853000,7.78135,55.856634,0.53,0
2023-08-22T15:31:43.797000,7.771058,55.799723,0.55,0
2023-08-22T15:31:44.740000,7.760784,55.742812,0.575,0
2023-08-22T15:31:45.684000,7.750528,55.685899,0.616,0
2023-08-22T15:31:46.627000,7.74029,55.628986,0.657,0
2023-08-22T15:31:47.571000,7.730071,55.572071,0.706,0
2023-08-22T15:31:48.514000,7.71987,55.515156,0.755,0
2023-08-22T15:31:49.457000,7.709687,55.458239,0.809,0
2023-08-22T15:31:50.401000,7.699521,55.401322,0.812,0
2023-08-22T15:31:51.344000,7.689374,55.344404,0.829,0
2023-08-22T15:31:52.288000,7.679244,55.287485,0.825,0
2023-08-22T15:31:53.231000,7.669132,55.230565,0.862,0
2023-08-22T15:31:54.175000,7.659038,55.173644,0.844,0
2023-08-22T15:31:55.118000,7.648961,55.116722,0.873,0
2023-08-22T15:31:56.061000,7.638902,55.059799,0.883,0
2023-08-22T15:31:57.005000,7.628859,55.002875,0.885,0
2023-08-22T15:31:57.948000,7.618834,54.945951,0.901,0
2023-08-22T15:31:58.892000,7.608827,54.889025,0.892,0
2023-08-22T15:31:59.835000,7.598836,54.832098,0.926,0
2023-08-22T15:32:00.779000,7.588862,54.775171,0.903,0
2023-08-22T15:32:01.722000,7.578905,54.718242,0.938,0
2023-08-22T15:32:02.666000,7.568965,54.661313,0.962,0
2023-08-22T15:32:03.609000,7.559042,54.604383,0.979,0
2023-08-22T15:32:04.552000,7.549135,54.547452,1.003,0
2023-08-22T15:32:05.496000,7.539245,54.49052,0.972,0
2023-08-22T15:32:06.439000,7.529371,54.433587,1.009,0
2023-08-22T15:32:07.383000,7.519514,54.376653,0.995,0
2023-08-22T15:32:08.326000,7.509673,54.319718,0.993,0
2023-08-22T15:32:09.270000,7.499848,54.262782,0.972,0
2023-08-22T15:32:10.213000,7.49004,54.205846,0.963,0
2023-08-22T15:32:11.156000,7.480247,54.148908,0.966,0
2023-08-22T15:32:12.100000,7.470471,54.09197,0.976,0
2023-08-22T15:32:13.043000,7.46071,54.03503,0.969,0
2023-08-22T15:32:13.987000,7.450966,53.97809,0.967,0
2023-08-22T15:32:14.930000,7.441237,53.921149,0.957,0
2023-08-22T15:32:15.874000,7.431524,53.864207,0.943,1
2023-08-22T15:32:16.817000,7.421826,53.807264,0.908,1
2023-08-24T03:34:37.330000,0.561473,49.984177,2.327,1
2023-08-24T03:34:38.273000,0.552677,50.041139,2.327,0
2023-08-24T03:34:39.217000,0.54387,50.098102,2.363,0
2023-08-24T03:34:40.160000,0.535051,50.155063,2.341,0
2023-08-24T03:34:41.104000,0.526221,50.212023,2.329,0
2023-08-24T03:34:42.047000,0.517379,50.268983,2.282,0
2023-08-24T03:34:42.991000,0.508525,50.325942,2.313,0
2023-08-24T03:34:44.877000,0.490782,50.439858,2.285,0
2023-08-24T03:34:45.821000,0.481893,50.496814,2.312,0
2023-08-24T03:34:46.764000,0.472992,50.55377,2.303,0
2023-08-24T03:34:47.708000,0.464079,50.610725,2.305,0
2023-08-24T03:34:48.651000,0.455154,50.667679,2.302,0
2023-08-24T03:34:49.595000,0.446217,50.724632,2.325,1
2023-08-24T03:34:50.538000,0.437268,50.781585,2.317,1
2023-08-24T03:35:42.427000,-0.075304,53.912714,-1.262,1
2023-08-24T03:35:43.370000,-0.085028,53.96962,-1.212,1
2023-08-24T03:35:44.314000,-0.094767,54.026525,-1.175,1
2023-08-24T03:35:47.144000,-0.124081,54.197237,-1.012,1
2023-08-24T03:35:48.088000,-0.133884,54.254139,-1.014,1
2023-08-24T03:35:49.031000,-0.143704,54.31104,-0.974,1
2023-08-24T03:35:49.975000,-0.15354,54.36794,-0.84,0
2023-08-24T03:35:50.918000,-0.163392,54.424839,-0.737,0
2023-08-24T03:35:51.861000,-0.17326,54.481738,-0.762,0
2023-08-24T03:35:53.748000,-0.193046,54.595532,-0.78,0
2023-08-24T03:35:55.635000,-0.212899,54.709324,-0.676,0
2023-08-24T03:35:56.579000,-0.222851,54.766218,-0.643,0
2023-08-24T03:35:57.522000,-0.232819,54.823111,-0.614,0
2023-08-24T03:35:58.465000,-0.242804,54.880004,-0.576,0
2023-08-24T03:35:59.409000,-0.252807,54.936895,-0.52,0
2023-08-24T03:36:00.352000,-0.262826,54.993786,-0.482,0
2023-08-24T03:36:01.296000,-0.272863,55.050676,-0.459,0
2023-08-24T03:36:02.239000,-0.282917,55.107565,-0.415,0
2023-08-24T03:36:03.183000,-0.292988,55.164453,-0.373,0
2023-08-24T03:36:04.126000,-0.303077,55.221341,-0.322,0
2023-08-24T03:36:05.070000,-0.313184,55.278227,-0.304,0
2023-08-24T03:36:06.013000,-0.323308,55.335113,-0.274,0
2023-08-24T03:36:06.956000,-0.33345,55.391997,-0.26,0
2023-08-24T03:36:07.900000,-0.343609,55.448881,-0.208,0
2023-08-24T03:36:08.843000,-0.353787,55.505764,-0.184,0
2023-08-24T03:36:09.787000,-0.363982,55.562646,-0.163,0
2023-08-24T03:36:10.730000,-0.374196,55.619527,-0.131,0
2023-08-24T03:36:11.674000,-0.384427,55.676407,-0.079,0
2023-08-24T03:36:12.617000,-0.394677,55.733287,-0.081,0
2023-08-24T03:36:13.560000,-0.404946,55.790165,-0.063,0
2023-08-24T03:36:14.504000,-0.415232,55.847043,-0.011,0
2023-08-24T03:36:15.447000,-0.425538,55.90392,-0.003,0
2023-08-24T03:36:16.391000,-0.435862,55.960795,0.013,0
2023-08-24T15:29:46.732000,6.78865,55.951258,0.212,0
2023-08-24T15:29:47.675000,6.778326,55.894344,0.258,0
2023-08-24T15:29:48.618000,6.768021,55.837429,0.27,0
2023-08-24T15:29:49.562000,6.757734,55.780513,0.276,0
2023-08-24T15:29:50.505000,6.747466,55.723597,0.318,0
2023-08-24T15:29:51.449000,6.737216,55.666679,0.321,0
2023-08-24T15:29:52.392000,6.726984,55.60976,0.346,0
2023-08-24T15:29:53.336000,6.71677,55.55284,0.371,0
2023-08-24T15:29:54.279000,6.706575,55.495919,0.389,0
2023-08-24T15:29:55.222000,6.696397,55.438998,0.402,0
2023-08-24T15:29:56.166000,6.686238,55.382075,0.43,0
2023-08-24T15:29:57.109000,6.676096,55.325152,0.443,0
2023-08-24T15:29:58.053000,6.665972,55.268227,0.476,0
2023-08-24T15:29:58.996000,6.655865,55.211302,0.505,0
2023-08-24T15:29:59.940000,6.645777,55.154376,0.486,0
2023-08-24T15:30:00.883000,6.635705,55.097449,0.524,0
2023-08-24T15:30:01.827000,6.625651,55.040521,0.558,0
2023-08-24T15:30:02.770000,6.615614,54.983591,0.531,0
2023-08-24T15:30:03.713000,6.605595,54.926661,0.535,0
2023-08-24T15:30:04.657000,6.595592,54.869731,0.518,0
2023-08-24T15:30:05.600000,6.585607,54.812799,0.599,0
2023-08-24T15:30:06.544000,6.575638,54.755866,0.607,0
2023-08-24T15:30:07.487000,6.565687,54.698932,0.607,0
2023-08-24T15:30:08.431000,6.555752,54.641998,0.626,0
2023-08-24T15:30:09.374000,6.545834,54.585062,0.638,0
2023-08-24T15:30:10.317000,6.535932,54.528126,0.669,0
2023-08-24T15:30:11.261000,6.526048,54.471189,0.64,0
2023-08-24T15:30:12.204000,6.516179,54.41425,0.652,0
2023-08-24T15:30:13.148000,6.506327,54.357311,0.638,0
2023-08-24T15:30:14.091000,6.496491,54.300371,0.674,0
2023-08-24T15:30:15.035000,6.486672,54.24343,0.706,0
2023-08-24T15:30:15.978000,6.476868,54.186488,0.687,0
2023-08-24T15:30:16.922000,6.467081,54.129545,0.721,0
2023-08-24T15:30:17.865000,6.457309,54.072602,0.728,0
2023-08-24T15:30:18.808000,6.447554,54.015657,0.732,0
2023-08-24T15:30:19.752000,6.437814,53.958711,0.725,0
2023-08-24T15:30:20.695000,6.42809,53.901765,0.694,0
2023-08-24T15:30:21.639000,6.418382,53.844817,0.724,0
2023-08-24T15:30:22.582000,6.40869,53.787869,0.699,0
2023-08-24T15:30:23.526000,6.399013,53.73092,0.733,0
2023-08-24T15:30:24.469000,6.389351,53.67397,0.721,1
2023-08-24T15:30:25.412000,6.379705,53.617019,0.748,1
2023-08-24T15:30:26.356000,6.370074,53.560067,0.68,1
2023-08-26T03:32:38.378000,-0.407626,49.722394,1.333,0
2023-08-26T03:32:39.321000,-0.41637,49.779362,1.298,0
2023-08-26T03:32:40.265000,-0.425124,49.836329,1.254,0
2023-08-26T03:32:41.208000,-0.433889,49.893295,1.187,0
2023-08-26T03:32:42.152000,-0.442666,49.950261,1.158,0
2023-08-26T03:32:43.095000,-0.451455,50.007226,1.135,0
2023-08-26T03:32:44.038000,-0.460255,50.06419,1.081,0
2023-08-26T03:32:44.982000,-0.469066,50.121153,1.034,0
2023-08-26T03:32:45.925000,-0.477889,50.178115,0.974,0
2023-08-26T03:32:46.869000,-0.486724,50.235077,0.955,0
2023-08-26T03:32:47.812000,-0.49557,50.292038,0.944,0
2023-08-26T03:32:48.756000,-0.504428,50.348998,0.865,0
2023-08-26T03:32:49.699000,-0.513298,50.405957,0.865,0
2023-08-26T03:32:50.642000,-0.522179,50.462916,0.846,0
2023-08-26T03:32:51.586000,-0.531073,50.519873,0.832,0
2023-08-26T03:32:52.529000,-0.539978,50.57683,0.835,0
2023-08-26T03:32:53.473000,-0.548895,50.633786,0.788,0
2023-08-26T03:32:54.416000,-0.557825,50.690741,0.751,1
2023-08-26T03:32:55.360000,-0.566766,50.747696,0.768,1
2023-08-26T03:34:02.344000,-1.236206,54.789372,-0.772,1
2023-08-26T03:34:03.287000,-1.246181,54.846267,-0.744,1
2023-08-26T03:34:04.231000,-1.256173,54.903161,-0.827,1
2023-08-26T03:34:05.174000,-1.266181,54.960054,-0.75,1
2023-08-26T03:34:06.117000,-1.276207,55.016946,-0.762,1
2023-08-26T03:34:07.061000,-1.28625,55.073837,-0.72,1
2023-08-26T03:34:08.004000,-1.296311,55.130728,-0.757,1
2023-08-26T03:34:08.948000,-1.306389,55.187617,-0.744,1
2023-08-26T03:34:09.891000,-1.316484,55.244506,-0.725,1
2023-08-26T03:34:13.665000,-1.357042,55.472052,-0.624,0
2023-08-26T03:34:14.608000,-1.367226,55.528937,-0.681,0
2023-08-26T03:34:15.552000,-1.377428,55.58582,-0.628,0
2023-08-26T03:34:18.382000,-1.408144,55.756466,-0.653,0
2023-08-26T03:34:19.326000,-1.418419,55.813346,-0.647,0
2023-08-26T03:34:20.269000,-1.428713,55.870225,-0.64,0
2023-08-26T03:34:21.212000,-1.439025,55.927103,-0.606,0
2023-08-26T03:34:22.156000,-1.449356,55.98398,-0.625,0
2023-08-26T15:27:51.553000,5.78378,55.977856,0.116,0
2023-08-26T15:27:52.497000,5.773448,55.920938,0.132,0
2023-08-26T15:27:53.440000,5.763134,55.864018,0.127,0
2023-08-26T15:27:54.383000,5.752839,55.807098,0.135,0
2023-08-26T15:27:55.327000,5.742562,55.750176,0.154,0
2023-08-26T15:27:56.270000,5.732304,55.693254,0.177,0
2023-08-26T15:27:57.214000,5.722064,55.63633,0.177,0
2023-08-26T15:27:58.157000,5.711842,55.579406,0.153,0
2023-08-26T15:27:59.101000,5.701638,55.522481,0.154,0
2023-08-26T15:28:00.044000,5.691452,55.465555,0.197,0
2023-08-26T15:28:00.988000,5.681285,55.408628,0.198,0
2023-08-26T15:28:01.931000,5.671135,55.3517,0.191,0
2023-08-26T15:28:02.874000,5.661003,55.294771,0.221,0
2023-08-26T15:28:03.818000,5.650888,55.237841,0.236,0
2023-08-26T15:28:04.761000,5.640791,55.18091,0.275,0
2023-08-26T15:28:05.705000,5.630712,55.123978,0.276,0
2023-08-26T15:28:06.648000,5.62065,55.067046,0.265,0
2023-08-26T15:28:07.592000,5.610605,55.010112,0.3,0
2023-08-26T15:28:08.535000,5.600578,54.953178,0.309,0
2023-08-26T15:28:09.478000,5.590568,54.896242,0.361,0
2023-08-26T15:28:10.422000,5.580575,54.839306,0.372,0
2023-08-26T15:28:11.365000,5.570599,54.782369,0.388,0
2023-08-26T15:28:12.309000,5.560639,54.725431,0.402,0
2023-08-26T15:28:13.252000,5.550697,54.668491,0.42,0
2023-08-26T15:28:14.196000,5.540771,54.611551,0.441,0
2023-08-26T15:28:15.139000,5.530862,54.55461,0.444,0
2023-08-26T15:28:16.082000,5.52097,54.497669,0.465,0
2023-08-26T15:28:17.026000,5.511094,54.440726,0.478,0
2023-08-26T15:28:17.969000,5.501234,54.383782,0.475,0
2023-08-26T15:28:18.913000,5.491391,54.326837,0.466,0
2023-08-26T15:28:19.856000,5.481564,54.269892,0.499,0
2023-08-26T15:28:20.800000,5.471754,54.212945,0.518,0
2023-08-26T15:28:21.743000,5.461959,54.155998,0.517,0
2023-08-26T15:28:22.687000,5.45218,54.09905,0.532,0
2023-08-26T15:28:23.630000,5.442418,54.042101,0.542,0
2023-08-26T15:28:24.573000,5.432671,53.985151,0.601,0
2023-08-26T15:28:25.517000,5.42294,53.9282,0.629,0
2023-08-26T15:28:26.460000,5.413225,53.871248,0.627,0
2023-08-26T15:28:27.404000,5.403525,53.814295,0.648,0
2023-08-26T15:28:28.347000,5.393841,53.757341,0.666,0
2023-08-26T15:28:29.291000,5.384172,53.700387,0.675,0
2023-08-26T15:28:30.234000,5.374519,53.643431,0.71,0
2023-08-26T15:28:31.177000,5.364882,53.586475,0.724,0
2023-08-26T15:28:32.121000,5.355259,53.529517,0.678,1
2023-08-26T15:28:33.064000,5.345652,53.472559,0.686,1
2023-08-26T15:28:35.895000,5.31692,53.301679,0.831,1
2023-08-26T15:28:37.782000,5.297841,53.187755,0.719,1
2023-08-26T15:28:38.725000,5.288323,53.130791,0.678,1
2023-08-28T03:30:44.143000,-1.421968,49.756088,0.67,1
2023-08-28T03:30:45.086000,-1.430718,49.813057,0.586,1
2023-08-28T03:30:46.030000,-1.439479,49.870026,0.509,0
2023-08-28T03:30:46.973000,-1.448252,49.926994,0.474,0
2023-08-28T03:30:47.917000,-1.457035,49.983961,0.42,0
2023-08-28T03:30:48.860000,-1.465831,50.040927,0.366,0
2023-08-28T03:30:49.803000,-1.474637,50.097893,0.324,0
2023-08-28T03:30:50.747000,-1.483456,50.154857,0.259,0
2023-08-28T03:30:51.690000,-1.492285,50.211821,0.234,0
2023-08-28T03:30:52.634000,-1.501127,50.268784,0.198,0
2023-08-28T03:30:53.577000,-1.50998,50.325747,0.169,0
2023-08-28T03:30:54.521000,-1.518845,50.382708,0.149,0
2023-08-28T03:30:55.464000,-1.527722,50.439669,0.103,0
2023-08-28T03:30:56.407000,-1.53661,50.496629,0.089,0
2023-08-28T03:30:57.351000,-1.545511,50.553588,0.053,1
2023-08-28T03:30:58.294000,-1.554423,50.610546,0.026,1
2023-08-28T15:25:57.318000,4.767667,55.936615,0.309,0
2023-08-28T15:25:58.262000,4.757347,55.879691,0.313,0
2023-08-28T15:25:59.205000,4.747045,55.822766,0.322,0
2023-08-28T15:26:00.148000,4.736763,55.765839,0.339,0
2023-08-28T15:26:01.092000,4.726498,55.708913,0.324,0
2023-08-28T15:26:02.035000,4.716252,55.651985,0.34,0
2023-08-28T15:26:02.979000,4.706025,55.595056,0.355,0
2023-08-28T15:26:03.922000,4.695815,55.538126,0.348,0
2023-08-28T15:26:04.866000,4.685624,55.481195,0.361,0
2023-08-28T15:26:05.809000,4.67545,55.424263,0.351,0
2023-08-28T15:26:06.753000,4.665294,55.367331,0.349,0
2023-08-28T15:26:07.696000,4.655156,55.310397,0.377,0
2023-08-28T15:26:08.639000,4.645036,55.253463,0.378,0
2023-08-28T15:26:09.583000,4.634934,55.196527,0.379,0
2023-08-28T15:26:10.526000,4.624849,55.139591,0.398,0
2023-08-28T15:26:11.470000,4.614781,55.082654,0.403,0
2023-08-28T15:26:12.413000,4.604731,55.025716,0.424,0
2023-08-28T15:26:13.357000,4.594698,54.968777,0.429,0
2023-08-28T15:26:14.300000,4.584682,54.911836,0.447,0
2023-08-28T15:26:15.243000,4.574684,54.854895,0.469,0
2023-08-28T15:26:16.187000,4.564702,54.797954,0.479,0
2023-08-28T15:26:17.130000,4.554737,54.741011,0.48,0
2023-08-28T15:26:18.074000,4.544789,54.684067,0.474,0
2023-08-28T15:26:19.017000,4.534858,54.627122,0.507,0
2023-08-28T15:26:19.961000,4.524944,54.570177,0.501,0
2023-08-28T15:26:20.904000,4.515046,54.51323,0.54,0
2023-08-28T15:26:21.848000,4.505165,54.456283,0.531,0
2023-08-28T15:26:22.791000,4.4953,54.399334,0.546,0
2023-08-28T15:26:23.734000,4.485451,54.342385,0.537,0
2023-08-28T15:26:24.678000,4.475619,54.285435,0.559,0
2023-08-28T15:26:25.621000,4.465803,54.228484,0.554,0
2023-08-28T15:26:26.565000,4.456003,54.171532,0.56,0
2023-08-28T15:26:27.508000,4.44622,54.114579,0.604,0
2023-08-28T15:26:28.452000,4.436452,54.057625,0.6,0
2023-08-28T15:26:29.395000,4.4267,54.000671,0.612,0
2023-08-28T15:26:30.338000,4.416964,53.943715,0.618,0
2023-08-28T15:26:31.282000,4.407243,53.886759,0.607,0
2023-08-28T15:26:32.225000,4.397539,53.829801,0.645,0
2023-08-28T15:26:33.169000,4.38785,53.772843,0.639,0
2023-08-28T15:26:34.112000,4.378176,53.715884,0.629,0
2023-08-28T15:26:35.056000,4.368518,53.658923,0.635,0
2023-08-28T15:26:35.999000,4.358875,53.601962,0.659,0
2023-08-28T15:26:36.943000,4.349248,53.545001,0.64,0
2023-08-28T15:26:37.886000,4.339635,53.488038,0.671,0
2023-08-28T15:26:38.829000,4.330038,53.431074,0.665,0
2023-08-28T15:26:39.773000,4.320456,53.374109,0.629,0
2023-08-28T15:26:40.716000,4.310889,53.317144,0.644,0
2023-08-28T15:26:41.660000,4.301337,53.260177,0.64,0
2023-08-28T15:26:42.603000,4.2918,53.20321,0.613,0
2023-08-28T15:26:43.547000,4.282278,53.146242,0.602,0
2023-08-28T15:26:44.490000,4.27277,53.089273,0.582,0
2023-08-28T15:26:45.433000,4.263277,53.032303,0.574,0
2023-08-28T15:26:46.377000,4.253799,52.975332,0.591,0
2023-08-28T15:26:47.320000,4.244335,52.91836,0.524,0
2023-08-28T15:26:48.264000,4.234885,52.861387,0.509,0
2023-08-28T15:26:49.207000,4.22545,52.804414,0.454,0
2023-08-28T15:26:50.151000,4.21603,52.747439,0.414,0
2023-08-28T15:26:51.094000,4.206623,52.690464,0.399,0
2023-08-28T15:26:52.038000,4.197231,52.633488,0.38,0
2023-08-28T15:26:52.981000,4.187853,52.576511,0.31,0
2023-08-28T15:26:53.924000,4.178489,52.519533,0.255,0
2023-08-28T15:26:54.868000,4.169139,52.462554,0.235,0
2023-08-28T15:26:55.811000,4.159803,52.405574,0.185,0
2023-08-28T15:26:56.755000,4.15048,52.348594,0.136,0
2023-08-28T15:26:57.698000,4.141172,52.291612,0.077,0
2023-08-28T15:26:58.642000,4.131877,52.23463,0.041,0
2023-08-28T15:26:59.585000,4.122596,52.177646,0.002,1
2023-08-28T15:27:00.528000,4.113328,52.120662,-0.027,1
2023-08-28T15:27:01.472000,4.104075,52.063677,-0.018,1
2023-08-30T15:24:02.140000,3.762146,55.942932,0.37,0
2023-08-30T15:24:03.083000,3.751821,55.886003,0.45,0
2023-08-30T15:24:04.027000,3.741515,55.829073,0.384,0
2023-08-30T15:24:04.970000,3.731227,55.772142,0.383,0
2023-08-30T15:24:05.914000,3.720957,55.715211,0.424,0
2023-08-30T15:24:06.857000,3.710706,55.658278,0.405,0
2023-08-30T15:24:07.800000,3.700473,55.601345,0.403,0
2023-08-30T15:24:08.744000,3.690258,55.54441,0.396,0
2023-08-30T15:24:09.687000,3.680062,55.487475,0.393,0
2023-08-30T15:24:10.631000,3.669883,55.430538,0.423,0
2023-08-30T15:24:11.574000,3.659722,55.373601,0.431,0
2023-08-30T15:24:12.518000,3.649579,55.316663,0.449,0
2023-08-30T15:24:13.461000,3.639454,55.259724,0.438,0
2023-08-30T15:24:14.404000,3.629347,55.202784,0.419,0
2023-08-30T15:24:15.348000,3.619257,55.145843,0.407,0
2023-08-30T15:24:16.291000,3.609184,55.088901,0.44,0
2023-08-30T15:24:17.235000,3.599129,55.031958,0.44,0
2023-08-30T15:24:18.178000,3.589091,54.975014,0.438,0
2023-08-30T15:24:19.122000,3.57907,54.91807,0.431,0
2023-08-30T15:24:20.065000,3.569067,54.861124,0.432,0
2023-08-30T15:24:21.009000,3.55908,54.804177,0.45,0
2023-08-30T15:24:21.952000,3.549111,54.74723,0.453,0
2023-08-30T15:24:22.895000,3.539158,54.690281,0.439,0
2023-08-30T15:24:23.839000,3.529222,54.633332,0.461,0
2023-08-30T15:24:24.782000,3.519303,54.576382,0.446,0
2023-08-30T15:24:25.726000,3.5094,54.519431,0.421,0
2023-08-30T15:24:26.669000,3.499514,54.462479,0.412,0
2023-08-30T15:24:27.613000,3.489644,54.405526,0.427,0
2023-08-30T15:24:28.556000,3.479791,54.348572,0.405,0
2023-08-30T15:24:29.499000,3.469954,54.291617,0.393,0
2023-08-30T15:24:30.443000,3.460134,54.234661,0.391,0
2023-08-30T15:24:31.386000,3.450329,54.177705,0.361,0
2023-08-30T15:24:32.330000,3.440541,54.120747,0.388,0
2023-08-30T15:24:33.273000,3.430768,54.063789,0.408,0
2023-08-30T15:24:34.217000,3.421012,54.00683,0.399,0
2023-08-30T15:24:35.160000,3.411271,53.949869,0.371,0
2023-08-30T15:24:36.104000,3.401546,53.892908,0.348,0
2023-08-30T15:24:37.047000,3.391837,53.835946,0.404,0
2023-08-30T15:24:37.990000,3.382143,53.778983,0.406,0
2023-08-30T15:24:38.934000,3.372465,53.722019,0.389,0
2023-08-30T15:24:39.877000,3.362802,53.665055,0.378,0
2023-08-30T15:24:40.821000,3.353155,53.608089,0.368,0
2023-08-30T15:24:41.764000,3.343523,53.551122,0.368,0
2023-08-30T15:24:42.708000,3.333906,53.494155,0.333,0
2023-08-30T15:24:43.651000,3.324305,53.437186,0.335,0
2023-08-30T15:24:44.594000,3.314718,53.380217,0.303,0
2023-08-30T15:24:45.538000,3.305147,53.323247,0.299,0
2023-08-30T15:24:46.481000,3.295591,53.266276,0.284,0
2023-08-30T15:24:47.425000,3.286049,53.209304,0.308,0
2023-08-30T15:24:48.368000,3.276522,53.152331,0.297,0
2023-08-30T15:24:49.312000,3.26701,53.095358,0.28,0
2023-08-30T15:24:50.255000,3.257513,53.038383,0.26,0
2023-08-30T15:24:51.199000,3.24803,52.981408,0.255,0
2023-08-30T15:24:52.142000,3.238562,52.924431,0.249,0
2023-08-30T15:24:53.085000,3.229108,52.867454,0.259,0
2023-08-30T15:24:54.029000,3.219669,52.810476,0.236,0
2023-08-30T15:24:54.972000,3.210244,52.753497,0.238,0
2023-08-30T15:24:55.916000,3.200833,52.696517,0.198,0
2023-08-30T15:24:56.859000,3.191437,52.639536,0.201,0
2023-08-30T15:24:57.803000,3.182055,52.582554,0.2,0
2023-08-30T15:24:58.746000,3.172686,52.525572,0.195,0
2023-08-30T15:24:59.689000,3.163332,52.468588,0.218,0
2023-08-30T15:25:00.633000,3.153992,52.411604,0.22,0
2023-08-30T15:25:01.576000,3.144665,52.354619,0.194,0
2023-08-30T15:25:02.520000,3.135353,52.297633,0.2,0
2023-08-30T15:25:03.463000,3.126054,52.240646,0.176,0
2023-08-30T15:25:04.407000,3.116769,52.183658,0.175,0
2023-08-30T15:25:05.350000,3.107497,52.126669,0.153,0
2023-08-30T15:25:07.237000,3.088994,52.012689,0.183,0
2023-08-30T15:25:08.180000,3.079763,51.955698,0.158,0
2023-08-30T15:25:09.124000,3.070546,51.898705,0.172,0
2023-08-30T15:25:10.067000,3.061341,51.841712,0.167,0
2023-08-30T15:25:11.011000,3.05215,51.784718,0.153,0
2023-08-30T15:25:11.954000,3.042972,51.727723,0.163,0
2023-08-30T15:25:12.898000,3.033807,51.670728,0.157,0
2023-08-30T15:25:13.841000,3.024656,51.613731,0.13,0
2023-08-30T15:25:14.784000,3.015517,51.556734,0.117,0
2023-08-30T15:25:15.728000,3.006391,51.499735,0.08,0
2023-08-30T15:25:16.671000,2.997278,51.442736,0.099,0
2023-08-30T15:25:17.615000,2.988178,51.385736,0.092,1
2023-08-30T15:25:18.558000,2.979091,51.328735,0.067,1
2023-08-31T02:39:47.288000,8.570047,55.363469,1.179,1
2023-09-01T15:22:07.905000,2.751942,55.933184,0.493,0
2023-09-01T15:22:08.848000,2.741616,55.876252,0.503,0
2023-09-01T15:22:09.792000,2.731308,55.819318,0.489,0
2023-09-01T15:22:10.735000,2.721019,55.762383,0.476,0
2023-09-01T15:22:11.679000,2.710749,55.705448,0.434,0
2023-09-01T15:22:13.565000,2.690263,55.591574,0.421,0
2023-09-01T15:22:14.509000,2.680047,55.534635,0.419,0
2023-09-01T15:22:15.452000,2.66985,55.477696,0.397,0
2023-09-01T15:22:16.396000,2.65967,55.420756,0.362,0
2023-09-01T15:22:17.339000,2.649509,55.363815,0.337,0
2023-09-01T15:22:18.283000,2.639365,55.306873,0.361,0
2023-09-01T15:22:19.226000,2.629239,55.24993,0.302,0
2023-09-01T15:22:20.170000,2.61913,55.192986,0.254,0
2023-09-01T15:22:21.113000,2.609039,55.136041,0.232,0
2023-09-01T15:22:22.056000,2.598965,55.079095,0.281,0
2023-09-01T15:22:23.000000,2.588909,55.022148,0.243,0
2023-09-01T15:22:23.943000,2.57887,54.9652,0.217,0
2023-09-01T15:22:24.887000,2.568849,54.908252,0.165,0
2023-09-01T15:22:25.830000,2.558844,54.851302,0.168,0
2023-09-01T15:22:26.774000,2.548857,54.794352,0.131,0
2023-09-01T15:22:27.717000,2.538886,54.737401,0.112,0
2023-09-01T15:22:28.660000,2.528933,54.680448,0.101,0
2023-09-01T15:22:29.604000,2.518996,54.623495,0.092,0
2023-09-01T15:22:30.547000,2.509075,54.566541,0.034,0
2023-09-01T15:22:31.491000,2.499172,54.509586,0.041,0
2023-09-01T15:22:33.378000,2.479414,54.395673,-0.047,0
2023-09-01T15:22:34.321000,2.46956,54.338716,-0.085,0
2023-09-01T15:22:35.265000,2.459722,54.281757,-0.11,0
2023-09-01T15:22:36.208000,2.449901,54.224797,-0.182,0
2023-09-01T15:22:37.151000,2.440095,54.167837,-0.212,0
2023-09-01T15:22:38.095000,2.430306,54.110876,-0.249,0
2023-09-01T15:22:39.038000,2.420532,54.053913,-0.308,0
2023-09-01T15:22:39.982000,2.410775,53.99695,-0.391,0
2023-09-01T15:22:40.925000,2.401033,53.939986,-0.433,0
2023-09-01T15:22:41.869000,2.391307,53.883021,-0.474,0
2023-09-01T15:22:42.812000,2.381597,53.826055,-0.53,0
2023-09-01T15:22:43.755000,2.371902,53.769088,-0.598,0
2023-09-01T15:22:44.699000,2.362223,53.712121,-0.662,0
2023-09-01T15:22:45.642000,2.352559,53.655152,-0.713,0
2023-09-01T15:22:46.586000,2.342911,53.598183,-0.727,0
2023-09-01T15:22:47.529000,2.333278,53.541212,-0.801,0
2023-09-01T15:22:48.473000,2.32366,53.484241,-0.822,0
2023-09-01T15:22:49.416000,2.314058,53.427269,-0.861,0
2023-09-01T15:22:50.359000,2.304471,53.370296,-0.906,0
2023-09-01T15:22:51.303000,2.294898,53.313322,-0.944,0
2023-09-01T15:22:52.246000,2.285341,53.256347,-0.998,0
2023-09-01T15:22:53.190000,2.275798,53.199371,-1.001,0
2023-09-01T15:22:54.133000,2.26627,53.142394,-1.044,0
2023-09-01T15:22:55.077000,2.256757,53.085417,-0.961,0
2023-09-01T15:22:56.020000,2.247259,53.028438,-0.934,0
2023-09-01T15:22:56.964000,2.237775,52.971459,-0.93,0
2023-09-01T15:22:57.907000,2.228306,52.914479,-0.946,0
2023-09-01T15:22:58.850000,2.218851,52.857498,-0.945,0
2023-09-01T15:22:59.794000,2.209411,52.800516,-0.876,0
2023-09-01T15:23:00.737000,2.199985,52.743533,-0.895,0
2023-09-01T15:23:01.681000,2.190573,52.686549,-0.819,0
2023-09-01T15:23:02.624000,2.181176,52.629565,-0.784,0
2023-09-01T15:23:03.568000,2.171793,52.572579,-0.693,0
2023-09-01T15:23:04.511000,2.162423,52.515593,-0.599,0
2023-09-01T15:23:05.454000,2.153068,52.458606,-0.513,0
2023-09-01T15:23:06.398000,2.143727,52.401617,-0.473,0
2023-09-01T15:23:07.341000,2.134399,52.344628,-0.4,0
2023-09-01T15:23:08.285000,2.125085,52.287639,-0.341,0
2023-09-01T15:23:09.228000,2.115785,52.230648,-0.267,0
2023-09-01T15:23:10.172000,2.106499,52.173656,-0.194,0
2023-09-01T15:23:11.115000,2.097227,52.116664,-0.113,0
2023-09-01T15:23:12.059000,2.087968,52.05967,-0.052,0
2023-09-01T15:23:13.002000,2.078722,52.002676,0.022,0
2023-09-01T15:23:13.945000,2.06949,51.945681,0.114,0
2023-09-01T15:23:14.889000,2.060271,51.888685,0.192,0
2023-09-01T15:23:15.832000,2.051066,51.831688,0.287,0
2023-09-01T15:23:16.776000,2.041874,51.77469,0.315,0
2023-09-01T15:23:18.663000,2.023529,51.660692,0.458,0
2023-09-01T15:23:19.606000,2.014376,51.603692,0.53,0
2023-09-01T15:23:20.549000,2.005236,51.546691,0.585,0
2023-09-01T15:23:21.493000,1.996109,51.489689,0.638,0
2023-09-01T15:23:22.436000,1.986996,51.432686,0.699,0
2023-09-01T15:23:23.380000,1.977895,51.375682,0.726,0
2023-09-01T15:23:24.323000,1.968806,51.318677,0.782,0
2023-09-01T15:23:25.267000,1.959731,51.261672,0.794,0
2023-09-01T15:23:26.210000,1.950668,51.204666,0.856,0
2023-09-01T15:23:27.154000,1.941618,51.147658,0.868,0
2023-09-01T15:23:28.097000,1.93258,51.09065,0.846,1
2023-09-01T15:23:29.040000,1.923555,51.033641,0.88,1
2023-09-02T02:37:28.524000,7.8177,53.866466,0.38,1
2023-09-02T02:37:29.467000,7.807983,53.923385,0.345,0
2023-09-02T02:37:30.411000,7.79825,53.980303,0.413,0
2023-09-02T02:37:31.354000,7.788501,54.03722,0.503,0
2023-09-02T02:37:32.298000,7.778737,54.094137,0.497,1
2023-09-02T02:37:33.241000,7.768956,54.151052,0.502,1
2023-09-02T02:37:34.185000,7.75916,54.207967,0.532,1
2023-09-02T02:37:35.128000,7.749347,54.264881,0.553,1
2023-09-02T02:37:36.071000,7.739519,54.321794,0.58,0
2023-09-02T02:37:37.015000,7.729674,54.378706,0.599,0
2023-09-02T02:37:37.958000,7.719812,54.435618,0.649,0
2023-09-02T02:37:38.902000,7.709934,54.492528,0.657,0
2023-09-02T02:37:39.845000,7.70004,54.549438,0.677,0
2023-09-02T02:37:40.789000,7.690129,54.606347,0.678,0
2023-09-02T02:37:41.732000,7.680202,54.663255,0.649,0
2023-09-02T02:37:42.676000,7.670257,54.720163,0.675,0
2023-09-02T02:37:43.619000,7.660296,54.777069,0.682,0
2023-09-02T02:37:44.562000,7.650318,54.833974,0.69,0
2023-09-02T02:37:45.506000,7.640323,54.890879,0.688,0
2023-09-02T02:37:46.449000,7.630311,54.947783,0.702,0
2023-09-02T02:37:47.393000,7.620282,55.004686,0.703,0
2023-09-02T02:37:48.336000,7.610235,55.061588,0.707,0
2023-09-02T02:37:49.280000,7.600171,55.118489,0.711,0
2023-09-02T02:37:50.223000,7.59009,55.17539,0.711,0
2023-09-02T02:37:51.166000,7.579991,55.232289,0.695,0
2023-09-02T02:37:52.110000,7.569875,55.289188,0.695,0
2023-09-02T02:37:53.053000,7.559741,55.346086,0.719,0
2023-09-02T02:37:53.997000,7.549589,55.402983,0.697,0
2023-09-02T02:37:54.940000,7.539419,55.459879,0.713,0
2023-09-02T02:37:55.884000,7.529232,55.516774,0.684,0
2023-09-02T02:37:56.827000,7.519026,55.573668,0.645,0
2023-09-02T02:37:57.771000,7.508802,55.630562,0.652,0
2023-09-02T02:37:58.714000,7.49856,55.687454,0.598,0
2023-09-02T02:37:59.657000,7.4883,55.744346,0.597,0
2023-09-02T02:38:00.601000,7.478021,55.801237,0.592,0
2023-09-02T02:38:01.544000,7.467724,55.858127,0.586,0
2023-09-02T02:38:02.488000,7.457409,55.915016,0.547,0
2023-09-02T02:38:03.431000,7.447074,55.971905,0.559,0
2023-09-03T15:20:13.670000,1.746302,55.966479,0.252,0
2023-09-03T15:20:14.613000,1.735963,55.909542,0.218,0
2023-09-03T15:20:15.557000,1.725641,55.852605,0.215,0
2023-09-03T15:20:16.500000,1.715339,55.795666,0.189,0
2023-09-03T15:20:17.444000,1.705055,55.738727,0.171,0
2023-09-03T15:20:18.387000,1.69479,55.681787,0.147,0
2023-09-03T15:20:19.330000,1.684542,55.624845,0.128,0
2023-09-03T15:20:20.274000,1.674314,55.567903,0.086,0
2023-09-03T15:20:21.217000,1.664103,55.51096,0.047,0
2023-09-03T15:20:22.161000,1.65391,55.454016,0.014,0
2023-09-03T15:20:23.104000,1.643735,55.397071,-0.016,0
2023-09-03T15:20:24.048000,1.633578,55.340125,-0.036,0
2023-09-03T15:20:24.991000,1.623439,55.283178,-0.076,0
2023-09-03T15:20:25.935000,1.613317,55.22623,-0.14,0
2023-09-03T15:20:26.878000,1.603214,55.169282,-0.17,0
2023-09-03T15:20:27.821000,1.593127,55.112332,-0.219,0
2023-09-03T15:20:28.765000,1.583058,55.055382,-0.261,0
2023-09-03T15:20:29.708000,1.573007,54.99843,-0.33,0
2023-09-03T15:20:30.652000,1.562973,54.941478,-0.382,0
2023-09-03T15:20:31.595000,1.552955,54.884524,-0.432,0
2023-09-03T15:20:32.539000,1.542955,54.82757,-0.486,0
2023-09-03T15:20:33.482000,1.532972,54.770615,-0.554,0
2023-09-03T15:20:34.425000,1.523006,54.713659,-0.596,0
2023-09-03T15:20:35.369000,1.513057,54.656702,-0.654,0
2023-09-03T15:20:36.312000,1.503125,54.599744,-0.728,0
2023-09-03T15:20:37.256000,1.493209,54.542786,-0.779,0
2023-09-03T15:20:38.199000,1.48331,54.485826,-0.882,0
2023-09-03T15:20:39.143000,1.473427,54.428865,-0.938,0
2023-09-03T15:20:40.086000,1.463561,54.371904,-0.977,0
2023-09-03T15:20:41.030000,1.453711,54.314941,-1.067,0
2023-09-03T15:20:41.973000,1.443877,54.257978,-1.155,0
2023-09-03T15:20:42.916000,1.43406,54.201014,-1.238,0
2023-09-03T15:20:43.860000,1.424258,54.144048,-1.32,0
2023-09-03T15:20:44.803000,1.414473,54.087083,-1.385,0
2023-09-03T15:20:45.747000,1.404704,54.030116,-1.502,0
2023-09-03T15:20:46.690000,1.394951,53.973148,-1.564,0
2023-09-03T15:20:47.634000,1.385213,53.916179,-1.695,0
2023-09-03T15:20:48.577000,1.375491,53.859209,-1.755,0
2023-09-03T15:20:49.520000,1.365785,53.802239,-1.856,0
2023-09-03T15:20:50.464000,1.356094,53.745267,-1.945,0
2023-09-03T15:20:51.407000,1.346419,53.688295,-2.022,0
2023-09-03T15:20:52.351000,1.33676,53.631322,-2.128,0
2023-09-03T15:20:53.294000,1.327115,53.574347,-2.156,0
2023-09-03T15:20:54.238000,1.317486,53.517372,-2.163,0
2023-09-03T15:20:55.181000,1.307873,53.460396,-2.14,0
2023-09-03T15:20:56.125000,1.298274,53.40342,-2.185,0
2023-09-03T15:20:57.068000,1.28869,53.346442,-2.225,0
2023-09-03T15:20:58.011000,1.279122,53.289463,-2.296,0
2023-09-03T15:20:58.955000,1.269568,53.232484,-2.282,0
2023-09-03T15:20:59.898000,1.260029,53.175503,-2.284,0
2023-09-03T15:21:00.842000,1.250506,53.118522,-2.295,0
2023-09-03T15:21:01.785000,1.240996,53.06154,-2.293,1
2023-09-03T15:21:02.729000,1.231502,53.004557,-2.372,1
2023-09-03T15:21:24.428000,1.017018,51.693705,2.18,1
2023-09-03T15:21:27.258000,0.98957,51.52269,2.464,1
2023-09-03T15:21:28.201000,0.980446,51.465683,2.563,1
2023-09-03T15:21:38.579000,0.880924,50.838554,2.092,1
2023-09-03T15:21:39.523000,0.871952,50.781537,2.079,0
2023-09-03T15:21:40.466000,0.862991,50.724519,2.043,0
2023-09-03T15:21:41.410000,0.854043,50.667501,2.023,0
2023-09-03T15:21:42.353000,0.845106,50.610481,2.012,0
2023-09-03T15:21:43.296000,0.836182,50.553461,1.983,0
2023-09-03T15:21:44.240000,0.82727,50.49644,1.923,0
2023-09-03T15:21:45.183000,0.818369,50.439418,1.882,0
2023-09-03T15:21:46.127000,0.809481,50.382395,1.83,0
2023-09-03T15:21:47.070000,0.800604,50.325372,1.802,0
2023-09-03T15:21:48.014000,0.79174,50.268347,1.752,0
2023-09-03T15:21:48.957000,0.782886,50.211322,1.714,0
2023-09-03T15:21:49.900000,0.774045,50.154296,1.634,0
2023-09-03T15:21:50.844000,0.765215,50.097269,1.584,0
2023-09-03T15:21:51.787000,0.756397,50.040241,1.545,0
2023-09-03T15:21:52.731000,0.74759,49.983212,1.46,1
2023-09-03T15:21:53.674000,0.738795,49.926182,1.404,1
2023-09-04T02:35:32.402000,6.829793,53.715644,0.479,1
2023-09-04T02:35:33.346000,6.820116,53.772569,0.511,1
2023-09-04T02:35:34.289000,6.810422,53.829493,0.5,0
2023-09-04T02:35:35.232000,6.800714,53.886416,0.505,0
2023-09-04T02:35:36.176000,6.790989,53.943339,0.497,0
2023-09-04T02:35:37.119000,6.781249,54.00026,0.542,0
2023-09-04T02:35:38.063000,6.771493,54.057181,0.512,0
2023-09-04T02:35:39.006000,6.761721,54.114101,0.502,0
2023-09-04T02:35:39.950000,6.751933,54.17102,0.529,0
2023-09-04T02:35:40.893000,6.742129,54.227939,0.485,0
2023-09-04T02:35:41.837000,6.732309,54.284856,0.466,0
2023-09-04T02:35:42.780000,6.722473,54.341772,0.492,0
2023-09-04T02:35:43.723000,6.71262,54.398688,0.502,0
2023-09-04T02:35:44.667000,6.702751,54.455603,0.493,0
2023-09-04T02:35:45.610000,6.692865,54.512517,0.489,0
2023-09-04T02:35:46.554000,6.682963,54.56943,0.496,0
2023-09-04T02:35:47.497000,6.673045,54.626343,0.485,0
2023-09-04T02:35:48.441000,6.66311,54.683254,0.47,0
2023-09-04T02:35:49.384000,6.653157,54.740165,0.491,0
2023-09-04T02:35:50.327000,6.643188,54.797075,0.451,0
2023-09-04T02:35:51.271000,6.633202,54.853984,0.459,0
2023-09-04T02:35:52.214000,6.6232,54.910892,0.47,0
2023-09-04T02:35:53.158000,6.61318,54.967799,0.434,0
2023-09-04T02:35:54.101000,6.603142,55.024706,0.443,0
2023-09-04T02:35:55.045000,6.593088,55.081612,0.434,0
2023-09-04T02:35:55.988000,6.583016,55.138516,0.426,0
2023-09-04T02:35:56.932000,6.572926,55.19542,0.444,0
2023-09-04T02:35:57.875000,6.56282,55.252323,0.402,0
2023-09-04T02:35:58.818000,6.552695,55.309225,0.412,0
2023-09-04T02:35:59.762000,6.542553,55.366127,0.392,0
2023-09-04T02:36:00.705000,6.532393,55.423027,0.405,0
2023-09-04T02:36:01.649000,6.522215,55.479927,0.389,0
2023-09-04T02:36:02.592000,6.512019,55.536825,0.361,0
2023-09-04T02:36:03.536000,6.501805,55.593723,0.348,0
2023-09-04T02:36:04.479000,6.491573,55.65062,0.348,0
2023-09-04T02:36:05.422000,6.481322,55.707517,0.349,0
2023-09-04T02:36:06.366000,6.471054,55.764412,0.318,0
2023-09-04T02:36:07.309000,6.460766,55.821306,0.312,0
2023-09-04T02:36:08.253000,6.450461,55.8782,0.302,0
2023-09-04T02:36:09.196000,6.440136,55.935093,0.295,0
2023-09-05T15:18:20.378000,0.72848,55.93568,-0.234,0
2023-09-05T15:18:21.322000,0.71815,55.878739,-0.257,0
2023-09-05T15:18:22.265000,0.707838,55.821797,-0.278,0
2023-09-05T15:18:23.209000,0.697545,55.764854,-0.308,0
2023-09-05T15:18:24.152000,0.687271,55.70791,-0.33,0
2023-09-05T15:18:25.096000,0.677015,55.650965,-0.375,0
2023-09-05T15:18:26.039000,0.666777,55.594019,-0.429,0
2023-09-05T15:18:26.982000,0.656557,55.537072,-0.459,0
2023-09-05T15:18:27.926000,0.646355,55.480124,-0.5,0
2023-09-05T15:18:28.869000,0.636172,55.423176,-0.533,0
2023-09-05T15:18:29.813000,0.626006,55.366226,-0.587,0
2023-09-05T15:18:30.756000,0.615858,55.309276,-0.6,0
2023-09-05T15:18:31.700000,0.605728,55.252324,-0.622,0
2023-09-05T15:18:32.643000,0.595616,55.195372,-0.699,0
2023-09-05T15:18:33.586000,0.585521,55.138418,-0.718,0
2023-09-05T15:18:34.530000,0.575443,55.081464,-0.764,0
2023-09-05T15:18:35.473000,0.565383,55.024509,-0.781,0
2023-09-05T15:18:36.417000,0.555341,54.967553,-0.817,0
2023-09-05T15:18:37.360000,0.545315,54.910596,-0.872,0
2023-09-05T15:18:38.304000,0.535307,54.853638,-0.907,0
2023-09-05T15:18:39.247000,0.525315,54.796679,-0.95,0
2023-09-05T15:18:40.191000,0.515341,54.739719,-1.001,0
2023-09-05T15:18:41.134000,0.505383,54.682759,-1.059,0
2023-09-05T15:18:42.077000,0.495443,54.625797,-1.107,0
2023-09-05T15:18:43.021000,0.485519,54.568835,-1.159,0
2023-09-05T15:18:43.964000,0.475611,54.511871,-1.244,0
2023-09-05T15:18:44.908000,0.465721,54.454907,-1.262,0
2023-09-05T15:18:45.851000,0.455846,54.397942,-1.336,0
2023-09-05T15:18:46.795000,0.445988,54.340975,-1.399,0
2023-09-05T15:18:47.738000,0.436147,54.284008,-1.484,0
2023-09-05T15:18:48.681000,0.426322,54.227041,-1.553,0
2023-09-05T15:18:49.625000,0.416512,54.170072,-1.589,0
2023-09-05T15:18:50.568000,0.406719,54.113102,-1.652,0
2023-09-05T15:18:51.512000,0.396942,54.056131,-1.723,0
2023-09-05T15:18:52.455000,0.387181,53.99916,-1.806,0
2023-09-05T15:18:53.399000,0.377436,53.942187,-1.884,0
2023-09-05T15:18:54.342000,0.367706,53.885214,-1.948,0
2023-09-05T15:18:55.286000,0.357992,53.82824,-2.016,0
2023-09-05T15:18:56.229000,0.348294,53.771265,-2.059,0
2023-09-05T15:18:57.172000,0.338611,53.714289,-2.115,0
2023-09-05T15:18:58.116000,0.328944,53.657312,-2.171,1
2023-09-05T15:18:59.059000,0.319292,53.600334,-2.181,1
2023-09-05T15:19:00.003000,0.309656,53.543355,-2.208,1
2023-09-05T15:19:00.946000,0.300035,53.486376,-2.197,1
2023-09-05T15:19:46.231000,-0.145166,50.750326,2.722,1
2023-09-05T15:19:47.175000,-0.15412,50.693304,2.664,1
2023-09-05T15:19:48.118000,-0.163062,50.636281,2.608,0
2023-09-05T15:19:49.061000,-0.171993,50.579258,2.551,0
2023-09-05T15:19:50.005000,-0.180911,50.522233,2.496,0
2023-09-05T15:19:50.948000,-0.189817,50.465208,2.478,0
2023-09-05T15:19:51.892000,-0.198711,50.408181,2.42,0
2023-09-05T15:19:52.835000,-0.207594,50.351154,2.374,0
2023-09-05T15:19:53.779000,-0.216464,50.294126,2.283,0
2023-09-05T15:19:54.722000,-0.225323,50.237097,2.241,0
2023-09-05T15:19:55.665000,-0.23417,50.180068,2.207,0
2023-09-05T15:19:56.609000,-0.243006,50.123037,2.169,0
2023-09-05T15:19:57.552000,-0.25183,50.066006,2.134,0
2023-09-05T15:19:58.496000,-0.260642,50.008973,2.083,0
2023-09-05T15:19:59.439000,-0.269443,49.95194,2.058,0
2023-09-05T15:20:00.383000,-0.278232,49.894907,2.026,0
2023-09-05T15:20:01.326000,-0.28701,49.837872,1.993,0
2023-09-05T15:20:02.270000,-0.295777,49.780836,1.959,0
2023-09-05T15:20:03.213000,-0.304532,49.7238,2.003,0
2023-09-06T02:33:35.337000,5.851466,53.514482,0.306,1
2023-09-06T02:33:36.280000,5.841843,53.571414,0.324,1
2023-09-06T02:33:37.224000,5.832204,53.628345,0.275,0
2023-09-06T02:33:38.167000,5.82255,53.685275,0.353,0
2023-09-06T02:33:39.111000,5.81288,53.742205,0.414,0
2023-09-06T02:33:40.054000,5.803196,53.799133,0.342,0
2023-09-06T02:33:40.998000,5.793495,53.856061,0.38,0
2023-09-06T02:33:41.941000,5.783779,53.912988,0.375,0
2023-09-06T02:33:42.884000,5.774047,53.969915,0.359,0
2023-09-06T02:33:43.828000,5.764299,54.02684,0.335,0
2023-09-06T02:33:44.771000,5.754536,54.083765,0.319,0
2023-09-06T02:33:45.715000,5.744756,54.140688,0.307,0
2023-09-06T02:33:46.658000,5.734961,54.197611,0.283,0
2023-09-06T02:33:47.602000,5.725149,54.254533,0.309,0
2023-09-06T02:33:48.545000,5.715321,54.311454,0.293,0
2023-09-06T02:33:49.488000,5.705477,54.368375,0.296,0
2023-09-06T02:33:50.432000,5.695617,54.425294,0.29,0
2023-09-06T02:33:51.375000,5.68574,54.482213,0.279,0
2023-09-06T02:33:52.319000,5.675847,54.539131,0.258,0
2023-09-06T02:33:53.262000,5.665937,54.596048,0.232,0
2023-09-06T02:33:54.206000,5.65601,54.652964,0.237,0
2023-09-06T02:33:55.149000,5.646067,54.70988,0.235,0
2023-09-06T02:33:56.092000,5.636107,54.766794,0.226,0
2023-09-06T02:33:57.036000,5.62613,54.823708,0.201,0
2023-09-06T02:33:57.979000,5.616136,54.880621,0.204,0
2023-09-06T02:33:58.923000,5.606125,54.937533,0.183,0
2023-09-06T02:33:59.866000,5.596097,54.994444,0.17,0
2023-09-06T02:34:00.810000,5.586051,55.051354,0.136,0
2023-09-06T02:34:01.753000,5.575988,55.108264,0.114,0
2023-09-06T02:34:02.697000,5.565908,55.165172,0.115,0
2023-09-06T02:34:03.640000,5.555811,55.22208,0.096,0
2023-09-06T02:34:04.583000,5.545695,55.278987,0.113,0
2023-09-06T02:34:05.527000,5.535562,55.335893,0.101,0
2023-09-06T02:34:06.470000,5.525412,55.392798,0.101,0
2023-09-06T02:34:07.414000,5.515243,55.449703,0.094,0
2023-09-06T02:34:08.357000,5.505057,55.506606,0.095,0
2023-09-06T02:34:09.301000,5.494852,55.563509,0.092,0
2023-09-06T02:34:10.244000,5.48463,55.62041,0.084,0
2023-09-06T02:34:11.187000,5.474389,55.677311,0.079,0
2023-09-06T02:34:12.131000,5.46413,55.734211,0.087,0
2023-09-06T02:34:13.074000,5.453852,55.79111,0.074,0
2023-09-06T02:34:14.018000,5.443556,55.848009,0.053,0
2023-09-06T02:34:14.961000,5.433241,55.904906,0.057,0
2023-09-06T02:34:15.905000,5.422908,55.961803,0.078,0
2023-09-07T15:16:26.143000,-0.280457,55.955127,-0.454,0
2023-09-07T15:16:27.087000,-0.290793,55.898182,-0.461,0
2023-09-07T15:16:28.030000,-0.301111,55.841237,-0.493,0
2023-09-07T15:16:28.974000,-0.31141,55.78429,-0.522,0
2023-09-07T15:16:29.917000,-0.32169,55.727342,-0.553,0
2023-09-07T15:16:30.861000,-0.331952,55.670394,-0.574,0
2023-09-07T15:16:31.804000,-0.342196,55.613444,-0.594,0
2023-09-07T15:16:32.747000,-0.352422,55.556494,-0.608,0
2023-09-07T15:16:33.691000,-0.362629,55.499543,-0.64,0
2023-09-07T15:16:34.634000,-0.372818,55.44259,-0.678,0
2023-09-07T15:16:35.578000,-0.38299,55.385637,-0.712,0
2023-09-07T15:16:36.521000,-0.393143,55.328683,-0.72,0
2023-09-07T15:16:37.465000,-0.403279,55.271728,-0.745,0
2023-09-07T15:16:38.408000,-0.413397,55.214772,-0.755,0
2023-09-07T15:16:39.352000,-0.423498,55.157815,-0.772,0
2023-09-07T15:16:40.295000,-0.433581,55.100857,-0.792,0
2023-09-07T15:16:41.238000,-0.443646,55.043899,-0.821,0
2023-09-07T15:16:42.182000,-0.453695,54.986939,-0.854,0
2023-09-07T15:16:43.125000,-0.463726,54.929978,-0.825,0
2023-09-07T15:16:44.069000,-0.473739,54.873017,-0.882,0
2023-09-07T15:16:45.012000,-0.483736,54.816055,-0.862,0
2023-09-07T15:16:45.956000,-0.493716,54.759091,-0.899,0
2023-09-07T15:16:46.899000,-0.503679,54.702127,-0.919,0
2023-09-07T15:16:47.842000,-0.513625,54.645162,-0.967,0
2023-09-07T15:16:48.786000,-0.523554,54.588196,-1.013,1
2023-09-07T15:17:55.770000,-1.190298,50.541353,0.977,1
2023-09-07T15:17:56.713000,-1.199208,50.484324,0.938,1
2023-09-07T15:17:57.657000,-1.208106,50.427294,0.933,0
2023-09-07T15:17:58.600000,-1.216992,50.370264,0.896,0
2023-09-07T15:17:59.544000,-1.225866,50.313232,0.923,0
2023-09-07T15:18:00.487000,-1.234729,50.2562,0.905,0
2023-09-07T15:18:01.431000,-1.24358,50.199167,0.886,0
2023-09-07T15:18:02.374000,-1.252419,50.142134,0.895,0
2023-09-07T15:18:03.317000,-1.261246,50.085099,0.9,0
2023-09-07T15:18:04.261000,-1.270062,50.028064,0.884,0
2023-09-07T15:18:05.204000,-1.278866,49.971027,0.892,0
2023-09-07T15:18:06.148000,-1.287659,49.91399,0.909,0
2023-09-07T15:18:07.091000,-1.296441,49.856952,0.883,0
2023-09-07T15:18:08.035000,-1.305211,49.799913,0.948,1
2023-09-08T02:31:32.611000,4.929349,52.978549,0.176,1
2023-09-08T02:31:38.272000,4.872232,53.320202,0.261,1
2023-09-08T02:31:39.215000,4.86266,53.377141,0.293,1
2023-09-08T02:31:40.158000,4.853074,53.43408,0.284,0
2023-09-08T02:31:41.102000,4.843472,53.491018,0.326,0
2023-09-08T02:31:42.045000,4.833855,53.547954,0.374,0
2023-09-08T02:31:42.989000,4.824223,53.60489,0.353,0
2023-09-08T02:31:43.932000,4.814576,53.661826,0.338,0
2023-09-08T02:31:44.876000,4.804913,53.71876,0.34,0
2023-09-08T02:31:45.819000,4.795235,53.775694,0.357,0
2023-09-08T02:31:46.763000,4.785541,53.832626,0.369,0
2023-09-08T02:31:47.706000,4.775832,53.889558,0.371,0
2023-09-08T02:31:48.649000,4.766107,53.946489,0.354,0
2023-09-08T02:31:49.593000,4.756366,54.00342,0.351,0
2023-09-08T02:31:50.536000,4.746609,54.060349,0.326,0
2023-09-08T02:31:51.480000,4.736837,54.117278,0.31,0
2023-09-08T02:31:52.423000,4.727048,54.174206,0.315,0
2023-09-08T02:31:53.367000,4.717244,54.231133,0.333,0
2023-09-08T02:31:54.310000,4.707423,54.288059,0.317,0
2023-09-08T02:31:55.253000,4.697586,54.344984,0.31,0
2023-09-08T02:31:56.197000,4.687733,54.401909,0.323,0
2023-09-08T02:31:57.140000,4.677863,54.458832,0.308,0
2023-09-08T02:31:58.084000,4.667977,54.515755,0.291,0
2023-09-08T02:31:59.027000,4.658074,54.572677,0.287,0
2023-09-08T02:31:59.971000,4.648155,54.629598,0.271,0
2023-09-08T02:32:00.914000,4.638219,54.686518,0.255,0
2023-09-08T02:32:01.858000,4.628266,54.743438,0.214,0
2023-09-08T02:32:02.801000,4.618296,54.800357,0.215,0
2023-09-08T02:32:03.744000,4.60831,54.857274,0.188,0
2023-09-08T02:32:04.688000,4.598306,54.914191,0.171,0
2023-09-08T02:32:05.631000,4.588285,54.971107,0.16,0
2023-09-08T02:32:06.575000,4.578247,55.028023,0.16,0
2023-09-08T02:32:07.518000,4.568192,55.084937,0.165,0
2023-09-08T02:32:08.462000,4.55812,55.14185,0.131,0
2023-09-08T02:32:09.405000,4.548029,55.198763,0.122,0
2023-09-08T02:32:10.348000,4.537922,55.255675,0.102,0
2023-09-08T02:32:11.292000,4.527797,55.312586,0.091,0
2023-09-08T02:32:12.235000,4.517653,55.369496,0.081,0
2023-09-08T02:32:13.179000,4.507493,55.426405,0.072,0
2023-09-08T02:32:14.122000,4.497314,55.483314,0.066,0
2023-09-08T02:32:15.066000,4.487117,55.540221,0.081,0
2023-09-08T02:32:16.009000,4.476902,55.597128,0.064,0
2023-09-08T02:32:16.953000,4.46667,55.654034,0.07,0
2023-09-08T02:32:17.896000,4.456418,55.710939,0.024,0
2023-09-08T02:32:18.839000,4.446149,55.767843,0.035,0
2023-09-08T02:32:19.783000,4.435861,55.824746,0.012,0
2023-09-08T02:32:20.726000,4.425554,55.881649,0.035,0
2023-09-08T02:32:21.670000,4.415229,55.93855,0.02,0
2023-09-09T15:14:31.908000,-1.290216,55.966788,-0.103,0
2023-09-09T15:14:32.852000,-1.300556,55.90984,-0.089,0
2023-09-09T15:14:33.795000,-1.310877,55.852891,-0.094,0
2023-09-09T15:14:34.739000,-1.32118,55.795941,-0.119,0
2023-09-09T15:14:39.456000,-1.372419,55.511177,-0.06,1
2023-09-09T15:14:41.343000,-1.392787,55.397265,-0.147,1
2023-09-09T15:14:43.230000,-1.413084,55.28335,0.048,1
2023-09-09T15:14:44.173000,-1.423205,55.226391,-0.026,1
2023-09-09T15:16:01.535000,-2.200352,50.552717,0.369,1
2023-09-09T15:16:02.478000,-2.209265,50.495686,0.363,1
2023-09-09T15:16:03.422000,-2.218165,50.438653,0.433,0
2023-09-09T15:16:04.365000,-2.227053,50.38162,0.475,0
2023-09-09T15:16:05.309000,-2.23593,50.324586,0.529,0
2023-09-09T15:16:07.196000,-2.253648,50.210515,0.561,0
2023-09-09T15:16:08.139000,-2.262489,50.153478,0.6,0
2023-09-09T15:16:09.082000,-2.271319,50.09644,0.671,0
2023-09-09T15:16:10.026000,-2.280137,50.039402,0.71,0
2023-09-09T15:16:10.969000,-2.288944,49.982363,0.76,0
2023-09-09T15:16:11.913000,-2.297739,49.925323,0.824,0
2023-09-09T15:16:12.856000,-2.306523,49.868282,0.824,0
2023-09-09T15:16:13.800000,-2.315295,49.81124,0.878,1
2023-09-09T15:16:14.743000,-2.324057,49.754198,0.936,1
2023-09-10T02:29:23.281000,4.069758,52.051872,0.187,1
2023-09-10T02:29:24.224000,4.060504,52.108834,0.217,1
2023-09-10T02:29:25.168000,4.051235,52.165795,0.239,0
2023-09-10T02:29:26.111000,4.041953,52.222756,0.25,0
2023-09-10T02:29:27.055000,4.032658,52.279715,0.296,0
2023-09-10T02:29:28.942000,4.014025,52.393632,0.347,0
2023-09-10T02:29:29.885000,4.004688,52.450589,0.349,0
2023-09-10T02:29:30.829000,3.995337,52.507546,0.411,0
2023-09-10T02:29:31.772000,3.985972,52.564501,0.44,0
2023-09-10T02:29:33.659000,3.9672,52.67841,0.525,0
2023-09-10T02:29:34.602000,3.957793,52.735363,0.603,0
2023-09-10T02:29:35.546000,3.948371,52.792316,0.585,0
2023-09-10T02:29:36.489000,3.938935,52.849267,0.595,0
2023-09-10T02:29:37.433000,3.929485,52.906218,0.64,0
2023-09-10T02:29:38.376000,3.92002,52.963168,0.676,0
2023-09-10T02:29:39.319000,3.910541,53.020117,0.694,0
2023-09-10T02:29:40.263000,3.901047,53.077065,0.676,0
2023-09-10T02:29:41.206000,3.891539,53.134013,0.704,0
2023-09-10T02:29:43.093000,3.872478,53.247906,0.724,0
2023-09-10T02:29:44.037000,3.862925,53.304851,0.789,0
2023-09-10T02:29:44.980000,3.853357,53.361795,0.809,0
2023-09-10T02:29:45.924000,3.843774,53.418739,0.804,0
2023-09-10T02:29:48.754000,3.814935,53.589564,0.845,0
2023-09-10T02:29:49.697000,3.805291,53.646504,0.796,0
2023-09-10T02:29:50.641000,3.795632,53.703444,0.778,0
2023-09-10T02:29:52.528000,3.776268,53.81732,0.859,0
2023-09-10T02:29:53.471000,3.766562,53.874257,0.821,0
2023-09-10T02:29:54.414000,3.756841,53.931193,0.808,0
2023-09-10T02:29:55.358000,3.747104,53.988128,0.77,0
2023-09-10T02:29:56.301000,3.737351,54.045063,0.807,0
2023-09-10T02:29:57.245000,3.727583,54.101996,0.74,0
2023-09-10T02:29:58.188000,3.717798,54.158929,0.762,0
2023-09-10T02:29:59.132000,3.707997,54.215861,0.765,0
2023-09-10T02:30:00.075000,3.698181,54.272792,0.753,0
2023-09-10T02:30:01.019000,3.688348,54.329722,0.693,0
2023-09-10T02:30:01.962000,3.678498,54.386652,0.698,0
2023-09-10T02:30:02.905000,3.668633,54.443581,0.683,0
2023-09-10T02:30:03.849000,3.658751,54.500508,0.671,0
2023-09-10T02:30:04.792000,3.648852,54.557435,0.652,0
2023-09-10T02:30:05.736000,3.638937,54.614361,0.635,0
2023-09-10T02:30:06.679000,3.629005,54.671287,0.621,0
2023-09-10T02:30:07.623000,3.619056,54.728211,0.632,0
2023-09-10T02:30:08.566000,3.60909,54.785135,0.645,0
2023-09-10T02:30:09.509000,3.599108,54.842058,0.578,0
2023-09-10T02:30:10.453000,3.589109,54.898979,0.563,0
2023-09-10T02:30:13.283000,3.559007,55.06974,0.546,0
2023-09-10T02:30:14.227000,3.548939,55.126659,0.52,0
2023-09-10T02:30:15.170000,3.538853,55.183577,0.49,0
2023-09-10T02:30:16.114000,3.528749,55.240493,0.527,0
2023-09-10T02:30:17.057000,3.518628,55.297409,0.507,0
2023-09-10T02:30:18.000000,3.50849,55.354324,0.498,0
2023-09-10T02:30:18.944000,3.498333,55.411239,0.511,0
2023-09-10T02:30:20.831000,3.477967,55.525065,0.48,0
2023-09-10T02:30:21.774000,3.467756,55.581977,0.444,0
2023-09-10T02:30:22.718000,3.457528,55.638887,0.471,0
2023-09-10T02:30:23.661000,3.447281,55.695798,0.475,0
2023-09-10T02:30:24.604000,3.437016,55.752707,0.475,0
2023-09-10T02:30:25.548000,3.426732,55.809615,0.438,0
2023-09-10T02:30:26.491000,3.41643,55.866522,0.432,0
2023-09-10T02:30:27.435000,3.406109,55.923429,0.393,0
2023-09-10T02:30:28.378000,3.39577,55.980335,0.387,0
2023-09-12T02:27:18.668000,3.159934,51.419165,0.464,1
2023-09-12T02:27:19.612000,3.150824,51.47614,0.417,1
2023-09-12T02:27:20.555000,3.141701,51.533115,0.435,0
2023-09-12T02:27:21.499000,3.132566,51.590089,0.427,0
2023-09-12T02:27:22.442000,3.123417,51.647062,0.458,0
2023-09-12T02:27:23.385000,3.114255,51.704035,0.435,0
2023-09-12T02:27:24.329000,3.10508,51.761007,0.452,0
2023-09-12T02:27:25.272000,3.095892,51.817977,0.453,0
2023-09-12T02:27:26.216000,3.086691,51.874947,0.455,0
2023-09-12T02:27:27.159000,3.077476,51.931917,0.427,0
2023-09-12T02:27:28.103000,3.068248,51.988885,0.479,0
2023-09-12T02:27:29.046000,3.059007,52.045853,0.49,0
2023-09-12T02:27:29.990000,3.049752,52.10282,0.481,0
2023-09-12T02:27:30.933000,3.040483,52.159786,0.465,0
2023-09-12T02:27:31.876000,3.031201,52.216751,0.491,0
2023-09-12T02:27:32.820000,3.021905,52.273715,0.492,0
2023-09-12T02:27:33.763000,3.012596,52.330679,0.493,0
2023-09-12T02:27:34.707000,3.003273,52.387642,0.496,0
2023-09-12T02:27:35.650000,2.993936,52.444604,0.492,0
2023-09-12T02:27:36.594000,2.984584,52.501565,0.504,0
2023-09-12T02:27:37.537000,2.975219,52.558526,0.501,0
2023-09-12T02:27:38.480000,2.96584,52.615486,0.515,0
2023-09-12T02:27:39.424000,2.956447,52.672444,0.537,0
2023-09-12T02:27:40.367000,2.94704,52.729403,0.5,0
2023-09-12T02:27:41.311000,2.937618,52.78636,0.522,0
2023-09-12T02:27:42.254000,2.928182,52.843316,0.574,0
2023-09-12T02:27:43.198000,2.918732,52.900272,0.583,0
2023-09-12T02:27:44.141000,2.909267,52.957227,0.602,0
2023-09-12T02:27:45.085000,2.899787,53.014181,0.606,0
2023-09-12T02:27:46.028000,2.890293,53.071134,0.627,0
2023-09-12T02:27:46.971000,2.880785,53.128087,0.652,0
2023-09-12T02:27:47.915000,2.871261,53.185038,0.642,0
2023-09-12T02:27:48.858000,2.861723,53.241989,0.677,0
2023-09-12T02:27:49.802000,2.85217,53.298939,0.698,0
2023-09-12T02:27:50.745000,2.842602,53.355888,0.723,0
2023-09-12T02:27:51.689000,2.833019,53.412837,0.755,0
2023-09-12T02:27:52.632000,2.823421,53.469784,0.762,0
2023-09-12T02:27:53.575000,2.813808,53.526731,0.758,0
2023-09-12T02:27:54.519000,2.80418,53.583677,0.774,0
2023-09-12T02:27:55.462000,2.794536,53.640622,0.762,0
2023-09-12T02:27:56.406000,2.784877,53.697566,0.785,0
2023-09-12T02:27:57.349000,2.775203,53.75451,0.81,0
2023-09-12T02:27:58.293000,2.765513,53.811452,0.807,0
2023-09-12T02:27:59.236000,2.755807,53.868394,0.824,0
2023-09-12T02:28:00.180000,2.746086,53.925335,0.842,0
2023-09-12T02:28:01.123000,2.736349,53.982276,0.812,0
2023-09-12T02:28:02.066000,2.726596,54.039215,0.817,0
2023-09-12T02:28:03.010000,2.716827,54.096153,0.802,0
2023-09-12T02:28:03.953000,2.707042,54.153091,0.786,0
2023-09-12T02:28:04.897000,2.697242,54.210028,0.809,0
2023-09-12T02:28:05.840000,2.687425,54.266964,0.802,0
2023-09-12T02:28:06.784000,2.677592,54.323899,0.791,0
2023-09-12T02:28:07.727000,2.667742,54.380834,0.78,0
2023-09-12T02:28:08.670000,2.657877,54.437767,0.777,0
2023-09-12T02:28:09.614000,2.647994,54.4947,0.786,0
2023-09-12T02:28:10.557000,2.638096,54.551632,0.798,0
2023-09-12T02:28:11.501000,2.62818,54.608563,0.801,0
2023-09-12T02:28:12.444000,2.618248,54.665493,0.805,0
2023-09-12T02:28:13.388000,2.6083,54.722423,0.787,0
2023-09-12T02:28:14.331000,2.598334,54.779351,0.784,0
2023-09-12T02:28:15.274000,2.588351,54.836279,0.787,0
2023-09-12T02:28:16.218000,2.578352,54.893206,0.794,0
2023-09-12T02:28:17.161000,2.568335,54.950132,0.802,0
2023-09-12T02:28:18.105000,2.558301,55.007057,0.804,0
2023-09-12T02:28:19.048000,2.54825,55.063981,0.823,0
2023-09-12T02:28:19.992000,2.538182,55.120905,0.797,0
2023-09-12T02:28:20.935000,2.528096,55.177827,0.823,0
2023-09-12T02:28:21.879000,2.517993,55.234749,0.787,0
2023-09-12T02:28:22.822000,2.507872,55.29167,0.758,0
2023-09-12T02:28:23.765000,2.497733,55.34859,0.78,0
2023-09-12T02:28:24.709000,2.487576,55.40551,0.745,0
2023-09-12T02:28:25.652000,2.477402,55.462428,0.758,0
2023-09-12T02:28:26.596000,2.46721,55.519346,0.745,0
2023-09-12T02:28:27.539000,2.456999,55.576262,0.745,0
2023-09-12T02:28:28.483000,2.446771,55.633178,0.732,0
2023-09-12T02:28:29.426000,2.436524,55.690093,0.723,0
2023-09-12T02:28:30.369000,2.426259,55.747007,0.713,0
2023-09-12T02:28:31.313000,2.415975,55.80392,0.72,0
2023-09-12T02:28:32.256000,2.405673,55.860833,0.69,0
2023-09-12T02:28:33.200000,2.395352,55.917744,0.671,0
2023-09-12T02:28:34.143000,2.385013,55.974655,0.669,0
2023-09-14T02:25:19.716000,2.19322,51.140982,0.506,1
2023-09-14T02:25:20.660000,2.18417,51.197966,0.5,0
2023-09-14T02:25:21.603000,2.175107,51.254949,0.478,0
2023-09-14T02:25:22.546000,2.166031,51.311932,0.441,0
2023-09-14T02:25:23.490000,2.156943,51.368914,0.436,0
2023-09-14T02:25:25.377000,2.138727,51.482875,0.378,0
2023-09-14T02:25:26.320000,2.129601,51.539855,0.376,0
2023-09-14T02:25:27.264000,2.120461,51.596834,0.31,0
2023-09-14T02:25:28.207000,2.111308,51.653812,0.285,0
2023-09-14T02:25:29.151000,2.102142,51.710789,0.235,0
2023-09-14T02:25:30.094000,2.092963,51.767765,0.223,0
2023-09-14T02:25:31.037000,2.083771,51.824741,0.169,0
2023-09-14T02:25:31.981000,2.074565,51.881716,0.126,0
2023-09-14T02:25:32.924000,2.065346,51.93869,0.028,0
2023-09-14T02:25:33.868000,2.056114,51.995663,-0.039,0
2023-09-14T02:25:34.811000,2.046868,52.052635,-0.047,0
2023-09-14T02:25:35.755000,2.037609,52.109607,-0.107,0
2023-09-14T02:25:36.698000,2.028337,52.166578,-0.144,0
2023-09-14T02:25:37.641000,2.01905,52.223548,-0.195,0
2023-09-14T02:25:38.585000,2.00975,52.280517,-0.259,0
2023-09-14T02:25:39.528000,2.000436,52.337485,-0.272,0
2023-09-14T02:25:40.472000,1.991109,52.394453,-0.339,0
2023-09-14T02:25:41.415000,1.981767,52.45142,-0.371,1
2023-09-14T02:25:42.359000,1.972412,52.508386,-0.413,1
2023-09-14T02:25:43.302000,1.963043,52.565351,-0.509,0
2023-09-14T02:25:44.245000,1.953659,52.622316,-0.587,1
2023-09-14T02:25:45.189000,1.944261,52.679279,-0.591,1
2023-09-14T02:25:46.132000,1.93485,52.736242,-0.591,0
2023-09-14T02:25:47.076000,1.925424,52.793204,-0.593,0
2023-09-14T02:25:48.019000,1.915983,52.850166,-0.592,0
2023-09-14T02:25:48.963000,1.906528,52.907126,-0.584,0
2023-09-14T02:25:49.906000,1.897059,52.964086,-0.551,0
2023-09-14T02:25:50.850000,1.887575,53.021044,-0.513,0
2023-09-14T02:25:51.793000,1.878077,53.078002,-0.46,0
2023-09-14T02:25:52.736000,1.868564,53.13496,-0.445,0
2023-09-14T02:25:53.680000,1.859036,53.191916,-0.4,0
2023-09-14T02:25:54.623000,1.849493,53.248872,-0.342,0
2023-09-14T02:25:55.567000,1.839935,53.305826,-0.289,0
2023-09-14T02:25:56.510000,1.830363,53.36278,-0.228,0
2023-09-14T02:25:57.454000,1.820775,53.419733,-0.189,0
2023-09-14T02:25:58.397000,1.811173,53.476686,-0.098,0
2023-09-14T02:25:59.340000,1.801555,53.533637,-0.077,0
2023-09-14T02:26:00.284000,1.791922,53.590588,-0.01,0
2023-09-14T02:26:01.227000,1.782274,53.647538,0.054,0
2023-09-14T02:26:02.171000,1.77261,53.704487,0.098,0
2023-09-14T02:26:03.114000,1.762931,53.761435,0.171,0
2023-09-14T02:26:04.058000,1.753236,53.818383,0.243,0
2023-09-14T02:26:05.001000,1.743525,53.875329,0.297,0
2023-09-14T02:26:05.945000,1.733799,53.932275,0.339,0
2023-09-14T02:26:06.888000,1.724058,53.98922,0.384,0
2023-09-14T02:26:07.831000,1.7143,54.046164,0.429,0
2023-09-14T02:26:08.775000,1.704526,54.103107,0.472,0
2023-09-14T02:26:09.718000,1.694737,54.16005,0.513,0
2023-09-14T02:26:10.662000,1.684931,54.216991,0.526,0
2023-09-14T02:26:11.605000,1.67511,54.273932,0.533,0
2023-09-14T02:26:12.549000,1.665272,54.330872,0.583,0
2023-09-14T02:26:13.492000,1.655417,54.387811,0.594,0
2023-09-14T02:26:14.435000,1.645547,54.44475,0.633,0
2023-09-14T02:26:15.379000,1.635659,54.501687,0.654,0
2023-09-14T02:26:16.322000,1.625756,54.558624,0.689,0
2023-09-14T02:26:17.266000,1.615835,54.61556,0.685,0
2023-09-14T02:26:18.209000,1.605898,54.672495,0.712,0
2023-09-14T02:26:19.153000,1.595945,54.729429,0.715,0
2023-09-14T02:26:20.096000,1.585974,54.786362,0.722,0
2023-09-14T02:26:21.040000,1.575986,54.843295,0.741,0
2023-09-14T02:26:21.983000,1.565982,54.900226,0.718,0
2023-09-14T02:26:22.926000,1.55596,54.957157,0.751,0
2023-09-14T02:26:23.870000,1.545921,55.014087,0.765,0
2023-09-14T02:26:24.813000,1.535865,55.071016,0.742,0
2023-09-14T02:26:25.757000,1.525791,55.127944,0.773,0
2023-09-14T02:26:26.700000,1.5157,55.184872,0.776,0
2023-09-14T02:26:27.644000,1.505591,55.241798,0.772,0
2023-09-14T02:26:28.587000,1.495465,55.298724,0.79,0
2023-09-14T02:26:29.530000,1.485321,55.355649,0.801,0
2023-09-14T02:26:30.474000,1.475159,55.412573,0.822,0
2023-09-14T02:26:31.417000,1.46498,55.469496,0.802,0
2023-09-14T02:26:32.361000,1.454782,55.526418,0.827,0
2023-09-14T02:26:33.304000,1.444566,55.58334,0.798,0
2023-09-14T02:26:34.248000,1.434332,55.64026,0.787,0
2023-09-14T02:26:35.191000,1.42408,55.69718,0.784,0
2023-09-14T02:26:36.135000,1.41381,55.754099,0.793,0
2023-09-14T02:26:37.078000,1.403521,55.811017,0.804,0
2023-09-14T02:26:38.021000,1.393213,55.867934,0.79,0
2023-09-14T02:26:38.965000,1.382887,55.924851,0.803,0
2023-09-14T02:26:39.908000,1.372542,55.981766,0.801,0
2023-09-14T14:20:25.344000,8.4377,54.96401,0.983,1
2023-09-14T14:20:28.174000,8.407668,54.793099,1.049,1
2023-09-14T14:20:31.948000,8.367863,54.565205,0.58,1
2023-09-14T14:20:32.892000,8.357954,54.508229,0.493,1
2023-09-14T14:20:33.835000,8.348061,54.451252,0.307,1
2023-09-14T14:20:34.778000,8.338184,54.394275,0.259,1
2023-09-14T14:20:35.722000,8.328324,54.337296,0.179,1
2023-09-14T14:20:36.665000,8.318481,54.280317,0.117,0
2023-09-14T14:20:37.609000,8.308653,54.223337,0.068,0
2023-09-14T14:20:38.552000,8.298842,54.166355,-0.011,0
2023-09-14T14:20:39.496000,8.289047,54.109373,-0.041,0
2023-09-14T14:20:40.439000,8.279268,54.05239,-0.088,0
2023-09-14T14:20:42.326000,8.259757,53.938422,-0.177,1
2023-09-16T02:23:08.499000,1.341163,50.134771,0.434,1
2023-09-16T02:23:09.443000,1.332323,50.191774,0.424,1
2023-09-16T02:23:11.330000,1.314609,50.305777,0.558,0
2023-09-16T02:23:12.273000,1.305735,50.362778,0.597,0
2023-09-16T02:23:13.216000,1.296848,50.419777,0.643,0
2023-09-16T02:23:14.160000,1.28795,50.476776,0.67,0
2023-09-16T02:23:15.103000,1.27904,50.533774,0.741,0
2023-09-16T02:23:16.047000,1.270117,50.590771,0.776,0
2023-09-16T02:23:16.990000,1.261183,50.647768,0.82,0
2023-09-16T02:23:17.934000,1.252237,50.704764,0.847,0
2023-09-16T02:23:18.877000,1.243278,50.761759,0.906,0
2023-09-16T02:23:19.821000,1.234308,50.818753,0.907,0
2023-09-16T02:23:21.707000,1.216329,50.932739,0.914,0
2023-09-16T02:23:30.198000,1.13481,51.445638,1.661,1
2023-09-16T02:23:31.142000,1.125688,51.502623,1.586,1
2023-09-16T02:23:32.085000,1.116554,51.559607,1.531,1
2023-09-16T02:23:33.029000,1.107407,51.61659,1.473,1
2023-09-16T02:23:33.972000,1.098246,51.673573,1.36,1
2023-09-16T02:23:56.615000,0.874326,53.040915,-1.433,1
2023-09-16T02:23:57.558000,0.864819,53.097877,-1.331,1
2023-09-16T02:23:58.501000,0.855298,53.154839,-1.236,0
2023-09-16T02:23:59.445000,0.845762,53.2118,-1.189,0
2023-09-16T02:24:00.388000,0.836211,53.26876,-1.087,0
2023-09-16T02:24:01.332000,0.826645,53.325719,-1.015,0
2023-09-16T02:24:02.275000,0.817064,53.382678,-0.918,0
2023-09-16T02:24:03.219000,0.807468,53.439635,-0.808,0
2023-09-16T02:24:04.162000,0.797857,53.496592,-0.721,0
2023-09-16T02:24:05.106000,0.788231,53.553548,-0.643,0
2023-09-16T02:24:06.049000,0.778589,53.610504,-0.544,0
2023-09-16T02:24:06.992000,0.768932,53.667458,-0.442,0
2023-09-16T02:24:07.936000,0.75926,53.724412,-0.323,0
2023-09-16T02:24:08.879000,0.749572,53.781364,-0.22,0
2023-09-16T02:24:09.823000,0.739869,53.838316,-0.143,0
2023-09-16T02:24:10.766000,0.73015,53.895267,-0.056,0
2023-09-16T02:24:11.710000,0.720415,53.952218,0.021,0
2023-09-16T02:24:12.653000,0.710664,54.009167,0.112,0
2023-09-16T02:24:13.596000,0.700898,54.066116,0.22,0
2023-09-16T02:24:14.540000,0.691115,54.123064,0.221,0
2023-09-16T02:24:15.483000,0.681317,54.180011,0.317,0
2023-09-16T02:24:16.427000,0.671502,54.236957,0.403,0
2023-09-16T02:24:17.370000,0.661671,54.293902,0.431,0
2023-09-16T02:24:18.314000,0.651825,54.350847,0.493,0
2023-09-16T02:24:19.257000,0.641961,54.40779,0.538,0
2023-09-16T02:24:20.201000,0.632081,54.464733,0.592,0
2023-09-16T02:24:21.144000,0.622185,54.521675,0.633,0
2023-09-16T02:24:22.087000,0.612272,54.578616,0.674,0
2023-09-16T02:24:23.031000,0.602343,54.635557,0.733,0
2023-09-16T02:24:23.974000,0.592397,54.692496,0.737,0
2023-09-16T02:24:24.918000,0.582434,54.749435,0.781,0
2023-09-16T02:24:25.861000,0.572454,54.806373,0.811,0
2023-09-16T02:24:26.805000,0.562457,54.86331,0.821,0
2023-09-16T02:24:27.748000,0.552443,54.920246,0.839,0
2023-09-16T02:24:28.691000,0.542411,54.977181,0.893,0
2023-09-16T02:24:29.635000,0.532363,55.034115,0.906,0
2023-09-16T02:24:30.578000,0.522297,55.091049,0.916,0
2023-09-16T02:24:31.522000,0.512214,55.147982,0.92,0
2023-09-16T02:24:32.465000,0.502113,55.204914,0.961,0
2023-09-16T02:24:33.409000,0.491995,55.261845,0.97,0
2023-09-16T02:24:34.352000,0.481859,55.318775,0.97,0
2023-09-16T02:24:35.296000,0.471706,55.375704,0.981,0
2023-09-16T02:24:36.239000,0.461534,55.432633,1.011,0
2023-09-16T02:24:37.182000,0.451344,55.489561,1.007,0
2023-09-16T02:24:38.126000,0.441137,55.546487,1.0,0
2023-09-16T02:24:39.069000,0.430911,55.603413,1.038,0
2023-09-16T02:24:40.013000,0.420667,55.660338,1.042,0
2023-09-16T02:24:40.956000,0.410405,55.717263,1.035,0
2023-09-16T02:24:41.900000,0.400125,55.774186,1.035,0
2023-09-16T02:24:42.843000,0.389826,55.831108,1.073,0
2023-09-16T02:24:43.786000,0.379508,55.88803,1.053,0
2023-09-16T02:24:44.730000,0.369172,55.944951,1.07,0
2023-09-16T14:18:14.127000,7.609596,55.962259,0.522,0
2023-09-16T14:18:15.071000,7.59925,55.905304,0.546,0
2023-09-16T14:18:16.014000,7.588923,55.848349,0.568,0
2023-09-16T14:18:16.958000,7.578615,55.791392,0.61,0
2023-09-16T14:18:17.901000,7.568325,55.734435,0.582,0
2023-09-16T14:18:19.788000,7.547801,55.620517,0.623,0
2023-09-16T14:18:20.731000,7.537566,55.563556,0.603,0
2023-09-16T14:18:21.675000,7.52735,55.506595,0.674,0
2023-09-16T14:18:22.618000,7.517151,55.449633,0.674,0
2023-09-16T14:18:23.562000,7.506971,55.39267,0.685,0
2023-09-16T14:18:24.505000,7.496808,55.335706,0.698,0
2023-09-16T14:18:25.448000,7.486663,55.278742,0.669,0
2023-09-16T14:18:26.392000,7.476536,55.221776,0.622,0
2023-09-16T14:18:27.335000,7.466427,55.164809,0.654,0
2023-09-16T14:18:28.279000,7.456335,55.107842,0.638,0
2023-09-16T14:18:29.222000,7.446261,55.050873,0.634,0
2023-09-16T14:18:30.166000,7.436204,54.993904,0.631,0
2023-09-16T14:18:31.109000,7.426164,54.936934,0.627,0
2023-09-16T14:18:32.053000,7.416141,54.879963,0.584,0
2023-09-16T14:18:32.996000,7.406136,54.822991,0.611,0
2023-09-16T14:18:33.939000,7.396147,54.766018,0.602,0
2023-09-16T14:18:34.883000,7.386176,54.709044,0.58,0
2023-09-16T14:18:35.826000,7.376221,54.652069,0.554,0
2023-09-16T14:18:36.770000,7.366284,54.595094,0.532,0
2023-09-16T14:18:37.713000,7.356362,54.538118,0.49,0
2023-09-16T14:18:38.657000,7.346458,54.48114,0.472,0
2023-09-16T14:18:39.600000,7.33657,54.424162,0.468,0
2023-09-16T14:18:40.543000,7.326698,54.367183,0.417,0
2023-09-16T14:18:41.487000,7.316843,54.310203,0.402,0
2023-09-16T14:18:42.430000,7.307004,54.253222,0.354,0
2023-09-16T14:18:43.374000,7.297182,54.19624,0.326,0
2023-09-16T14:18:44.317000,7.287375,54.139258,0.296,0
2023-09-16T14:18:45.261000,7.277585,54.082274,0.266,0
2023-09-16T14:18:46.204000,7.26781,54.02529,0.251,0
2023-09-16T14:18:47.147000,7.258052,53.968305,0.208,0
2023-09-16T14:18:48.091000,7.248309,53.911319,0.143,0
2023-09-16T14:18:49.034000,7.238582,53.854332,0.111,1
2023-09-16T14:18:49.978000,7.228871,53.797344,0.105,1
2023-09-18T02:21:09.547000,0.37193,49.881013,1.159,1
2023-09-18T02:21:10.491000,0.363139,49.938024,1.219,0
2023-09-18T02:21:11.434000,0.354337,49.995035,1.29,0
2023-09-18T02:21:12.377000,0.345524,50.052044,1.376,0
2023-09-18T02:21:13.321000,0.336699,50.109053,1.462,0
2023-09-18T02:21:14.264000,0.327863,50.166061,1.55,0
2023-09-18T02:21:15.208000,0.319015,50.223068,1.609,0
2023-09-18T02:21:16.151000,0.310155,50.280074,1.673,0
2023-09-18T02:21:17.095000,0.301284,50.337079,1.717,0
2023-09-18T02:21:18.038000,0.2924,50.394084,1.792,0
2023-09-18T02:21:18.982000,0.283505,50.451088,1.807,0
2023-09-18T02:21:19.925000,0.274598,50.508092,1.888,0
2023-09-18T02:21:20.868000,0.265679,50.565094,1.867,0
2023-09-18T02:21:21.812000,0.256748,50.622096,1.911,1
2023-09-18T02:21:22.755000,0.247805,50.679097,1.975,1
2023-09-18T02:22:24.079000,-0.362218,54.382458,0.076,1
2023-09-18T02:22:25.022000,-0.372093,54.439406,0.139,1
2023-09-18T02:22:25.966000,-0.381984,54.496353,0.188,1
2023-09-18T02:22:26.909000,-0.391892,54.553299,0.245,1
2023-09-18T02:22:27.852000,-0.401817,54.610245,0.3,0
2023-09-18T02:22:28.796000,-0.411759,54.667189,0.33,0
2023-09-18T02:22:29.739000,-0.421717,54.724133,0.371,0
2023-09-18T02:22:30.683000,-0.431692,54.781076,0.429,0
2023-09-18T02:22:31.626000,-0.441684,54.838018,0.462,0
2023-09-18T02:22:32.570000,-0.451693,54.894959,0.51,0
2023-09-18T02:22:33.513000,-0.461719,54.9519,0.536,0
2023-09-18T02:22:34.456000,-0.471763,55.008839,0.572,0
2023-09-18T02:22:35.400000,-0.481824,55.065778,0.627,0
2023-09-18T02:22:36.343000,-0.491902,55.122716,0.649,0
2023-09-18T02:22:37.287000,-0.501997,55.179653,0.673,0
2023-09-18T02:22:38.230000,-0.512111,55.236589,0.702,0
2023-09-18T02:22:39.174000,-0.522242,55.293524,0.715,0
2023-09-18T02:22:40.117000,-0.53239,55.350459,0.766,0
2023-09-18T02:22:41.061000,-0.542557,55.407393,0.78,0
2023-09-18T02:22:42.004000,-0.552741,55.464325,0.82,0
2023-09-18T02:22:42.947000,-0.562943,55.521257,0.789,0
2023-09-18T02:22:43.891000,-0.573164,55.578188,0.877,0
2023-09-18T02:22:44.834000,-0.583402,55.635118,0.914,0
2023-09-18T02:22:45.778000,-0.593659,55.692048,0.912,0
2023-09-18T02:22:46.721000,-0.603934,55.748976,0.926,0
2023-09-18T02:22:47.665000,-0.614228,55.805904,0.977,0
2023-09-18T02:22:48.608000,-0.62454,55.862831,1.014,0
2023-09-18T02:22:49.551000,-0.634871,55.919756,1.006,0
2023-09-18T02:22:50.495000,-0.645221,55.976681,1.042,0
2023-09-18T14:16:18.949000,6.606835,55.980731,0.467,0
2023-09-18T14:16:19.892000,6.596481,55.923776,0.473,0
2023-09-18T14:16:20.836000,6.586146,55.86682,0.501,0
2023-09-18T14:16:21.779000,6.57583,55.809863,0.491,0
2023-09-18T14:16:22.723000,6.565532,55.752905,0.538,0
2023-09-18T14:16:23.666000,6.555252,55.695946,0.567,0
2023-09-18T14:16:24.609000,6.544991,55.638987,0.531,0
2023-09-18T14:16:25.553000,6.534749,55.582026,0.545,0
2023-09-18T14:16:26.496000,6.524524,55.525064,0.545,0
2023-09-18T14:16:27.440000,6.514318,55.468102,0.565,0
2023-09-18T14:16:28.383000,6.504129,55.411139,0.571,0
2023-09-18T14:16:29.327000,6.493959,55.354174,0.59,0
2023-09-18T14:16:30.270000,6.483806,55.297209,0.604,0
2023-09-18T14:16:31.213000,6.473671,55.240243,0.588,0
2023-09-18T14:16:32.157000,6.463554,55.183276,0.612,0
2023-09-18T14:16:33.100000,6.453454,55.126309,0.568,0
2023-09-18T14:16:34.044000,6.443372,55.06934,0.607,0
2023-09-18T14:16:34.987000,6.433307,55.01237,0.606,0
2023-09-18T14:16:35.931000,6.42326,54.9554,0.598,0
2023-09-18T14:16:36.874000,6.41323,54.898428,0.595,0
2023-09-18T14:16:37.818000,6.403217,54.841456,0.587,0
2023-09-18T14:16:38.761000,6.393221,54.784483,0.558,0
2023-09-18T14:16:39.704000,6.383242,54.727509,0.57,0
2023-09-18T14:16:40.648000,6.373279,54.670534,0.566,0
2023-09-18T14:16:41.591000,6.363334,54.613558,0.561,0
2023-09-18T14:16:42.535000,6.353406,54.556581,0.573,0
2023-09-18T14:16:43.478000,6.343494,54.499604,0.543,0
2023-09-18T14:16:44.422000,6.333598,54.442625,0.538,0
2023-09-18T14:16:45.365000,6.323719,54.385646,0.525,0
2023-09-18T14:16:46.308000,6.313857,54.328665,0.501,0
2023-09-18T14:16:47.252000,6.304011,54.271684,0.461,0
2023-09-18T14:16:48.195000,6.294181,54.214702,0.467,0
2023-09-18T14:16:49.139000,6.284367,54.157719,0.416,0
2023-09-18T14:16:50.082000,6.27457,54.100736,0.415,0
2023-09-18T14:16:51.026000,6.264788,54.043751,0.428,0
2023-09-18T14:16:51.969000,6.255022,53.986766,0.379,0
2023-09-18T14:16:52.913000,6.245273,53.929779,0.342,0
2023-09-18T14:16:53.856000,6.235539,53.872792,0.326,0
2023-09-18T14:16:54.799000,6.22582,53.815804,0.301,0
2023-09-18T14:16:55.743000,6.216118,53.758815,0.279,0
2023-09-18T14:16:56.686000,6.20643,53.701825,0.214,0
2023-09-18T14:16:57.630000,6.196759,53.644834,0.161,0
2023-09-18T14:16:58.573000,6.187103,53.587843,0.138,1
2023-09-20T02:19:11.538000,-0.606937,49.699549,1.623,0
2023-09-20T02:19:12.482000,-0.615692,49.756567,1.578,0
2023-09-20T02:19:13.425000,-0.624459,49.813585,1.529,0
2023-09-20T02:19:14.369000,-0.633237,49.870601,1.532,0
2023-09-20T02:19:15.312000,-0.642026,49.927617,1.542,0
2023-09-20T02:19:16.256000,-0.650827,49.984633,1.551,0
2023-09-20T02:19:17.199000,-0.659639,50.041647,1.559,0
2023-09-20T02:19:18.143000,-0.668463,50.098661,1.576,0
2023-09-20T02:19:19.086000,-0.677298,50.155673,1.622,0
2023-09-20T02:19:20.029000,-0.686145,50.212685,1.605,0
2023-09-20T02:19:20.973000,-0.695004,50.269697,1.643,0
2023-09-20T02:19:21.916000,-0.703874,50.326707,1.661,0
2023-09-20T02:19:23.803000,-0.72165,50.440726,1.782,0
2023-09-20T02:19:24.747000,-0.730556,50.497734,1.828,0
2023-09-20T02:19:25.690000,-0.739474,50.554741,1.911,0
2023-09-20T02:19:26.633000,-0.748404,50.611748,1.93,1
2023-09-20T02:19:27.577000,-0.757346,50.668754,1.993,1
2023-09-20T02:20:50.599000,-1.59868,55.682134,0.456,1
2023-09-20T02:20:51.543000,-1.608954,55.739067,0.487,1
2023-09-20T02:20:52.486000,-1.619245,55.796,0.531,0
2023-09-20T02:20:53.430000,-1.629556,55.852931,0.557,0
2023-09-20T02:20:54.373000,-1.639885,55.909862,0.583,0
2023-09-20T02:20:55.317000,-1.650232,55.966792,0.602,0
2023-09-20T14:14:23.770000,5.601505,55.983181,0.317,0
2023-09-20T14:14:24.714000,5.591149,55.926226,0.218,0
2023-09-20T14:14:25.657000,5.580813,55.869269,0.418,0
2023-09-20T14:14:26.601000,5.570495,55.812312,0.366,0
2023-09-20T14:14:27.544000,5.560196,55.755354,0.264,0
2023-09-20T14:14:28.488000,5.549915,55.698395,0.339,0
2023-09-20T14:14:29.431000,5.539653,55.641435,0.288,0
2023-09-20T14:14:30.374000,5.529409,55.584475,0.343,0
2023-09-20T14:14:31.318000,5.519183,55.527513,0.365,0
2023-09-20T14:14:32.261000,5.508975,55.47055,0.347,0
2023-09-20T14:14:33.205000,5.498785,55.413587,0.426,0
2023-09-20T14:14:34.148000,5.488614,55.356623,0.243,0
2023-09-20T14:14:35.092000,5.47846,55.299657,0.124,0
2023-09-20T14:14:36.035000,5.468323,55.242691,0.332,0
2023-09-20T14:14:36.979000,5.458205,55.185724,0.42,0
2023-09-20T14:14:37.922000,5.448104,55.128756,0.406,0
2023-09-20T14:14:38.865000,5.438021,55.071787,0.371,0
2023-09-20T14:14:39.809000,5.427955,55.014818,0.457,0
2023-09-20T14:14:40.752000,5.417906,54.957847,0.408,0
2023-09-20T14:14:41.696000,5.407875,54.900875,0.291,0
2023-09-20T14:14:42.639000,5.39786,54.843903,0.421,0
2023-09-20T14:14:43.583000,5.387863,54.78693,0.336,0
2023-09-20T14:14:44.526000,5.377883,54.729956,0.321,0
2023-09-20T14:14:45.469000,5.367919,54.672981,0.349,0
2023-09-20T14:14:46.413000,5.357973,54.616005,0.372,0
2023-09-20T14:14:47.356000,5.348043,54.559028,0.336,0
2023-09-20T14:14:48.300000,5.33813,54.50205,0.2,0
2023-09-20T14:14:49.243000,5.328233,54.445072,0.374,0
2023-09-20T14:14:50.187000,5.318353,54.388093,0.322,0
2023-09-20T14:14:51.130000,5.30849,54.331112,0.369,0
2023-09-20T14:14:52.074000,5.298642,54.274131,0.221,0
2023-09-20T14:14:53.017000,5.288811,54.217149,0.275,0
2023-09-20T14:14:53.960000,5.278996,54.160166,0.198,0
2023-09-20T14:14:54.904000,5.269197,54.103182,0.297,0
2023-09-20T14:14:55.847000,5.259415,54.046198,0.12,0
2023-09-20T14:14:56.791000,5.249648,53.989212,0.215,0
2023-09-20T14:14:57.734000,5.239897,53.932226,0.08,0
2023-09-20T14:14:58.678000,5.230162,53.875239,0.055,0
2023-09-20T14:14:59.621000,5.220442,53.818251,0.226,0
2023-09-20T14:15:00.564000,5.210739,53.761262,0.152,0
2023-09-20T14:15:01.508000,5.20105,53.704272,0.046,0
2023-09-20T14:15:02.451000,5.191378,53.647281,0.064,0
2023-09-20T14:15:03.395000,5.18172,53.59029,-0.043,0
2023-09-20T14:15:04.338000,5.172078,53.533297,0.034,0
2023-09-20T14:15:05.282000,5.162451,53.476304,-0.129,1
2023-09-20T14:15:11.886000,5.095486,53.077327,0.054,1
2023-09-20T14:15:12.829000,5.085979,53.020327,0.158,1
2023-09-22T02:17:18.247000,-1.62382,49.737831,0.56,1
2023-09-22T02:17:19.190000,-1.632582,49.794852,0.558,1
2023-09-22T02:17:20.134000,-1.641356,49.851873,0.552,0
2023-09-22T02:17:22.021000,-1.658939,49.965912,0.58,0
2023-09-22T02:17:22.964000,-1.667747,50.02293,0.582,0
2023-09-22T02:17:23.908000,-1.676567,50.079948,0.572,0
2023-09-22T02:17:24.851000,-1.685398,50.136965,0.567,0
2023-09-22T02:17:25.794000,-1.694241,50.193981,0.508,0
2023-09-22T02:17:26.738000,-1.703096,50.250996,0.503,0
2023-09-22T02:17:27.681000,-1.711962,50.30801,0.502,0
2023-09-22T02:17:28.625000,-1.720841,50.365024,0.464,0
2023-09-22T02:17:29.568000,-1.729731,50.422037,0.482,0
2023-09-22T02:17:30.512000,-1.738633,50.479049,0.471,0
2023-09-22T02:17:31.455000,-1.747547,50.536061,0.479,0
2023-09-22T02:17:32.398000,-1.756472,50.593072,0.485,1
2023-09-22T02:17:33.342000,-1.76541,50.650081,0.465,1
2023-09-22T14:12:30.479000,4.585554,55.968676,0.116,0
2023-09-22T14:12:31.422000,4.575205,55.911722,0.125,0
2023-09-22T14:12:32.366000,4.564874,55.854768,0.279,0
2023-09-22T14:12:33.309000,4.554562,55.797812,0.206,0
2023-09-22T14:12:34.253000,4.544268,55.740856,0.204,0
2023-09-22T14:12:35.196000,4.533993,55.683898,0.165,0
2023-09-22T14:12:36.140000,4.523736,55.62694,0.172,0
2023-09-22T14:12:37.083000,4.513497,55.569981,0.122,0
2023-09-22T14:12:38.026000,4.503277,55.513021,0.133,0
2023-09-22T14:12:38.970000,4.493075,55.45606,0.177,0
2023-09-22T14:12:39.913000,4.482891,55.399098,0.124,0
2023-09-22T14:12:40.857000,4.472724,55.342136,0.095,0
2023-09-22T14:12:41.800000,4.462576,55.285172,0.125,0
2023-09-22T14:12:42.744000,4.452445,55.228207,0.227,0
2023-09-22T14:12:43.687000,4.442332,55.171242,0.204,0
2023-09-22T14:12:44.630000,4.432236,55.114276,0.16,0
2023-09-22T14:12:45.574000,4.422158,55.057309,0.169,0
2023-09-22T14:12:46.517000,4.412097,55.000341,0.171,0
2023-09-22T14:12:47.461000,4.402054,54.943372,0.217,0
2023-09-22T14:12:48.404000,4.392027,54.886402,0.211,0
2023-09-22T14:12:49.348000,4.382018,54.829431,0.2,0
2023-09-22T14:12:50.291000,4.372026,54.77246,0.253,0
2023-09-22T14:12:51.235000,4.362051,54.715487,0.181,0
2023-09-22T14:12:52.178000,4.352093,54.658514,0.221,0
2023-09-22T14:12:53.121000,4.342151,54.60154,0.197,0
2023-09-22T14:12:54.065000,4.332226,54.544565,0.261,0
2023-09-22T14:12:55.008000,4.322318,54.487589,0.221,0
2023-09-22T14:12:55.952000,4.312427,54.430612,0.232,0
2023-09-22T14:12:56.895000,4.302552,54.373634,0.225,0
2023-09-22T14:12:57.839000,4.292693,54.316656,0.307,0
2023-09-22T14:12:58.782000,4.282851,54.259676,0.255,0
2023-09-22T14:12:59.725000,4.273025,54.202696,0.286,0
2023-09-22T14:13:00.669000,4.263215,54.145715,0.271,0
2023-09-22T14:13:01.612000,4.253421,54.088733,0.24,0
2023-09-22T14:13:02.556000,4.243643,54.03175,0.2,0
2023-09-22T14:13:03.499000,4.233881,53.974766,0.279,0
2023-09-22T14:13:04.443000,4.224135,53.917782,0.19,0
2023-09-22T14:13:05.386000,4.214404,53.860796,0.26,0
2023-09-22T14:13:06.329000,4.204689,53.80381,0.228,0
2023-09-22T14:13:07.273000,4.19499,53.746823,0.341,0
2023-09-22T14:13:08.216000,4.185307,53.689835,0.27,0
2023-09-22T14:13:09.160000,4.175639,53.632846,0.167,0
2023-09-22T14:13:10.103000,4.165986,53.575856,0.189,0
2023-09-22T14:13:11.047000,4.156349,53.518865,0.236,0
2023-09-22T14:13:11.990000,4.146727,53.461874,0.096,0
2023-09-22T14:13:12.934000,4.13712,53.404882,0.137,0
2023-09-22T14:13:13.877000,4.127528,53.347889,0.12,0
2023-09-22T14:13:14.820000,4.117951,53.290895,0.182,0
2023-09-22T14:13:15.764000,4.108389,53.2339,0.131,0
2023-09-22T14:13:16.707000,4.098843,53.176904,0.103,0
2023-09-22T14:13:17.651000,4.08931,53.119907,0.103,0
2023-09-22T14:13:18.594000,4.079793,53.06291,0.076,0
2023-09-22T14:13:19.538000,4.07029,53.005912,0.052,0
2023-09-22T14:13:20.481000,4.060802,52.948913,-0.023,0
2023-09-22T14:13:21.424000,4.051329,52.891913,-0.046,0
2023-09-22T14:13:22.368000,4.04187,52.834912,-0.043,0
2023-09-22T14:13:23.311000,4.032425,52.77791,0.006,0
2023-09-22T14:13:24.255000,4.022995,52.720908,-0.034,0
2023-09-22T14:13:25.198000,4.013579,52.663905,-0.086,0
2023-09-22T14:13:26.142000,4.004177,52.606901,-0.064,0
2023-09-22T14:13:27.085000,3.99479,52.549896,-0.032,0
2023-09-22T14:13:28.029000,3.985416,52.49289,-0.046,0
2023-09-22T14:13:28.972000,3.976057,52.435883,-0.088,0
2023-09-22T14:13:29.915000,3.966711,52.378876,-0.044,0
2023-09-22T14:13:30.859000,3.957379,52.321867,-0.025,0
2023-09-22T14:13:31.802000,3.948062,52.264858,-0.095,0
2023-09-22T14:13:32.746000,3.938757,52.207848,0.015,0
2023-09-22T14:13:33.689000,3.929467,52.150837,-0.082,0
2023-09-22T14:13:34.633000,3.92019,52.093826,-0.081,1
2023-09-22T14:13:35.576000,3.910927,52.036813,-0.077,1
2023-09-22T14:13:37.463000,3.892441,51.922786,-0.127,1
2023-09-24T14:10:37.187000,3.568696,55.947343,-0.021,0
2023-09-24T14:10:38.131000,3.558354,55.89039,-0.013,0
2023-09-24T14:10:39.074000,3.548031,55.833435,-0.008,0
2023-09-24T14:10:40.018000,3.537726,55.77648,-0.037,0
2023-09-24T14:10:40.961000,3.52744,55.719525,-0.02,0
2023-09-24T14:10:41.905000,3.517172,55.662568,-0.016,0
2023-09-24T14:10:42.848000,3.506922,55.60561,0.034,0
2023-09-24T14:10:43.791000,3.496691,55.548651,0.038,0
2023-09-24T14:10:44.735000,3.486478,55.491692,0.026,0
2023-09-24T14:10:45.678000,3.476283,55.434732,0.088,0
2023-09-24T14:10:46.622000,3.466106,55.37777,0.11,0
2023-09-24T14:10:47.565000,3.455947,55.320808,0.117,0
2023-09-24T14:10:48.509000,3.445805,55.263845,0.182,0
2023-09-24T14:10:49.452000,3.435681,55.206881,0.147,0
2023-09-24T14:10:50.395000,3.425575,55.149917,0.172,0
2023-09-24T14:10:51.339000,3.415486,55.092951,0.184,0
2023-09-24T14:10:52.282000,3.405415,55.035984,0.231,0
2023-09-24T14:10:53.226000,3.395361,54.979017,0.238,0
2023-09-24T14:10:54.169000,3.385325,54.922049,0.225,0
2023-09-24T14:10:55.113000,3.375305,54.865079,0.239,0
2023-09-24T14:10:56.056000,3.365303,54.808109,0.27,0
2023-09-24T14:10:57.000000,3.355318,54.751138,0.254,0
2023-09-24T14:10:57.943000,3.34535,54.694167,0.272,0
2023-09-24T14:10:58.886000,3.335398,54.637194,0.273,0
2023-09-24T14:10:59.830000,3.325463,54.58022,0.282,0
2023-09-24T14:11:00.773000,3.315545,54.523246,0.282,0
2023-09-24T14:11:01.717000,3.305644,54.466271,0.318,0
2023-09-24T14:11:02.660000,3.295759,54.409295,0.339,0
2023-09-24T14:11:03.604000,3.28589,54.352318,0.333,0
2023-09-24T14:11:04.547000,3.276038,54.29534,0.318,0
2023-09-24T14:11:05.490000,3.266202,54.238361,0.335,0
2023-09-24T14:11:06.434000,3.256383,54.181382,0.347,0
2023-09-24T14:11:07.377000,3.246579,54.124401,0.33,0
2023-09-24T14:11:08.321000,3.236792,54.06742,0.313,0
2023-09-24T14:11:09.264000,3.22702,54.010438,0.313,0
2023-09-24T14:11:10.208000,3.217264,53.953454,0.305,0
2023-09-24T14:11:11.151000,3.207525,53.896471,0.333,0
2023-09-24T14:11:12.095000,3.197801,53.839486,0.298,0
2023-09-24T14:11:13.038000,3.188092,53.7825,0.322,0
2023-09-24T14:11:13.981000,3.178399,53.725514,0.304,0
2023-09-24T14:11:14.925000,3.168722,53.668527,0.335,0
2023-09-24T14:11:15.868000,3.15906,53.611538,0.317,0
2023-09-24T14:11:16.812000,3.149414,53.55455,0.297,0
2023-09-24T14:11:17.755000,3.139782,53.49756,0.34,0
2023-09-24T14:11:18.699000,3.130167,53.440569,0.317,0
2023-09-24T14:11:19.642000,3.120566,53.383577,0.246,0
2023-09-24T14:11:20.585000,3.11098,53.326585,0.27,0
2023-09-24T14:11:21.529000,3.101409,53.269592,0.241,0
2023-09-24T14:11:22.472000,3.091854,53.212598,0.242,0
2023-09-24T14:11:23.416000,3.082313,53.155603,0.227,0
2023-09-24T14:11:24.359000,3.072786,53.098607,0.211,0
2023-09-24T14:11:25.303000,3.063275,53.04161,0.184,0
2023-09-24T14:11:26.246000,3.053778,52.984613,0.173,0
2023-09-24T14:11:27.190000,3.044296,52.927615,0.138,0
2023-09-24T14:11:28.133000,3.034828,52.870615,0.067,0
2023-09-24T14:11:29.076000,3.025375,52.813615,0.021,0
2023-09-24T14:11:30.020000,3.015936,52.756615,-0.005,0
2023-09-24T14:11:30.963000,3.006512,52.699613,-0.029,0
2023-09-24T14:11:31.907000,2.997102,52.642611,-0.067,0
2023-09-24T14:11:32.850000,2.987706,52.585607,-0.11,0
2023-09-24T14:11:33.794000,2.978324,52.528603,-0.128,0
2023-09-24T14:11:34.737000,2.968956,52.471598,-0.185,0
2023-09-24T14:11:35.680000,2.959602,52.414592,-0.208,0
2023-09-24T14:11:36.624000,2.950262,52.357586,-0.245,0
2023-09-24T14:11:37.567000,2.940936,52.300578,-0.295,0
2023-09-24T14:11:38.511000,2.931624,52.24357,-0.33,0
2023-09-24T14:11:39.454000,2.922325,52.186561,-0.412,0
2023-09-24T14:11:40.398000,2.91304,52.129551,-0.458,0
2023-09-24T14:11:41.341000,2.903769,52.07254,-0.487,0
2023-09-24T14:11:42.285000,2.894511,52.015529,-0.569,0
2023-09-24T14:11:43.228000,2.885267,51.958516,-0.59,0
2023-09-24T14:11:44.171000,2.876036,51.901503,-0.639,0
2023-09-24T14:11:45.115000,2.866818,51.844489,-0.708,0
2023-09-24T14:11:46.058000,2.857614,51.787474,-0.727,0
2023-09-24T14:11:47.002000,2.848423,51.730458,-0.774,0
2023-09-24T14:11:47.945000,2.839246,51.673442,-0.836,0
2023-09-24T14:11:48.889000,2.830081,51.616425,-0.877,0
2023-09-24T14:11:49.832000,2.820929,51.559406,-0.906,0
2023-09-24T14:11:50.775000,2.811791,51.502387,-0.949,0
2023-09-24T14:11:51.719000,2.802665,51.445368,-0.991,0
2023-09-24T14:11:52.662000,2.793552,51.388347,-1.016,0
2023-09-24T14:11:53.606000,2.784452,51.331325,-1.066,1
2023-09-24T14:11:54.549000,2.775365,51.274303,-1.083,1
2023-09-25T01:26:03.467000,8.572822,54.1454,-0.62,1
2023-09-25T01:26:04.411000,8.563014,54.202366,-0.609,1
2023-09-26T14:08:42.952000,2.561484,55.968417,0.525,0
2023-09-26T14:08:43.896000,2.551134,55.911465,0.509,0
2023-09-26T14:08:44.839000,2.540802,55.854513,0.514,0
2023-09-26T14:08:45.783000,2.530489,55.79756,0.551,0
2023-09-26T14:08:46.726000,2.520194,55.740605,0.537,0
2023-09-26T14:08:47.670000,2.509918,55.68365,0.549,0
2023-09-26T14:08:48.613000,2.499661,55.626694,0.563,0
2023-09-26T14:08:49.556000,2.489421,55.569738,0.597,0
2023-09-26T14:08:50.500000,2.4792,55.51278,0.592,0
2023-09-26T14:08:51.443000,2.468997,55.455821,0.616,0
2023-09-26T14:08:52.387000,2.458812,55.398862,0.683,0
2023-09-26T14:08:53.330000,2.448645,55.341901,0.726,0
2023-09-26T14:08:54.274000,2.438495,55.28494,0.704,0
2023-09-26T14:08:55.217000,2.428364,55.227978,0.714,0
2023-09-26T14:08:56.161000,2.41825,55.171015,0.732,0
2023-09-26T14:08:57.104000,2.408154,55.114051,0.753,0
2023-09-26T14:08:58.047000,2.398075,55.057086,0.753,0
2023-09-26T14:08:58.991000,2.388013,55.000121,0.783,0
2023-09-26T14:08:59.934000,2.377969,54.943154,0.814,0
2023-09-26T14:09:00.878000,2.367942,54.886187,0.828,0
2023-09-26T14:09:01.821000,2.357932,54.829218,0.812,0
2023-09-26T14:09:02.765000,2.347939,54.772249,0.826,0
2023-09-26T14:09:03.708000,2.337963,54.715279,0.849,0
2023-09-26T14:09:04.651000,2.328004,54.658309,0.853,0
2023-09-26T14:09:05.595000,2.318062,54.601337,0.853,0
2023-09-26T14:09:06.538000,2.308136,54.544364,0.867,0
2023-09-26T14:09:07.482000,2.298227,54.487391,0.88,0
2023-09-26T14:09:08.425000,2.288335,54.430416,0.89,0
2023-09-26T14:09:09.369000,2.278459,54.373441,0.918,0
2023-09-26T14:09:10.312000,2.2686,54.316465,0.906,0
2023-09-26T14:09:11.256000,2.258757,54.259488,0.878,0
2023-09-26T14:09:12.199000,2.24893,54.202511,0.912,0
2023-09-26T14:09:13.142000,2.239119,54.145532,0.874,0
2023-09-26T14:09:14.086000,2.229324,54.088553,0.838,0
2023-09-26T14:09:15.029000,2.219546,54.031572,0.864,0
2023-09-26T14:09:15.973000,2.209783,53.974591,0.858,0
2023-09-26T14:09:16.916000,2.200036,53.917609,0.827,0
2023-09-26T14:09:17.860000,2.190305,53.860626,0.847,0
2023-09-26T14:09:18.803000,2.18059,53.803642,0.803,0
2023-09-26T14:09:19.746000,2.17089,53.746658,0.783,0
2023-09-26T14:09:20.690000,2.161205,53.689673,0.756,0
2023-09-26T14:09:21.633000,2.151537,53.632686,0.746,0
2023-09-26T14:09:22.577000,2.141883,53.575699,0.709,0
2023-09-26T14:09:23.520000,2.132245,53.518711,0.697,0
2023-09-26T14:09:24.464000,2.122622,53.461722,0.637,0
2023-09-26T14:09:25.407000,2.113015,53.404733,0.583,0
2023-09-26T14:09:26.351000,2.103422,53.347742,0.574,0
2023-09-26T14:09:27.294000,2.093845,53.290751,0.534,0
2023-09-26T14:09:28.237000,2.084282,53.233759,0.49,0
2023-09-26T14:09:29.181000,2.074735,53.176766,0.433,0
2023-09-26T14:09:30.124000,2.065202,53.119772,0.378,0
2023-09-26T14:09:31.068000,2.055684,53.062777,0.338,0
2023-09-26T14:09:32.011000,2.04618,53.005781,0.275,0
2023-09-26T14:09:32.955000,2.036692,52.948785,0.228,0
2023-09-26T14:09:33.898000,2.027218,52.891788,0.152,0
2023-09-26T14:09:34.841000,2.017758,52.83479,0.102,0
2023-09-26T14:09:35.785000,2.008313,52.777791,0.034,0
2023-09-26T14:09:36.728000,1.998882,52.720791,-0.074,0
2023-09-26T14:09:37.672000,1.989465,52.663791,-0.175,0
2023-09-26T14:09:38.615000,1.980062,52.606789,-0.253,0
2023-09-26T14:09:39.559000,1.970674,52.549787,-0.344,0
2023-09-26T14:09:40.502000,1.9613,52.492784,-0.433,1
2023-09-26T14:09:41.446000,1.95194,52.43578,-0.476,1
2023-09-26T14:09:42.389000,1.942594,52.378776,-0.537,1
2023-09-26T14:09:43.332000,1.933261,52.32177,-0.623,0
2023-09-26T14:09:44.276000,1.923943,52.264764,-0.636,0
2023-09-26T14:09:45.219000,1.914638,52.207757,-0.694,0
2023-09-26T14:09:46.163000,1.905347,52.150749,-0.768,0
2023-09-26T14:09:47.106000,1.896069,52.09374,-0.781,0
2023-09-26T14:09:48.050000,1.886805,52.03673,-0.825,0
2023-09-26T14:09:48.993000,1.877555,51.97972,-0.839,0
2023-09-26T14:09:49.936000,1.868318,51.922709,-0.899,0
2023-09-26T14:09:50.880000,1.859095,51.865697,-0.927,0
2023-09-26T14:09:51.823000,1.849884,51.808684,-0.973,0
2023-09-26T14:09:52.767000,1.840687,51.75167,-1.002,0
2023-09-26T14:09:53.710000,1.831504,51.694656,-1.037,0
2023-09-26T14:09:54.654000,1.822333,51.63764,-1.092,0
2023-09-26T14:09:55.597000,1.813175,51.580624,-1.148,0
2023-09-26T14:09:56.540000,1.804031,51.523607,-1.194,0
2023-09-26T14:09:57.484000,1.794899,51.46659,-1.224,0
2023-09-26T14:09:58.427000,1.785781,51.409571,-1.252,0
2023-09-26T14:09:59.371000,1.776675,51.352552,-1.283,0
2023-09-26T14:10:00.314000,1.767582,51.295531,-1.331,0
2023-09-26T14:10:01.258000,1.758502,51.23851,-1.371,0
2023-09-26T14:10:02.201000,1.749434,51.181489,-1.426,0
2023-09-26T14:10:03.145000,1.740379,51.124466,-1.503,0
2023-09-26T14:10:04.088000,1.731337,51.067443,-1.578,1
2023-09-26T14:10:05.031000,1.722307,51.010418,-1.63,1
2023-09-27T01:24:04.515000,7.612532,53.841881,-0.693,1
2023-09-27T01:24:05.458000,7.602807,53.898855,-0.667,1
2023-09-27T01:24:06.402000,7.593066,53.955829,-0.636,0
2023-09-27T01:24:07.345000,7.583309,54.012802,-0.594,0
2023-09-27T01:24:08.289000,7.573536,54.069774,-0.543,0
2023-09-27T01:24:09.232000,7.563747,54.126745,-0.519,0
2023-09-27T01:24:10.176000,7.553942,54.183716,-0.498,0
2023-09-27T01:24:11.119000,7.544121,54.240685,-0.464,0
2023-09-27T01:24:12.062000,7.534284,54.297654,-0.426,0
2023-09-27T01:24:13.006000,7.524431,54.354622,-0.379,0
2023-09-27T01:24:13.949000,7.514561,54.411589,-0.331,0
2023-09-27T01:24:14.893000,7.504674,54.468555,-0.271,0
2023-09-27T01:24:15.836000,7.494772,54.52552,-0.207,0
2023-09-27T01:24:16.780000,7.484852,54.582485,-0.167,0
2023-09-27T01:24:17.723000,7.474916,54.639448,-0.174,0
2023-09-27T01:24:18.667000,7.464963,54.696411,-0.132,0
2023-09-27T01:24:19.610000,7.454994,54.753373,-0.097,0
2023-09-27T01:24:20.553000,7.445007,54.810334,-0.073,0
2023-09-27T01:24:21.497000,7.435003,54.867294,-0.03,0
2023-09-27T01:24:22.440000,7.424982,54.924254,0.032,0
2023-09-27T01:24:23.384000,7.414944,54.981212,0.064,0
2023-09-27T01:24:24.327000,7.404889,55.03817,0.097,0
2023-09-27T01:24:25.271000,7.394817,55.095127,0.119,0
2023-09-27T01:24:26.214000,7.384727,55.152083,0.144,0
2023-09-27T01:24:27.157000,7.374619,55.209038,0.162,0
2023-09-27T01:24:28.101000,7.364494,55.265992,0.189,0
2023-09-27T01:24:29.044000,7.354351,55.322945,0.219,0
2023-09-27T01:24:29.988000,7.34419,55.379898,0.242,0
2023-09-27T01:24:30.931000,7.334012,55.436849,0.271,0
2023-09-27T01:24:31.875000,7.323815,55.4938,0.23,0
2023-09-27T01:24:32.818000,7.313601,55.55075,0.265,0
2023-09-27T01:24:33.762000,7.303368,55.607699,0.282,0
2023-09-27T01:24:34.705000,7.293117,55.664647,0.29,0
2023-09-27T01:24:35.648000,7.282847,55.721594,0.308,0
2023-09-27T01:24:36.592000,7.27256,55.778541,0.321,0
2023-09-27T01:24:37.535000,7.262253,55.835486,0.306,0
2023-09-27T01:24:38.479000,7.251929,55.892431,0.334,0
2023-09-27T01:24:39.422000,7.241585,55.949375,0.319,0
2023-09-28T14:06:48.717000,1.55406,55.975836,0.815,0
2023-09-28T14:06:49.661000,1.543704,55.918887,0.828,0
2023-09-28T14:06:50.604000,1.533367,55.861936,0.856,0
2023-09-28T14:06:51.548000,1.523048,55.804985,0.804,0
2023-09-28T14:06:52.491000,1.512748,55.748033,0.83,0
2023-09-28T14:06:53.435000,1.502466,55.69108,0.83,0
2023-09-28T14:06:54.378000,1.492203,55.634126,0.773,0
2023-09-28T14:06:55.322000,1.481959,55.577171,0.863,0
2023-09-28T14:06:56.265000,1.471732,55.520216,0.881,0
2023-09-28T14:06:57.208000,1.461523,55.463259,0.877,0
2023-09-28T14:06:58.152000,1.451333,55.406302,0.851,0
2023-09-28T14:06:59.095000,1.44116,55.349343,0.863,0
2023-09-28T14:07:00.039000,1.431006,55.292384,0.869,0
2023-09-28T14:07:00.982000,1.420869,55.235424,0.849,0
2023-09-28T14:07:01.926000,1.410749,55.178463,0.87,0
2023-09-28T14:07:02.869000,1.400648,55.121501,0.849,0
2023-09-28T14:07:03.812000,1.390563,55.064539,0.844,0
2023-09-28T14:07:04.756000,1.380497,55.007575,0.807,0
2023-09-28T14:07:05.699000,1.370447,54.950611,0.824,0
2023-09-28T14:07:06.643000,1.360415,54.893645,0.861,0
2023-09-28T14:07:07.586000,1.3504,54.836679,0.882,0
2023-09-28T14:07:08.530000,1.340402,54.779712,0.818,0
2023-09-28T14:07:09.473000,1.330421,54.722744,0.839,0
2023-09-28T14:07:10.417000,1.320457,54.665776,0.837,0
2023-09-28T14:07:11.360000,1.310509,54.608806,0.816,0
2023-09-28T14:07:12.303000,1.300579,54.551836,0.801,0
2023-09-28T14:07:13.247000,1.290665,54.494864,0.786,0
2023-09-28T14:07:14.190000,1.280767,54.437892,0.738,0
2023-09-28T14:07:15.134000,1.270886,54.380919,0.716,0
2023-09-28T14:07:16.077000,1.261022,54.323945,0.728,0
2023-09-28T14:07:17.021000,1.251174,54.26697,0.696,0
2023-09-28T14:07:17.964000,1.241342,54.209995,0.637,0
2023-09-28T14:07:18.907000,1.231526,54.153018,0.581,0
2023-09-28T14:07:19.851000,1.221726,54.096041,0.556,0
2023-09-28T14:07:20.794000,1.211943,54.039063,0.491,0
2023-09-28T14:07:21.738000,1.202175,53.982084,0.462,0
2023-09-28T14:07:22.681000,1.192423,53.925104,0.423,0
2023-09-28T14:07:23.625000,1.182687,53.868123,0.352,0
2023-09-28T14:07:24.568000,1.172967,53.811142,0.237,0
2023-09-28T14:07:25.511000,1.163262,53.754159,0.148,0
2023-09-28T14:07:26.455000,1.153573,53.697176,0.077,0
2023-09-28T14:07:27.398000,1.1439,53.640192,-0.006,0
2023-09-28T14:07:28.342000,1.134242,53.583207,-0.102,0
2023-09-28T14:07:29.285000,1.124599,53.526221,-0.193,0
2023-09-28T14:07:30.229000,1.114971,53.469235,-0.308,0
2023-09-28T14:07:31.172000,1.105359,53.412247,-0.41,0
2023-09-28T14:07:32.116000,1.095762,53.355259,-0.518,0
2023-09-28T14:07:33.059000,1.086179,53.29827,-0.587,0
2023-09-28T14:07:34.002000,1.076612,53.24128,-0.67,0
2023-09-28T14:07:34.946000,1.06706,53.184289,-0.753,0
2023-09-28T14:07:35.889000,1.057522,53.127297,-0.841,0
2023-09-28T14:07:36.833000,1.048,53.070305,-0.941,1
2023-09-28T14:08:14.570000,0.678453,50.789934,-1.016,1
2023-09-28T14:08:15.514000,0.669481,50.732908,-1.071,1
2023-09-28T14:08:16.457000,0.660521,50.675881,-1.068,0
2023-09-28T14:08:17.401000,0.651573,50.618854,-1.122,0
2023-09-28T14:08:18.344000,0.642637,50.561825,-1.172,0
2023-09-28T14:08:19.287000,0.633714,50.504796,-1.203,0
2023-09-28T14:08:20.231000,0.624802,50.447767,-1.263,0
2023-09-28T14:08:21.174000,0.615902,50.390736,-1.327,0
2023-09-28T14:08:22.118000,0.607014,50.333705,-1.382,0
2023-09-28T14:08:23.061000,0.598138,50.276672,-1.451,0
2023-09-28T14:08:24.005000,0.589273,50.219639,-1.498,0
2023-09-28T14:08:24.948000,0.58042,50.162606,-1.612,0
2023-09-28T14:08:25.891000,0.571579,50.105571,-1.674,0
2023-09-28T14:08:26.835000,0.56275,50.048536,-1.797,0
2023-09-28T14:08:27.778000,0.553932,49.9915,-1.894,0
2023-09-28T14:08:28.722000,0.545125,49.934463,-2.008,1
2023-09-29T01:22:07.450000,6.631163,53.664827,-0.385,1
2023-09-29T01:22:08.393000,6.621483,53.721808,-0.402,1
2023-09-29T01:22:09.337000,6.611787,53.778788,-0.366,0
2023-09-29T01:22:10.280000,6.602076,53.835766,-0.301,0
2023-09-29T01:22:11.223000,6.592349,53.892744,-0.271,0
2023-09-29T01:22:12.167000,6.582606,53.949721,-0.189,0
2023-09-29T01:22:13.110000,6.572847,54.006698,-0.188,0
2023-09-29T01:22:14.054000,6.563073,54.063673,-0.143,0
2023-09-29T01:22:14.997000,6.553282,54.120648,-0.099,0
2023-09-29T01:22:15.941000,6.543476,54.177622,-0.075,0
2023-09-29T01:22:16.884000,6.533653,54.234594,-0.03,0
2023-09-29T01:22:17.828000,6.523814,54.291566,0.01,0
2023-09-29T01:22:18.771000,6.513959,54.348538,0.035,0
2023-09-29T01:22:19.714000,6.504088,54.405508,0.031,0
2023-09-29T01:22:20.658000,6.4942,54.462477,0.065,0
2023-09-29T01:22:21.601000,6.484295,54.519446,0.097,0
2023-09-29T01:22:22.545000,6.474374,54.576414,0.134,0
2023-09-29T01:22:23.488000,6.464436,54.633381,0.156,0
2023-09-29T01:22:24.432000,6.454481,54.690347,0.179,0
2023-09-29T01:22:25.375000,6.44451,54.747312,0.186,0
2023-09-29T01:22:26.318000,6.434522,54.804277,0.236,0
2023-09-29T01:22:27.262000,6.424516,54.86124,0.24,0
2023-09-29T01:22:28.205000,6.414494,54.918203,0.253,0
2023-09-29T01:22:29.149000,6.404454,54.975164,0.257,0
2023-09-29T01:22:30.092000,6.394397,55.032125,0.289,0
2023-09-29T01:22:31.036000,6.384323,55.089086,0.282,0
2023-09-29T01:22:31.979000,6.374231,55.146045,0.31,0
2023-09-29T01:22:32.923000,6.364122,55.203003,0.291,0
2023-09-29T01:22:33.866000,6.353995,55.25996,0.327,0
2023-09-29T01:22:34.809000,6.34385,55.316917,0.336,0
2023-09-29T01:22:35.753000,6.333688,55.373873,0.344,0
2023-09-29T01:22:36.696000,6.323507,55.430828,0.322,0
2023-09-29T01:22:37.640000,6.313309,55.487782,0.367,0
2023-09-29T01:22:38.583000,6.303093,55.544735,0.389,0
2023-09-29T01:22:39.527000,6.292858,55.601687,0.395,0
2023-09-29T01:22:40.470000,6.282605,55.658638,0.394,0
2023-09-29T01:22:41.413000,6.272334,55.715589,0.4,0
2023-09-29T01:22:42.357000,6.262045,55.772539,0.387,0
2023-09-29T01:22:43.300000,6.251737,55.829487,0.409,0
2023-09-29T01:22:44.244000,6.24141,55.886435,0.439,0
2023-09-29T01:22:45.187000,6.231065,55.943382,0.432,0
2023-09-30T14:04:54.482000,0.545944,55.973856,0.948,0
2023-09-30T14:04:55.426000,0.535586,55.916908,0.942,0
2023-09-30T14:04:56.369000,0.525247,55.85996,0.922,0
2023-09-30T14:04:57.313000,0.514926,55.803011,0.918,0
2023-09-30T14:04:58.256000,0.504624,55.746062,0.903,0
2023-09-30T14:04:59.200000,0.49434,55.689111,0.875,0
2023-09-30T14:05:00.143000,0.484075,55.63216,0.858,0
2023-09-30T14:05:01.087000,0.473828,55.575207,0.831,0
2023-09-30T14:05:02.030000,0.463599,55.518254,0.813,0
2023-09-30T14:05:02.973000,0.453389,55.4613,0.806,0
2023-09-30T14:05:03.917000,0.443196,55.404345,0.758,0
2023-09-30T14:05:04.860000,0.433022,55.347389,0.731,0
2023-09-30T14:05:05.804000,0.422865,55.290432,0.703,0
2023-09-30T14:05:06.747000,0.412726,55.233474,0.667,0
2023-09-30T14:05:07.691000,0.402604,55.176516,0.666,0
2023-09-30T14:05:08.634000,0.392501,55.119556,0.606,0
2023-09-30T14:05:09.577000,0.382414,55.062596,0.57,0
2023-09-30T14:05:10.521000,0.372345,55.005635,0.53,0
2023-09-30T14:05:11.464000,0.362294,54.948673,0.482,0
2023-09-30T14:05:12.408000,0.35226,54.89171,0.438,0
2023-09-30T14:05:13.351000,0.342243,54.834746,0.393,0
2023-09-30T14:05:14.295000,0.332242,54.777782,0.339,0
2023-09-30T14:05:15.238000,0.322259,54.720816,0.282,0
2023-09-30T14:05:16.182000,0.312293,54.66385,0.238,0
2023-09-30T14:05:17.125000,0.302344,54.606883,0.181,0
2023-09-30T14:05:18.068000,0.292411,54.549915,0.124,0
2023-09-30T14:05:19.012000,0.282495,54.492946,0.06,0
2023-09-30T14:05:19.955000,0.272596,54.435976,-0.004,0
2023-09-30T14:05:20.899000,0.262713,54.379006,-0.064,0
2023-09-30T14:05:21.842000,0.252846,54.322034,-0.14,0
2023-09-30T14:05:22.786000,0.242996,54.265062,-0.223,0
2023-09-30T14:05:23.729000,0.233162,54.208089,-0.328,0
2023-09-30T14:05:24.672000,0.223345,54.151115,-0.406,0
2023-09-30T14:05:25.616000,0.213543,54.09414,-0.5,0
2023-09-30T14:05:26.559000,0.203758,54.037164,-0.622,0
2023-09-30T14:05:27.503000,0.193988,53.980188,-0.691,0
2023-09-30T14:05:28.446000,0.184234,53.92321,-0.796,0
2023-09-30T14:05:29.390000,0.174496,53.866232,-0.876,0
2023-09-30T14:05:30.333000,0.164774,53.809253,-0.978,1
2023-09-30T14:05:31.277000,0.155067,53.752273,-1.085,1
2023-09-30T14:06:21.279000,-0.338812,50.731159,1.236,1
2023-09-30T14:06:22.222000,-0.347774,50.674136,1.161,0
2023-09-30T14:06:23.166000,-0.356724,50.617111,1.064,0
2023-09-30T14:06:24.109000,-0.365661,50.560085,0.989,0
2023-09-30T14:06:25.052000,-0.374587,50.503059,0.92,0
2023-09-30T14:06:25.996000,-0.3835,50.446032,0.795,0
2023-09-30T14:06:26.939000,-0.392402,50.389004,0.682,0
2023-09-30T14:06:27.883000,-0.401292,50.331975,0.54,0
2023-09-30T14:06:28.826000,-0.41017,50.274946,0.431,0
2023-09-30T14:06:29.770000,-0.419036,50.217916,0.275,0
2023-09-30T14:06:30.713000,-0.427891,50.160885,0.205,0
2023-09-30T14:06:31.657000,-0.436733,50.103853,0.07,0
2023-09-30T14:06:32.600000,-0.445565,50.04682,-0.042,0
2023-09-30T14:06:33.543000,-0.454384,49.989787,-0.147,0
2023-09-30T14:06:34.487000,-0.463192,49.932753,-0.298,0
2023-09-30T14:06:35.430000,-0.471989,49.875718,-0.403,0
2023-09-30T14:06:36.374000,-0.480774,49.818682,-0.472,0
2023-09-30T14:06:37.317000,-0.489548,49.761645,-0.571,0
2023-09-30T14:06:38.261000,-0.498311,49.704608,-0.626,0
2023-10-01T01:20:11.328000,5.63982,53.55511,-0.481,1
2023-10-01T01:20:12.271000,5.630167,53.612095,-0.442,0
2023-10-01T01:20:13.215000,5.620499,53.669079,-0.389,0
2023-10-01T01:20:14.158000,5.610815,53.726063,-0.394,0
2023-10-01T01:20:15.102000,5.601115,53.783045,-0.264,1
2023-10-01T01:20:16.045000,5.5914,53.840027,-0.362,0
2023-10-01T01:20:16.989000,5.581669,53.897008,-0.303,0
2023-10-01T01:20:17.932000,5.571923,53.953987,-0.268,0
2023-10-01T01:20:18.875000,5.56216,54.010966,-0.258,0
2023-10-01T01:20:19.819000,5.552382,54.067945,-0.21,0
2023-10-01T01:20:20.762000,5.542588,54.124922,-0.169,0
2023-10-01T01:20:21.706000,5.532777,54.181899,-0.152,0
2023-10-01T01:20:22.649000,5.522951,54.238874,-0.129,0
2023-10-01T01:20:23.593000,5.513108,54.295849,-0.084,0
2023-10-01T01:20:24.536000,5.503249,54.352823,-0.062,0
2023-10-01T01:20:25.479000,5.493374,54.409796,0.004,0
2023-10-01T01:20:26.423000,5.483482,54.466769,0.026,0
2023-10-01T01:20:27.366000,5.473573,54.52374,0.05,0
2023-10-01T01:20:28.310000,5.463648,54.580711,0.074,0
2023-10-01T01:20:29.253000,5.453707,54.637681,0.087,0
2023-10-01T01:20:30.197000,5.443748,54.694649,0.104,0
2023-10-01T01:20:31.140000,5.433773,54.751617,0.121,0
2023-10-01T01:20:32.084000,5.42378,54.808585,0.165,0
2023-10-01T01:20:33.027000,5.413771,54.865551,0.192,0
2023-10-01T01:20:33.970000,5.403745,54.922516,0.21,0
2023-10-01T01:20:34.914000,5.393701,54.979481,0.193,0
2023-10-01T01:20:35.857000,5.38364,55.036445,0.213,0
2023-10-01T01:20:36.801000,5.373561,55.093407,0.246,0
2023-10-01T01:20:37.744000,5.363466,55.150369,0.253,0
2023-10-01T01:20:38.688000,5.353352,55.20733,0.265,0
2023-10-01T01:20:39.631000,5.343221,55.264291,0.255,0
2023-10-01T01:20:40.574000,5.333073,55.32125,0.268,0
2023-10-01T01:20:41.518000,5.322906,55.378208,0.229,0
2023-10-01T01:20:42.461000,5.312722,55.435166,0.255,0
2023-10-01T01:20:43.405000,5.302519,55.492123,0.243,0
2023-10-01T01:20:44.348000,5.292299,55.549079,0.256,0
2023-10-01T01:20:45.292000,5.28206,55.606034,0.276,0
2023-10-01T01:20:46.235000,5.271803,55.662988,0.294,0
2023-10-01T01:20:47.179000,5.261528,55.719941,0.285,0
2023-10-01T01:20:48.122000,5.251234,55.776893,0.295,0
2023-10-01T01:20:49.065000,5.240922,55.833845,0.283,0
2023-10-01T01:20:50.009000,5.230591,55.890795,0.306,0
2023-10-01T01:20:50.952000,5.220241,55.947745,0.301,0
2023-10-02T14:03:00.248000,-0.464396,55.959683,0.422,0
2023-10-02T14:03:01.191000,-0.47475,55.902739,0.396,0
2023-10-02T14:03:02.134000,-0.485086,55.845793,0.348,0
2023-10-02T14:03:03.078000,-0.495402,55.788847,0.307,0
2023-10-02T14:03:04.021000,-0.5057,55.7319,0.267,0
2023-10-02T14:03:04.965000,-0.51598,55.674952,0.225,0
2023-10-02T14:03:05.908000,-0.526241,55.618003,0.188,0
2023-10-02T14:03:06.852000,-0.536484,55.561053,0.181,0
2023-10-02T14:03:07.795000,-0.546709,55.504102,0.1,0
2023-10-02T14:03:08.738000,-0.556916,55.447151,0.068,0
2023-10-02T14:03:09.682000,-0.567105,55.390198,0.032,0
2023-10-02T14:03:10.625000,-0.577275,55.333245,-0.049,0
2023-10-02T14:03:11.569000,-0.587429,55.276291,-0.086,0
2023-10-02T14:03:12.512000,-0.597564,55.219336,-0.138,0
2023-10-02T14:03:13.456000,-0.607681,55.16238,-0.185,0
2023-10-02T14:03:14.399000,-0.617781,55.105423,-0.244,0
2023-10-02T14:03:15.343000,-0.627864,55.048465,-0.306,0
2023-10-02T14:03:16.286000,-0.637929,54.991507,-0.345,0
2023-10-02T14:03:17.229000,-0.647977,54.934547,-0.41,0
2023-10-02T14:03:18.173000,-0.658008,54.877587,-0.461,0
2023-10-02T14:03:19.116000,-0.668021,54.820626,-0.522,0
2023-10-02T14:03:20.060000,-0.678018,54.763664,-0.586,0
2023-10-02T14:03:21.003000,-0.687997,54.706701,-0.626,0
2023-10-02T14:04:29.874000,-1.3757,50.546173,0.967,1
2023-10-02T14:04:30.817000,-1.384623,50.48915,0.872,1
2023-10-02T14:04:31.761000,-1.393535,50.432125,0.749,0
2023-10-02T14:04:32.704000,-1.402434,50.3751,0.654,0
2023-10-02T14:04:33.648000,-1.411321,50.318075,0.514,0
2023-10-02T14:04:34.591000,-1.420197,50.261048,0.394,0
2023-10-02T14:04:35.535000,-1.429061,50.204021,0.282,0
2023-10-02T14:04:36.478000,-1.437913,50.146993,0.15,0
2023-10-02T14:04:37.422000,-1.446753,50.089964,0.015,0
2023-10-02T14:04:38.365000,-1.455582,50.032934,-0.127,0
2023-10-02T14:04:39.308000,-1.464399,49.975904,-0.269,0
2023-10-02T14:04:40.252000,-1.473205,49.918873,-0.419,0
2023-10-02T14:04:41.195000,-1.481999,49.861841,-0.571,0
2023-10-02T14:04:42.139000,-1.490782,49.804808,-0.74,1
2023-10-02T14:04:43.082000,-1.499554,49.747774,-0.93,1
2023-10-03T01:18:10.489000,4.695942,53.173817,-0.537,1
2023-10-03T01:18:11.432000,4.686389,53.23081,-0.507,1
2023-10-03T01:18:13.319000,4.667239,53.344794,-0.387,0
2023-10-03T01:18:14.263000,4.657642,53.401784,-0.317,0
2023-10-03T01:18:15.206000,4.648029,53.458774,-0.242,0
2023-10-03T01:18:16.150000,4.638401,53.515763,-0.235,0
2023-10-03T01:18:17.093000,4.628758,53.572751,-0.187,0
2023-10-03T01:18:18.036000,4.6191,53.629739,-0.168,0
2023-10-03T01:18:18.980000,4.609426,53.686725,-0.143,0
2023-10-03T01:18:19.923000,4.599737,53.743711,-0.104,0
2023-10-03T01:18:20.867000,4.590032,53.800695,-0.076,0
2023-10-03T01:18:21.810000,4.580311,53.857679,-0.07,0
2023-10-03T01:18:22.754000,4.570575,53.914662,-0.073,0
2023-10-03T01:18:23.697000,4.560823,53.971645,-0.071,0
2023-10-03T01:18:24.640000,4.551055,54.028626,-0.103,0
2023-10-03T01:18:25.584000,4.541271,54.085606,-0.061,0
2023-10-03T01:18:26.527000,4.531471,54.142586,-0.011,0
2023-10-03T01:18:27.471000,4.521655,54.199565,-0.044,0
2023-10-03T01:18:28.414000,4.511823,54.256543,-0.001,0
2023-10-03T01:18:29.358000,4.501975,54.31352,-0.005,0
2023-10-03T01:18:30.301000,4.49211,54.370496,0.021,0
2023-10-03T01:18:31.244000,4.482229,54.427472,-0.028,0
2023-10-03T01:18:32.188000,4.472332,54.484446,0.019,0
2023-10-03T01:18:33.131000,4.462418,54.54142,0.02,0
2023-10-03T01:18:34.075000,4.452487,54.598392,-0.005,0
2023-10-03T01:18:35.018000,4.442539,54.655364,0.009,0
2023-10-03T01:18:35.962000,4.432575,54.712335,0.016,0
2023-10-03T01:18:36.905000,4.422594,54.769306,-0.014,0
2023-10-03T01:18:37.849000,4.412596,54.826275,0.028,0
2023-10-03T01:18:38.792000,4.40258,54.883243,0.009,0
2023-10-03T01:18:39.735000,4.392548,54.940211,-0.01,0
2023-10-03T01:18:40.679000,4.382498,54.997178,-0.005,0
2023-10-03T01:18:41.622000,4.372431,55.054144,0.007,0
2023-10-03T01:18:42.566000,4.362347,55.111109,-0.012,0
2023-10-03T01:18:43.509000,4.352245,55.168073,-0.008,0
2023-10-03T01:18:44.453000,4.342125,55.225036,-0.027,0
2023-10-03T01:18:45.396000,4.331988,55.281999,0.0,0
2023-10-03T01:18:46.339000,4.321834,55.33896,0.011,0
2023-10-03T01:18:47.283000,4.311661,55.395921,0.03,0
2023-10-03T01:18:48.226000,4.30147,55.45288,0.043,0
2023-10-03T01:18:49.170000,4.291262,55.509839,0.075,0
2023-10-03T01:18:50.113000,4.281035,55.566797,0.057,0
2023-10-03T01:18:51.057000,4.27079,55.623754,0.088,0
2023-10-03T01:18:52.000000,4.260527,55.68071,0.114,0
2023-10-03T01:18:52.944000,4.250245,55.737666,0.099,0
2023-10-03T01:18:53.887000,4.239945,55.79462,0.134,0
2023-10-03T01:18:54.830000,4.229626,55.851574,0.144,0
2023-10-03T01:18:55.774000,4.219289,55.908526,0.132,0
2023-10-03T01:18:56.717000,4.208933,55.965478,0.156,0
2023-10-04T14:01:06.013000,-1.477261,55.931921,-0.416,0
2023-10-04T14:01:06.956000,-1.487605,55.874979,-0.474,0
2023-10-04T14:01:07.899000,-1.49793,55.818036,-0.521,0
2023-10-04T14:01:08.843000,-1.508237,55.761092,-0.553,0
2023-10-04T14:01:09.786000,-1.518525,55.704148,-0.619,1
2023-10-04T14:01:10.730000,-1.528794,55.647202,-0.654,1
2023-10-04T14:01:11.673000,-1.539046,55.590256,-0.714,1
2023-10-04T14:02:36.583000,-2.396699,50.461664,-0.78,1
2023-10-04T14:02:37.526000,-2.405604,50.404642,-0.785,1
2023-10-04T14:02:38.469000,-2.414497,50.347621,-0.774,0
2023-10-05T01:15:56.442000,3.883287,51.986363,-0.284,1
2023-10-05T01:15:57.385000,3.87403,52.043374,-0.321,1
2023-10-05T01:15:58.329000,3.86476,52.100385,-0.305,0
2023-10-05T01:15:59.272000,3.855476,52.157394,-0.235,0
2023-10-05T01:16:00.215000,3.846179,52.214403,-0.236,0
2023-10-05T01:16:01.159000,3.836868,52.271411,-0.232,0
2023-10-05T01:16:02.102000,3.827543,52.328418,-0.185,0
2023-10-05T01:16:03.046000,3.818204,52.385424,-0.17,0
2023-10-05T01:16:03.989000,3.808851,52.442429,-0.134,0
2023-10-05T01:16:04.933000,3.799485,52.499434,-0.112,0
2023-10-05T01:16:05.876000,3.790104,52.556437,-0.092,0
2023-10-05T01:16:06.820000,3.780709,52.61344,-0.033,0
2023-10-05T01:16:07.763000,3.7713,52.670442,-0.008,0
2023-10-05T01:16:09.650000,3.75244,52.784444,0.032,0
2023-10-05T01:16:10.593000,3.742988,52.841443,0.061,0
2023-10-05T01:16:11.537000,3.733521,52.898442,0.107,0
2023-10-05T01:16:12.480000,3.724041,52.95544,0.118,0
2023-10-05T01:16:13.424000,3.714545,53.012437,0.137,0
2023-10-05T01:16:14.367000,3.705035,53.069433,0.165,0
2023-10-05T01:16:15.310000,3.695511,53.126428,0.159,0
2023-10-05T01:16:16.254000,3.685971,53.183423,0.146,0
2023-10-05T01:16:17.197000,3.676417,53.240417,0.172,0
2023-10-05T01:16:18.141000,3.666848,53.29741,0.195,0
2023-10-05T01:16:19.084000,3.657263,53.354401,0.171,0
2023-10-05T01:16:20.028000,3.647664,53.411393,0.176,0
2023-10-05T01:16:20.971000,3.63805,53.468383,0.202,0
2023-10-05T01:16:21.915000,3.62842,53.525372,0.146,0
2023-10-05T01:16:22.858000,3.618775,53.582361,0.156,0
2023-10-05T01:16:23.801000,3.609115,53.639349,0.191,0
2023-10-05T01:16:24.745000,3.599439,53.696336,0.179,0
2023-10-05T01:16:25.688000,3.589748,53.753322,0.19,0
2023-10-05T01:16:26.632000,3.580041,53.810307,0.166,0
2023-10-05T01:16:27.575000,3.570319,53.867291,0.143,0
2023-10-05T01:16:28.519000,3.560581,53.924275,0.157,0
2023-10-05T01:16:29.462000,3.550827,53.981257,0.135,0
2023-10-05T01:16:30.405000,3.541057,54.038239,0.119,0
2023-10-05T01:16:31.349000,3.531271,54.09522,0.139,0
2023-10-05T01:16:32.292000,3.521469,54.1522,0.113,0
2023-10-05T01:16:33.236000,3.511652,54.209179,0.098,0
2023-10-05T01:16:34.179000,3.501818,54.266158,0.095,0
2023-10-05T01:16:35.123000,3.491967,54.323135,0.088,0
2023-10-05T01:16:36.066000,3.482101,54.380112,0.061,0
2023-10-05T01:16:37.010000,3.472217,54.437088,0.066,0
2023-10-05T01:16:37.953000,3.462318,54.494062,0.011,0
2023-10-05T01:16:38.896000,3.452402,54.551037,0.036,0
2023-10-05T01:16:39.840000,3.442469,54.60801,0.017,0
2023-10-05T01:16:40.783000,3.432519,54.664982,-0.042,0
2023-10-05T01:16:41.727000,3.422553,54.721953,-0.032,0
2023-10-05T01:16:42.670000,3.41257,54.778924,-0.067,0
2023-10-05T01:16:43.614000,3.40257,54.835894,-0.068,0
2023-10-05T01:16:44.557000,3.392552,54.892863,-0.032,0
2023-10-05T01:16:45.500000,3.382518,54.949831,-0.05,0
2023-10-05T01:16:46.444000,3.372466,55.006798,-0.076,0
2023-10-05T01:16:47.387000,3.362397,55.063764,-0.105,0
2023-10-05T01:16:48.331000,3.35231,55.120729,-0.079,0
2023-10-05T01:16:49.274000,3.342206,55.177694,-0.117,0
2023-10-05T01:16:50.218000,3.332085,55.234657,-0.126,0
2023-10-05T01:16:51.161000,3.321946,55.29162,-0.124,0
2023-10-05T01:16:52.105000,3.311789,55.348582,-0.169,0
2023-10-05T01:16:53.048000,3.301614,55.405543,-0.149,0
2023-10-05T01:16:53.991000,3.291421,55.462503,-0.17,0
2023-10-05T01:16:54.935000,3.28121,55.519462,-0.171,0
2023-10-05T01:16:55.878000,3.270981,55.57642,-0.173,0
2023-10-05T01:16:56.822000,3.260734,55.633378,-0.2,0
2023-10-05T01:16:57.765000,3.250469,55.690334,-0.2,0
2023-10-05T01:16:58.709000,3.240185,55.74729,-0.177,0
2023-10-05T01:16:59.652000,3.229882,55.804244,-0.182,0
2023-10-05T01:17:00.595000,3.219561,55.861198,-0.176,0
2023-10-05T01:17:01.539000,3.209222,55.918151,-0.149,0
2023-10-05T01:17:02.482000,3.198863,55.975103,-0.157,0
2023-10-07T01:13:52.772000,2.972335,51.343344,-0.087,1
2023-10-07T01:13:53.716000,2.963227,51.400366,-0.034,1
2023-10-07T01:13:54.659000,2.954106,51.457387,-0.023,0
2023-10-07T01:13:55.603000,2.944972,51.514407,0.006,0
2023-10-07T01:13:56.546000,2.935826,51.571427,0.055,0
2023-10-07T01:13:57.490000,2.926666,51.628446,0.106,0
2023-10-07T01:13:58.433000,2.917494,51.685464,0.158,0
2023-10-07T01:13:59.376000,2.908308,51.742481,0.192,0
2023-10-07T01:14:00.320000,2.899109,51.799497,0.234,0
2023-10-07T01:14:01.263000,2.889896,51.856513,0.288,0
2023-10-07T01:14:02.207000,2.880671,51.913527,0.319,0
2023-10-07T01:14:03.150000,2.871432,51.970541,0.317,0
2023-10-07T01:14:04.094000,2.862179,52.027554,0.421,0
2023-10-07T01:14:05.981000,2.843633,52.141577,0.489,0
2023-10-07T01:14:06.924000,2.83434,52.198588,0.538,0
2023-10-07T01:14:07.867000,2.825033,52.255598,0.561,0
2023-10-07T01:14:08.811000,2.815713,52.312607,0.614,0
2023-10-07T01:14:09.754000,2.806378,52.369614,0.615,0
2023-10-07T01:14:10.698000,2.79703,52.426622,0.688,0
2023-10-07T01:14:11.641000,2.787667,52.483628,0.696,0
2023-10-07T01:14:12.585000,2.778291,52.540634,0.749,0
2023-10-07T01:14:13.528000,2.7689,52.597638,0.756,0
2023-10-07T01:14:14.471000,2.759496,52.654642,0.75,0
2023-10-07T01:14:15.415000,2.750077,52.711645,0.781,0
2023-10-07T01:14:16.358000,2.740644,52.768647,0.779,0
2023-10-07T01:14:17.302000,2.731196,52.825649,0.807,0
2023-10-07T01:14:18.245000,2.721735,52.882649,0.808,0
2023-10-07T01:14:19.189000,2.712258,52.939649,0.821,0
2023-10-07T01:14:20.132000,2.702767,52.996648,0.824,0
2023-10-07T01:14:21.076000,2.693262,53.053645,0.826,0
2023-10-07T01:14:22.019000,2.683742,53.110643,0.842,0
2023-10-07T01:14:22.962000,2.674207,53.167639,0.842,0
2023-10-07T01:14:23.906000,2.664657,53.224634,0.827,0
2023-10-07T01:14:24.849000,2.655092,53.281629,0.848,0
2023-10-07T01:14:25.793000,2.645512,53.338623,0.856,0
2023-10-07T01:14:26.736000,2.635918,53.395616,0.826,0
2023-10-07T01:14:27.680000,2.626308,53.452608,0.853,0
2023-10-07T01:14:28.623000,2.616683,53.509599,0.855,0
2023-10-07T01:14:29.566000,2.607043,53.566589,0.842,0
2023-10-07T01:14:30.510000,2.597387,53.623579,0.81,0
2023-10-07T01:14:31.453000,2.587716,53.680567,0.779,0
2023-10-07T01:14:32.397000,2.57803,53.737555,0.746,0
2023-10-07T01:14:33.340000,2.568328,53.794542,0.758,0
2023-10-07T01:14:34.284000,2.55861,53.851528,0.745,0
2023-10-07T01:14:35.227000,2.548877,53.908513,0.734,0
2023-10-07T01:14:36.171000,2.539128,53.965498,0.684,0
2023-10-07T01:14:37.114000,2.529363,54.022481,0.682,0
2023-10-07T01:14:38.057000,2.519582,54.079464,0.645,0
2023-10-07T01:14:39.001000,2.509785,54.136446,0.601,0
2023-10-07T01:14:39.944000,2.499972,54.193427,0.604,0
2023-10-07T01:14:40.888000,2.490143,54.250407,0.554,0
2023-10-07T01:14:41.831000,2.480297,54.307386,0.515,0
2023-10-07T01:14:42.775000,2.470436,54.364364,0.548,0
2023-10-07T01:14:43.718000,2.460558,54.421342,0.517,0
2023-10-07T01:14:44.661000,2.450663,54.478318,0.476,0
2023-10-07T01:14:45.605000,2.440752,54.535294,0.483,0
2023-10-07T01:14:46.548000,2.430824,54.592269,0.475,0
2023-10-07T01:14:47.492000,2.42088,54.649243,0.459,0
2023-10-07T01:14:48.435000,2.410919,54.706216,0.441,0
2023-10-07T01:14:49.379000,2.400941,54.763188,0.444,0
2023-10-07T01:14:50.322000,2.390945,54.82016,0.41,0
2023-10-07T01:14:51.266000,2.380933,54.87713,0.406,0
2023-10-07T01:14:52.209000,2.370904,54.9341,0.392,0
2023-10-07T01:14:53.152000,2.360857,54.991068,0.395,0
2023-10-07T01:14:54.096000,2.350794,55.048036,0.36,0
2023-10-07T01:14:55.039000,2.340713,55.105003,0.346,0
2023-10-07T01:14:55.983000,2.330614,55.161969,0.356,0
2023-10-07T01:14:56.926000,2.320498,55.218934,0.343,0
2023-10-07T01:14:57.870000,2.310364,55.275899,0.332,0
2023-10-07T01:14:58.813000,2.300212,55.332862,0.325,0
2023-10-07T01:14:59.756000,2.290043,55.389825,0.327,0
2023-10-07T01:15:00.700000,2.279855,55.446786,0.287,0
2023-10-07T01:15:01.643000,2.26965,55.503747,0.306,0
2023-10-07T01:15:02.587000,2.259427,55.560707,0.286,0
2023-10-07T01:15:03.530000,2.249185,55.617666,0.26,0
2023-10-07T01:15:04.474000,2.238925,55.674624,0.284,0
2023-10-07T01:15:05.417000,2.228647,55.731581,0.276,0
2023-10-07T01:15:06.361000,2.21835,55.788538,0.262,0
2023-10-07T01:15:07.304000,2.208035,55.845493,0.262,0
2023-10-07T01:15:08.247000,2.197701,55.902448,0.274,0
2023-10-07T01:15:09.191000,2.187348,55.959401,0.266,0
2023-10-09T01:11:55.707000,1.9946,51.11763,-0.995,1
2023-10-09T01:11:56.651000,1.985542,51.174656,-0.989,0
2023-10-09T01:11:57.594000,1.976471,51.231682,-0.933,0
2023-10-09T01:11:58.537000,1.967387,51.288706,-0.91,0
2023-10-09T01:11:59.481000,1.958291,51.34573,-0.886,0
2023-10-09T01:12:00.424000,1.949182,51.402753,-0.866,0
2023-10-09T01:12:01.368000,1.94006,51.459775,-0.842,0
2023-10-09T01:12:02.311000,1.930925,51.516797,-0.818,0
2023-10-09T01:12:03.255000,1.921778,51.573817,-0.749,0
2023-10-09T01:12:04.198000,1.912617,51.630837,-0.736,0
2023-10-09T01:12:05.142000,1.903443,51.687856,-0.679,0
2023-10-09T01:12:06.085000,1.894256,51.744874,-0.638,0
2023-10-09T01:12:07.028000,1.885056,51.801891,-0.618,0
2023-10-09T01:12:07.972000,1.875842,51.858908,-0.55,0
2023-10-09T01:12:08.915000,1.866616,51.915923,-0.522,0
2023-10-09T01:12:09.859000,1.857375,51.972938,-0.474,0
2023-10-09T01:12:10.802000,1.848122,52.029952,-0.448,0
2023-10-09T01:12:11.746000,1.838854,52.086965,-0.371,0
2023-10-09T01:12:12.689000,1.829574,52.143977,-0.347,0
2023-10-09T01:12:13.632000,1.820279,52.200989,-0.299,1
2023-10-09T01:12:14.576000,1.810971,52.258,-0.245,1
2023-10-09T01:12:15.519000,1.801649,52.315009,-0.22,1
2023-10-09T01:12:16.463000,1.792314,52.372018,-0.186,1
2023-10-09T01:12:23.067000,1.726571,52.771057,0.411,1
2023-10-09T01:12:24.010000,1.717122,52.82806,0.482,1
2023-10-09T01:12:24.954000,1.707659,52.885061,0.517,1
2023-10-09T01:12:25.897000,1.698182,52.942062,0.537,0
2023-10-09T01:12:26.841000,1.68869,52.999061,0.649,0
2023-10-09T01:12:27.784000,1.679183,53.05606,0.659,0
2023-10-09T01:12:28.727000,1.669661,53.113058,0.679,0
2023-10-09T01:12:29.671000,1.660125,53.170055,0.682,0
2023-10-09T01:12:30.614000,1.650574,53.227052,0.711,0
2023-10-09T01:12:31.558000,1.641008,53.284047,0.735,0
2023-10-09T01:12:32.501000,1.631427,53.341042,0.716,0
2023-10-09T01:12:33.445000,1.621831,53.398035,0.758,0
2023-10-09T01:12:34.388000,1.61222,53.455028,0.728,0
2023-10-09T01:12:35.332000,1.602594,53.51202,0.755,0
2023-10-09T01:12:36.275000,1.592952,53.569012,0.786,0
2023-10-09T01:12:37.218000,1.583295,53.626002,0.807,0
2023-10-09T01:12:38.162000,1.573623,53.682991,0.79,0
2023-10-09T01:12:39.105000,1.563935,53.73998,0.844,0
2023-10-09T01:12:40.049000,1.554232,53.796968,0.838,0
2023-10-09T01:12:40.992000,1.544513,53.853955,0.828,0
2023-10-09T01:12:41.936000,1.534779,53.910941,0.821,0
2023-10-09T01:12:42.879000,1.525028,53.967926,0.76,0
2023-10-09T01:12:43.822000,1.515262,54.02491,0.805,0
2023-10-09T01:12:44.766000,1.50548,54.081894,0.815,0
2023-10-09T01:12:45.709000,1.495682,54.138876,0.802,0
2023-10-09T01:12:46.653000,1.485867,54.195858,0.776,0
2023-10-09T01:12:47.596000,1.476037,54.252839,0.765,0
2023-10-09T01:12:48.540000,1.46619,54.309819,0.787,0
2023-10-09T01:12:49.483000,1.456327,54.366798,0.762,0
2023-10-09T01:12:50.427000,1.446448,54.423776,0.754,0
2023-10-09T01:12:51.370000,1.436552,54.480753,0.756,0
2023-10-09T01:12:52.313000,1.426639,54.53773,0.719,0
2023-10-09T01:12:53.257000,1.41671,54.594706,0.721,0
2023-10-09T01:12:54.200000,1.406764,54.65168,0.717,0
2023-10-09T01:12:55.144000,1.396802,54.708654,0.722,0
2023-10-09T01:12:56.087000,1.386822,54.765627,0.703,0
2023-10-09T01:12:57.031000,1.376826,54.822599,0.662,0
2023-10-09T01:12:57.974000,1.366812,54.87957,0.685,0
2023-10-09T01:12:58.917000,1.356781,54.936541,0.658,0
2023-10-09T01:12:59.861000,1.346734,54.99351,0.617,0
2023-10-09T01:13:00.804000,1.336668,55.050479,0.588,0
2023-10-09T01:13:01.748000,1.326586,55.107447,0.575,0
2023-10-09T01:13:02.691000,1.316486,55.164413,0.559,0
2023-10-09T01:13:03.635000,1.306368,55.221379,0.557,0
2023-10-09T01:13:04.578000,1.296233,55.278344,0.549,0
2023-10-09T01:13:05.521000,1.28608,55.335308,0.519,0
2023-10-09T01:13:06.465000,1.275909,55.392272,0.516,0
2023-10-09T01:13:07.408000,1.26572,55.449234,0.497,0
2023-10-09T01:13:08.352000,1.255513,55.506195,0.499,0
2023-10-09T01:13:09.295000,1.245288,55.563156,0.462,0
2023-10-09T01:13:10.239000,1.235045,55.620116,0.46,0
2023-10-09T01:13:11.182000,1.224784,55.677074,0.431,0
2023-10-09T01:13:12.126000,1.214504,55.734032,0.44,0
2023-10-09T01:13:13.069000,1.204206,55.790989,0.446,0
2023-10-09T01:13:14.012000,1.193889,55.847945,0.466,0
2023-10-09T01:13:14.956000,1.183554,55.9049,0.433,0
2023-10-09T01:13:15.899000,1.173199,55.961855,0.41,0
2023-10-09T13:06:56.618000,8.299772,55.272724,0.001,1
2023-10-09T13:06:57.561000,8.289642,55.215783,-0.012,1
2023-10-09T13:06:58.505000,8.279529,55.158842,-0.063,1
2023-10-09T13:06:59.448000,8.269434,55.101899,-0.08,1
2023-10-09T13:07:00.392000,8.259356,55.044956,-0.088,1
2023-10-09T13:07:01.335000,8.249296,54.988012,-0.066,1
2023-10-09T13:07:06.052000,8.199252,54.703279,-0.244,1
2023-10-09T13:07:07.939000,8.179353,54.58938,-0.256,1
2023-10-09T13:07:08.883000,8.169428,54.532429,-0.282,0
2023-10-09T13:07:09.826000,8.15952,54.475478,-0.343,0
2023-10-09T13:07:10.769000,8.149629,54.418525,-0.363,0
2023-10-09T13:07:11.713000,8.139754,54.361572,-0.35,0
2023-10-09T13:07:12.656000,8.129896,54.304618,-0.375,0
2023-10-09T13:07:13.600000,8.120054,54.247663,-0.405,0
2023-10-09T13:07:14.543000,8.110228,54.190707,-0.388,1
2023-10-09T13:07:15.487000,8.100418,54.13375,-0.398,1
2023-10-09T13:07:16.430000,8.090624,54.076793,-0.453,0
2023-10-09T13:07:17.373000,8.080846,54.019834,-0.462,0
2023-10-09T13:07:18.317000,8.071085,53.962875,-0.49,0
2023-10-09T13:07:19.260000,8.061339,53.905915,-0.482,1
2023-10-09T13:07:20.204000,8.051608,53.848954,-0.464,1
2023-10-11T01:09:45.434000,1.139538,50.113279,-1.304,1
2023-10-11T01:09:46.377000,1.130691,50.17032,-1.26,0
2023-10-11T01:09:47.321000,1.121833,50.22736,-1.208,0
2023-10-11T01:09:48.264000,1.112963,50.2844,-1.164,0
2023-10-11T01:09:49.208000,1.104082,50.341439,-1.118,0
2023-10-11T01:09:50.151000,1.095188,50.398476,-1.116,0
2023-10-11T01:09:51.094000,1.086283,50.455513,-1.02,0
2023-10-11T01:09:52.038000,1.077366,50.51255,-0.988,0
2023-10-11T01:09:52.981000,1.068437,50.569585,-0.908,0
2023-10-11T01:09:53.925000,1.059495,50.62662,-0.884,0
2023-10-11T01:09:54.868000,1.050542,50.683653,-0.864,0
2023-10-11T01:09:55.812000,1.041576,50.740686,-0.826,0
2023-10-11T01:09:56.755000,1.032599,50.797719,-0.78,1
2023-10-11T01:09:57.698000,1.023609,50.85475,-0.774,1
2023-10-11T01:10:08.076000,0.923894,51.48204,0.096,1
2023-10-11T01:10:34.492000,0.662817,53.078325,0.794,1
2023-10-11T01:10:35.436000,0.653289,53.135323,0.855,0
2023-10-11T01:10:36.379000,0.643745,53.192321,0.905,0
2023-10-11T01:10:37.323000,0.634186,53.249317,0.986,0
2023-10-11T01:10:38.266000,0.624613,53.306312,1.047,0
2023-10-11T01:10:39.210000,0.615024,53.363307,1.098,0
2023-10-11T01:10:40.153000,0.60542,53.4203,1.143,0
2023-10-11T01:10:41.097000,0.595801,53.477293,1.122,0
2023-10-11T01:10:42.040000,0.586167,53.534285,1.157,0
2023-10-11T01:10:42.983000,0.576518,53.591276,1.224,0
2023-10-11T01:10:43.927000,0.566854,53.648266,1.287,0
2023-10-11T01:10:44.870000,0.557173,53.705256,1.312,0
2023-10-11T01:10:45.814000,0.547478,53.762244,1.364,0
2023-10-11T01:10:46.757000,0.537766,53.819232,1.363,0
2023-10-11T01:10:47.701000,0.52804,53.876218,1.389,0
2023-10-11T01:10:48.644000,0.518297,53.933204,1.375,0
2023-10-11T01:10:49.587000,0.508539,53.990189,1.358,0
2023-10-11T01:10:50.531000,0.498764,54.047173,1.376,0
2023-10-11T01:10:51.474000,0.488974,54.104157,1.38,0
2023-10-11T01:10:52.418000,0.479168,54.161139,1.389,0
2023-10-11T01:10:53.361000,0.469345,54.218121,1.387,0
2023-10-11T01:10:54.305000,0.459506,54.275101,1.394,0
2023-10-11T01:10:55.248000,0.449652,54.332081,1.397,0
2023-10-11T01:10:56.192000,0.43978,54.38906,1.415,0
2023-10-11T01:10:57.135000,0.429893,54.446038,1.402,0
2023-10-11T01:10:58.078000,0.419988,54.503015,1.391,0
2023-10-11T01:10:59.022000,0.410067,54.559991,1.369,0
2023-10-11T01:10:59.965000,0.40013,54.616967,1.369,0
2023-10-11T01:11:00.909000,0.390176,54.673941,1.373,0
2023-10-11T01:11:01.852000,0.380205,54.730915,1.364,0
2023-10-11T01:11:02.796000,0.370217,54.787888,1.372,0
2023-10-11T01:11:03.739000,0.360211,54.84486,1.353,0
2023-10-11T01:11:04.682000,0.350189,54.901831,1.365,0
2023-10-11T01:11:05.626000,0.34015,54.958801,1.345,0
2023-10-11T01:11:06.569000,0.330093,55.01577,1.329,0
2023-10-11T01:11:07.513000,0.32002,55.072738,1.35,0
2023-10-11T01:11:08.456000,0.309928,55.129706,1.349,0
2023-10-11T01:11:09.400000,0.299819,55.186672,1.375,0
2023-10-11T01:11:10.343000,0.289693,55.243638,1.353,0
2023-10-11T01:11:11.287000,0.279549,55.300603,1.387,0
2023-10-11T01:11:12.230000,0.269387,55.357566,1.359,0
2023-10-11T01:11:13.173000,0.259207,55.414529,1.355,0
2023-10-11T01:11:14.117000,0.249009,55.471491,1.334,0
2023-10-11T01:11:15.060000,0.238793,55.528453,1.294,0
2023-10-11T01:11:16.004000,0.228559,55.585413,1.286,0
2023-10-11T01:11:16.947000,0.218307,55.642372,1.271,0
2023-10-11T01:11:17.891000,0.208036,55.699331,1.251,0
2023-10-11T01:11:18.834000,0.197748,55.756288,1.238,0
2023-10-11T01:11:19.777000,0.18744,55.813245,1.253,0
2023-10-11T01:11:20.721000,0.177114,55.870201,1.219,0
2023-10-11T01:11:21.664000,0.166769,55.927155,1.212,0
2023-10-11T01:11:22.608000,0.156406,55.984109,1.191,0
2023-10-11T13:04:52.005000,7.407836,55.932022,1.011,0
2023-10-11T13:04:52.949000,7.397493,55.875096,0.99,0
2023-10-11T13:04:53.892000,7.387169,55.818169,1.061,0
2023-10-11T13:04:54.835000,7.376863,55.761241,1.037,0
2023-10-11T13:04:55.779000,7.366576,55.704312,1.064,0
2023-10-11T13:04:56.722000,7.356307,55.647383,1.04,0
2023-10-11T13:04:57.666000,7.346057,55.590452,1.007,0
2023-10-11T13:04:58.609000,7.335825,55.533521,1.001,0
2023-10-11T13:04:59.553000,7.325611,55.476589,1.011,0
2023-10-11T13:05:00.496000,7.315414,55.419656,0.98,0
2023-10-11T13:05:01.439000,7.305236,55.362722,0.968,0
2023-10-11T13:05:02.383000,7.295076,55.305788,0.926,0
2023-10-11T13:05:03.326000,7.284934,55.248852,0.92,0
2023-10-11T13:05:04.270000,7.274809,55.191916,0.915,0
2023-10-11T13:05:05.213000,7.264702,55.134978,0.858,0
2023-10-11T13:05:06.157000,7.254612,55.07804,0.834,0
2023-10-11T13:05:07.100000,7.24454,55.021101,0.801,0
2023-10-11T13:05:08.044000,7.234485,54.964161,0.784,0
2023-10-11T13:05:08.987000,7.224447,54.907221,0.736,0
2023-10-11T13:05:09.930000,7.214427,54.850279,0.712,0
2023-10-11T13:05:10.874000,7.204423,54.793337,0.689,0
2023-10-11T13:05:11.817000,7.194437,54.736394,0.664,0
2023-10-11T13:05:12.761000,7.184467,54.679449,0.646,0
2023-10-11T13:05:13.704000,7.174515,54.622505,0.603,0
2023-10-11T13:05:14.648000,7.164579,54.565559,0.579,0
2023-10-11T13:05:15.591000,7.154659,54.508612,0.563,0
2023-10-11T13:05:16.534000,7.144757,54.451665,0.509,0
2023-10-11T13:05:17.478000,7.134871,54.394717,0.449,0
2023-10-11T13:05:18.421000,7.125001,54.337767,0.397,0
2023-10-11T13:05:19.365000,7.115147,54.280818,0.405,0
2023-10-11T13:05:20.308000,7.10531,54.223867,0.358,0
2023-10-11T13:05:21.252000,7.095489,54.166915,0.341,0
2023-10-11T13:05:22.195000,7.085685,54.109963,0.277,0
2023-10-11T13:05:23.139000,7.075896,54.05301,0.285,0
2023-10-11T13:05:24.082000,7.066123,53.996055,0.232,0
2023-10-11T13:05:25.025000,7.056366,53.939101,0.192,0
2023-10-11T13:05:25.969000,7.046625,53.882145,0.147,0
2023-10-11T13:05:26.912000,7.0369,53.825188,0.107,1
2023-10-11T13:05:27.856000,7.02719,53.768231,0.093,1
2023-10-13T01:07:46.482000,0.17487,49.812239,-0.968,1
2023-10-13T01:07:47.425000,0.166083,49.869284,-0.909,0
2023-10-13T01:07:48.369000,0.157284,49.926328,-0.801,0
2023-10-13T01:07:49.312000,0.148473,49.983372,-0.674,0
2023-10-13T01:07:50.255000,0.139651,50.040415,-0.607,0
2023-10-13T01:07:51.199000,0.130817,50.097457,-0.529,0
2023-10-13T01:07:52.142000,0.121972,50.154498,-0.452,0
2023-10-13T01:07:53.086000,0.113115,50.211539,-0.354,0
2023-10-13T01:07:54.029000,0.104246,50.268578,-0.272,0
2023-10-13T01:07:54.973000,0.095366,50.325617,-0.212,0
2023-10-13T01:07:55.916000,0.086474,50.382655,-0.142,0
2023-10-13T01:07:56.859000,0.077569,50.439692,-0.09,0
2023-10-13T01:07:57.803000,0.068653,50.496728,-0.008,0
2023-10-13T01:07:58.746000,0.059725,50.553764,0.016,0
2023-10-13T01:07:59.690000,0.050785,50.610798,0.102,0
2023-10-13T01:08:00.633000,0.041833,50.667832,0.127,1
2023-10-13T01:08:01.577000,0.032869,50.724865,0.183,1
2023-10-13T01:09:04.787000,-0.598533,54.544163,1.384,1
2023-10-13T01:09:05.730000,-0.608468,54.601139,1.364,1
2023-10-13T01:09:06.674000,-0.61842,54.658113,1.383,0
2023-10-13T01:09:07.617000,-0.628389,54.715086,1.386,0
2023-10-13T01:09:08.561000,-0.638375,54.772059,1.379,0
2023-10-13T01:09:09.504000,-0.648378,54.82903,1.396,0
2023-10-13T01:09:10.448000,-0.658398,54.886001,1.411,0
2023-10-13T01:09:11.391000,-0.668435,54.942971,1.431,0
2023-10-13T01:09:12.334000,-0.678489,54.99994,1.414,0
2023-10-13T01:09:13.278000,-0.688561,55.056908,1.426,0
2023-10-13T01:09:14.221000,-0.69865,55.113875,1.448,0
2023-10-13T01:09:15.165000,-0.708757,55.170841,1.453,0
2023-10-13T01:09:16.108000,-0.718881,55.227806,1.436,0
2023-10-13T01:09:17.052000,-0.729023,55.284771,1.455,0
2023-10-13T01:09:17.995000,-0.739183,55.341734,1.439,0
2023-10-13T01:09:18.938000,-0.74936,55.398697,1.453,0
2023-10-13T01:09:19.882000,-0.759556,55.455659,1.455,0
2023-10-13T01:09:20.825000,-0.769769,55.512619,1.47,0
2023-10-13T01:09:21.769000,-0.780001,55.569579,1.499,0
2023-10-13T01:09:22.712000,-0.790251,55.626538,1.503,0
2023-10-13T01:09:23.656000,-0.800519,55.683496,1.533,0
2023-10-13T01:09:24.599000,-0.810805,55.740454,1.526,0
2023-10-13T01:09:25.543000,-0.82111,55.79741,1.542,0
2023-10-13T01:09:26.486000,-0.831434,55.854365,1.528,0
2023-10-13T01:09:27.429000,-0.841776,55.91132,1.528,0
2023-10-13T01:09:28.373000,-0.852137,55.968273,1.523,0
2023-10-13T13:02:57.770000,6.401921,55.947213,0.612,0
2023-10-13T13:02:58.714000,6.391571,55.890292,0.623,0
2023-10-13T13:02:59.657000,6.381239,55.83337,0.604,0
2023-10-13T13:03:00.600000,6.370926,55.776447,0.574,0
2023-10-13T13:03:01.544000,6.360631,55.719523,0.568,0
2023-10-13T13:03:02.487000,6.350355,55.662599,0.574,0
2023-10-13T13:03:03.431000,6.340098,55.605673,0.564,0
2023-10-13T13:03:04.374000,6.329858,55.548747,0.567,0
2023-10-13T13:03:05.318000,6.319637,55.49182,0.553,0
2023-10-13T13:03:06.261000,6.309434,55.434892,0.526,0
2023-10-13T13:03:07.205000,6.299248,55.377963,0.512,0
2023-10-13T13:03:08.148000,6.289081,55.321034,0.514,0
2023-10-13T13:03:09.091000,6.278931,55.264103,0.49,0
2023-10-13T13:03:10.035000,6.2688,55.207172,0.494,0
2023-10-13T13:03:10.978000,6.258685,55.150239,0.492,0
2023-10-13T13:03:11.922000,6.248589,55.093306,0.502,0
2023-10-13T13:03:12.865000,6.238509,55.036372,0.506,0
2023-10-13T13:03:13.809000,6.228447,54.979437,0.483,0
2023-10-13T13:03:14.752000,6.218403,54.922502,0.454,0
2023-10-13T13:03:15.695000,6.208375,54.865565,0.477,0
2023-10-13T13:03:17.582000,6.188372,54.75169,0.486,0
2023-10-13T13:03:18.526000,6.178396,54.694751,0.427,0
2023-10-13T13:03:19.469000,6.168436,54.637811,0.395,0
2023-10-13T13:03:20.413000,6.158494,54.58087,0.382,0
2023-10-13T13:03:21.356000,6.148568,54.523928,0.38,0
2023-10-13T13:03:22.299000,6.138658,54.466986,0.357,0
2023-10-13T13:03:23.243000,6.128766,54.410043,0.325,0
2023-10-13T13:03:24.186000,6.118889,54.353099,0.246,0
2023-10-13T13:03:25.130000,6.109029,54.296154,0.24,0
2023-10-13T13:03:26.073000,6.099185,54.239208,0.198,0
2023-10-13T13:03:27.017000,6.089358,54.182261,0.134,0
2023-10-13T13:03:27.960000,6.079547,54.125314,0.094,0
2023-10-13T13:03:28.904000,6.069751,54.068366,0.043,0
2023-10-13T13:03:29.847000,6.059972,54.011417,0.011,0
2023-10-13T13:03:30.790000,6.050209,53.954467,-0.041,0
2023-10-13T13:03:31.734000,6.040461,53.897516,-0.093,0
2023-10-13T13:03:32.677000,6.030729,53.840565,-0.152,0
2023-10-13T13:03:33.621000,6.021013,53.783612,-0.189,0
2023-10-13T13:03:34.564000,6.011313,53.726659,-0.248,0
2023-10-13T13:03:35.508000,6.001628,53.669705,-0.317,0
2023-10-13T13:03:36.451000,5.991958,53.61275,-0.308,0
2023-10-13T13:03:37.394000,5.982304,53.555794,-0.356,1
2023-10-15T01:05:50.360000,-0.817448,49.701138,-0.248,0
2023-10-15T01:05:51.303000,-0.826216,49.758184,-0.259,0
2023-10-15T01:05:52.247000,-0.834994,49.815229,-0.167,0
2023-10-15T01:05:53.190000,-0.843784,49.872274,-0.129,0
2023-10-15T01:05:54.134000,-0.852586,49.929318,-0.074,0
2023-10-15T01:05:55.077000,-0.861399,49.98636,0.049,0
2023-10-15T01:05:56.020000,-0.870224,50.043403,0.164,0
2023-10-15T01:05:56.964000,-0.87906,50.100444,0.264,0
2023-10-15T01:05:57.907000,-0.887907,50.157484,0.338,0
2023-10-15T01:05:58.851000,-0.896767,50.214524,0.424,0
2023-10-15T01:05:59.794000,-0.905638,50.271563,0.562,0
2023-10-15T01:06:01.681000,-0.923416,50.385638,0.837,0
2023-10-15T01:06:02.624000,-0.932322,50.442675,0.928,0
2023-10-15T01:06:03.568000,-0.941241,50.49971,1.064,0
2023-10-15T01:06:04.511000,-0.950171,50.556745,1.206,0
2023-10-15T01:06:05.455000,-0.959114,50.613779,1.348,1
2023-10-15T01:06:06.398000,-0.968069,50.670812,1.457,1
2023-10-15T01:06:07.342000,-0.977036,50.727844,1.537,1
2023-10-15T01:07:30.364000,-1.820962,55.743346,1.645,1
2023-10-15T01:07:31.308000,-1.831271,55.800302,1.626,1
2023-10-15T01:07:32.251000,-1.841597,55.857256,1.693,1
2023-10-15T01:07:33.194000,-1.851943,55.914209,1.668,1
2023-10-15T01:07:34.138000,-1.862307,55.971161,1.655,0
2023-10-15T13:01:03.535000,5.393968,55.944196,0.743,0
2023-10-15T13:01:04.479000,5.383617,55.88728,0.73,0
2023-10-15T13:01:05.422000,5.373284,55.830363,0.701,0
2023-10-15T13:01:06.365000,5.36297,55.773445,0.662,0
2023-10-15T13:01:07.309000,5.352675,55.716526,0.661,0
2023-10-15T13:01:08.252000,5.342398,55.659606,0.695,0
2023-10-15T13:01:09.196000,5.33214,55.602685,0.615,0
2023-10-15T13:01:10.139000,5.321899,55.545764,0.652,0
2023-10-15T13:01:11.083000,5.311677,55.488842,0.575,0
2023-10-15T13:01:12.026000,5.301473,55.431918,0.56,0
2023-10-15T13:01:12.970000,5.291287,55.374994,0.526,0
2023-10-15T13:01:13.913000,5.281119,55.318069,0.483,0
2023-10-15T13:01:14.856000,5.270969,55.261144,0.552,0
2023-10-15T13:01:15.800000,5.260836,55.204217,0.567,0
2023-10-15T13:01:16.743000,5.250721,55.147289,0.583,0
2023-10-15T13:01:17.687000,5.240623,55.090361,0.594,0
2023-10-15T13:01:18.630000,5.230543,55.033432,0.587,0
2023-10-15T13:01:19.574000,5.220481,54.976502,0.503,0
2023-10-15T13:01:20.517000,5.210435,54.919571,0.54,0
2023-10-15T13:01:21.460000,5.200407,54.862639,0.474,0
2023-10-15T13:01:22.404000,5.190396,54.805707,0.461,0
2023-10-15T13:01:23.347000,5.180402,54.748773,0.449,0
2023-10-15T13:01:24.291000,5.170425,54.691839,0.421,0
2023-10-15T13:01:25.234000,5.160465,54.634904,0.382,0
2023-10-15T13:01:26.178000,5.150521,54.577968,0.323,0
2023-10-15T13:01:27.121000,5.140594,54.521031,0.386,0
2023-10-15T13:01:28.065000,5.130684,54.464093,0.357,0
2023-10-15T13:01:29.008000,5.120791,54.407155,0.304,0
2023-10-15T13:01:29.951000,5.110913,54.350216,0.269,0
2023-10-15T13:01:30.895000,5.101053,54.293275,0.224,0
2023-10-15T13:01:31.838000,5.091208,54.236334,0.212,0
2023-10-15T13:01:32.782000,5.08138,54.179393,0.128,0
2023-10-15T13:01:33.725000,5.071568,54.12245,0.13,0
2023-10-15T13:01:34.669000,5.061772,54.065506,0.086,0
2023-10-15T13:01:35.612000,5.051991,54.008562,0.031,0
2023-10-15T13:01:36.555000,5.042227,53.951617,-0.023,0
2023-10-15T13:01:37.499000,5.032479,53.894671,-0.026,0
2023-10-15T13:01:38.442000,5.022746,53.837724,-0.04,0
2023-10-15T13:01:39.386000,5.013029,53.780777,-0.125,0
2023-10-15T13:01:40.329000,5.003328,53.723828,-0.12,0
2023-10-15T13:01:41.273000,4.993642,53.666879,-0.235,0
2023-10-15T13:01:42.216000,4.983972,53.609929,-0.268,0
2023-10-15T13:01:43.160000,4.974317,53.552978,-0.281,0
2023-10-15T13:01:44.103000,4.964677,53.496026,-0.348,0
2023-10-15T13:01:45.046000,4.955053,53.439074,-0.407,0
2023-10-15T13:01:45.990000,4.945444,53.38212,-0.415,1
2023-10-15T13:01:46.933000,4.93585,53.325166,-0.41,1
2023-10-15T13:01:52.594000,4.878598,52.983424,0.013,1
2023-10-17T01:03:57.068000,-1.83671,49.776057,-1.285,1
2023-10-17T01:03:58.012000,-1.845493,49.833101,-1.16,1
2023-10-17T01:03:58.955000,-1.854287,49.890144,-1.086,0
2023-10-17T01:03:59.899000,-1.863093,49.947186,-0.918,0
2023-10-17T01:04:00.842000,-1.87191,50.004228,-0.774,0
2023-10-17T01:04:01.785000,-1.880739,50.061268,-0.7,0
2023-10-17T01:04:02.729000,-1.88958,50.118308,-0.696,0
2023-10-17T01:04:03.672000,-1.898432,50.175347,-0.593,0
2023-10-17T01:04:04.616000,-1.907296,50.232385,-0.534,0
2023-10-17T01:04:05.559000,-1.916171,50.289423,-0.491,0
2023-10-17T01:04:06.503000,-1.925059,50.34646,-0.347,0
2023-10-17T01:04:07.446000,-1.933958,50.403495,-0.301,0
2023-10-17T01:04:08.390000,-1.942869,50.46053,-0.235,1
2023-10-17T12:59:08.357000,4.394201,55.984943,0.18,0
2023-10-17T12:59:09.300000,4.383836,55.928032,0.163,0
2023-10-17T12:59:10.244000,4.37349,55.87112,0.175,0
2023-10-17T12:59:11.187000,4.363163,55.814207,0.155,0
2023-10-17T12:59:12.131000,4.352854,55.757294,0.17,0
2023-10-17T12:59:13.074000,4.342564,55.700379,0.169,0
2023-10-17T12:59:14.017000,4.332292,55.643464,0.166,0
2023-10-17T12:59:14.961000,4.322038,55.586548,0.176,0
2023-10-17T12:59:15.904000,4.311803,55.529631,0.152,0
2023-10-17T12:59:16.848000,4.301586,55.472713,0.139,0
2023-10-17T12:59:17.791000,4.291386,55.415794,0.119,0
2023-10-17T12:59:18.735000,4.281205,55.358874,0.113,0
2023-10-17T12:59:19.678000,4.271042,55.301954,0.062,0
2023-10-17T12:59:20.621000,4.260896,55.245033,0.091,0
2023-10-17T12:59:21.565000,4.250769,55.188111,0.102,0
2023-10-17T12:59:22.508000,4.240658,55.131187,0.055,0
2023-10-17T12:59:25.339000,4.210432,54.960413,0.04,0
2023-10-17T12:59:26.282000,4.200392,54.903487,0.056,0
2023-10-17T12:59:27.226000,4.190368,54.84656,0.041,0
2023-10-17T12:59:28.169000,4.180362,54.789631,0.044,0
2023-10-17T12:59:30.999000,4.150444,54.618842,-0.07,0
2023-10-17T12:59:31.943000,4.140505,54.561911,0.016,0
2023-10-17T12:59:32.886000,4.130583,54.504978,-0.067,0
2023-10-17T12:59:33.830000,4.120677,54.448045,-0.047,0
2023-10-17T12:59:34.773000,4.110788,54.391111,-0.088,0
2023-10-17T12:59:35.716000,4.100915,54.334176,-0.105,0
2023-10-17T12:59:36.660000,4.091059,54.277241,-0.097,0
2023-10-17T12:59:37.603000,4.081218,54.220304,-0.075,0
2023-10-17T12:59:39.490000,4.061587,54.106429,-0.149,0
2023-10-17T12:59:40.434000,4.051795,54.04949,-0.148,0
2023-10-17T12:59:41.377000,4.042019,53.99255,-0.152,0
2023-10-17T12:59:42.321000,4.032259,53.935609,-0.184,0
2023-10-17T12:59:43.264000,4.022515,53.878668,-0.212,0
2023-10-17T12:59:44.207000,4.012787,53.821725,-0.197,0
2023-10-17T12:59:45.151000,4.003074,53.764782,-0.205,0
2023-10-17T12:59:46.094000,3.993377,53.707838,-0.227,0
2023-10-17T12:59:47.038000,3.983695,53.650894,-0.266,0
2023-10-17T12:59:47.981000,3.974029,53.593948,-0.271,0
2023-10-17T12:59:48.925000,3.964378,53.537002,-0.299,0
2023-10-17T12:59:49.868000,3.954743,53.480054,-0.293,0
2023-10-17T12:59:50.811000,3.945122,53.423106,-0.305,0
2023-10-17T12:59:51.755000,3.935517,53.366157,-0.316,0
2023-10-17T12:59:52.698000,3.925927,53.309208,-0.319,0
2023-10-17T12:59:53.642000,3.916352,53.252257,-0.321,0
2023-10-17T12:59:54.585000,3.906792,53.195306,-0.335,0
2023-10-17T12:59:55.529000,3.897246,53.138354,-0.365,0
2023-10-17T12:59:56.472000,3.887716,53.081401,-0.323,0
2023-10-17T12:59:57.416000,3.8782,53.024447,-0.348,0
2023-10-17T12:59:58.359000,3.868699,52.967492,-0.306,0
2023-10-17T12:59:59.302000,3.859212,52.910537,-0.303,0
2023-10-17T13:00:00.246000,3.84974,52.853581,-0.3,0
2023-10-17T13:00:01.189000,3.840282,52.796624,-0.29,0
2023-10-17T13:00:02.133000,3.830839,52.739666,-0.279,0
2023-10-17T13:00:03.076000,3.82141,52.682707,-0.262,0
2023-10-17T13:00:04.020000,3.811996,52.625748,-0.255,0
2023-10-17T13:00:04.963000,3.802595,52.568788,-0.217,0
2023-10-17T13:00:05.906000,3.793209,52.511826,-0.167,0
2023-10-17T13:00:06.850000,3.783836,52.454865,-0.168,0
2023-10-17T13:00:07.793000,3.774478,52.397902,-0.088,0
2023-10-17T13:00:08.737000,3.765134,52.340939,-0.087,0
2023-10-17T13:00:09.680000,3.755803,52.283974,-0.033,0
2023-10-17T13:00:10.624000,3.746486,52.227009,0.032,0
2023-10-17T13:00:11.567000,3.737183,52.170043,0.092,0
2023-10-17T13:00:12.511000,3.727894,52.113077,0.146,0
2023-10-17T13:00:13.454000,3.718618,52.056109,0.179,0
2023-10-17T13:00:14.397000,3.709356,51.999141,0.251,0
2023-10-17T13:00:15.341000,3.700107,51.942172,0.28,0
2023-10-17T13:00:16.284000,3.690872,51.885202,0.389,1
2023-10-17T13:00:17.228000,3.68165,51.828231,0.488,1
2023-10-17T13:00:18.171000,3.672441,51.77126,0.554,1
2023-10-19T12:57:15.065000,3.377621,55.955399,-0.416,0
2023-10-19T12:57:16.009000,3.367267,55.898492,-0.571,0
2023-10-19T12:57:16.952000,3.356932,55.841584,-0.583,0
2023-10-19T12:57:17.896000,3.346616,55.784676,-0.528,0
2023-10-19T12:57:18.839000,3.336318,55.727766,-0.562,0
2023-10-19T12:57:19.782000,3.326038,55.670856,-0.616,0
2023-10-19T12:57:20.726000,3.315777,55.613945,-0.721,0
2023-10-19T12:57:21.669000,3.305535,55.557032,-0.625,0
2023-10-19T12:57:22.613000,3.29531,55.500119,-0.696,0
2023-10-19T12:57:23.556000,3.285103,55.443206,-0.692,0
2023-10-19T12:57:24.500000,3.274915,55.386291,-0.745,0
2023-10-19T12:57:25.443000,3.264744,55.329375,-0.728,0
2023-10-19T12:57:26.387000,3.254592,55.272459,-0.741,0
2023-10-19T12:57:27.330000,3.244456,55.215542,-0.731,0
2023-10-19T12:57:28.273000,3.234339,55.158624,-0.731,0
2023-10-19T12:57:29.217000,3.224239,55.101705,-0.769,0
2023-10-19T12:57:30.160000,3.214157,55.044785,-0.787,0
2023-10-19T12:57:31.104000,3.204092,54.987864,-0.787,0
2023-10-19T12:57:32.047000,3.194044,54.930943,-0.701,0
2023-10-19T12:57:32.991000,3.184013,54.87402,-0.741,0
2023-10-19T12:57:33.934000,3.174,54.817097,-0.755,0
2023-10-19T12:57:34.877000,3.164003,54.760173,-0.766,0
2023-10-19T12:57:35.821000,3.154024,54.703248,-0.75,0
2023-10-19T12:57:36.764000,3.144061,54.646322,-0.766,0
2023-10-19T12:57:37.708000,3.134116,54.589396,-0.813,0
2023-10-19T12:57:38.651000,3.124187,54.532468,-0.754,0
2023-10-19T12:57:39.595000,3.114274,54.47554,-0.787,0
2023-10-19T12:57:40.538000,3.104378,54.418611,-0.778,0
2023-10-19T12:57:41.482000,3.094499,54.361681,-0.758,0
2023-10-19T12:57:42.425000,3.084636,54.30475,-0.709,0
2023-10-19T12:57:43.368000,3.074789,54.247818,-0.72,0
2023-10-19T12:57:44.312000,3.064958,54.190886,-0.69,0
2023-10-19T12:57:45.255000,3.055144,54.133953,-0.665,0
2023-10-19T12:57:46.199000,3.045346,54.077018,-0.689,0
2023-10-19T12:57:47.142000,3.035564,54.020083,-0.631,0
2023-10-19T12:57:48.086000,3.025797,53.963148,-0.599,0
2023-10-19T12:57:49.029000,3.016047,53.906211,-0.557,0
2023-10-19T12:57:49.972000,3.006312,53.849274,-0.577,0
2023-10-19T12:57:50.916000,2.996593,53.792335,-0.543,0
2023-10-19T12:57:51.859000,2.986889,53.735396,-0.499,0
2023-10-19T12:57:52.803000,2.977201,53.678456,-0.497,0
2023-10-19T12:57:53.746000,2.967529,53.621516,-0.451,0
2023-10-19T12:57:54.690000,2.957872,53.564574,-0.435,0
2023-10-19T12:57:55.633000,2.94823,53.507632,-0.401,0
2023-10-19T12:57:56.576000,2.938603,53.450688,-0.354,0
2023-10-19T12:57:57.520000,2.928992,53.393744,-0.316,0
2023-10-19T12:57:58.463000,2.919396,53.336799,-0.3,0
2023-10-19T12:57:59.407000,2.909815,53.279854,-0.297,0
2023-10-19T12:58:00.350000,2.900249,53.222907,-0.265,0
2023-10-19T12:58:01.294000,2.890697,53.16596,-0.221,0
2023-10-19T12:58:02.237000,2.881161,53.109012,-0.181,0
2023-10-19T12:58:03.181000,2.871639,53.052063,-0.164,0
2023-10-19T12:58:04.124000,2.862132,52.995113,-0.135,0
2023-10-19T12:58:05.067000,2.852639,52.938163,-0.13,0
2023-10-19T12:58:06.011000,2.843161,52.881211,-0.096,0
2023-10-19T12:58:06.954000,2.833698,52.824259,-0.069,0
2023-10-19T12:58:07.898000,2.824249,52.767306,0.006,0
2023-10-19T12:58:08.841000,2.814814,52.710352,0.034,0
2023-10-19T12:58:09.785000,2.805394,52.653398,0.044,0
2023-10-19T12:58:10.728000,2.795987,52.596442,0.116,0
2023-10-19T12:58:11.671000,2.786595,52.539486,0.136,0
2023-10-19T12:58:12.615000,2.777217,52.482529,0.175,0
2023-10-19T12:58:13.558000,2.767853,52.425571,0.204,0
2023-10-19T12:58:14.502000,2.758503,52.368612,0.206,0
2023-10-19T12:58:15.445000,2.749167,52.311653,0.268,0
2023-10-19T12:58:16.389000,2.739845,52.254693,0.277,0
2023-10-19T12:58:17.332000,2.730536,52.197732,0.332,0
2023-10-19T12:58:18.276000,2.721241,52.14077,0.368,0
2023-10-19T12:58:19.219000,2.71196,52.083807,0.426,0
2023-10-19T12:58:20.162000,2.702692,52.026844,0.479,0
2023-10-19T12:58:21.106000,2.693438,51.969879,0.555,0
2023-10-19T12:58:22.049000,2.684197,51.912914,0.622,0
2023-10-19T12:58:22.993000,2.67497,51.855949,0.698,0
2023-10-19T12:58:23.936000,2.665756,51.798982,0.768,0
2023-10-19T12:58:24.880000,2.656555,51.742014,0.841,0
2023-10-19T12:58:25.823000,2.647367,51.685046,0.924,0
2023-10-19T12:58:26.766000,2.638193,51.628077,1.034,0
2023-10-19T12:58:27.710000,2.629031,51.571107,1.157,0
2023-10-19T12:58:28.653000,2.619883,51.514137,1.25,0
2023-10-19T12:58:29.597000,2.610748,51.457165,1.33,0
2023-10-19T12:58:30.540000,2.601625,51.400193,1.433,0
2023-10-19T12:58:31.484000,2.592515,51.34322,1.526,0
2023-10-19T12:58:32.427000,2.583419,51.286246,1.657,0
2023-10-19T12:58:33.371000,2.574334,51.229272,1.808,1
2023-10-19T12:58:34.314000,2.565263,51.172297,1.933,1
2023-10-20T00:12:39.458000,8.387878,54.034634,0.219,1
2023-10-20T00:12:40.402000,8.378088,54.091611,0.208,0
2023-10-20T00:12:41.345000,8.368282,54.148587,0.184,0
2023-10-20T00:12:42.288000,8.35846,54.205563,0.169,0
2023-10-20T00:12:43.232000,8.348622,54.262537,0.093,0
2023-10-20T00:12:44.175000,8.338767,54.319511,0.09,0
2023-10-20T00:12:45.119000,8.328896,54.376484,0.02,1
2023-10-20T00:12:46.062000,8.319008,54.433456,-0.021,1
2023-10-20T00:12:47.006000,8.309104,54.490427,-0.068,1
2023-10-20T00:12:47.949000,8.299184,54.547397,-0.159,1
2023-10-20T00:12:54.553000,8.229269,54.946162,-0.558,1
2023-10-20T00:12:55.497000,8.219212,55.003125,-0.592,1
2023-10-20T00:12:56.440000,8.209139,55.060087,-0.647,1
2023-10-20T00:12:57.383000,8.199048,55.117048,-0.701,1
2023-10-20T00:12:58.327000,8.18894,55.174008,-0.755,0
2023-10-20T00:12:59.270000,8.178814,55.230967,-0.74,0
2023-10-20T00:13:00.214000,8.16867,55.287925,-0.783,0
2023-10-20T00:13:01.157000,8.158508,55.344883,-0.797,0
2023-10-20T00:13:02.101000,8.148329,55.401839,-0.898,1
2023-10-20T00:13:03.044000,8.138132,55.458795,-0.889,1
2023-10-20T00:13:08.705000,8.076566,55.800508,-1.048,1
2023-10-20T00:13:09.648000,8.06624,55.857457,-1.078,1
2023-10-20T00:13:10.592000,8.055896,55.914406,-1.073,1
2023-10-21T12:55:21.774000,2.366683,55.9804,-0.842,0
2023-10-21T12:55:22.717000,2.356323,55.923498,-0.831,0
2023-10-21T12:55:23.661000,2.345981,55.866595,-0.843,0
2023-10-21T12:55:24.604000,2.335658,55.809691,-0.786,0
2023-10-21T12:55:25.547000,2.325354,55.752786,-0.72,0
2023-10-21T12:55:26.491000,2.315068,55.69588,-0.782,0
2023-10-21T12:55:27.434000,2.304801,55.638974,-0.727,0
2023-10-21T12:55:28.378000,2.294551,55.582066,-0.685,0
2023-10-21T12:55:29.321000,2.284321,55.525158,-0.628,0
2023-10-21T12:55:30.265000,2.274108,55.468249,-0.764,0
2023-10-21T12:55:31.208000,2.263913,55.411339,-0.711,0
2023-10-21T12:55:32.152000,2.253736,55.354428,-0.695,0
2023-10-21T12:55:33.095000,2.243577,55.297517,-0.818,0
2023-10-21T12:55:34.038000,2.233436,55.240604,-0.727,0
2023-10-21T12:55:34.982000,2.223312,55.183691,-0.693,0
2023-10-21T12:55:35.925000,2.213206,55.126776,-0.697,0
2023-10-21T12:55:36.869000,2.203118,55.069861,-0.651,0
2023-10-21T12:55:37.812000,2.193047,55.012946,-0.659,0
2023-10-21T12:55:38.756000,2.182993,54.956029,-0.693,0
2023-10-21T12:55:39.699000,2.172956,54.899111,-0.59,0
2023-10-21T12:55:40.642000,2.162937,54.842192,-0.584,0
2023-10-21T12:55:41.586000,2.152935,54.785273,-0.566,0
2023-10-21T12:55:42.529000,2.142949,54.728353,-0.504,0
2023-10-21T12:55:43.473000,2.132981,54.671432,-0.501,0
2023-10-21T12:55:44.416000,2.123029,54.61451,-0.544,0
2023-10-21T12:55:45.360000,2.113095,54.557587,-0.52,0
2023-10-21T12:55:46.303000,2.103176,54.500664,-0.604,0
2023-10-21T12:55:47.247000,2.093275,54.443739,-0.486,0
2023-10-21T12:55:48.190000,2.08339,54.386814,-0.427,0
2023-10-21T12:55:49.133000,2.073521,54.329888,-0.39,0
2023-10-21T12:55:50.077000,2.063669,54.272961,-0.338,0
2023-10-21T12:55:51.020000,2.053832,54.216033,-0.286,0
2023-10-21T12:55:51.964000,2.044013,54.159105,-0.311,0
2023-10-21T12:55:52.907000,2.034209,54.102175,-0.244,0
2023-10-21T12:55:53.851000,2.024421,54.045245,-0.179,0
2023-10-21T12:55:54.794000,2.014649,53.988314,-0.093,0
2023-10-21T12:55:55.737000,2.004893,53.931382,-0.085,0
2023-10-21T12:55:56.681000,1.995153,53.874449,-0.018,0
2023-10-21T12:55:57.624000,1.985428,53.817516,0.008,0
2023-10-21T12:55:58.568000,1.975719,53.760582,0.074,0
2023-10-21T12:55:59.511000,1.966026,53.703646,0.149,0
2023-10-21T12:56:00.455000,1.956348,53.64671,0.185,0
2023-10-21T12:56:01.398000,1.946686,53.589773,0.175,0
2023-10-21T12:56:02.342000,1.937039,53.532836,0.196,0
2023-10-21T12:56:03.285000,1.927407,53.475897,0.218,0
2023-10-21T12:56:04.228000,1.91779,53.418958,0.296,0
2023-10-21T12:56:05.172000,1.908189,53.362018,0.317,0
2023-10-21T12:56:06.115000,1.898603,53.305077,0.334,0
2023-10-21T12:56:07.059000,1.889031,53.248135,0.386,0
2023-10-21T12:56:08.002000,1.879475,53.191192,0.423,0
2023-10-21T12:56:08.946000,1.869933,53.134249,0.462,0
2023-10-21T12:56:09.889000,1.860406,53.077304,0.539,0
2023-10-21T12:56:10.832000,1.850894,53.020359,0.596,0
2023-10-21T12:56:11.776000,1.841397,52.963414,0.622,0
2023-10-21T12:56:12.719000,1.831914,52.906467,0.625,0
2023-10-21T12:56:13.663000,1.822445,52.849519,0.69,0
2023-10-21T12:56:14.606000,1.812991,52.792571,0.712,1
2023-10-21T12:56:15.550000,1.803552,52.735622,0.726,1
2023-10-21T12:56:23.097000,1.728544,52.28,0.717,1
2023-10-21T12:56:24.041000,1.719231,52.223043,0.733,1
2023-10-21T12:56:24.984000,1.709931,52.166086,0.711,1
2023-10-21T12:56:25.927000,1.700645,52.109128,0.687,1
2023-10-21T12:56:26.871000,1.691373,52.052169,0.651,1
2023-10-21T12:56:27.814000,1.682114,51.99521,0.597,1
2023-10-21T12:56:28.758000,1.672869,51.938249,0.588,0
2023-10-21T12:56:29.701000,1.663637,51.881288,0.597,0
2023-10-21T12:56:30.645000,1.654418,51.824326,0.501,0
2023-10-21T12:56:31.588000,1.645213,51.767363,0.504,0
2023-10-21T12:56:32.532000,1.636021,51.7104,0.507,0
2023-10-21T12:56:33.475000,1.626842,51.653436,0.458,0
2023-10-21T12:56:34.418000,1.617676,51.59647,0.46,0
2023-10-21T12:56:35.362000,1.608523,51.539504,0.453,0
2023-10-21T12:56:36.305000,1.599383,51.482538,0.427,0
2023-10-21T12:56:37.249000,1.590256,51.42557,0.461,1
2023-10-21T12:56:38.192000,1.581142,51.368602,0.561,1
2023-10-21T12:56:39.136000,1.572041,51.311633,0.63,1
2023-10-21T12:56:40.079000,1.562953,51.254663,0.742,1
2023-10-21T12:56:41.022000,1.553877,51.197692,0.816,1
2023-10-21T12:56:41.966000,1.544814,51.140721,0.975,1
2023-10-21T12:56:42.909000,1.535763,51.083748,1.077,1
2023-10-21T12:56:43.853000,1.526725,51.026775,1.166,0
2023-10-21T12:56:44.796000,1.5177,50.969801,1.249,1
2023-10-21T12:56:45.740000,1.508687,50.912827,1.334,1
2023-10-21T12:56:46.683000,1.499686,50.855851,1.46,1
2023-10-21T12:56:47.627000,1.490697,50.798875,1.614,1
2023-10-21T12:56:48.570000,1.481721,50.741898,1.686,1
2023-10-21T12:56:49.513000,1.472757,50.68492,1.755,1
2023-10-21T12:56:50.457000,1.463805,50.627942,1.842,1
2023-10-21T12:56:51.400000,1.454865,50.570963,1.847,1
2023-10-21T12:56:52.344000,1.445937,50.513982,1.978,1
2023-10-21T12:56:53.287000,1.437022,50.457002,1.974,1
2023-10-21T12:56:54.231000,1.428118,50.40002,2.025,1
2023-10-21T12:56:55.174000,1.419226,50.343038,2.116,1
2023-10-21T12:56:56.117000,1.410346,50.286054,2.145,1
2023-10-21T12:56:57.061000,1.401477,50.22907,2.183,1
2023-10-21T12:56:58.004000,1.392621,50.172086,2.196,1
2023-10-22T00:10:42.393000,7.415892,53.789859,0.747,1
2023-10-22T00:10:43.336000,7.406171,53.846838,0.728,1
2023-10-22T00:10:44.280000,7.396435,53.903816,0.697,0
2023-10-22T00:10:45.223000,7.386683,53.960792,0.668,0
2023-10-22T00:10:46.167000,7.376914,54.017768,0.631,0
2023-10-22T00:10:47.110000,7.36713,54.074743,0.602,0
2023-10-22T00:10:48.054000,7.35733,54.131717,0.551,0
2023-10-22T00:10:48.997000,7.347514,54.18869,0.528,0
2023-10-22T00:10:49.940000,7.337682,54.245662,0.518,0
2023-10-22T00:10:50.884000,7.327833,54.302634,0.502,0
2023-10-22T00:10:51.827000,7.317969,54.359604,0.473,0
2023-10-22T00:10:52.771000,7.308087,54.416573,0.452,0
2023-10-22T00:10:53.714000,7.298189,54.473542,0.438,0
2023-10-22T00:10:54.658000,7.288275,54.53051,0.408,0
2023-10-22T00:10:55.601000,7.278344,54.587477,0.394,0
2023-10-22T00:10:56.544000,7.268397,54.644443,0.374,0
2023-10-22T00:10:57.488000,7.258432,54.701408,0.362,0
2023-10-22T00:10:58.431000,7.248451,54.758372,0.342,0
2023-10-22T00:10:59.375000,7.238453,54.815335,0.288,0
2023-10-22T00:11:00.318000,7.228437,54.872297,0.301,0
2023-10-22T00:11:01.262000,7.218405,54.929259,0.277,0
2023-10-22T00:11:02.205000,7.208355,54.986219,0.259,0
2023-10-22T00:11:03.149000,7.198288,55.043179,0.261,0
2023-10-22T00:11:04.092000,7.188204,55.100137,0.251,0
2023-10-22T00:11:05.035000,7.178102,55.157095,0.213,0
2023-10-22T00:11:05.979000,7.167982,55.214052,0.215,0
2023-10-22T00:11:06.922000,7.157845,55.271008,0.205,0
2023-10-22T00:11:07.866000,7.147691,55.327963,0.164,0
2023-10-22T00:11:08.809000,7.137518,55.384917,0.149,0
2023-10-22T00:11:09.753000,7.127327,55.44187,0.125,0
2023-10-22T00:11:10.696000,7.117119,55.498822,0.118,0
2023-10-22T00:11:11.639000,7.106892,55.555773,0.116,0
2023-10-22T00:11:12.583000,7.096647,55.612724,0.12,0
2023-10-22T00:11:13.526000,7.086384,55.669673,0.068,0
2023-10-22T00:11:14.470000,7.076103,55.726622,0.074,0
2023-10-22T00:11:15.413000,7.065803,55.783569,0.035,0
2023-10-22T00:11:16.357000,7.055484,55.840516,0.033,0
2023-10-22T00:11:17.300000,7.045147,55.897462,0.031,0
2023-10-22T00:11:18.244000,7.034791,55.954406,0.012,0
2023-10-23T12:53:29.426000,1.344614,55.937185,0.287,0
2023-10-23T12:53:30.369000,1.334269,55.880286,0.311,0
2023-10-23T12:53:31.313000,1.323942,55.823387,0.316,0
2023-10-23T12:53:32.256000,1.313633,55.766487,0.334,0
2023-10-23T12:53:33.199000,1.303343,55.709585,0.343,0
2023-10-23T12:53:34.143000,1.293072,55.652683,0.352,0
2023-10-23T12:53:35.086000,1.282819,55.59578,0.362,0
2023-10-23T12:53:36.030000,1.272584,55.538876,0.387,0
2023-10-23T12:53:36.973000,1.262367,55.481972,0.389,0
2023-10-23T12:53:37.917000,1.252168,55.425066,0.393,0
2023-10-23T12:53:38.860000,1.241987,55.36816,0.432,0
2023-10-23T12:53:39.803000,1.231824,55.311253,0.414,0
2023-10-23T12:53:40.747000,1.221679,55.254344,0.483,0
2023-10-23T12:53:41.690000,1.211551,55.197435,0.471,0
2023-10-23T12:53:42.634000,1.201442,55.140526,0.459,0
2023-10-23T12:53:43.577000,1.191349,55.083615,0.517,0
2023-10-23T12:53:44.521000,1.181274,55.026703,0.512,0
2023-10-23T12:53:45.464000,1.171217,54.969791,0.55,0
2023-10-23T12:53:46.408000,1.161176,54.912878,0.56,0
2023-10-23T12:53:47.351000,1.151153,54.855964,0.567,0
2023-10-23T12:53:48.294000,1.141147,54.799049,0.607,0
2023-10-23T12:53:49.238000,1.131158,54.742133,0.632,0
2023-10-23T12:53:50.181000,1.121186,54.685216,0.661,0
2023-10-23T12:53:51.125000,1.11123,54.628299,0.685,0
2023-10-23T12:53:52.068000,1.101292,54.57138,0.688,0
2023-10-23T12:53:53.012000,1.09137,54.514461,0.716,0
2023-10-23T12:53:53.955000,1.081465,54.457541,0.746,0
2023-10-23T12:53:54.898000,1.071576,54.40062,0.746,0
2023-10-23T12:53:55.842000,1.061703,54.343699,0.796,0
2023-10-23T12:53:56.785000,1.051847,54.286776,0.825,0
2023-10-23T12:53:57.729000,1.042007,54.229853,0.854,0
2023-10-23T12:53:58.672000,1.032184,54.172929,0.881,0
2023-10-23T12:53:59.616000,1.022377,54.116004,0.923,0
2023-10-23T12:54:00.559000,1.012585,54.059078,0.976,0
2023-10-23T12:54:01.503000,1.00281,54.002151,0.991,0
2023-10-23T12:54:02.446000,0.99305,53.945224,1.02,0
2023-10-23T12:54:03.389000,0.983306,53.888295,1.054,0
2023-10-23T12:54:04.333000,0.973578,53.831366,1.092,0
2023-10-23T12:54:05.276000,0.963866,53.774436,1.108,0
2023-10-23T12:54:06.220000,0.954169,53.717505,1.128,0
2023-10-23T12:54:07.163000,0.944488,53.660573,1.175,0
2023-10-23T12:54:08.107000,0.934822,53.603641,1.218,0
2023-10-23T12:54:09.050000,0.925172,53.546708,1.26,0
2023-10-23T12:54:09.993000,0.915536,53.489773,1.303,0
2023-10-23T12:54:10.937000,0.905917,53.432838,1.354,0
2023-10-23T12:54:11.880000,0.896312,53.375903,1.409,0
2023-10-23T12:54:12.824000,0.886722,53.318966,1.464,0
2023-10-23T12:54:13.767000,0.877147,53.262029,1.52,0
2023-10-23T12:54:14.711000,0.867587,53.20509,1.598,0
2023-10-23T12:54:15.654000,0.858042,53.148151,1.644,0
2023-10-23T12:54:16.598000,0.848512,53.091211,1.683,1
2023-10-23T12:54:17.541000,0.838997,53.03427,1.68,1
2023-10-23T12:54:55.278000,0.469703,50.755982,-1.023,1
2023-10-23T12:54:56.222000,0.460736,50.699008,-0.977,1
2023-10-23T12:54:57.165000,0.451782,50.642034,-0.926,0
2023-10-23T12:54:58.109000,0.442839,50.585059,-0.894,0
2023-10-23T12:54:59.052000,0.433908,50.528083,-0.864,0
2023-10-23T12:54:59.996000,0.42499,50.471106,-0.83,0
2023-10-23T12:55:00.939000,0.416083,50.414129,-0.768,0
2023-10-23T12:55:01.882000,0.407189,50.357151,-0.768,0
2023-10-23T12:55:02.826000,0.398306,50.300172,-0.729,0
2023-10-23T12:55:03.769000,0.389435,50.243192,-0.68,0
2023-10-23T12:55:04.713000,0.380575,50.186211,-0.648,0
2023-10-23T12:55:05.656000,0.371728,50.12923,-0.631,0
2023-10-23T12:55:06.600000,0.362892,50.072248,-0.619,0
2023-10-23T12:55:07.543000,0.354067,50.015265,-0.61,0
2023-10-23T12:55:08.487000,0.345254,49.958282,-0.577,0
2023-10-23T12:55:09.430000,0.336453,49.901297,-0.542,1
2023-10-23T12:55:10.373000,0.327663,49.844312,-0.486,1
2023-10-24T00:08:46.271000,6.432199,53.612323,0.265,1
2023-10-24T00:08:47.215000,6.422527,53.669301,0.216,1
2023-10-24T00:08:48.158000,6.412839,53.726279,0.186,0
2023-10-24T00:08:49.101000,6.403135,53.783255,0.151,0
2023-10-24T00:08:50.045000,6.393416,53.840231,0.141,0
2023-10-24T00:08:50.988000,6.383681,53.897205,0.148,0
2023-10-24T00:08:51.932000,6.37393,53.954179,0.143,0
2023-10-24T00:08:52.875000,6.364164,54.011152,0.137,0
2023-10-24T00:08:53.819000,6.354382,54.068124,0.12,0
2023-10-24T00:08:54.762000,6.344583,54.125095,0.122,0
2023-10-24T00:08:55.705000,6.334769,54.182065,0.117,0
2023-10-24T00:08:56.649000,6.324938,54.239034,0.071,0
2023-10-24T00:08:57.592000,6.315092,54.296003,0.097,0
2023-10-24T00:08:58.536000,6.305229,54.35297,0.11,0
2023-10-24T00:08:59.479000,6.295349,54.409937,0.128,0
2023-10-24T00:09:00.423000,6.285453,54.466903,0.134,0
2023-10-24T00:09:01.366000,6.27554,54.523867,0.136,0
2023-10-24T00:09:02.309000,6.265611,54.580831,0.139,0
2023-10-24T00:09:03.253000,6.255666,54.637794,0.138,0
2023-10-24T00:09:04.196000,6.245703,54.694756,0.158,0
2023-10-24T00:09:05.140000,6.235723,54.751717,0.168,0
2023-10-24T00:09:06.083000,6.225727,54.808677,0.161,0
2023-10-24T00:09:07.027000,6.215713,54.865637,0.161,0
2023-10-24T00:09:07.970000,6.205683,54.922595,0.143,0
2023-10-24T00:09:08.914000,6.195635,54.979553,0.141,0
2023-10-24T00:09:09.857000,6.18557,55.036509,0.158,0
2023-10-24T00:09:10.800000,6.175487,55.093465,0.151,0
2023-10-24T00:09:11.744000,6.165387,55.15042,0.169,0
2023-10-24T00:09:12.687000,6.15527,55.207373,0.19,0
2023-10-24T00:09:13.631000,6.145135,55.264326,0.197,0
2023-10-24T00:09:14.574000,6.134982,55.321278,0.193,0
2023-10-24T00:09:15.518000,6.124811,55.378229,0.196,0
2023-10-24T00:09:16.461000,6.114623,55.435179,0.236,0
2023-10-24T00:09:17.404000,6.104416,55.492129,0.219,0
2023-10-24T00:09:18.348000,6.094191,55.549077,0.222,0
2023-10-24T00:09:19.291000,6.083949,55.606024,0.237,0
2023-10-24T00:09:20.235000,6.073688,55.662971,0.258,0
2023-10-24T00:09:21.178000,6.063408,55.719916,0.27,0
2023-10-24T00:09:22.122000,6.05311,55.776861,0.296,0
2023-10-24T00:09:23.065000,6.042794,55.833804,0.293,0
2023-10-24T00:09:24.009000,6.032459,55.890747,0.297,0
2023-10-24T00:09:24.952000,6.022105,55.947689,0.315,0
2023-10-25T12:51:36.134000,0.333423,55.944422,0.953,0
2023-10-25T12:51:37.078000,0.323073,55.887527,0.973,0
2023-10-25T12:51:38.021000,0.312742,55.830632,1.058,0
2023-10-25T12:51:38.964000,0.30243,55.773736,0.993,0
2023-10-25T12:51:39.908000,0.292136,55.716838,1.023,0
2023-10-25T12:51:40.851000,0.28186,55.65994,1.066,0
2023-10-25T12:51:41.795000,0.271603,55.603042,1.072,0
2023-10-25T12:51:42.738000,0.261364,55.546142,1.091,0
2023-10-25T12:51:43.682000,0.251143,55.489241,1.161,0
2023-10-25T12:51:44.625000,0.240941,55.43234,1.168,0
2023-10-25T12:51:45.569000,0.230756,55.375438,1.163,0
2023-10-25T12:51:46.512000,0.220589,55.318535,1.155,0
2023-10-25T12:51:47.455000,0.21044,55.261631,1.195,0
2023-10-25T12:51:48.399000,0.200308,55.204726,1.226,0
2023-10-25T12:51:49.342000,0.190195,55.14782,1.242,0
2023-10-25T12:51:50.286000,0.180098,55.090913,1.248,0
2023-10-25T12:51:51.229000,0.170019,55.034006,1.265,0
2023-10-25T12:51:52.173000,0.159958,54.977098,1.285,0
2023-10-25T12:51:53.116000,0.149914,54.920188,1.294,0
2023-10-25T12:51:54.059000,0.139887,54.863278,1.276,0
2023-10-25T12:51:55.003000,0.129877,54.806368,1.405,0
2023-10-25T12:51:55.946000,0.119884,54.749456,1.378,0
2023-10-25T12:51:56.890000,0.109908,54.692543,1.391,0
2023-10-25T12:51:57.833000,0.099949,54.63563,1.442,0
2023-10-25T12:51:58.777000,0.090006,54.578716,1.4,0
2023-10-25T12:51:59.720000,0.080081,54.521801,1.496,0
2023-10-25T12:52:00.664000,0.070172,54.464885,1.509,0
2023-10-25T12:52:01.607000,0.060279,54.407968,1.587,0
2023-10-25T12:52:02.550000,0.050403,54.35105,1.564,0
2023-10-25T12:52:03.494000,0.040543,54.294132,1.591,0
2023-10-25T12:52:04.437000,0.0307,54.237213,1.621,1
2023-10-25T12:52:05.381000,0.020873,54.180293,1.666,1
2023-10-25T12:52:06.324000,0.011062,54.123371,1.676,1
2023-10-25T12:52:07.268000,0.001267,54.06645,1.692,1
2023-10-25T12:52:08.211000,-0.008512,54.009527,1.706,1
2023-10-25T12:52:09.154000,-0.018276,53.952604,1.693,1
2023-10-25T12:52:10.098000,-0.028023,53.895679,1.712,1
2023-10-25T12:53:02.930000,-0.550776,50.706615,-1.017,1
2023-10-25T12:53:03.874000,-0.559734,50.649645,-1.023,0
2023-10-25T12:53:04.817000,-0.568679,50.592674,-1.022,0
2023-10-25T12:53:05.761000,-0.577613,50.535702,-1.042,0
2023-10-25T12:53:06.704000,-0.586534,50.47873,-1.045,0
2023-10-25T12:53:07.648000,-0.595444,50.421756,-1.066,0
2023-10-25T12:53:08.591000,-0.604341,50.364782,-1.116,0
2023-10-25T12:53:09.534000,-0.613227,50.307807,-1.14,0
2023-10-25T12:53:10.478000,-0.622101,50.250831,-1.183,0
2023-10-25T12:53:11.421000,-0.630964,50.193854,-1.206,0
2023-10-25T12:53:12.365000,-0.639814,50.136877,-1.294,0
2023-10-25T12:53:13.308000,-0.648653,50.079899,-1.311,0
2023-10-25T12:53:14.252000,-0.65748,50.02292,-1.344,0
2023-10-25T12:53:15.195000,-0.666296,49.96594,-1.377,0
2023-10-25T12:53:16.138000,-0.6751,49.90896,-1.427,0
2023-10-25T12:53:17.082000,-0.683893,49.851978,-1.486,0
2023-10-25T12:53:18.025000,-0.692675,49.794996,-1.542,0
2023-10-25T12:53:18.969000,-0.701445,49.738014,-1.583,0
2023-10-26T00:06:52.036000,5.428081,53.554509,-0.393,1
2023-10-26T00:06:52.980000,5.418422,53.611485,-0.36,0
2023-10-26T00:06:53.923000,5.408748,53.66846,-0.351,0
2023-10-26T00:06:54.866000,5.399059,53.725434,-0.318,0
2023-10-26T00:06:55.810000,5.389353,53.782407,-0.298,0
2023-10-26T00:06:56.753000,5.379633,53.839379,-0.265,0
2023-10-26T00:06:57.697000,5.369896,53.89635,-0.221,0
2023-10-26T00:06:58.640000,5.360144,53.953321,-0.235,0
2023-10-26T00:06:59.584000,5.350376,54.01029,-0.208,0
2023-10-26T00:07:00.527000,5.340592,54.067259,-0.214,0
2023-10-26T00:07:01.470000,5.330792,54.124226,-0.183,0
2023-10-26T00:07:02.414000,5.320976,54.181193,-0.185,0
2023-10-26T00:07:03.357000,5.311144,54.238159,-0.146,0
2023-10-26T00:07:04.301000,5.301296,54.295124,-0.127,0
2023-10-26T00:07:05.244000,5.291431,54.352088,-0.099,0
2023-10-26T00:07:06.188000,5.28155,54.409051,-0.043,0
2023-10-26T00:07:07.131000,5.271652,54.466013,0.006,0
2023-10-26T00:07:08.075000,5.261738,54.522975,-0.274,0
2023-10-26T00:07:09.018000,5.251807,54.579935,-0.048,0
2023-10-26T00:07:09.961000,5.24186,54.636894,-0.018,0
2023-10-26T00:07:10.905000,5.231895,54.693853,-0.061,0
2023-10-26T00:07:11.848000,5.221914,54.750811,-0.029,0
2023-10-26T00:07:12.792000,5.211916,54.807767,-0.016,0
2023-10-26T00:07:13.735000,5.201901,54.864723,-0.019,0
2023-10-26T00:07:14.679000,5.191869,54.921678,-0.012,0
2023-10-26T00:07:15.622000,5.181819,54.978632,0.025,0
2023-10-26T00:07:16.565000,5.171753,55.035585,0.001,0
2023-10-26T00:07:17.509000,5.161668,55.092537,0.012,0
2023-10-26T00:07:18.452000,5.151567,55.149489,-0.001,0
2023-10-26T00:07:19.396000,5.141448,55.206439,-0.029,0
2023-10-26T00:07:20.339000,5.131311,55.263388,0.043,0
2023-10-26T00:07:21.283000,5.121156,55.320337,0.034,0
2023-10-26T00:07:22.226000,5.110984,55.377285,0.057,0
2023-10-26T00:07:23.170000,5.100794,55.434231,0.053,0
2023-10-26T00:07:24.113000,5.090585,55.491177,0.076,0
2023-10-26T00:07:25.056000,5.080359,55.548122,0.026,0
2023-10-26T00:07:26.000000,5.070115,55.605065,0.021,0
2023-10-26T00:07:26.943000,5.059852,55.662008,0.054,0
2023-10-26T00:07:27.887000,5.049571,55.71895,0.043,0
2023-10-26T00:07:28.830000,5.039271,55.775891,0.052,0
2023-10-26T00:07:29.774000,5.028953,55.832831,0.064,0
2023-10-26T00:07:30.717000,5.018616,55.889771,0.092,0
2023-10-26T00:07:31.660000,5.008261,55.946709,0.055,0
2023-10-27T12:49:42.843000,-0.677646,55.945292,1.553,0
2023-10-27T12:49:43.786000,-0.687998,55.888401,1.451,0
2023-10-27T12:49:44.729000,-0.698332,55.831509,1.552,0
2023-10-27T12:49:45.673000,-0.708647,55.774617,1.553,0
2023-10-27T12:49:46.616000,-0.718944,55.717724,1.623,0
2023-10-27T12:49:47.560000,-0.729222,55.660829,1.33,0
2023-10-27T12:49:48.503000,-0.739482,55.603934,1.52,0
2023-10-27T12:49:49.447000,-0.749724,55.547038,1.523,0
2023-10-27T12:49:50.390000,-0.759947,55.490142,1.576,0
2023-10-27T12:49:51.334000,-0.770153,55.433244,1.545,0
2023-10-27T12:49:52.277000,-0.78034,55.376345,1.533,0
2023-10-27T12:49:53.220000,-0.79051,55.319446,1.522,0
2023-10-27T12:49:54.164000,-0.800662,55.262546,1.524,0
2023-10-27T12:49:55.107000,-0.810796,55.205645,1.542,0
2023-10-27T12:49:56.051000,-0.820912,55.148743,1.505,0
2023-10-27T12:49:56.994000,-0.831011,55.09184,1.516,0
2023-10-27T12:49:57.938000,-0.841093,55.034936,1.518,0
2023-10-27T12:49:58.881000,-0.851157,54.978032,1.498,0
2023-10-27T12:49:59.824000,-0.861204,54.921126,1.517,0
2023-10-27T12:50:00.768000,-0.871233,54.86422,1.488,0
2023-10-27T12:50:01.711000,-0.881246,54.807313,1.521,0
2023-10-27T12:50:02.655000,-0.891242,54.750405,1.517,0
2023-10-27T12:50:03.598000,-0.90122,54.693496,1.512,1
2023-10-27T12:50:04.542000,-0.911182,54.636586,1.517,1
2023-10-27T12:51:11.526000,-1.579981,50.593887,0.025,1
2023-10-27T12:51:12.469000,-1.588916,50.536918,-0.135,1
2023-10-27T12:51:13.413000,-1.59784,50.479949,-0.254,0
2023-10-27T12:51:14.356000,-1.606751,50.422979,-0.324,0
2023-10-27T12:51:15.299000,-1.615651,50.366008,-0.441,0
2023-10-27T12:51:16.243000,-1.624539,50.309037,-0.588,0
2023-10-27T12:51:17.186000,-1.633415,50.252064,-0.684,0
2023-10-27T12:51:18.130000,-1.64228,50.195091,-0.898,0
2023-10-27T12:51:19.073000,-1.651133,50.138117,-0.993,0
2023-10-27T12:51:20.017000,-1.659974,50.081143,-1.22,0
2023-10-27T12:51:20.960000,-1.668803,50.024167,-1.267,0
2023-10-27T12:51:21.904000,-1.677621,49.967191,-1.431,0
2023-10-27T12:51:22.847000,-1.686428,49.910214,-1.562,0
2023-10-27T12:51:23.790000,-1.695223,49.853236,-1.763,0
2023-10-27T12:51:24.734000,-1.704006,49.796258,-1.928,1
2023-10-27T12:51:25.677000,-1.712779,49.739278,-2.037,1
2023-10-28T00:04:47.423000,4.528732,52.877174,-0.326,1
2023-10-28T00:04:48.367000,4.519248,52.934157,-0.412,1
2023-10-28T00:04:49.310000,4.509751,52.991139,-0.463,1
2023-10-28T00:04:50.254000,4.500238,53.048119,-0.527,1
2023-10-28T00:04:51.197000,4.490711,53.105099,-0.597,0
2023-10-28T00:04:52.141000,4.48117,53.162078,-0.64,0
2023-10-28T00:04:53.084000,4.471613,53.219057,-0.659,0
2023-10-28T00:04:54.027000,4.462041,53.276034,-0.68,0
2023-10-28T00:04:54.971000,4.452455,53.33301,-0.676,0
2023-10-28T00:04:55.914000,4.442854,53.389985,-0.666,0
2023-10-28T00:04:56.858000,4.433237,53.44696,-0.657,0
2023-10-28T00:04:57.801000,4.423605,53.503934,-0.626,0
2023-10-28T00:04:58.745000,4.413958,53.560907,-0.615,0
2023-10-28T00:04:59.688000,4.404295,53.617878,-0.591,0
2023-10-28T00:05:00.631000,4.394618,53.674849,-0.588,0
2023-10-28T00:05:01.575000,4.384924,53.73182,-0.562,0
2023-10-28T00:05:02.518000,4.375215,53.788789,-0.539,0
2023-10-28T00:05:03.462000,4.365491,53.845757,-0.506,0
2023-10-28T00:05:04.405000,4.355751,53.902724,-0.471,0
2023-10-28T00:05:05.349000,4.345995,53.959691,-0.467,0
2023-10-28T00:05:06.292000,4.336223,54.016656,-0.417,0
2023-10-28T00:05:07.236000,4.326435,54.073621,-0.388,0
2023-10-28T00:05:08.179000,4.316631,54.130585,-0.372,0
2023-10-28T00:05:09.122000,4.306812,54.187548,-0.338,0
2023-10-28T00:05:10.066000,4.296976,54.24451,-0.328,0
2023-10-28T00:05:11.009000,4.287123,54.301471,-0.302,0
2023-10-28T00:05:11.953000,4.277255,54.358431,-0.281,0
2023-10-28T00:05:12.896000,4.26737,54.41539,-0.263,0
2023-10-28T00:05:13.840000,4.257468,54.472349,-0.251,0
2023-10-28T00:05:14.783000,4.24755,54.529306,-0.202,0
2023-10-28T00:05:15.726000,4.237615,54.586263,-0.169,0
2023-10-28T00:05:16.670000,4.227664,54.643218,-0.17,0
2023-10-28T00:05:17.613000,4.217696,54.700173,-0.143,0
2023-10-28T00:05:18.557000,4.207711,54.757127,-0.087,0
2023-10-28T00:05:19.500000,4.197709,54.81408,-0.086,0
2023-10-28T00:05:20.444000,4.187689,54.871032,-0.062,0
2023-10-28T00:05:21.387000,4.177653,54.927983,-0.027,0
2023-10-28T00:05:22.331000,4.1676,54.984933,-0.019,0
2023-10-28T00:05:23.274000,4.157529,55.041882,0.043,0
2023-10-28T00:05:24.217000,4.147441,55.09883,0.041,0
2023-10-28T00:05:25.161000,4.137335,55.155778,0.094,0
2023-10-28T00:05:26.104000,4.127212,55.212724,0.098,0
2023-10-28T00:05:27.048000,4.117071,55.269669,0.125,0
2023-10-28T00:05:27.991000,4.106912,55.326614,0.129,0
2023-10-28T00:05:28.935000,4.096736,55.383558,0.151,0
2023-10-28T00:05:29.878000,4.086542,55.4405,0.174,0
2023-10-28T00:05:30.821000,4.076329,55.497442,0.141,0
2023-10-28T00:05:31.765000,4.066099,55.554383,0.168,0
2023-10-28T00:05:32.708000,4.05585,55.611323,0.182,0
2023-10-28T00:05:33.652000,4.045583,55.668262,0.207,0
2023-10-28T00:05:34.595000,4.035297,55.7252,0.202,0
2023-10-28T00:05:35.539000,4.024994,55.782137,0.196,0
2023-10-28T00:05:36.482000,4.014671,55.839073,0.228,0
2023-10-28T00:05:37.426000,4.00433,55.896008,0.222,0
2023-10-28T00:05:38.369000,3.99397,55.952943,0.242,0
2023-10-29T12:47:49.551000,-1.690234,55.936219,1.328,0
2023-10-29T12:47:50.495000,-1.700585,55.879332,1.308,0
2023-10-29T12:47:51.438000,-1.710917,55.822444,1.351,0
2023-10-29T12:47:52.381000,-1.72123,55.765555,1.356,1
2023-10-30T00:02:36.207000,3.692067,51.811488,1.217,1
2023-10-30T00:02:37.150000,3.682844,51.868483,1.067,1
2023-10-30T00:02:38.093000,3.673607,51.925477,1.022,0
2023-10-30T00:02:39.037000,3.664357,51.98247,0.821,0
2023-10-30T00:02:39.980000,3.655093,52.039462,0.811,0
2023-10-30T00:02:40.924000,3.645816,52.096454,0.628,0
2023-10-30T00:02:41.867000,3.636525,52.153445,0.563,0
2023-10-30T00:02:42.811000,3.627221,52.210434,0.502,0
2023-10-30T00:02:43.754000,3.617903,52.267423,0.409,0
2023-10-30T00:02:44.697000,3.608571,52.324411,0.382,0
2023-10-30T00:02:45.641000,3.599225,52.381398,0.322,0
2023-10-30T00:02:46.584000,3.589865,52.438385,0.236,0
2023-10-30T00:02:47.528000,3.580492,52.49537,0.197,0
2023-10-30T00:02:48.471000,3.571104,52.552354,0.115,0
2023-10-30T00:02:49.415000,3.561702,52.609338,0.095,0
2023-10-30T00:02:50.358000,3.552286,52.666321,0.044,0
2023-10-30T00:02:51.302000,3.542856,52.723303,-0.005,0
2023-10-30T00:02:52.245000,3.533411,52.780284,-0.026,0
2023-10-30T00:02:53.188000,3.523952,52.837264,-0.073,0
2023-10-30T00:02:54.132000,3.514479,52.894243,-0.098,0
2023-10-30T00:02:55.075000,3.504991,52.951221,-0.18,0
2023-10-30T00:02:56.019000,3.495489,53.008199,-0.189,0
2023-10-30T00:02:56.962000,3.485972,53.065175,-0.216,0
2023-10-30T00:02:57.906000,3.47644,53.122151,-0.23,0
2023-10-30T00:02:58.849000,3.466893,53.179126,-0.273,0
2023-10-30T00:02:59.792000,3.457332,53.2361,-0.293,0
2023-10-30T00:03:00.736000,3.447755,53.293073,-0.321,0
2023-10-30T00:03:01.679000,3.438164,53.350045,-0.331,0
2023-10-30T00:03:02.623000,3.428557,53.407016,-0.353,0
2023-10-30T00:03:03.566000,3.418936,53.463986,-0.364,0
2023-10-30T00:03:04.510000,3.409299,53.520956,-0.387,0
2023-10-30T00:03:05.453000,3.399647,53.577924,-0.385,0
2023-10-30T00:03:06.397000,3.389979,53.634892,-0.414,0
2023-10-30T00:03:07.340000,3.380297,53.691859,-0.425,0
2023-10-30T00:03:08.283000,3.370598,53.748824,-0.448,0
2023-10-30T00:03:09.227000,3.360884,53.805789,-0.457,0
2023-10-30T00:03:10.170000,3.351155,53.862753,-0.429,0
2023-10-30T00:03:11.114000,3.341409,53.919717,-0.517,0
2023-10-30T00:03:12.057000,3.331648,53.976679,-0.51,0
2023-10-30T00:03:13.001000,3.321871,54.03364,-0.496,0
2023-10-30T00:03:13.944000,3.312078,54.090601,-0.503,0
2023-10-30T00:03:14.887000,3.302269,54.14756,-0.491,0
2023-10-30T00:03:15.831000,3.292444,54.204519,-0.54,0
2023-10-30T00:03:16.774000,3.282603,54.261476,-0.548,0
2023-10-30T00:03:17.718000,3.272745,54.318433,-0.51,0
2023-10-30T00:03:18.661000,3.262871,54.375389,-0.552,0
2023-10-30T00:03:19.605000,3.252981,54.432344,-0.576,0
2023-10-30T00:03:20.548000,3.243074,54.489298,-0.533,0
2023-10-30T00:03:21.491000,3.23315,54.546251,-0.554,0
2023-10-30T00:03:22.435000,3.22321,54.603203,-0.577,0
2023-10-30T00:03:23.378000,3.213254,54.660155,-0.579,0
2023-10-30T00:03:24.322000,3.20328,54.717105,-0.538,0
2023-10-30T00:03:25.265000,3.193289,54.774054,-0.514,0
2023-10-30T00:03:26.209000,3.183282,54.831003,-0.543,0
2023-10-30T00:03:27.152000,3.173257,54.887951,-0.533,0
2023-10-30T00:03:28.096000,3.163215,54.944897,-0.548,0
2023-10-30T00:03:29.039000,3.153156,55.001843,-0.543,0
2023-10-30T00:03:29.982000,3.14308,55.058788,-0.513,0
2023-10-30T00:03:30.926000,3.132986,55.115732,-0.513,0
2023-10-30T00:03:31.869000,3.122875,55.172675,-0.495,0
2023-10-30T00:03:32.813000,3.112746,55.229617,-0.488,0
2023-10-30T00:03:33.756000,3.102599,55.286558,-0.456,0
2023-10-30T00:03:34.700000,3.092435,55.343498,-0.492,0
2023-10-30T00:03:35.643000,3.082252,55.400438,-0.449,0
2023-10-30T00:03:36.586000,3.072052,55.457376,-0.404,0
2023-10-30T00:03:37.530000,3.061834,55.514314,-0.434,0
2023-10-30T00:03:38.473000,3.051598,55.57125,-0.416,0
2023-10-30T00:03:39.417000,3.041343,55.628186,-0.35,0
2023-10-30T00:03:40.360000,3.03107,55.68512,-0.329,0
2023-10-30T00:03:41.304000,3.020779,55.742054,-0.319,0
2023-10-30T00:03:42.247000,3.010469,55.798987,-0.322,0
2023-10-30T00:03:43.191000,3.000141,55.855918,-0.364,0
2023-10-30T00:03:44.134000,2.989794,55.912849,-0.348,0
2023-10-30T00:03:45.077000,2.979428,55.969779,-0.287,0
2023-11-01T00:00:33.481000,2.768828,51.271082,1.186,1
2023-11-01T00:00:34.424000,2.75973,51.328081,1.07,1
2023-11-01T00:00:35.368000,2.750618,51.385079,1.029,0
2023-11-01T00:00:36.311000,2.741494,51.442076,0.942,0
2023-11-01T00:00:37.254000,2.732357,51.499073,0.878,0
2023-11-01T00:00:38.198000,2.723207,51.556068,0.845,0
2023-11-01T00:00:39.141000,2.714043,51.613063,0.775,0
2023-11-01T00:00:40.085000,2.704867,51.670057,0.755,0
2023-11-01T00:00:41.028000,2.695678,51.72705,0.683,0
2023-11-01T00:00:41.972000,2.686475,51.784042,0.661,0
2023-11-01T00:00:42.915000,2.677259,51.841033,0.644,0
2023-11-01T00:00:43.858000,2.66803,51.898024,0.612,0
2023-11-01T00:00:44.802000,2.658788,51.955013,0.578,0
2023-11-01T00:00:45.745000,2.649532,52.012002,0.596,0
2023-11-01T00:00:46.689000,2.640262,52.06899,0.546,0
2023-11-01T00:00:47.632000,2.630979,52.125976,0.544,0
2023-11-01T00:00:48.576000,2.621682,52.182962,0.513,0
2023-11-01T00:00:49.519000,2.612372,52.239948,0.518,0
2023-11-01T00:00:50.462000,2.603048,52.296932,0.543,0
2023-11-01T00:00:51.406000,2.59371,52.353915,0.536,0
2023-11-01T00:00:52.349000,2.584358,52.410898,0.536,0
2023-11-01T00:00:53.293000,2.574992,52.467879,0.495,0
2023-11-01T00:00:54.236000,2.565612,52.52486,0.493,0
2023-11-01T00:00:55.180000,2.556219,52.58184,0.445,0
2023-11-01T00:00:56.123000,2.546811,52.638819,0.443,0
2023-11-01T00:00:57.067000,2.537388,52.695797,0.428,0
2023-11-01T00:00:58.010000,2.527952,52.752774,0.376,0
2023-11-01T00:00:58.953000,2.518501,52.809751,0.358,0
2023-11-01T00:00:59.897000,2.509036,52.866726,0.336,0
2023-11-01T00:01:00.840000,2.499556,52.923701,0.304,0
2023-11-01T00:01:01.784000,2.490062,52.980674,0.23,0
2023-11-01T00:01:02.727000,2.480553,53.037647,0.226,0
2023-11-01T00:01:03.671000,2.47103,53.094619,0.216,0
2023-11-01T00:01:04.614000,2.461491,53.15159,0.17,0
2023-11-01T00:01:05.557000,2.451938,53.20856,0.063,0
2023-11-01T00:01:06.501000,2.44237,53.265529,0.047,0
2023-11-01T00:01:07.444000,2.432787,53.322498,0.022,0
2023-11-01T00:01:08.388000,2.423189,53.379465,-0.055,0
2023-11-01T00:01:09.331000,2.413576,53.436432,-0.093,0
2023-11-01T00:01:10.275000,2.403948,53.493398,-0.139,0
2023-11-01T00:01:11.218000,2.394305,53.550362,-0.183,0
2023-11-01T00:01:12.162000,2.384646,53.607326,-0.224,0
2023-11-01T00:01:13.105000,2.374972,53.664289,-0.289,0
2023-11-01T00:01:14.048000,2.365282,53.721251,-0.325,0
2023-11-01T00:01:14.992000,2.355577,53.778212,-0.331,0
2023-11-01T00:01:15.935000,2.345856,53.835172,-0.404,0
2023-11-01T00:01:16.879000,2.33612,53.892132,-0.433,0
2023-11-01T00:01:17.822000,2.326367,53.94909,-0.442,0
2023-11-01T00:01:18.766000,2.316599,54.006048,-0.457,0
2023-11-01T00:01:19.709000,2.306815,54.063004,-0.476,0
2023-11-01T00:01:20.652000,2.297016,54.11996,-0.503,0
2023-11-01T00:01:21.596000,2.287199,54.176915,-0.483,0
2023-11-01T00:01:22.539000,2.277367,54.233869,-0.496,0
2023-11-01T00:01:23.483000,2.267519,54.290822,-0.528,0
2023-11-01T00:01:24.426000,2.257654,54.347774,-0.557,0
2023-11-01T00:01:25.370000,2.247773,54.404725,-0.541,0
2023-11-01T00:01:26.313000,2.237875,54.461675,-0.566,0
2023-11-01T00:01:27.257000,2.227961,54.518625,-0.597,0
2023-11-01T00:01:28.200000,2.218031,54.575573,-0.599,0
2023-11-01T00:01:29.143000,2.208083,54.632521,-0.596,0
2023-11-01T00:01:30.087000,2.198119,54.689467,-0.593,0
2023-11-01T00:01:31.030000,2.188138,54.746413,-0.589,0
2023-11-01T00:01:31.974000,2.17814,54.803358,-0.565,0
2023-11-01T00:01:32.917000,2.168125,54.860302,-0.577,0
2023-11-01T00:01:33.861000,2.158093,54.917245,-0.562,0
2023-11-01T00:01:34.804000,2.148043,54.974186,-0.567,0
2023-11-01T00:01:35.747000,2.137977,55.031128,-0.577,0
2023-11-01T00:01:36.691000,2.127893,55.088068,-0.539,0
2023-11-01T00:01:37.634000,2.117791,55.145007,-0.551,0
2023-11-01T00:01:38.578000,2.107672,55.201945,-0.545,0
2023-11-01T00:01:39.521000,2.097536,55.258883,-0.51,0
2023-11-01T00:01:40.465000,2.087381,55.315819,-0.523,0
2023-11-01T00:01:41.408000,2.077209,55.372754,-0.498,0
2023-11-01T00:01:42.352000,2.067019,55.429689,-0.474,0
2023-11-01T00:01:43.295000,2.056811,55.486623,-0.516,0
2023-11-01T00:01:44.238000,2.046585,55.543555,-0.363,0
2023-11-01T00:01:46.125000,2.026078,55.657418,-0.41,0
2023-11-01T00:01:47.069000,2.015797,55.714348,-0.387,0
2023-11-01T00:01:48.012000,2.005497,55.771277,-0.377,0
2023-11-01T00:01:48.956000,1.995179,55.828205,-0.347,0
2023-11-01T00:01:49.899000,1.984843,55.885132,-0.397,0
2023-11-01T00:01:50.842000,1.974488,55.942058,-0.394,0
2023-11-02T23:58:35.472000,1.798161,51.028082,1.5,1
2023-11-02T23:58:37.359000,1.780062,51.142078,1.432,0
2023-11-02T23:58:38.302000,1.770993,51.199074,1.39,0
2023-11-02T23:58:39.246000,1.761912,51.25607,1.315,0
2023-11-02T23:58:40.189000,1.752819,51.313065,1.244,0
2023-11-02T23:58:41.133000,1.743712,51.370059,1.198,0
2023-11-02T23:58:42.076000,1.734593,51.427052,1.14,0
2023-11-02T23:58:43.019000,1.72546,51.484045,1.113,0
2023-11-02T23:58:43.963000,1.716315,51.541036,1.118,0
2023-11-02T23:58:44.906000,1.707157,51.598027,1.156,0
2023-11-02T23:58:45.850000,1.697985,51.655017,1.163,0
2023-11-02T23:58:46.793000,1.688801,51.712005,1.18,0
2023-11-02T23:58:47.737000,1.679604,51.768994,1.217,0
2023-11-02T23:58:48.680000,1.670393,51.825981,1.254,0
2023-11-02T23:58:49.623000,1.661169,51.882967,1.282,0
2023-11-02T23:58:50.567000,1.651931,51.939952,1.334,0
2023-11-02T23:58:51.510000,1.64268,51.996937,1.348,1
2023-11-02T23:58:52.454000,1.633416,52.05392,1.409,1
2023-11-02T23:59:06.605000,1.49279,52.908569,1.309,1
2023-11-02T23:59:07.549000,1.483301,52.965539,1.222,1
2023-11-02T23:59:08.492000,1.473797,53.022507,1.133,1
2023-11-02T23:59:09.436000,1.464279,53.079475,1.094,0
2023-11-02T23:59:10.379000,1.454747,53.136442,1.025,0
2023-11-02T23:59:11.323000,1.445199,53.193408,0.965,0
2023-11-02T23:59:12.266000,1.435637,53.250373,0.924,0
2023-11-02T23:59:13.209000,1.42606,53.307337,0.857,0
2023-11-02T23:59:14.153000,1.416467,53.364301,0.798,0
2023-11-02T23:59:15.096000,1.40686,53.421263,0.727,0
2023-11-02T23:59:16.040000,1.397237,53.478224,0.702,0
2023-11-02T23:59:16.983000,1.3876,53.535185,0.647,0
2023-11-02T23:59:17.927000,1.377947,53.592145,0.55,0
2023-11-02T23:59:18.870000,1.368278,53.649104,0.51,0
2023-11-02T23:59:19.813000,1.358594,53.706061,0.46,0
2023-11-02T23:59:20.757000,1.348895,53.763018,0.433,0
2023-11-02T23:59:21.700000,1.33918,53.819975,0.339,0
2023-11-02T23:59:22.644000,1.32945,53.87693,0.29,0
2023-11-02T23:59:23.587000,1.319703,53.933884,0.24,0
2023-11-02T23:59:24.531000,1.309941,53.990837,0.179,0
2023-11-02T23:59:25.474000,1.300163,54.04779,0.136,0
2023-11-02T23:59:26.418000,1.290369,54.104741,0.117,0
2023-11-02T23:59:27.361000,1.280559,54.161692,0.037,0
2023-11-02T23:59:28.304000,1.270733,54.218642,0.011,0
2023-11-02T23:59:29.248000,1.260891,54.275591,-0.023,0
2023-11-02T23:59:30.191000,1.251032,54.332539,-0.054,0
2023-11-02T23:59:31.135000,1.241157,54.389486,-0.094,0
2023-11-02T23:59:32.078000,1.231266,54.446432,-0.111,0
2023-11-02T23:59:33.022000,1.221358,54.503377,-0.129,0
2023-11-02T23:59:33.965000,1.211433,54.560321,-0.151,0
2023-11-02T23:59:34.908000,1.201492,54.617264,-0.139,0
2023-11-02T23:59:35.852000,1.191534,54.674207,-0.157,0
2023-11-02T23:59:36.795000,1.181559,54.731148,-0.201,0
2023-11-02T23:59:37.739000,1.171568,54.788089,-0.21,0
2023-11-02T23:59:38.682000,1.161559,54.845029,-0.194,0
2023-11-02T23:59:39.626000,1.151533,54.901967,-0.234,0
2023-11-02T23:59:40.569000,1.14149,54.958905,-0.223,0
2023-11-02T23:59:41.513000,1.13143,55.015842,-0.259,0
2023-11-02T23:59:42.456000,1.121352,55.072778,-0.25,0
2023-11-02T23:59:43.399000,1.111258,55.129713,-0.261,0
2023-11-02T23:59:44.343000,1.101145,55.186647,-0.248,0
2023-11-02T23:59:45.286000,1.091015,55.24358,-0.271,0
2023-11-02T23:59:46.230000,1.080867,55.300513,-0.272,0
2023-11-02T23:59:47.173000,1.070701,55.357444,-0.271,0
2023-11-02T23:59:48.117000,1.060518,55.414374,-0.275,0
2023-11-02T23:59:49.060000,1.050317,55.471304,-0.257,0
2023-11-02T23:59:50.003000,1.040097,55.528232,-0.269,0
2023-11-02T23:59:50.947000,1.02986,55.58516,-0.262,0
2023-11-02T23:59:51.890000,1.019604,55.642087,-0.263,0
2023-11-02T23:59:52.834000,1.00933,55.699012,-0.27,0
2023-11-02T23:59:53.777000,0.999037,55.755937,-0.248,0
2023-11-02T23:59:54.721000,0.988726,55.812861,-0.245,0
2023-11-02T23:59:55.664000,0.978396,55.869784,-0.232,0
2023-11-02T23:59:56.608000,0.968048,55.926706,-0.252,0
2023-11-02T23:59:57.551000,0.957681,55.983627,-0.229,0
2023-11-03T11:53:35.439000,8.128783,55.470361,0.798,1
2023-11-03T11:53:36.383000,8.118588,55.413474,0.812,1
2023-11-03T11:53:37.326000,8.10841,55.356586,0.816,0
2023-11-03T11:53:38.270000,8.098251,55.299697,0.854,0
2023-11-03T11:53:39.213000,8.088109,55.242807,0.876,0
2023-11-03T11:53:40.156000,8.077985,55.185916,0.859,0
2023-11-03T11:53:41.100000,8.067878,55.129025,0.862,0
2023-11-03T11:53:42.043000,8.057789,55.072132,0.868,0
2023-11-03T11:53:42.987000,8.047717,55.015239,0.877,0
2023-11-03T11:53:43.930000,8.037662,54.958345,0.968,0
2023-11-03T11:53:44.874000,8.027625,54.90145,0.983,0
2023-11-03T11:53:45.817000,8.017605,54.844554,1.017,0
2023-11-03T11:53:46.760000,8.007602,54.787657,1.03,0
2023-11-03T11:53:47.704000,7.997616,54.730759,1.032,0
2023-11-03T11:53:48.647000,7.987647,54.673861,1.093,0
2023-11-03T11:53:49.591000,7.977695,54.616961,1.145,0
2023-11-03T11:53:50.534000,7.967759,54.560061,1.162,0
2023-11-03T11:53:51.478000,7.95784,54.50316,1.227,0
2023-11-03T11:53:52.421000,7.947938,54.446258,1.222,0
2023-11-03T11:53:53.364000,7.938052,54.389356,1.258,0
2023-11-03T11:53:54.308000,7.928182,54.332452,1.317,0
2023-11-03T11:53:55.251000,7.918329,54.275547,1.322,1
2023-11-03T11:53:58.082000,7.888867,54.104829,1.429,1
2023-11-03T11:53:59.025000,7.879078,54.047921,1.443,1
2023-11-03T11:53:59.969000,7.869306,53.991012,1.462,0
2023-11-03T11:54:00.912000,7.859549,53.934102,1.527,0
2023-11-03T11:54:01.855000,7.849808,53.877192,1.577,1
2023-11-04T23:56:24.255000,0.950185,50.001028,0.932,1
2023-11-04T23:56:25.199000,0.941359,50.058037,0.898,0
2023-11-04T23:56:26.142000,0.932522,50.115046,0.855,0
2023-11-04T23:56:27.085000,0.923673,50.172053,0.809,0
2023-11-04T23:56:28.029000,0.914812,50.22906,0.74,0
2023-11-04T23:56:28.972000,0.90594,50.286066,0.69,0
2023-11-04T23:56:29.916000,0.897055,50.343071,0.642,0
2023-11-04T23:56:30.859000,0.888159,50.400075,0.606,0
2023-11-04T23:56:31.803000,0.879251,50.457078,0.576,0
2023-11-04T23:56:32.746000,0.870331,50.51408,0.503,0
2023-11-04T23:56:33.689000,0.861399,50.571082,0.528,0
2023-11-04T23:56:34.633000,0.852455,50.628083,0.426,0
2023-11-04T23:56:36.520000,0.834531,50.742081,0.287,0
2023-11-04T23:56:37.463000,0.82555,50.79908,0.199,1
2023-11-04T23:56:38.407000,0.816557,50.856077,0.196,1
2023-11-04T23:57:14.257000,0.465181,53.02133,1.705,1
2023-11-04T23:57:15.201000,0.455664,53.078293,1.63,1
2023-11-04T23:57:16.144000,0.446132,53.135255,1.58,1
2023-11-04T23:57:17.088000,0.436586,53.192217,1.543,1
2023-11-04T23:57:18.031000,0.427025,53.249177,1.55,1
2023-11-04T23:57:18.974000,0.417449,53.306137,1.534,1
2023-11-04T23:57:19.918000,0.407858,53.363096,1.483,1
2023-11-04T23:57:20.861000,0.398252,53.420053,1.423,1
2023-11-04T23:57:21.805000,0.38863,53.47701,1.383,1
2023-11-04T23:57:22.748000,0.378994,53.533966,1.325,1
2023-11-04T23:57:23.692000,0.369342,53.590921,1.244,1
2023-11-04T23:57:24.635000,0.359675,53.647876,1.189,1
2023-11-04T23:57:25.579000,0.349992,53.704829,1.106,0
2023-11-04T23:57:26.522000,0.340294,53.761781,1.04,0
2023-11-04T23:57:27.465000,0.330581,53.818733,1.036,0
2023-11-04T23:57:28.409000,0.320852,53.875684,0.956,0
2023-11-04T23:57:29.352000,0.311106,53.932633,0.933,0
2023-11-04T23:57:30.296000,0.301346,53.989582,0.886,0
2023-11-04T23:57:31.239000,0.291569,54.04653,0.85,0
2023-11-04T23:57:32.183000,0.281776,54.103477,0.815,0
2023-11-04T23:57:33.126000,0.271967,54.160423,0.736,0
2023-11-04T23:57:34.069000,0.262143,54.217368,0.744,0
2023-11-04T23:57:35.013000,0.252302,54.274312,0.704,0
2023-11-04T23:57:35.956000,0.242444,54.331256,0.642,0
2023-11-04T23:57:36.900000,0.232571,54.388198,0.614,0
2023-11-04T23:57:37.843000,0.222681,54.44514,0.537,0
2023-11-04T23:57:38.787000,0.212774,54.50208,0.537,1
2023-11-04T23:57:39.730000,0.202851,54.55902,0.553,0
2023-11-04T23:57:40.673000,0.192911,54.615959,0.506,0
2023-11-04T23:57:41.617000,0.182954,54.672897,0.486,0
2023-11-04T23:57:42.560000,0.172981,54.729834,0.465,0
2023-11-04T23:57:43.504000,0.162991,54.78677,0.433,0
2023-11-04T23:57:44.447000,0.152983,54.843705,0.406,0
2023-11-04T23:57:45.391000,0.142959,54.900639,0.374,0
2023-11-04T23:57:46.334000,0.132917,54.957572,0.379,0
2023-11-04T23:57:47.278000,0.122859,55.014505,0.361,0
2023-11-04T23:57:48.221000,0.112782,55.071436,0.38,0
2023-11-04T23:57:49.164000,0.102689,55.128366,0.339,0
2023-11-04T23:57:50.108000,0.092578,55.185296,0.333,0
2023-11-04T23:57:51.051000,0.082449,55.242224,0.297,0
2023-11-04T23:57:51.995000,0.072303,55.299152,0.291,0
2023-11-04T23:57:52.938000,0.062139,55.356079,0.292,0
2023-11-04T23:57:53.882000,0.051957,55.413005,0.264,0
2023-11-04T23:57:54.825000,0.041757,55.469929,0.243,0
2023-11-04T23:57:55.768000,0.031539,55.526853,0.231,0
2023-11-04T23:57:56.712000,0.021302,55.583776,0.213,0
2023-11-04T23:57:57.655000,0.011048,55.640699,0.191,0
2023-11-04T23:57:58.599000,0.000775,55.69762,0.194,0
2023-11-04T23:57:59.542000,-0.009516,55.75454,0.188,0
2023-11-04T23:58:00.486000,-0.019825,55.811459,0.2,0
2023-11-04T23:58:01.429000,-0.030153,55.868377,0.178,0
2023-11-04T23:58:02.373000,-0.0405,55.925295,0.174,0
2023-11-04T23:58:03.316000,-0.050866,55.982211,0.171,0
2023-11-05T11:51:32.713000,7.212564,55.984557,0.656,0
2023-11-05T11:51:33.657000,7.202203,55.92768,0.645,0
2023-11-05T11:51:34.600000,7.19186,55.870802,0.629,0
2023-11-05T11:51:35.544000,7.181536,55.813923,0.604,0
2023-11-05T11:51:36.487000,7.171231,55.757043,0.573,0
2023-11-05T11:51:37.430000,7.160944,55.700163,0.589,0
2023-11-05T11:51:38.374000,7.150676,55.643281,0.593,0
2023-11-05T11:51:39.317000,7.140426,55.586399,0.592,0
2023-11-05T11:51:40.261000,7.130194,55.529516,0.579,0
2023-11-05T11:51:41.204000,7.11998,55.472631,0.58,0
2023-11-05T11:51:42.148000,7.109784,55.415746,0.573,0
2023-11-05T11:51:43.091000,7.099606,55.35886,0.57,0
2023-11-05T11:51:44.035000,7.089446,55.301973,0.583,0
2023-11-05T11:51:44.978000,7.079303,55.245086,0.568,0
2023-11-05T11:51:45.921000,7.069179,55.188197,0.569,0
2023-11-05T11:51:46.865000,7.059072,55.131308,0.569,0
2023-11-05T11:51:47.808000,7.048982,55.074417,0.553,0
2023-11-05T11:51:48.752000,7.03891,55.017526,0.569,0
2023-11-05T11:51:49.695000,7.028855,54.960634,0.547,0
2023-11-05T11:51:50.639000,7.018817,54.903741,0.569,0
2023-11-05T11:51:51.582000,7.008797,54.846847,0.558,0
2023-11-05T11:51:52.525000,6.998793,54.789953,0.589,0
2023-11-05T11:51:53.469000,6.988807,54.733057,0.596,0
2023-11-05T11:51:54.412000,6.978838,54.676161,0.621,0
2023-11-05T11:51:55.356000,6.968885,54.619263,0.624,0
2023-11-05T11:51:56.299000,6.958949,54.562365,0.629,0
2023-11-05T11:51:57.243000,6.949029,54.505466,0.641,0
2023-11-05T11:51:58.186000,6.939127,54.448566,0.65,0
2023-11-05T11:51:59.130000,6.92924,54.391666,0.658,0
2023-11-05T11:52:00.073000,6.919371,54.334764,0.675,0
2023-11-05T11:52:01.016000,6.909517,54.277862,0.703,0
2023-11-05T11:52:01.960000,6.89968,54.220958,0.729,0
2023-11-05T11:52:02.903000,6.889859,54.164054,0.761,0
2023-11-05T11:52:03.847000,6.880054,54.107149,0.762,0
2023-11-05T11:52:04.790000,6.870265,54.050243,0.812,0
2023-11-05T11:52:05.734000,6.860492,53.993337,0.834,0
2023-11-05T11:52:06.677000,6.850734,53.936429,0.837,0
2023-11-05T11:52:07.620000,6.840993,53.879521,0.883,0
2023-11-05T11:52:08.564000,6.831267,53.822611,0.933,0
2023-11-05T11:52:09.507000,6.821557,53.765701,0.985,1
2023-11-05T11:52:10.451000,6.811863,53.70879,1.028,1
2023-11-06T23:54:25.303000,-0.016841,49.737648,-0.686,1
2023-11-06T23:54:26.246000,-0.025614,49.794657,-0.677,0
2023-11-06T23:54:27.190000,-0.034399,49.851664,-0.653,0
2023-11-06T23:54:28.133000,-0.043195,49.908671,-0.662,0
2023-11-06T23:54:29.077000,-0.052002,49.965677,-0.615,0
2023-11-06T23:54:30.020000,-0.060821,50.022682,-0.614,0
2023-11-06T23:54:30.964000,-0.069652,50.079686,-0.613,0
2023-11-06T23:54:31.907000,-0.078494,50.13669,-0.592,0
2023-11-06T23:54:32.850000,-0.087348,50.193692,-0.593,0
2023-11-06T23:54:33.794000,-0.096213,50.250694,-0.551,0
2023-11-06T23:54:34.737000,-0.105091,50.307695,-0.557,0
2023-11-06T23:54:35.681000,-0.11398,50.364695,-0.568,0
2023-11-06T23:54:36.624000,-0.122881,50.421694,-0.544,0
2023-11-06T23:54:37.568000,-0.131794,50.478692,-0.533,0
2023-11-06T23:54:38.511000,-0.140718,50.53569,-0.505,0
2023-11-06T23:54:39.455000,-0.149655,50.592686,-0.512,0
2023-11-06T23:54:40.398000,-0.158604,50.649682,-0.507,0
2023-11-06T23:54:41.341000,-0.167565,50.706677,-0.523,1
2023-11-06T23:54:42.285000,-0.176538,50.763671,-0.506,1
2023-11-06T23:55:47.382000,-0.828505,54.694141,1.043,1
2023-11-06T23:55:48.325000,-0.838485,54.751072,1.023,0
2023-11-06T23:55:49.269000,-0.848482,54.808003,1.01,0
2023-11-06T23:55:50.212000,-0.858496,54.864933,0.997,0
2023-11-06T23:55:51.156000,-0.868527,54.921863,1.0,0
2023-11-06T23:55:52.099000,-0.878576,54.978791,0.967,0
2023-11-06T23:55:53.043000,-0.888641,55.035718,0.953,0
2023-11-06T23:55:53.986000,-0.898724,55.092644,0.915,0
2023-11-06T23:55:54.929000,-0.908825,55.14957,0.908,0
2023-11-06T23:55:55.873000,-0.918943,55.206494,0.896,0
2023-11-06T23:55:56.816000,-0.929078,55.263418,0.857,0
2023-11-06T23:55:57.760000,-0.939231,55.320341,0.843,0
2023-11-06T23:55:58.703000,-0.949402,55.377262,0.809,0
2023-11-06T23:55:59.647000,-0.959591,55.434183,0.795,0
2023-11-06T23:56:00.590000,-0.969799,55.491103,0.774,0
2023-11-06T23:56:01.534000,-0.980023,55.548022,0.77,0
2023-11-06T23:56:02.477000,-0.990267,55.60494,0.729,0
2023-11-06T23:56:03.420000,-1.000528,55.661857,0.717,0
2023-11-06T23:56:04.364000,-1.010808,55.718773,0.721,0
2023-11-06T23:56:05.307000,-1.021106,55.775688,0.696,0
2023-11-06T23:56:06.251000,-1.031423,55.832602,0.68,0
2023-11-06T23:56:07.194000,-1.041758,55.889516,0.666,0
2023-11-06T23:56:08.138000,-1.052113,55.946428,0.651,0
2023-11-07T11:49:38.478000,6.201685,55.961345,0.409,0
2023-11-07T11:49:39.422000,6.19133,55.904469,0.449,0
2023-11-07T11:49:40.365000,6.180994,55.847592,0.458,0
2023-11-07T11:49:41.309000,6.170677,55.790715,0.42,0
2023-11-07T11:49:42.252000,6.160378,55.733836,0.414,0
2023-11-07T11:49:43.196000,6.150097,55.676957,0.407,0
2023-11-07T11:49:44.139000,6.139835,55.620077,0.4,0
2023-11-07T11:49:45.082000,6.129591,55.563196,0.352,0
2023-11-07T11:49:46.026000,6.119366,55.506314,0.328,0
2023-11-07T11:49:46.969000,6.109158,55.449431,0.328,0
2023-11-07T11:49:47.913000,6.098969,55.392547,0.304,0
2023-11-07T11:49:48.856000,6.088797,55.335662,0.315,0
2023-11-07T11:49:49.800000,6.078643,55.278777,0.316,0
2023-11-07T11:49:50.743000,6.068507,55.22189,0.316,0
2023-11-07T11:49:51.686000,6.058388,55.165003,0.293,0
2023-11-07T11:49:52.630000,6.048287,55.108115,0.303,0
2023-11-07T11:49:53.573000,6.038204,55.051226,0.261,0
2023-11-07T11:49:54.517000,6.028138,54.994336,0.248,0
2023-11-07T11:49:55.460000,6.018089,54.937445,0.278,0
2023-11-07T11:49:56.404000,6.008057,54.880553,0.248,0
2023-11-07T11:49:57.347000,5.998043,54.823661,0.262,0
2023-11-07T11:49:58.291000,5.988045,54.766767,0.267,0
2023-11-07T11:49:59.234000,5.978065,54.709873,0.247,0
2023-11-07T11:50:00.177000,5.968101,54.652978,0.272,0
2023-11-07T11:50:01.121000,5.958154,54.596082,0.26,0
2023-11-07T11:50:02.064000,5.948224,54.539185,0.246,0
2023-11-07T11:50:03.008000,5.93831,54.482287,0.235,0
2023-11-07T11:50:03.951000,5.928413,54.425388,0.228,0
2023-11-07T11:50:04.895000,5.918533,54.368489,0.206,0
2023-11-07T11:50:05.838000,5.908668,54.311588,0.236,0
2023-11-07T11:50:06.781000,5.89882,54.254687,0.203,0
2023-11-07T11:50:07.725000,5.888989,54.197785,0.195,0
2023-11-07T11:50:08.668000,5.879173,54.140882,0.224,0
2023-11-07T11:50:09.612000,5.869374,54.083978,0.206,0
2023-11-07T11:50:10.555000,5.85959,54.027073,0.194,0
2023-11-07T11:50:11.499000,5.849823,53.970168,0.229,0
2023-11-07T11:50:12.442000,5.840071,53.913261,0.235,0
2023-11-07T11:50:13.386000,5.830335,53.856354,0.2,0
2023-11-07T11:50:14.329000,5.820615,53.799446,0.266,0
2023-11-07T11:50:15.272000,5.81091,53.742537,0.298,0
2023-11-07T11:50:16.216000,5.801221,53.685627,0.306,0
2023-11-07T11:50:17.159000,5.791547,53.628717,0.297,0
2023-11-07T11:50:18.103000,5.781889,53.571805,0.315,1
2023-11-07T11:50:19.046000,5.772246,53.514893,0.35,1
2023-11-08T23:52:30.125000,-1.019049,49.700933,-1.272,0
2023-11-08T23:52:31.068000,-1.027816,49.757936,-1.196,0
2023-11-08T23:52:32.011000,-1.036595,49.814939,-1.102,0
2023-11-08T23:52:32.955000,-1.045384,49.871941,-1.036,0
2023-11-08T23:52:33.898000,-1.054186,49.928942,-0.999,0
2023-11-08T23:52:34.842000,-1.062998,49.985943,-0.939,0
2023-11-08T23:52:35.785000,-1.071822,50.042942,-0.793,0
2023-11-08T23:52:36.729000,-1.080658,50.09994,-0.729,0
2023-11-08T23:52:37.672000,-1.089506,50.156938,-0.652,0
2023-11-08T23:52:38.615000,-1.098364,50.213935,-0.597,0
2023-11-08T23:52:39.559000,-1.107235,50.270931,-0.522,0
2023-11-08T23:52:40.502000,-1.116118,50.327926,-0.483,0
2023-11-08T23:52:41.446000,-1.125012,50.384921,-0.428,0
2023-11-08T23:52:42.389000,-1.133918,50.441914,-0.339,0
2023-11-08T23:52:43.333000,-1.142836,50.498907,-0.288,1
2023-11-08T23:52:44.276000,-1.151766,50.555899,-0.196,1
2023-11-08T23:54:13.903000,-2.063772,55.966105,1.792,1
2023-11-09T11:47:44.243000,5.195525,55.973472,0.617,0
2023-11-09T11:47:45.187000,5.185164,55.916598,0.564,0
2023-11-09T11:47:46.130000,5.174822,55.859722,0.577,0
2023-11-09T11:47:47.074000,5.164499,55.802846,0.533,0
2023-11-09T11:47:48.017000,5.154194,55.745968,0.525,0
2023-11-09T11:47:48.961000,5.143908,55.68909,0.527,0
2023-11-09T11:47:49.904000,5.13364,55.632211,0.507,0
2023-11-09T11:47:50.847000,5.12339,55.575331,0.502,0
2023-11-09T11:47:51.791000,5.113159,55.51845,0.464,0
2023-11-09T11:47:52.734000,5.102945,55.461568,0.446,0
2023-11-09T11:47:53.678000,5.09275,55.404686,0.456,0
2023-11-09T11:47:54.621000,5.082572,55.347802,0.439,0
2023-11-09T11:47:55.565000,5.072413,55.290918,0.461,0
2023-11-09T11:47:56.508000,5.062271,55.234032,0.437,0
2023-11-09T11:47:57.452000,5.052147,55.177146,0.416,0
2023-11-09T11:47:58.395000,5.04204,55.120259,0.385,0
2023-11-09T11:47:59.338000,5.031951,55.063371,0.36,0
2023-11-09T11:48:00.282000,5.021879,55.006482,0.346,0
2023-11-09T11:48:01.225000,5.011824,54.949593,0.328,0
2023-11-09T11:48:02.169000,5.001787,54.892702,0.312,0
2023-11-09T11:48:03.112000,4.991767,54.835811,0.293,0
2023-11-09T11:48:04.056000,4.981764,54.778918,0.273,0
2023-11-09T11:48:04.999000,4.971778,54.722025,0.269,0
2023-11-09T11:48:05.942000,4.961809,54.665131,0.243,0
2023-11-09T11:48:06.886000,4.951856,54.608236,0.228,0
2023-11-09T11:48:07.829000,4.941921,54.55134,0.216,0
2023-11-09T11:48:08.773000,4.932002,54.494443,0.2,0
2023-11-09T11:48:09.716000,4.922099,54.437546,0.164,0
2023-11-09T11:48:10.660000,4.912213,54.380647,0.161,0
2023-11-09T11:48:11.603000,4.902344,54.323748,0.135,0
2023-11-09T11:48:12.546000,4.89249,54.266848,0.112,0
2023-11-09T11:48:13.490000,4.882653,54.209947,0.092,0
2023-11-09T11:48:14.433000,4.872832,54.153045,0.086,0
2023-11-09T11:48:15.377000,4.863028,54.096142,0.041,0
2023-11-09T11:48:16.320000,4.853239,54.039238,0.03,0
2023-11-09T11:48:17.264000,4.843466,53.982334,0.064,0
2023-11-09T11:48:18.207000,4.833709,53.925428,0.066,0
2023-11-09T11:48:19.151000,4.823968,53.868522,0.085,0
2023-11-09T11:48:20.094000,4.814243,53.811615,0.081,0
2023-11-09T11:48:21.037000,4.804533,53.754707,0.087,0
2023-11-09T11:48:21.981000,4.794838,53.697798,0.084,0
2023-11-09T11:48:22.924000,4.78516,53.640888,0.072,0
2023-11-09T11:48:23.868000,4.775496,53.583978,0.104,0
2023-11-09T11:48:24.811000,4.765848,53.527066,0.171,0
2023-11-09T11:48:25.755000,4.756215,53.470154,0.22,0
2023-11-09T11:48:26.698000,4.746598,53.413241,0.256,0
2023-11-09T11:48:27.641000,4.736995,53.356327,0.295,0
2023-11-09T11:48:28.585000,4.727408,53.299412,0.387,1
2023-11-09T11:48:29.528000,4.717835,53.242496,0.46,1
2023-11-09T11:48:30.472000,4.708278,53.18558,0.583,1
2023-11-09T11:48:31.415000,4.698735,53.128662,0.658,1
2023-11-10T23:50:37.776000,-2.039323,49.740911,-1.999,1
2023-11-10T23:50:38.720000,-2.0481,49.79791,-1.803,1
2023-11-10T23:50:39.663000,-2.056887,49.854907,-1.646,0
2023-11-10T23:50:40.607000,-2.065686,49.911904,-1.491,0
2023-11-10T23:50:41.550000,-2.074496,49.9689,-1.372,0
2023-11-10T23:50:42.494000,-2.083318,50.025895,-1.231,0
2023-11-10T23:50:43.437000,-2.092152,50.082889,-1.109,0
2023-11-10T23:50:44.381000,-2.100997,50.139883,-1.013,0
2023-11-10T23:50:45.324000,-2.109853,50.196875,-0.894,0
2023-11-10T23:50:46.267000,-2.118722,50.253867,-0.796,0
2023-11-10T23:50:47.211000,-2.127602,50.310857,-0.684,0
2023-11-10T23:50:48.154000,-2.136494,50.367847,-0.583,0
2023-11-10T23:50:49.098000,-2.145398,50.424837,-0.488,0
2023-11-10T23:50:50.041000,-2.154313,50.481825,-0.398,1
2023-11-10T23:50:50.985000,-2.163241,50.538812,-0.291,1
2023-11-11T11:45:51.895000,4.176023,55.935163,0.178,0
2023-11-11T11:45:52.839000,4.165673,55.878288,0.192,0
2023-11-11T11:45:53.782000,4.155341,55.821413,0.15,0
2023-11-11T11:45:54.726000,4.145028,55.764536,0.171,0
2023-11-11T11:45:55.669000,4.134734,55.707659,0.18,0
2023-11-11T11:45:56.612000,4.124458,55.650781,0.144,0
2023-11-11T11:45:57.556000,4.114201,55.593902,0.114,0
2023-11-11T11:45:58.499000,4.103961,55.537021,0.116,0
2023-11-11T11:45:59.443000,4.09374,55.480141,0.129,0
2023-11-11T11:46:00.386000,4.083537,55.423259,0.117,0
2023-11-11T11:46:01.330000,4.073352,55.366376,0.096,0
2023-11-11T11:46:02.273000,4.063184,55.309493,0.07,0
2023-11-11T11:46:03.217000,4.053035,55.252608,0.039,0
2023-11-11T11:46:04.160000,4.042903,55.195723,0.018,0
2023-11-11T11:46:05.103000,4.032789,55.138836,0.051,0
2023-11-11T11:46:06.047000,4.022692,55.081949,0.026,0
2023-11-11T11:46:06.990000,4.012612,55.025061,0.002,0
2023-11-11T11:46:07.934000,4.00255,54.968172,-0.0,0
2023-11-11T11:46:08.877000,3.992506,54.911283,0.006,0
2023-11-11T11:46:09.821000,3.982478,54.854392,-0.005,0
2023-11-11T11:46:10.764000,3.972468,54.7975,-0.037,0
2023-11-11T11:46:11.707000,3.962474,54.740608,-0.042,0
2023-11-11T11:46:12.651000,3.952498,54.683715,-0.073,0
2023-11-11T11:46:13.594000,3.942538,54.626821,-0.087,0
2023-11-11T11:46:14.538000,3.932595,54.569925,-0.091,0
2023-11-11T11:46:15.481000,3.922669,54.513029,-0.127,0
2023-11-11T11:46:16.425000,3.912759,54.456132,-0.155,0
2023-11-11T11:46:17.368000,3.902866,54.399235,-0.183,0
2023-11-11T11:46:18.312000,3.892989,54.342336,-0.193,0
2023-11-11T11:46:19.255000,3.883129,54.285437,-0.216,0
2023-11-11T11:46:20.198000,3.873285,54.228536,-0.248,0
2023-11-11T11:46:21.142000,3.863457,54.171635,-0.251,0
2023-11-11T11:46:22.085000,3.853645,54.114733,-0.266,0
2023-11-11T11:46:23.029000,3.843849,54.05783,-0.306,0
2023-11-11T11:46:23.972000,3.834069,54.000926,-0.314,0
2023-11-11T11:46:24.916000,3.824305,53.944022,-0.324,0
2023-11-11T11:46:25.859000,3.814557,53.887116,-0.332,0
2023-11-11T11:46:26.802000,3.804825,53.83021,-0.347,0
2023-11-11T11:46:27.746000,3.795108,53.773303,-0.368,0
2023-11-11T11:46:28.689000,3.785407,53.716394,-0.384,0
2023-11-11T11:46:29.633000,3.775721,53.659485,-0.397,0
2023-11-11T11:46:30.576000,3.766051,53.602576,-0.405,0
2023-11-11T11:46:31.520000,3.756396,53.545665,-0.385,0
2023-11-11T11:46:32.463000,3.746757,53.488753,-0.391,0
2023-11-11T11:46:33.407000,3.737133,53.431841,-0.378,0
2023-11-11T11:46:34.350000,3.727523,53.374928,-0.376,0
2023-11-11T11:46:35.293000,3.717929,53.318013,-0.338,0
2023-11-11T11:46:36.237000,3.70835,53.261098,-0.299,0
2023-11-11T11:46:37.180000,3.698786,53.204183,-0.271,0
2023-11-11T11:46:38.124000,3.689237,53.147266,-0.234,0
2023-11-11T11:46:39.067000,3.679702,53.090348,-0.199,0
2023-11-11T11:46:40.011000,3.670183,53.03343,-0.13,0
2023-11-11T11:46:40.954000,3.660677,52.976511,-0.082,0
2023-11-11T11:46:41.897000,3.651187,52.919591,-0.038,0
2023-11-11T11:46:42.841000,3.641711,52.86267,0.036,0
2023-11-11T11:46:43.784000,3.632249,52.805748,0.083,0
2023-11-11T11:46:44.728000,3.622802,52.748825,0.202,0
2023-11-11T11:46:45.671000,3.613369,52.691902,0.243,0
2023-11-11T11:46:46.615000,3.603951,52.634977,0.315,0
2023-11-11T11:46:47.558000,3.594546,52.578052,0.381,0
2023-11-11T11:46:48.502000,3.585156,52.521126,0.479,0
2023-11-11T11:46:49.445000,3.57578,52.464199,0.539,0
2023-11-11T11:46:50.388000,3.566417,52.407271,0.643,0
2023-11-11T11:46:51.332000,3.557069,52.350343,0.718,0
2023-11-11T11:46:52.275000,3.547735,52.293413,0.81,0
2023-11-11T11:46:53.219000,3.538414,52.236483,0.913,0
2023-11-11T11:46:54.162000,3.529107,52.179552,0.998,0
2023-11-11T11:46:55.106000,3.519814,52.12262,1.089,0
2023-11-11T11:46:56.049000,3.510534,52.065687,1.184,0
2023-11-11T11:46:56.992000,3.501268,52.008754,1.293,0
2023-11-11T11:46:57.936000,3.492015,51.951819,1.39,0
2023-11-11T11:46:58.879000,3.482776,51.894884,1.499,0
2023-11-11T11:46:59.823000,3.47355,51.837948,1.563,0
2023-11-11T11:47:00.766000,3.464337,51.781011,1.68,0
2023-11-11T11:47:01.710000,3.455138,51.724073,1.797,0
2023-11-11T11:47:02.653000,3.445952,51.667135,1.881,1
2023-11-11T11:47:03.597000,3.436779,51.610195,2.002,1
2023-11-11T11:47:06.427000,3.409338,51.439372,2.267,1
2023-11-13T11:43:58.604000,3.165372,55.944943,0.051,0
2023-11-13T11:43:59.547000,3.155018,55.888068,-0.022,0
2023-11-13T11:44:00.491000,3.144682,55.831193,-0.051,0
2023-11-13T11:44:01.434000,3.134365,55.774316,-0.037,0
2023-11-13T11:44:02.378000,3.124067,55.717439,-0.087,0
2023-11-13T11:44:03.321000,3.113787,55.660561,-0.096,0
2023-11-13T11:44:04.264000,3.103526,55.603682,-0.104,0
2023-11-13T11:44:05.208000,3.093283,55.546802,-0.119,0
2023-11-13T11:44:06.151000,3.083058,55.489921,-0.233,0
2023-11-13T11:44:07.095000,3.072851,55.433039,-0.208,0
2023-11-13T11:44:08.038000,3.062662,55.376157,-0.236,0
2023-11-13T11:44:08.982000,3.052491,55.319273,-0.287,0
2023-11-13T11:44:09.925000,3.042337,55.262389,-0.291,0
2023-11-13T11:44:10.868000,3.032202,55.205503,-0.27,0
2023-11-13T11:44:11.812000,3.022084,55.148617,-0.326,0
2023-11-13T11:44:12.755000,3.011983,55.09173,-0.323,0
2023-11-13T11:44:13.699000,3.0019,55.034842,-0.379,0
2023-11-13T11:44:14.642000,2.991835,54.977953,-0.408,0
2023-11-13T11:44:15.586000,2.981786,54.921063,-0.392,0
2023-11-13T11:44:16.529000,2.971755,54.864173,-0.346,0
2023-11-13T11:44:17.473000,2.961741,54.807281,-0.404,0
2023-11-13T11:44:18.416000,2.951744,54.750389,-0.44,0
2023-11-13T11:44:19.359000,2.941764,54.693495,-0.418,0
2023-11-13T11:44:20.303000,2.9318,54.636601,-0.483,0
2023-11-13T11:44:21.246000,2.921854,54.579706,-0.465,0
2023-11-13T11:44:22.190000,2.911924,54.52281,-0.494,0
2023-11-13T11:44:23.133000,2.902011,54.465913,-0.507,0
2023-11-13T11:44:24.077000,2.892114,54.409015,-0.566,0
2023-11-13T11:44:25.020000,2.882234,54.352117,-0.613,0
2023-11-13T11:44:25.963000,2.87237,54.295217,-0.544,0
2023-11-13T11:44:26.907000,2.862522,54.238317,-0.641,0
2023-11-13T11:44:27.850000,2.852691,54.181416,-0.638,0
2023-11-13T11:44:28.794000,2.842876,54.124513,-0.697,0
2023-11-13T11:44:29.737000,2.833076,54.06761,-0.758,0
2023-11-13T11:44:30.681000,2.823293,54.010707,-0.772,0
2023-11-13T11:44:31.624000,2.813526,53.953802,-0.772,0
2023-11-13T11:44:32.568000,2.803774,53.896896,-0.802,0
2023-11-13T11:44:33.511000,2.794039,53.83999,-0.789,0
2023-11-13T11:44:34.454000,2.784318,53.783082,-0.765,0
2023-11-13T11:44:35.398000,2.774614,53.726174,-0.803,0
2023-11-13T11:44:36.341000,2.764925,53.669265,-0.829,0
2023-11-13T11:44:37.285000,2.755252,53.612355,-0.812,0
2023-11-13T11:44:38.228000,2.745594,53.555444,-0.825,0
2023-11-13T11:44:39.172000,2.735951,53.498532,-0.779,0
2023-11-13T11:44:40.115000,2.726323,53.44162,-0.792,0
2023-11-13T11:44:41.058000,2.716711,53.384707,-0.769,0
2023-11-13T11:44:42.002000,2.707113,53.327792,-0.75,0
2023-11-13T11:44:42.945000,2.697531,53.270877,-0.714,0
2023-11-13T11:44:43.889000,2.687964,53.213961,-0.739,0
2023-11-13T11:44:44.832000,2.678411,53.157044,-0.67,0
2023-11-13T11:44:45.776000,2.668873,53.100126,-0.638,0
2023-11-13T11:44:46.719000,2.65935,53.043208,-0.654,0
2023-11-13T11:44:47.663000,2.649842,52.986289,-0.557,0
2023-11-13T11:44:48.606000,2.640348,52.929368,-0.506,0
2023-11-13T11:44:49.549000,2.630869,52.872447,-0.443,0
2023-11-13T11:44:50.493000,2.621405,52.815525,-0.363,0
2023-11-13T11:44:51.436000,2.611954,52.758602,-0.304,0
2023-11-13T11:44:52.380000,2.602518,52.701679,-0.216,0
2023-11-13T11:44:53.323000,2.593097,52.644754,-0.122,0
2023-11-13T11:44:54.267000,2.583689,52.587829,-0.003,0
2023-11-13T11:44:55.210000,2.574296,52.530902,0.077,0
2023-11-13T11:44:56.153000,2.564916,52.473975,0.176,0
2023-11-13T11:44:57.097000,2.555551,52.417047,0.271,0
2023-11-13T11:44:58.984000,2.536862,52.303189,0.454,0
2023-11-13T11:44:59.927000,2.527538,52.246258,0.61,0
2023-11-13T11:45:00.871000,2.518228,52.189327,0.722,0
2023-11-13T11:45:01.814000,2.508932,52.132395,0.827,0
2023-11-13T11:45:02.757000,2.49965,52.075462,0.954,0
2023-11-13T11:45:03.701000,2.49038,52.018528,1.05,0
2023-11-13T11:45:04.644000,2.481125,51.961593,1.174,0
2023-11-13T11:45:05.588000,2.471883,51.904658,1.304,0
2023-11-13T11:45:06.531000,2.462654,51.847721,1.384,0
2023-11-13T11:45:07.475000,2.453438,51.790784,1.486,0
2023-11-13T11:45:08.418000,2.444236,51.733846,1.62,0
2023-11-13T11:45:09.362000,2.435047,51.676907,1.74,0
2023-11-13T11:45:10.305000,2.425871,51.619968,1.856,0
2023-11-13T11:45:11.248000,2.416708,51.563027,1.968,0
2023-11-13T11:45:12.192000,2.407558,51.506086,2.099,0
2023-11-13T11:45:13.135000,2.398421,51.449143,2.163,0
2023-11-13T11:45:14.079000,2.389297,51.3922,2.277,0
2023-11-13T11:45:15.022000,2.380186,51.335256,2.422,0
2023-11-13T11:45:15.966000,2.371088,51.278312,2.545,0
2023-11-13T11:45:16.909000,2.362002,51.221366,2.701,0
2023-11-13T11:45:17.852000,2.352929,51.16442,2.798,1
2023-11-13T11:45:18.796000,2.343869,51.107473,2.915,1
2023-11-13T22:59:17.336000,8.221278,53.766576,2.151,1
2023-11-13T22:59:18.279000,8.21156,53.823507,2.109,1
2023-11-13T22:59:19.223000,8.201827,53.880437,2.057,1
2023-11-13T22:59:20.166000,8.192079,53.937366,2.107,0
2023-11-13T22:59:21.110000,8.182314,53.994295,2.11,0
2023-11-13T22:59:22.053000,8.172534,54.051222,2.056,0
2023-11-13T22:59:22.997000,8.162737,54.108149,2.025,0
2023-11-13T22:59:23.940000,8.152925,54.165074,1.966,0
2023-11-13T22:59:24.884000,8.143096,54.221999,1.973,0
2023-11-13T22:59:25.827000,8.133251,54.278923,1.898,0
2023-11-13T22:59:26.770000,8.12339,54.335846,2.004,0
2023-11-13T22:59:27.714000,8.113513,54.392768,1.852,0
2023-11-13T22:59:28.657000,8.103619,54.449689,1.849,0
2023-11-13T22:59:29.601000,8.093708,54.506609,1.842,0
2023-11-13T22:59:30.544000,8.083781,54.563529,1.84,0
2023-11-13T22:59:31.488000,8.073838,54.620447,1.809,1
2023-11-13T22:59:32.431000,8.063877,54.677365,1.747,1
2023-11-13T22:59:34.318000,8.043906,54.791197,1.639,0
2023-11-13T22:59:35.261000,8.033895,54.848112,1.654,0
2023-11-13T22:59:36.205000,8.023866,54.905025,1.581,0
2023-11-13T22:59:37.148000,8.013821,54.961938,1.499,0
2023-11-13T22:59:38.092000,8.003758,55.01885,1.425,0
2023-11-13T22:59:39.035000,7.993678,55.075761,1.267,0
2023-11-13T22:59:39.979000,7.983581,55.132671,1.298,0
2023-11-13T22:59:40.922000,7.973465,55.189581,1.296,0
2023-11-13T22:59:41.865000,7.963333,55.246489,1.235,0
2023-11-13T22:59:42.809000,7.953183,55.303396,1.261,0
2023-11-13T22:59:43.752000,7.943014,55.360303,1.198,0
2023-11-13T22:59:44.696000,7.932828,55.417208,1.187,0
2023-11-13T22:59:45.639000,7.922625,55.474113,0.998,1
2023-11-13T22:59:46.583000,7.912403,55.531016,0.919,1
2023-11-13T22:59:47.526000,7.902162,55.587919,0.74,1
2023-11-13T22:59:48.469000,7.891904,55.644821,0.631,1
2023-11-13T22:59:49.413000,7.881627,55.701722,0.577,0
2023-11-13T22:59:50.356000,7.871332,55.758621,0.577,0
2023-11-13T22:59:51.300000,7.861019,55.81552,0.535,0
2023-11-13T22:59:52.243000,7.850687,55.872418,0.45,0
2023-11-13T22:59:53.187000,7.840336,55.929315,0.436,0
2023-11-13T22:59:54.130000,7.829966,55.986212,0.398,0
2023-11-15T11:42:05.312000,2.152708,55.946552,-0.38,0
2023-11-15T11:42:06.256000,2.142355,55.889677,-0.42,0
2023-11-15T11:42:07.199000,2.13202,55.832801,-0.447,0
2023-11-15T11:42:08.143000,2.121704,55.775924,-0.46,0
2023-11-15T11:42:09.086000,2.111406,55.719046,-0.505,0
2023-11-15T11:42:10.029000,2.101127,55.662167,-0.533,0
2023-11-15T11:42:10.973000,2.090866,55.605287,-0.573,0
2023-11-15T11:42:11.916000,2.080623,55.548406,-0.624,0
2023-11-15T11:42:12.860000,2.070398,55.491525,-0.676,0
2023-11-15T11:42:13.803000,2.060192,55.434642,-0.67,0
2023-11-15T11:42:14.747000,2.050003,55.377759,-0.708,0
2023-11-15T11:42:15.690000,2.039833,55.320874,-0.721,0
2023-11-15T11:42:16.634000,2.02968,55.263989,-0.739,0
2023-11-15T11:42:17.577000,2.019545,55.207103,-0.756,0
2023-11-15T11:42:18.520000,2.009427,55.150216,-0.777,0
2023-11-15T11:42:19.464000,1.999327,55.093328,-0.79,0
2023-11-15T11:42:20.407000,1.989244,55.036439,-0.822,0
2023-11-15T11:42:21.351000,1.979179,54.97955,-0.826,0
2023-11-15T11:42:22.294000,1.969131,54.922659,-0.852,0
2023-11-15T11:42:23.238000,1.959101,54.865767,-0.841,0
2023-11-15T11:42:24.181000,1.949087,54.808875,-0.891,0
2023-11-15T11:42:25.124000,1.93909,54.751982,-0.893,0
2023-11-15T11:42:26.068000,1.929111,54.695088,-0.927,0
2023-11-15T11:42:27.011000,1.919148,54.638193,-0.953,0
2023-11-15T11:42:27.955000,1.909202,54.581297,-0.958,0
2023-11-15T11:42:28.898000,1.899272,54.5244,-0.981,0
2023-11-15T11:42:29.842000,1.88936,54.467502,-0.944,0
2023-11-15T11:42:30.785000,1.879463,54.410604,-0.969,0
2023-11-15T11:42:31.728000,1.869584,54.353704,-0.969,0
2023-11-15T11:42:32.672000,1.85972,54.296804,-0.949,0
2023-11-15T11:42:33.615000,1.849873,54.239902,-0.952,0
2023-11-15T11:42:34.559000,1.840042,54.183,-0.997,0
2023-11-15T11:42:35.502000,1.830227,54.126097,-1.024,0
2023-11-15T11:42:36.446000,1.820429,54.069193,-1.008,0
2023-11-15T11:42:37.389000,1.810646,54.012288,-0.982,0
2023-11-15T11:42:38.333000,1.800879,53.955383,-1.001,0
2023-11-15T11:42:39.276000,1.791128,53.898476,-0.962,0
2023-11-15T11:42:40.219000,1.781393,53.841569,-0.981,0
2023-11-15T11:42:41.163000,1.771673,53.784661,-0.988,0
2023-11-15T11:42:42.106000,1.761969,53.727752,-0.962,0
2023-11-15T11:42:43.050000,1.75228,53.670842,-0.947,0
2023-11-15T11:42:43.993000,1.742607,53.613931,-0.909,0
2023-11-15T11:42:44.937000,1.73295,53.557019,-0.891,0
2023-11-15T11:42:45.880000,1.723307,53.500106,-0.853,0
2023-11-15T11:42:46.823000,1.71368,53.443193,-0.826,0
2023-11-15T11:42:47.767000,1.704068,53.386278,-0.757,0
2023-11-15T11:42:48.710000,1.694471,53.329363,-0.703,0
2023-11-15T11:42:49.654000,1.68489,53.272447,-0.644,0
2023-11-15T11:42:50.597000,1.675323,53.21553,-0.618,0
2023-11-15T11:42:51.541000,1.665771,53.158612,-0.584,0
2023-11-15T11:42:52.484000,1.656233,53.101694,-0.523,0
2023-11-15T11:42:53.428000,1.646711,53.044774,-0.464,0
2023-11-15T11:42:54.371000,1.637203,52.987854,-0.427,0
2023-11-15T11:42:55.314000,1.62771,52.930933,-0.34,1
2023-11-15T11:42:56.258000,1.618231,52.87401,-0.279,1
2023-11-15T11:43:11.353000,1.468494,51.963141,1.658,1
2023-11-15T11:43:12.296000,1.459252,51.906204,1.725,1
2023-11-15T11:43:13.240000,1.450024,51.849267,1.794,1
2023-11-15T11:43:14.183000,1.440808,51.792328,1.845,1
2023-11-15T11:43:15.127000,1.431607,51.735389,1.894,0
2023-11-15T11:43:16.070000,1.422418,51.678449,1.958,0
2023-11-15T11:43:17.013000,1.413243,51.621509,2.006,1
2023-11-15T11:43:17.957000,1.40408,51.564567,2.027,0
2023-11-15T11:43:18.900000,1.394931,51.507624,2.017,1
2023-11-15T11:43:19.844000,1.385794,51.450681,1.967,1
2023-11-15T11:43:26.448000,1.322197,51.052055,3.193,1
2023-11-15T11:43:27.391000,1.313162,50.995105,3.322,1
2023-11-15T11:43:28.335000,1.304139,50.938154,3.426,0
2023-11-15T11:43:29.278000,1.295129,50.881202,3.561,0
2023-11-15T11:43:30.222000,1.286131,50.82425,3.643,0
2023-11-15T11:43:31.165000,1.277146,50.767297,3.737,0
2023-11-15T11:43:32.108000,1.268172,50.710342,3.834,0
2023-11-15T11:43:33.052000,1.259211,50.653387,3.887,0
2023-11-15T11:43:33.995000,1.250262,50.596432,3.962,0
2023-11-15T11:43:34.939000,1.241325,50.539475,4.024,0
2023-11-15T11:43:35.882000,1.2324,50.482518,4.128,0
2023-11-15T11:43:36.826000,1.223487,50.425559,4.17,0
2023-11-15T11:43:37.769000,1.214586,50.3686,4.226,0
2023-11-15T11:43:38.713000,1.205697,50.31164,4.295,0
2023-11-15T11:43:39.656000,1.196819,50.25468,4.334,0
2023-11-15T11:43:40.599000,1.187954,50.197718,4.346,0
2023-11-15T11:43:41.543000,1.1791,50.140756,4.379,0
2023-11-15T11:43:42.486000,1.170257,50.083793,4.436,1
2023-11-15T11:43:43.430000,1.161426,50.026829,4.467,1
2023-11-15T22:57:24.045000,7.209337,53.769221,1.583,1
2023-11-15T22:57:24.988000,7.19962,53.826148,1.488,1
2023-11-15T22:57:25.931000,7.189888,53.883074,1.436,0
2023-11-15T22:57:26.875000,7.180141,53.939999,1.398,0
2023-11-15T22:57:27.818000,7.170377,53.996923,1.312,0
2023-11-15T22:57:28.762000,7.160598,54.053847,1.267,0
2023-11-15T22:57:29.705000,7.150802,54.110769,1.226,0
2023-11-15T22:57:30.649000,7.140991,54.167691,1.165,0
2023-11-15T22:57:31.592000,7.131163,54.224612,1.097,0
2023-11-15T22:57:32.535000,7.12132,54.281532,1.079,0
2023-11-15T22:57:33.479000,7.11146,54.338451,1.003,0
2023-11-15T22:57:34.422000,7.101584,54.395368,0.97,0
2023-11-15T22:57:35.366000,7.091691,54.452286,0.924,0
2023-11-15T22:57:36.309000,7.081781,54.509202,0.918,0
2023-11-15T22:57:37.253000,7.071856,54.566117,0.858,0
2023-11-15T22:57:38.196000,7.061913,54.623031,0.823,0
2023-11-15T22:57:39.140000,7.051954,54.679945,0.783,0
2023-11-15T22:57:40.083000,7.041978,54.736858,0.756,0
2023-11-15T22:57:41.026000,7.031985,54.793769,0.682,0
2023-11-15T22:57:41.970000,7.021975,54.85068,0.658,0
2023-11-15T22:57:42.913000,7.011947,54.90759,0.646,0
2023-11-15T22:57:43.857000,7.001903,54.964499,0.571,0
2023-11-15T22:57:44.800000,6.991842,55.021407,0.508,0
2023-11-15T22:57:45.744000,6.981763,55.078314,0.511,0
2023-11-15T22:57:46.687000,6.971666,55.13522,0.485,0
2023-11-15T22:57:47.630000,6.961552,55.192125,0.453,0
2023-11-15T22:57:48.574000,6.951421,55.249029,0.425,0
2023-11-15T22:57:49.517000,6.941272,55.305933,0.4,0
2023-11-15T22:57:50.461000,6.931105,55.362835,0.353,0
2023-11-15T22:57:51.404000,6.92092,55.419737,0.333,0
2023-11-15T22:57:52.348000,6.910717,55.476637,0.313,0
2023-11-15T22:57:53.291000,6.900497,55.533537,0.284,0
2023-11-15T22:57:54.235000,6.890258,55.590436,0.291,0
2023-11-15T22:57:55.178000,6.880001,55.647333,0.275,0
2023-11-15T22:57:56.121000,6.869725,55.70423,0.273,0
2023-11-15T22:57:57.065000,6.859431,55.761126,0.245,0
2023-11-15T22:57:58.008000,6.849119,55.818021,0.229,0
2023-11-15T22:57:58.952000,6.838788,55.874915,0.212,0
2023-11-15T22:57:59.895000,6.828438,55.931808,0.217,0
2023-11-17T11:40:12.021000,1.138408,55.941477,-0.532,0
2023-11-17T11:40:12.964000,1.128058,55.8846,-0.532,0
2023-11-17T11:40:13.908000,1.117727,55.827723,-0.567,0
2023-11-17T11:40:14.851000,1.107414,55.770844,-0.596,0
2023-11-17T11:40:15.794000,1.09712,55.713965,-0.62,0
2023-11-17T11:40:16.738000,1.086844,55.657085,-0.628,0
2023-11-17T11:40:17.681000,1.076587,55.600203,-0.663,0
2023-11-17T11:40:18.625000,1.066348,55.543321,-0.667,0
2023-11-17T11:40:19.568000,1.056127,55.486438,-0.679,0
2023-11-17T11:40:20.512000,1.045924,55.429554,-0.709,0
2023-11-17T11:40:21.455000,1.035738,55.372669,-0.71,0
2023-11-17T11:40:22.399000,1.025571,55.315783,-0.717,0
2023-11-17T11:40:23.342000,1.015422,55.258897,-0.753,0
2023-11-17T11:40:24.285000,1.00529,55.202009,-0.765,0
2023-11-17T11:40:25.229000,0.995176,55.145121,-0.781,0
2023-11-17T11:40:26.172000,0.985079,55.088231,-0.787,0
2023-11-17T11:40:27.116000,0.975,55.031341,-0.789,0
2023-11-17T11:40:28.059000,0.964938,54.97445,-0.805,0
2023-11-17T11:40:29.003000,0.954894,54.917558,-0.818,0
2023-11-17T11:40:29.946000,0.944866,54.860664,-0.824,0
2023-11-17T11:40:30.889000,0.934856,54.803771,-0.816,0
2023-11-17T11:40:31.833000,0.924863,54.746876,-0.858,0
2023-11-17T11:40:32.776000,0.914887,54.68998,-0.848,0
2023-11-17T11:40:33.720000,0.904927,54.633084,-0.863,0
2023-11-17T11:40:34.663000,0.894984,54.576186,-0.874,0
2023-11-17T11:40:35.607000,0.885058,54.519288,-0.858,0
2023-11-17T11:40:36.550000,0.875149,54.462389,-0.866,0
2023-11-17T11:40:37.494000,0.865256,54.405488,-0.888,0
2023-11-17T11:40:38.437000,0.855379,54.348587,-0.861,0
2023-11-17T11:40:39.380000,0.845519,54.291685,-0.892,0
2023-11-17T11:40:40.324000,0.835675,54.234783,-0.874,0
2023-11-17T11:40:41.267000,0.825847,54.177879,-0.88,0
2023-11-17T11:40:42.211000,0.816036,54.120974,-0.887,0
2023-11-17T11:40:43.154000,0.80624,54.064069,-0.896,0
2023-11-17T11:40:44.098000,0.796461,54.007163,-0.895,0
2023-11-17T11:40:45.041000,0.786697,53.950255,-0.887,0
2023-11-17T11:40:45.984000,0.776949,53.893347,-0.857,0
2023-11-17T11:40:46.928000,0.767217,53.836438,-0.862,0
2023-11-17T11:40:47.871000,0.757501,53.779528,-0.801,0
2023-11-17T11:40:48.815000,0.7478,53.722618,-0.77,0
2023-11-17T11:40:49.758000,0.738114,53.665706,-0.736,0
2023-11-17T11:40:50.702000,0.728444,53.608794,-0.684,0
2023-11-17T11:40:51.645000,0.71879,53.55188,-0.573,0
2023-11-17T11:40:52.589000,0.70915,53.494966,-0.53,0
2023-11-17T11:40:53.532000,0.699526,53.438051,-0.438,0
2023-11-17T11:40:54.475000,0.689917,53.381135,-0.367,0
2023-11-17T11:40:55.419000,0.680323,53.324218,-0.263,0
2023-11-17T11:40:56.362000,0.670745,53.2673,-0.219,0
2023-11-17T11:40:57.306000,0.661181,53.210382,-0.114,0
2023-11-17T11:40:58.249000,0.651632,53.153462,-0.054,0
2023-11-17T11:40:59.193000,0.642097,53.096542,0.046,1
2023-11-17T11:41:00.136000,0.632578,53.039621,0.096,1
2023-11-17T11:41:39.760000,0.245195,50.648162,2.183,1
2023-11-17T11:41:40.704000,0.236249,50.591204,2.214,0
2023-11-17T11:41:41.647000,0.227314,50.534245,2.272,0
2023-11-17T11:41:42.591000,0.218392,50.477286,2.301,0
2023-11-17T11:41:43.534000,0.209481,50.420326,2.352,0
2023-11-17T11:41:44.478000,0.200583,50.363365,2.386,0
2023-11-17T11:41:45.421000,0.191696,50.306403,2.423,0
2023-11-17T11:41:46.364000,0.182821,50.249441,2.433,0
2023-11-17T11:41:47.308000,0.173958,50.192478,2.471,0
2023-11-17T11:41:48.251000,0.165106,50.135513,2.479,0
2023-11-17T11:41:49.195000,0.156266,50.078548,2.497,0
2023-11-17T11:41:50.138000,0.147438,50.021583,2.538,0
2023-11-17T11:41:51.082000,0.138621,49.964616,2.575,0
2023-11-17T11:41:52.025000,0.129816,49.907648,2.582,0
2023-11-17T11:41:52.969000,0.121022,49.85068,2.606,0
2023-11-17T11:41:53.912000,0.112239,49.793711,2.622,1
2023-11-17T11:41:54.855000,0.103468,49.736741,2.668,1
2023-11-17T22:55:27.923000,6.225721,53.606742,1.15,1
2023-11-17T22:55:28.866000,6.216051,53.663668,1.092,0
2023-11-17T22:55:29.810000,6.206366,53.720593,1.07,0
2023-11-17T22:55:30.753000,6.196665,53.777518,1.018,0
2023-11-17T22:55:31.696000,6.186949,53.834441,0.967,0
2023-11-17T22:55:32.640000,6.177217,53.891363,0.922,0
2023-11-17T22:55:33.583000,6.16747,53.948285,0.893,0
2023-11-17T22:55:34.527000,6.157706,54.005205,0.839,0
2023-11-17T22:55:35.470000,6.147927,54.062125,0.819,0
2023-11-17T22:55:36.414000,6.138132,54.119044,0.742,0
2023-11-17T22:55:37.357000,6.12832,54.175961,0.717,0
2023-11-17T22:55:38.301000,6.118493,54.232878,0.697,0
2023-11-17T22:55:39.244000,6.108649,54.289794,0.669,0
2023-11-17T22:55:40.187000,6.098789,54.346709,0.639,0
2023-11-17T22:55:41.131000,6.088913,54.403624,0.621,0
2023-11-17T22:55:42.074000,6.07902,54.460537,0.588,0
2023-11-17T22:55:43.018000,6.069111,54.517449,0.576,0
2023-11-17T22:55:43.961000,6.059185,54.574361,0.542,0
2023-11-17T22:55:44.905000,6.049243,54.631272,0.497,0
2023-11-17T22:55:45.848000,6.039283,54.688181,0.47,0
2023-11-17T22:55:46.791000,6.029307,54.74509,0.443,0
2023-11-17T22:55:47.735000,6.019314,54.801998,0.422,0
2023-11-17T22:55:48.678000,6.009304,54.858905,0.382,0
2023-11-17T22:55:49.622000,5.999277,54.915811,0.36,0
2023-11-17T22:55:50.565000,5.989233,54.972716,0.341,0
2023-11-17T22:55:51.509000,5.979171,55.02962,0.312,0
2023-11-17T22:55:52.452000,5.969092,55.086524,0.291,0
2023-11-17T22:55:53.396000,5.958996,55.143426,0.284,0
2023-11-17T22:55:54.339000,5.948882,55.200328,0.245,0
2023-11-17T22:55:55.282000,5.93875,55.257228,0.271,0
2023-11-17T22:55:56.226000,5.928601,55.314128,0.254,0
2023-11-17T22:55:57.169000,5.918434,55.371026,0.198,0
2023-11-17T22:55:58.113000,5.908249,55.427924,0.182,0
2023-11-17T22:55:59.056000,5.898046,55.484821,0.19,0
2023-11-17T22:56:00.000000,5.887825,55.541717,0.184,0
2023-11-17T22:56:00.943000,5.877586,55.598612,0.164,0
2023-11-17T22:56:01.886000,5.867329,55.655506,0.123,0
2023-11-17T22:56:02.830000,5.857054,55.712399,0.135,0
2023-11-17T22:56:03.773000,5.84676,55.769291,0.131,0
2023-11-17T22:56:04.717000,5.836447,55.826183,0.117,0
2023-11-17T22:56:05.660000,5.826116,55.883073,0.092,0
2023-11-17T22:56:06.604000,5.815766,55.939963,0.112,0
2023-11-19T11:38:18.729000,0.12367,55.93152,-0.249,0
2023-11-19T11:38:19.673000,0.113325,55.874642,-0.228,0
2023-11-19T11:38:20.616000,0.102998,55.817762,-0.212,0
2023-11-19T11:38:21.560000,0.092689,55.760881,-0.205,0
2023-11-19T11:38:22.503000,0.0824,55.704,-0.196,0
2023-11-19T11:38:23.446000,0.072128,55.647118,-0.2,0
2023-11-19T11:38:24.390000,0.061875,55.590234,-0.182,0
2023-11-19T11:38:25.333000,0.05164,55.53335,-0.181,0
2023-11-19T11:38:26.277000,0.041423,55.476465,-0.17,0
2023-11-19T11:38:27.220000,0.031224,55.419579,-0.155,0
2023-11-19T11:38:28.164000,0.021043,55.362692,-0.146,0
2023-11-19T11:38:29.107000,0.01088,55.305804,-0.102,0
2023-11-19T11:38:30.050000,0.000735,55.248915,-0.1,0
2023-11-19T11:38:30.994000,-0.009393,55.192026,-0.093,0
2023-11-19T11:38:31.937000,-0.019503,55.135135,-0.087,0
2023-11-19T11:38:32.881000,-0.029595,55.078244,-0.06,0
2023-11-19T11:38:33.824000,-0.03967,55.021351,-0.089,0
2023-11-19T11:38:34.768000,-0.049728,54.964458,-0.085,0
2023-11-19T11:38:35.711000,-0.059768,54.907564,-0.061,0
2023-11-19T11:38:36.655000,-0.069792,54.850669,-0.067,0
2023-11-19T11:38:37.598000,-0.079798,54.793773,-0.042,0
2023-11-19T11:38:38.541000,-0.089787,54.736876,-0.005,0
2023-11-19T11:38:39.485000,-0.09976,54.679978,-0.012,0
2023-11-19T11:38:40.428000,-0.109715,54.623079,0.008,0
2023-11-19T11:38:41.372000,-0.119654,54.56618,0.031,0
2023-11-19T11:38:42.315000,-0.129576,54.509279,0.033,0
2023-11-19T11:38:43.259000,-0.139482,54.452378,0.075,0
2023-11-19T11:38:44.202000,-0.149371,54.395476,0.086,0
2023-11-19T11:38:45.145000,-0.159244,54.338573,0.151,0
2023-11-19T11:38:46.089000,-0.1691,54.281669,0.146,1
2023-11-19T11:38:47.032000,-0.17894,54.224764,0.173,1
2023-11-19T11:39:46.469000,-0.769208,50.638001,0.061,1
2023-11-19T11:39:47.412000,-0.778152,50.581041,0.112,0
2023-11-19T11:39:48.356000,-0.787083,50.52408,0.227,0
2023-11-19T11:39:49.299000,-0.796003,50.467118,0.319,0
2023-11-19T11:39:50.243000,-0.80491,50.410156,0.454,0
2023-11-19T11:39:51.186000,-0.813806,50.353193,0.585,0
2023-11-19T11:39:52.129000,-0.82269,50.296228,0.669,0
2023-11-19T11:39:53.073000,-0.831562,50.239263,0.809,0
2023-11-19T11:39:54.016000,-0.840422,50.182298,0.902,0
2023-11-19T11:39:54.960000,-0.849271,50.125331,1.017,0
2023-11-19T11:39:55.903000,-0.858108,50.068364,1.125,0
2023-11-19T11:39:56.847000,-0.866933,50.011395,1.176,0
2023-11-19T11:39:57.790000,-0.875747,49.954426,1.214,0
2023-11-19T11:39:58.734000,-0.88455,49.897456,1.337,0
2023-11-19T11:39:59.677000,-0.893341,49.840485,1.409,0
2023-11-19T11:40:00.620000,-0.902121,49.783514,1.455,0
2023-11-19T11:40:01.564000,-0.910889,49.726542,1.518,0
2023-11-19T22:53:31.801000,5.240882,53.448157,1.381,1
2023-11-19T22:53:32.744000,5.231256,53.505082,1.322,1
2023-11-19T22:53:33.688000,5.221615,53.562007,1.286,0
2023-11-19T22:53:34.631000,5.211958,53.61893,1.229,0
2023-11-19T22:53:35.575000,5.202287,53.675852,1.174,0
2023-11-19T22:53:36.518000,5.192599,53.732774,1.162,0
2023-11-19T22:53:37.461000,5.182897,53.789694,1.118,0
2023-11-19T22:53:38.405000,5.173178,53.846614,1.092,0
2023-11-19T22:53:39.348000,5.163444,53.903533,1.064,0
2023-11-19T22:53:40.292000,5.153694,53.960451,1.005,0
2023-11-19T22:53:41.235000,5.143929,54.017368,0.98,0
2023-11-19T22:53:42.179000,5.134147,54.074284,0.947,0
2023-11-19T22:53:43.122000,5.12435,54.131199,0.871,0
2023-11-19T22:53:44.066000,5.114536,54.188114,0.865,0
2023-11-19T22:53:45.009000,5.104707,54.245027,0.844,0
2023-11-19T22:53:45.952000,5.094861,54.30194,0.844,0
2023-11-19T22:53:46.896000,5.084999,54.358851,0.811,0
2023-11-19T22:53:47.839000,5.07512,54.415762,0.823,0
2023-11-19T22:53:48.783000,5.065225,54.472672,0.762,0
2023-11-19T22:53:49.726000,5.055313,54.529581,0.746,0
2023-11-19T22:53:50.670000,5.045385,54.586489,0.711,0
2023-11-19T22:53:51.613000,5.03544,54.643396,0.695,0
2023-11-19T22:53:52.556000,5.025479,54.700302,0.666,0
2023-11-19T22:53:53.500000,5.0155,54.757208,0.639,0
2023-11-19T22:53:54.443000,5.005505,54.814112,0.622,0
2023-11-19T22:53:55.387000,4.995492,54.871015,0.602,0
2023-11-19T22:53:56.330000,4.985463,54.927918,0.594,0
2023-11-19T22:53:57.274000,4.975416,54.98482,0.579,0
2023-11-19T22:53:58.217000,4.965352,55.04172,0.55,0
2023-11-19T22:53:59.161000,4.955271,55.09862,0.558,0
2023-11-19T22:54:00.104000,4.945172,55.155519,0.521,0
2023-11-19T22:54:01.047000,4.935056,55.212417,0.509,0
2023-11-19T22:54:01.991000,4.924922,55.269314,0.467,0
2023-11-19T22:54:02.934000,4.91477,55.326211,0.463,0
2023-11-19T22:54:03.878000,4.9046,55.383106,0.48,0
2023-11-19T22:54:04.821000,4.894413,55.44,0.442,0
2023-11-19T22:54:05.765000,4.884208,55.496894,0.42,0
2023-11-19T22:54:06.708000,4.873984,55.553786,0.431,0
2023-11-19T22:54:07.651000,4.863743,55.610678,0.409,0
2023-11-19T22:54:08.595000,4.853483,55.667568,0.419,0
2023-11-19T22:54:09.538000,4.843205,55.724458,0.416,0
2023-11-19T22:54:10.482000,4.832908,55.781347,0.422,0
2023-11-19T22:54:11.425000,4.822593,55.838235,0.394,0
2023-11-19T22:54:12.369000,4.812259,55.895122,0.417,0
2023-11-19T22:54:13.312000,4.801907,55.952008,0.417,0
2023-11-21T11:36:24.494000,-0.880217,55.973341,0.122,0
2023-11-21T11:36:25.438000,-0.890578,55.91646,0.145,0
2023-11-21T11:36:26.381000,-0.900919,55.859579,0.176,0
2023-11-21T11:36:27.325000,-0.911242,55.802697,0.188,0
2023-11-21T11:36:28.268000,-0.921547,55.745814,0.248,0
2023-11-21T11:36:29.211000,-0.931833,55.68893,0.27,0
2023-11-21T11:36:30.155000,-0.942101,55.632045,0.29,0
2023-11-21T11:36:31.098000,-0.95235,55.575159,0.345,0
2023-11-21T11:36:32.042000,-0.962581,55.518272,0.335,0
2023-11-21T11:36:32.985000,-0.972794,55.461384,0.393,0
2023-11-21T11:36:33.929000,-0.982989,55.404496,0.399,0
2023-11-21T11:36:34.872000,-0.993166,55.347606,0.42,0
2023-11-21T11:36:35.816000,-1.003325,55.290716,0.472,0
2023-11-21T11:36:36.759000,-1.013467,55.233824,0.524,0
2023-11-21T11:36:37.702000,-1.023591,55.176932,0.545,0
2023-11-21T11:36:38.646000,-1.033697,55.120039,0.558,0
2023-11-21T11:36:39.589000,-1.043786,55.063145,0.591,0
2023-11-21T11:36:40.533000,-1.053857,55.00625,0.632,0
2023-11-21T11:36:41.476000,-1.063911,54.949354,0.667,0
2023-11-21T11:36:42.420000,-1.073948,54.892457,0.699,0
2023-11-21T11:36:43.363000,-1.083968,54.835559,0.738,0
2023-11-21T11:36:44.306000,-1.093971,54.778661,0.756,1
2023-11-21T11:36:45.250000,-1.103957,54.721761,0.789,1
2023-11-21T11:37:53.177000,-1.783163,50.622687,0.006,1
2023-11-21T11:37:54.121000,-1.792104,50.565724,0.018,1
2023-11-21T11:37:55.064000,-1.801033,50.50876,0.042,1
2023-11-21T11:37:56.008000,-1.809951,50.451795,0.063,0
2023-11-21T11:37:56.951000,-1.818856,50.39483,0.078,0
2023-11-21T11:37:57.895000,-1.827749,50.337864,0.135,0
2023-11-21T11:37:58.838000,-1.83663,50.280897,0.17,0
2023-11-21T11:37:59.781000,-1.8455,50.223929,0.202,0
2023-11-21T11:38:00.725000,-1.854358,50.16696,0.205,0
2023-11-21T11:38:01.668000,-1.863204,50.109991,0.283,0
2023-11-21T11:38:02.612000,-1.872039,50.05302,0.315,0
2023-11-21T11:38:03.555000,-1.880862,49.996049,0.348,0
2023-11-21T11:38:04.499000,-1.889674,49.939077,0.416,0
2023-11-21T11:38:05.442000,-1.898474,49.882104,0.444,0
2023-11-21T11:38:06.385000,-1.907263,49.82513,0.441,1
2023-11-21T22:51:20.584000,4.406181,52.383489,0.75,1
2023-11-21T22:51:21.527000,4.396826,52.440427,0.737,1
2023-11-21T22:51:22.471000,4.387458,52.497365,0.724,1
2023-11-21T22:51:23.414000,4.378076,52.554301,0.683,0
2023-11-21T22:51:24.358000,4.368679,52.611237,0.66,0
2023-11-21T22:51:25.301000,4.359268,52.668172,0.668,0
2023-11-21T22:51:26.245000,4.349844,52.725106,0.644,0
2023-11-21T22:51:27.188000,4.340404,52.782039,0.624,0
2023-11-21T22:51:28.132000,4.330951,52.838972,0.613,0
2023-11-21T22:51:29.075000,4.321483,52.895903,0.573,0
2023-11-21T22:51:30.018000,4.312001,52.952834,0.535,0
2023-11-21T22:51:30.962000,4.302504,53.009763,0.539,0
2023-11-21T22:51:31.905000,4.292992,53.066692,0.495,0
2023-11-21T22:51:32.849000,4.283466,53.12362,0.474,0
2023-11-21T22:51:33.792000,4.273925,53.180547,0.457,0
2023-11-21T22:51:34.736000,4.264369,53.237474,0.466,0
2023-11-21T22:51:35.679000,4.254798,53.294399,0.441,0
2023-11-21T22:51:36.622000,4.245212,53.351323,0.44,0
2023-11-21T22:51:37.566000,4.235612,53.408247,0.42,0
2023-11-21T22:51:38.509000,4.225996,53.46517,0.375,0
2023-11-21T22:51:39.453000,4.216365,53.522091,0.393,0
2023-11-21T22:51:40.396000,4.206718,53.579012,0.372,0
2023-11-21T22:51:41.340000,4.197057,53.635932,0.385,0
2023-11-21T22:51:42.283000,4.187379,53.692852,0.359,0
2023-11-21T22:51:43.227000,4.177687,53.74977,0.337,0
2023-11-21T22:51:44.170000,4.167979,53.806687,0.351,0
2023-11-21T22:51:45.113000,4.158255,53.863604,0.342,0
2023-11-21T22:51:46.057000,4.148516,53.920519,0.332,0
2023-11-21T22:51:47.000000,4.138761,53.977434,0.365,0
2023-11-21T22:51:47.944000,4.12899,54.034348,0.363,0
2023-11-21T22:51:48.887000,4.119203,54.091261,0.298,0
2023-11-21T22:51:49.831000,4.1094,54.148173,0.284,0
2023-11-21T22:51:50.774000,4.099581,54.205084,0.252,0
2023-11-21T22:51:51.717000,4.089745,54.261995,0.272,0
2023-11-21T22:51:52.661000,4.079894,54.318904,0.251,0
2023-11-21T22:51:53.604000,4.070026,54.375812,0.265,0
2023-11-21T22:51:54.548000,4.060142,54.43272,0.256,0
2023-11-21T22:51:55.491000,4.050241,54.489626,0.338,0
2023-11-21T22:51:56.435000,4.040324,54.546532,0.245,0
2023-11-21T22:51:57.378000,4.03039,54.603437,0.286,0
2023-11-21T22:51:58.322000,4.02044,54.660341,0.299,0
2023-11-21T22:51:59.265000,4.010472,54.717244,0.191,0
2023-11-21T22:52:00.208000,4.000488,54.774146,0.273,0
2023-11-21T22:52:01.152000,3.990487,54.831048,0.22,0
2023-11-21T22:52:02.095000,3.980469,54.887948,0.245,0
2023-11-21T22:52:03.039000,3.970433,54.944847,0.259,0
2023-11-21T22:52:03.982000,3.960381,55.001746,0.278,0
2023-11-21T22:52:04.926000,3.950311,55.058644,0.28,0
2023-11-21T22:52:05.869000,3.940224,55.11554,0.264,0
2023-11-21T22:52:06.812000,3.930119,55.172436,0.264,0
2023-11-21T22:52:07.756000,3.919997,55.229331,0.246,0
2023-11-21T22:52:08.699000,3.909857,55.286225,0.247,0
2023-11-21T22:52:09.643000,3.899699,55.343118,0.252,0
2023-11-21T22:52:10.586000,3.889523,55.40001,0.255,0
2023-11-21T22:52:11.530000,3.87933,55.456902,0.242,0
2023-11-21T22:52:12.473000,3.869118,55.513792,0.259,0
2023-11-21T22:52:13.417000,3.858889,55.570681,0.262,0
2023-11-21T22:52:14.360000,3.848641,55.62757,0.279,0
2023-11-21T22:52:15.303000,3.838375,55.684457,0.194,0
2023-11-21T22:52:16.247000,3.828091,55.741344,0.214,0
2023-11-21T22:52:17.190000,3.817788,55.79823,0.214,0
2023-11-21T22:52:18.134000,3.807467,55.855114,0.212,0
2023-11-21T22:52:19.077000,3.797127,55.911998,0.205,0
2023-11-21T22:52:20.021000,3.786768,55.968881,0.175,0
2023-11-23T11:34:31.203000,-1.892453,55.966769,1.915,0
2023-11-23T11:34:32.146000,-1.902814,55.909886,1.925,1
2023-11-23T11:34:33.090000,-1.913156,55.853001,1.959,1
2023-11-23T11:34:34.033000,-1.923479,55.796116,2.006,1
2023-11-23T22:49:15.028000,3.513328,51.643996,2.628,1
2023-11-23T22:49:15.971000,3.504148,51.700943,2.513,1
2023-11-23T22:49:16.915000,3.494954,51.757889,2.469,1
2023-11-23T22:49:17.858000,3.485747,51.814834,2.357,0
2023-11-23T22:49:18.802000,3.476527,51.871779,2.211,0
2023-11-23T22:49:19.745000,3.467294,51.928722,2.257,0
2023-11-23T22:49:20.688000,3.458047,51.985665,2.125,0
2023-11-23T22:49:21.632000,3.448787,52.042607,2.007,0
2023-11-23T22:49:22.575000,3.439513,52.099548,1.937,0
2023-11-23T22:49:23.519000,3.430226,52.156488,1.877,0
2023-11-23T22:49:24.462000,3.420925,52.213427,1.807,0
2023-11-23T22:49:25.406000,3.411611,52.270366,1.766,0
2023-11-23T22:49:26.349000,3.402282,52.327303,1.717,0
2023-11-23T22:49:27.293000,3.39294,52.38424,1.651,0
2023-11-23T22:49:28.236000,3.383584,52.441176,1.618,0
2023-11-23T22:49:29.179000,3.374214,52.49811,1.522,0
2023-11-23T22:49:30.123000,3.364829,52.555045,1.467,0
2023-11-23T22:49:31.066000,3.355431,52.611978,1.327,0
2023-11-23T22:49:32.010000,3.346019,52.66891,1.263,0
2023-11-23T22:49:32.953000,3.336592,52.725842,1.251,0
2023-11-23T22:49:33.897000,3.327151,52.782772,1.205,0
2023-11-23T22:49:34.840000,3.317696,52.839702,1.192,0
2023-11-23T22:49:35.783000,3.308226,52.896631,1.073,0
2023-11-23T22:49:36.727000,3.298742,52.953559,1.037,0
2023-11-23T22:49:37.670000,3.289244,53.010486,0.936,0
2023-11-23T22:49:38.614000,3.27973,53.067412,0.948,0
2023-11-23T22:49:39.557000,3.270202,53.124338,0.909,0
2023-11-23T22:49:40.501000,3.260659,53.181262,0.868,0
2023-11-23T22:49:41.444000,3.251102,53.238186,0.804,0
2023-11-23T22:49:42.388000,3.241529,53.295109,0.727,0
2023-11-23T22:49:43.331000,3.231942,53.352031,0.765,0
2023-11-23T22:49:44.274000,3.222339,53.408952,0.803,0
2023-11-23T22:49:45.218000,3.212721,53.465872,0.726,0
2023-11-23T22:49:46.161000,3.203089,53.522791,0.698,0
2023-11-23T22:49:47.105000,3.19344,53.579709,0.72,0
2023-11-23T22:49:48.048000,3.183777,53.636627,0.686,0
2023-11-23T22:49:48.992000,3.174098,53.693544,0.717,0
2023-11-23T22:49:49.935000,3.164404,53.750459,0.644,0
2023-11-23T22:49:50.878000,3.154694,53.807374,0.652,0
2023-11-23T22:49:51.822000,3.144968,53.864288,0.63,0
2023-11-23T22:49:52.765000,3.135227,53.921201,0.617,0
2023-11-23T22:49:53.709000,3.12547,53.978114,0.646,0
2023-11-23T22:49:54.652000,3.115697,54.035025,0.628,0
2023-11-23T22:49:55.596000,3.105908,54.091935,0.671,0
2023-11-23T22:49:56.539000,3.096103,54.148845,0.662,0
2023-11-23T22:49:57.483000,3.086283,54.205754,0.629,0
2023-11-23T22:49:58.426000,3.076445,54.262661,0.655,0
2023-11-23T22:49:59.369000,3.066592,54.319568,0.754,0
2023-11-23T22:50:00.313000,3.056723,54.376474,0.745,0
2023-11-23T22:50:01.256000,3.046836,54.433379,0.718,0
2023-11-23T22:50:02.200000,3.036934,54.490283,0.804,0
2023-11-23T22:50:03.143000,3.027015,54.547187,0.766,0
2023-11-23T22:50:04.087000,3.017079,54.604089,0.811,0
2023-11-23T22:50:05.030000,3.007127,54.660991,0.722,0
2023-11-23T22:50:05.973000,2.997157,54.717891,0.757,0
2023-11-23T22:50:06.917000,2.987171,54.774791,0.79,0
2023-11-23T22:50:07.860000,2.977168,54.83169,0.742,0
2023-11-23T22:50:08.804000,2.967148,54.888588,0.684,0
2023-11-23T22:50:09.747000,2.957111,54.945485,0.773,0
2023-11-23T22:50:10.691000,2.947056,55.002381,0.875,0
2023-11-23T22:50:11.634000,2.936984,55.059276,0.838,0
2023-11-23T22:50:12.578000,2.926895,55.11617,0.869,0
2023-11-23T22:50:13.521000,2.916789,55.173064,0.901,0
2023-11-23T22:50:14.464000,2.906664,55.229956,0.815,0
2023-11-23T22:50:15.408000,2.896522,55.286848,0.865,0
2023-11-23T22:50:16.351000,2.886363,55.343739,0.922,0
2023-11-23T22:50:17.295000,2.876185,55.400628,0.888,0
2023-11-23T22:50:18.238000,2.86599,55.457517,0.902,0
2023-11-23T22:50:19.182000,2.855776,55.514405,0.987,0
2023-11-23T22:50:20.125000,2.845545,55.571292,1.01,0
2023-11-23T22:50:21.068000,2.835295,55.628178,1.033,0
2023-11-23T22:50:22.012000,2.825027,55.685063,1.036,0
2023-11-23T22:50:22.955000,2.814741,55.741947,1.043,0
2023-11-23T22:50:23.899000,2.804436,55.798831,1.036,0
2023-11-23T22:50:24.842000,2.794112,55.855713,1.021,0
2023-11-23T22:50:25.786000,2.78377,55.912595,1.048,0
2023-11-23T22:50:26.729000,2.77341,55.969475,1.098,0
2023-11-25T22:47:14.189000,2.573363,51.192795,2.634,1
2023-11-25T22:47:15.132000,2.564284,51.249747,2.548,1
2023-11-25T22:47:16.076000,2.555193,51.306697,2.467,0
2023-11-25T22:47:17.019000,2.546088,51.363647,2.367,0
2023-11-25T22:47:17.963000,2.536971,51.420596,2.301,0
2023-11-25T22:47:18.906000,2.527841,51.477544,2.183,0
2023-11-25T22:47:19.849000,2.518698,51.534491,2.09,0
2023-11-25T22:47:20.793000,2.509542,51.591437,1.991,0
2023-11-25T22:47:21.736000,2.500373,51.648383,1.891,0
2023-11-25T22:47:22.680000,2.491191,51.705328,1.816,0
2023-11-25T22:47:23.623000,2.481996,51.762271,1.692,0
2023-11-25T22:47:24.567000,2.472787,51.819214,1.629,0
2023-11-25T22:47:25.510000,2.463565,51.876157,1.505,0
2023-11-25T22:47:26.454000,2.45433,51.933098,1.416,0
2023-11-25T22:47:27.397000,2.445081,51.990038,1.314,0
2023-11-25T22:47:28.340000,2.435819,52.046978,1.245,0
2023-11-25T22:47:29.284000,2.426544,52.103917,1.083,0
2023-11-25T22:47:30.227000,2.417255,52.160854,1.005,0
2023-11-25T22:47:31.171000,2.407952,52.217791,0.915,0
2023-11-25T22:47:32.114000,2.398635,52.274728,0.776,0
2023-11-25T22:47:33.058000,2.389305,52.331663,0.658,0
2023-11-25T22:47:34.001000,2.379961,52.388597,0.568,0
2023-11-25T22:47:34.944000,2.370603,52.445531,0.467,0
2023-11-25T22:47:35.888000,2.361231,52.502464,0.351,0
2023-11-25T22:47:36.831000,2.351845,52.559396,0.243,0
2023-11-25T22:47:37.775000,2.342445,52.616327,0.146,0
2023-11-25T22:47:38.718000,2.333031,52.673257,0.052,0
2023-11-25T22:47:39.662000,2.323602,52.730186,-0.043,0
2023-11-25T22:47:40.605000,2.314159,52.787115,-0.141,0
2023-11-25T22:47:41.549000,2.304702,52.844042,-0.255,0
2023-11-25T22:47:42.492000,2.295231,52.900969,-0.335,0
2023-11-25T22:47:43.435000,2.285745,52.957895,-0.379,0
2023-11-25T22:47:44.379000,2.276244,53.01482,-0.423,0
2023-11-25T22:47:45.322000,2.266729,53.071744,-0.533,0
2023-11-25T22:47:46.266000,2.257199,53.128667,-0.61,0
2023-11-25T22:47:47.209000,2.247654,53.185589,-0.681,0
2023-11-25T22:47:48.153000,2.238094,53.242511,-0.712,0
2023-11-25T22:47:49.096000,2.22852,53.299431,-0.767,0
2023-11-25T22:47:50.039000,2.21893,53.356351,-0.789,0
2023-11-25T22:47:50.983000,2.209326,53.41327,-0.779,0
2023-11-25T22:47:51.926000,2.199706,53.470188,-0.809,0
2023-11-25T22:47:52.870000,2.190071,53.527105,-0.84,0
2023-11-25T22:47:53.813000,2.180421,53.584022,-0.853,0
2023-11-25T22:47:54.757000,2.170756,53.640937,-0.845,0
2023-11-25T22:47:55.700000,2.161075,53.697852,-0.865,0
2023-11-25T22:47:56.644000,2.151378,53.754765,-0.85,0
2023-11-25T22:47:57.587000,2.141666,53.811678,-0.814,0
2023-11-25T22:47:58.530000,2.131939,53.86859,-0.816,0
2023-11-25T22:47:59.474000,2.122196,53.925501,-0.784,0
2023-11-25T22:48:00.417000,2.112436,53.982411,-0.752,0
2023-11-25T22:48:01.361000,2.102662,54.03932,-0.73,0
2023-11-25T22:48:02.304000,2.092871,54.096229,-0.679,0
2023-11-25T22:48:03.248000,2.083064,54.153136,-0.674,0
2023-11-25T22:48:04.191000,2.073241,54.210043,-0.651,0
2023-11-25T22:48:05.134000,2.063402,54.266948,-0.617,0
2023-11-25T22:48:06.078000,2.053546,54.323853,-0.58,0
2023-11-25T22:48:07.021000,2.043674,54.380757,-0.553,0
2023-11-25T22:48:07.965000,2.033786,54.43766,-0.533,0
2023-11-25T22:48:08.908000,2.023882,54.494562,-0.532,0
2023-11-25T22:48:09.852000,2.013961,54.551463,-0.438,0
2023-11-25T22:48:10.795000,2.004023,54.608364,-0.457,0
2023-11-25T22:48:11.738000,1.994068,54.665263,-0.443,0
2023-11-25T22:48:12.682000,1.984097,54.722162,-0.368,0
2023-11-25T22:48:13.625000,1.974108,54.779059,-0.352,0
2023-11-25T22:48:14.569000,1.964103,54.835956,-0.322,0
2023-11-25T22:48:15.512000,1.954081,54.892852,-0.313,0
2023-11-25T22:48:16.456000,1.944041,54.949747,-0.278,0
2023-11-25T22:48:17.399000,1.933984,55.006641,-0.271,0
2023-11-25T22:48:18.343000,1.92391,55.063534,-0.218,0
2023-11-25T22:48:19.286000,1.913819,55.120427,-0.196,0
2023-11-25T22:48:20.229000,1.90371,55.177318,-0.163,0
2023-11-25T22:48:21.173000,1.893583,55.234208,-0.147,0
2023-11-25T22:48:22.116000,1.883439,55.291098,-0.115,0
2023-11-25T22:48:23.060000,1.873277,55.347987,-0.053,0
2023-11-25T22:48:24.003000,1.863098,55.404874,-0.006,0
2023-11-25T22:48:24.947000,1.8529,55.461761,0.016,0
2023-11-25T22:48:25.890000,1.842684,55.518647,-0.009,0
2023-11-25T22:48:26.833000,1.83245,55.575532,0.032,0
2023-11-25T22:48:27.777000,1.822198,55.632416,0.081,0
2023-11-25T22:48:28.720000,1.811928,55.689299,0.086,0
2023-11-25T22:48:29.664000,1.801639,55.746182,0.042,0
2023-11-25T22:48:30.607000,1.791332,55.803063,0.138,0
2023-11-25T22:48:31.551000,1.781006,55.859943,0.164,0
2023-11-25T22:48:32.494000,1.770662,55.916823,0.203,0
2023-11-25T22:48:33.438000,1.760299,55.973702,0.196,0
2023-11-26T10:42:36.799000,8.669205,53.974483,2.167,1
2023-11-27T22:45:16.180000,1.60465,50.93007,3.59,1
2023-11-27T22:45:17.124000,1.595629,50.987024,3.406,1
2023-11-27T22:45:18.067000,1.586596,51.043977,3.261,0
2023-11-27T22:45:19.010000,1.577551,51.100928,3.132,1
2023-11-27T22:45:19.954000,1.568493,51.157879,2.942,1
2023-11-27T22:45:20.897000,1.559423,51.21483,2.789,1
2023-11-27T22:45:21.841000,1.550339,51.271779,2.625,1
2023-11-27T22:45:22.784000,1.541244,51.328727,2.433,1
2023-11-27T22:45:23.728000,1.532135,51.385675,2.222,1
2023-11-27T22:45:24.671000,1.523014,51.442622,2.174,1
2023-11-27T22:45:25.615000,1.513879,51.499568,2.095,1
2023-11-27T22:45:26.558000,1.504732,51.556513,2.11,0
2023-11-27T22:45:27.501000,1.495572,51.613458,2.132,0
2023-11-27T22:45:28.445000,1.486398,51.670401,1.986,0
2023-11-27T22:45:29.388000,1.477212,51.727344,1.96,0
2023-11-27T22:45:30.332000,1.468012,51.784285,1.912,0
2023-11-27T22:45:31.275000,1.458799,51.841226,1.827,1
2023-11-27T22:45:32.219000,1.449573,51.898166,1.795,1
2023-11-27T22:45:51.087000,1.26216,53.03679,-0.75,1
2023-11-27T22:45:52.031000,1.252639,53.093712,-0.765,0
2023-11-27T22:45:52.974000,1.243105,53.150633,-0.814,0
2023-11-27T22:45:53.918000,1.233555,53.207554,-0.851,0
2023-11-27T22:45:54.861000,1.22399,53.264473,-0.923,0
2023-11-27T22:45:55.804000,1.214411,53.321392,-1.001,0
2023-11-27T22:45:56.748000,1.204816,53.37831,-1.062,0
2023-11-27T22:45:57.691000,1.195207,53.435227,-1.133,0
2023-11-27T22:45:58.635000,1.185582,53.492143,-1.229,0
2023-11-27T22:45:59.578000,1.175942,53.549058,-1.272,0
2023-11-27T22:46:00.522000,1.166287,53.605973,-1.334,0
2023-11-27T22:46:01.465000,1.156616,53.662886,-1.389,0
2023-11-27T22:46:02.409000,1.14693,53.719799,-1.449,0
2023-11-27T22:46:03.352000,1.137229,53.776711,-1.476,0
2023-11-27T22:46:04.295000,1.127512,53.833621,-1.469,0
2023-11-27T22:46:05.239000,1.117779,53.890531,-1.465,0
2023-11-27T22:46:06.182000,1.10803,53.94744,-1.433,0
2023-11-27T22:46:07.126000,1.098266,54.004349,-1.479,0
2023-11-27T22:46:08.069000,1.088486,54.061256,-1.467,0
2023-11-27T22:46:09.013000,1.078689,54.118163,-1.469,0
2023-11-27T22:46:09.956000,1.068877,54.175068,-1.451,0
2023-11-27T22:46:10.899000,1.059049,54.231973,-1.445,0
2023-11-27T22:46:11.843000,1.049204,54.288877,-1.449,0
2023-11-27T22:46:12.786000,1.039343,54.34578,-1.435,0
2023-11-27T22:46:13.730000,1.029466,54.402682,-1.416,0
2023-11-27T22:46:14.673000,1.019572,54.459583,-1.362,0
2023-11-27T22:46:15.617000,1.009662,54.516483,-1.364,0
2023-11-27T22:46:16.560000,0.999735,54.573383,-1.334,0
2023-11-27T22:46:17.504000,0.989792,54.630281,-1.333,0
2023-11-27T22:46:18.447000,0.979832,54.687179,-1.305,0
2023-11-27T22:46:19.390000,0.969855,54.744075,-1.275,0
2023-11-27T22:46:20.334000,0.959861,54.800971,-1.218,0
2023-11-27T22:46:21.277000,0.94985,54.857866,-1.201,0
2023-11-27T22:46:22.221000,0.939822,54.91476,-1.127,0
2023-11-27T22:46:23.164000,0.929777,54.971653,-1.114,0
2023-11-27T22:46:24.108000,0.919714,55.028546,-1.132,0
2023-11-27T22:46:25.051000,0.909634,55.085437,-1.068,0
2023-11-27T22:46:25.994000,0.899537,55.142328,-1.028,0
2023-11-27T22:46:26.938000,0.889422,55.199217,-0.988,0
2023-11-27T22:46:27.881000,0.879289,55.256106,-0.957,0
2023-11-27T22:46:28.825000,0.869139,55.312993,-0.956,0
2023-11-27T22:46:29.768000,0.858971,55.36988,-0.901,0
2023-11-27T22:46:30.712000,0.848786,55.426766,-0.858,0
2023-11-27T22:46:31.655000,0.838582,55.483651,-0.882,0
2023-11-27T22:46:32.599000,0.82836,55.540535,-0.803,0
2023-11-27T22:46:33.542000,0.81812,55.597419,-0.793,0
2023-11-27T22:46:34.485000,0.807862,55.654301,-0.777,0
2023-11-27T22:46:35.429000,0.797586,55.711182,-0.717,0
2023-11-27T22:46:36.372000,0.787291,55.768063,-0.681,0
2023-11-27T22:46:37.316000,0.776977,55.824943,-0.659,0
2023-11-27T22:46:38.259000,0.766645,55.881821,-0.599,0
2023-11-27T22:46:39.203000,0.756294,55.938699,-0.557,0
2023-11-28T10:40:10.487000,8.005368,55.939358,-0.538,1
2023-11-28T10:40:11.430000,7.995016,55.882467,-0.521,1
2023-11-28T10:40:12.374000,7.984684,55.825575,-0.512,1
2023-11-28T10:40:13.317000,7.97437,55.768681,-0.474,1
2023-11-28T10:40:14.261000,7.964074,55.711787,-0.409,1
2023-11-28T10:40:15.204000,7.953797,55.654892,-0.399,1
2023-11-28T10:40:16.147000,7.943538,55.597996,-0.358,1
2023-11-28T10:40:17.091000,7.933298,55.541099,-0.281,1
2023-11-28T10:40:18.034000,7.923075,55.484202,-0.206,1
2023-11-28T10:40:18.978000,7.912871,55.427303,-0.128,0
2023-11-28T10:40:19.921000,7.902685,55.370403,-0.103,0
2023-11-28T10:40:20.865000,7.892516,55.313502,-0.008,0
2023-11-28T10:40:21.808000,7.882365,55.256601,0.021,0
2023-11-28T10:40:22.751000,7.872232,55.199698,0.08,0
2023-11-28T10:40:23.695000,7.862117,55.142795,0.123,0
2023-11-28T10:40:24.638000,7.852019,55.085891,0.124,0
2023-11-28T10:40:25.582000,7.841939,55.028986,0.191,0
2023-11-28T10:40:26.525000,7.831876,54.972079,0.226,0
2023-11-28T10:40:27.469000,7.82183,54.915172,0.287,0
2023-11-28T10:40:28.412000,7.811801,54.858264,0.328,0
2023-11-28T10:40:29.356000,7.80179,54.801356,0.355,0
2023-11-28T10:40:30.299000,7.791795,54.744446,0.414,0
2023-11-28T10:40:31.242000,7.781817,54.687535,0.454,0
2023-11-28T10:40:32.186000,7.771857,54.630623,0.523,0
2023-11-28T10:40:33.129000,7.761913,54.573711,0.558,0
2023-11-28T10:40:34.073000,7.751985,54.516797,0.585,0
2023-11-28T10:40:35.016000,7.742074,54.459883,0.639,0
2023-11-28T10:40:35.960000,7.73218,54.402968,0.676,0
2023-11-28T10:40:36.903000,7.722303,54.346052,0.703,0
2023-11-28T10:40:37.846000,7.712441,54.289135,0.759,0
2023-11-28T10:40:38.790000,7.702596,54.232217,0.774,1
2023-11-28T10:40:39.733000,7.692767,54.175298,0.83,1
2023-11-28T10:40:40.677000,7.682954,54.118378,0.868,0
2023-11-28T10:40:41.620000,7.673157,54.061457,0.903,0
2023-11-28T10:40:42.564000,7.663377,54.004536,0.936,0
2023-11-28T10:40:43.507000,7.653612,53.947613,0.99,0
2023-11-28T10:40:44.451000,7.643863,53.89069,1.057,1
2023-11-28T10:40:45.394000,7.634129,53.833765,1.093,1
2023-11-29T22:43:05.907000,0.750003,49.940561,3.06,1
2023-11-29T22:43:06.850000,0.741191,49.997528,3.026,1
2023-11-29T22:43:07.794000,0.732368,50.054493,2.992,0
2023-11-29T22:43:08.737000,0.723533,50.111458,2.942,0
2023-11-29T22:43:09.680000,0.714687,50.168422,2.825,0
2023-11-29T22:43:10.624000,0.705829,50.225386,2.787,0
2023-11-29T22:43:11.567000,0.69696,50.282348,2.693,0
2023-11-29T22:43:12.511000,0.688078,50.33931,2.654,0
2023-11-29T22:43:13.454000,0.679185,50.396271,2.61,0
2023-11-29T22:43:14.398000,0.67028,50.45323,2.588,0
2023-11-29T22:43:15.341000,0.661363,50.51019,2.54,0
2023-11-29T22:43:16.285000,0.652434,50.567148,2.479,0
2023-11-29T22:43:17.228000,0.643494,50.624105,2.456,0
2023-11-29T22:43:18.171000,0.634541,50.681062,2.411,0
2023-11-29T22:43:19.115000,0.625575,50.738018,2.382,1
2023-11-29T22:43:20.058000,0.616598,50.794973,2.37,1
2023-11-29T22:43:54.965000,0.275347,52.901723,-0.108,1
2023-11-29T22:43:55.909000,0.265863,52.958646,-0.152,1
2023-11-29T22:44:09.117000,0.13153,53.755479,-1.611,1
2023-11-29T22:44:10.060000,0.121821,53.812389,-1.621,1
2023-11-29T22:44:11.004000,0.112096,53.869298,-1.611,1
2023-11-29T22:44:11.947000,0.102355,53.926207,-1.618,0
2023-11-29T22:44:12.891000,0.092598,53.983114,-1.63,0
2023-11-29T22:44:13.834000,0.082826,54.040021,-1.645,1
2023-11-29T22:44:14.778000,0.073037,54.096927,-1.659,1
2023-11-29T22:44:15.721000,0.063233,54.153832,-1.654,1
2023-11-29T22:44:16.665000,0.053412,54.210736,-1.683,1
2023-11-29T22:44:17.608000,0.043576,54.267639,-1.658,0
2023-11-29T22:44:18.551000,0.033723,54.324541,-1.626,0
2023-11-29T22:44:19.495000,0.023854,54.381443,-1.622,0
2023-11-29T22:44:20.438000,0.013968,54.438343,-1.613,0
2023-11-29T22:44:21.382000,0.004066,54.495243,-1.604,0
2023-11-29T22:44:22.325000,-0.005853,54.552142,-1.589,0
2023-11-29T22:44:23.269000,-0.015788,54.609039,-1.552,0
2023-11-29T22:44:24.212000,-0.02574,54.665937,-1.554,0
2023-11-29T22:44:25.155000,-0.035709,54.722833,-1.54,0
2023-11-29T22:44:26.099000,-0.045695,54.779728,-1.538,0
2023-11-29T22:44:27.042000,-0.055697,54.836622,-1.496,0
2023-11-29T22:44:27.986000,-0.065717,54.893516,-1.502,0
2023-11-29T22:44:28.929000,-0.075754,54.950408,-1.462,0
2023-11-29T22:44:29.873000,-0.085808,55.0073,-1.444,0
2023-11-29T22:44:30.816000,-0.09588,55.06419,-1.434,0
2023-11-29T22:44:31.760000,-0.105969,55.12108,-1.419,0
2023-11-29T22:44:32.703000,-0.116075,55.177969,-1.403,0
2023-11-29T22:44:33.646000,-0.126199,55.234857,-1.353,0
2023-11-29T22:44:34.590000,-0.136341,55.291745,-1.341,0
2023-11-29T22:44:35.533000,-0.1465,55.348631,-1.328,0
2023-11-29T22:44:36.477000,-0.156677,55.405516,-1.279,0
2023-11-29T22:44:37.420000,-0.166872,55.462401,-1.244,0
2023-11-29T22:44:38.364000,-0.177085,55.519284,-1.308,0
2023-11-29T22:44:39.307000,-0.187316,55.576167,-1.224,0
2023-11-29T22:44:40.250000,-0.197566,55.633049,-1.237,0
2023-11-29T22:44:41.194000,-0.207833,55.68993,-1.195,0
2023-11-29T22:44:42.137000,-0.218119,55.74681,-1.163,0
2023-11-29T22:44:43.081000,-0.228424,55.803689,-1.164,0
2023-11-29T22:44:44.024000,-0.238747,55.860567,-1.153,0
2023-11-29T22:44:44.968000,-0.249089,55.917444,-1.144,0
2023-11-29T22:44:45.911000,-0.259449,55.97432,-1.119,0
2023-11-30T10:38:16.252000,6.997478,55.955481,-0.152,0
2023-11-30T10:38:17.195000,6.987122,55.898586,-0.155,0
2023-11-30T10:38:18.139000,6.976786,55.84169,-0.116,0
2023-11-30T10:38:19.082000,6.966468,55.784793,-0.079,0
2023-11-30T10:38:20.026000,6.956169,55.727895,-0.052,0
2023-11-30T10:38:20.969000,6.945888,55.670997,-0.01,0
2023-11-30T10:38:21.912000,6.935625,55.614097,0.014,0
2023-11-30T10:38:22.856000,6.925381,55.557197,0.018,0
2023-11-30T10:38:23.799000,6.915155,55.500295,0.015,0
2023-11-30T10:38:24.743000,6.904947,55.443393,0.021,0
2023-11-30T10:38:25.686000,6.894757,55.386489,0.062,0
2023-11-30T10:38:26.630000,6.884585,55.329585,0.062,0
2023-11-30T10:38:27.573000,6.87443,55.27268,0.102,0
2023-11-30T10:38:28.516000,6.864294,55.215774,0.11,0
2023-11-30T10:38:29.460000,6.854175,55.158867,0.151,0
2023-11-30T10:38:30.403000,6.844073,55.101959,0.166,0
2023-11-30T10:38:31.347000,6.833989,55.04505,0.199,0
2023-11-30T10:38:32.290000,6.823923,54.98814,0.256,0
2023-11-30T10:38:33.234000,6.813873,54.93123,0.282,0
2023-11-30T10:38:34.177000,6.803841,54.874318,0.323,0
2023-11-30T10:38:35.121000,6.793826,54.817405,0.344,0
2023-11-30T10:38:36.064000,6.783828,54.760492,0.349,0
2023-11-30T10:38:37.007000,6.773847,54.703578,0.401,0
2023-11-30T10:38:37.951000,6.763883,54.646662,0.437,0
2023-11-30T10:38:38.894000,6.753936,54.589746,0.466,0
2023-11-30T10:38:39.838000,6.744005,54.532829,0.51,0
2023-11-30T10:38:40.781000,6.734091,54.475911,0.514,0
2023-11-30T10:38:41.725000,6.724194,54.418992,0.576,0
2023-11-30T10:38:42.668000,6.714313,54.362072,0.595,0
2023-11-30T10:38:43.611000,6.704448,54.305152,0.641,0
2023-11-30T10:38:44.555000,6.694599,54.24823,0.659,0
2023-11-30T10:38:45.498000,6.684767,54.191307,0.7,0
2023-11-30T10:38:46.442000,6.674951,54.134384,0.748,0
2023-11-30T10:38:47.385000,6.665151,54.077459,0.771,0
2023-11-30T10:38:48.329000,6.655367,54.020534,0.797,0
2023-11-30T10:38:49.272000,6.645599,53.963608,0.847,0
2023-11-30T10:38:50.216000,6.635847,53.906681,0.93,0
2023-11-30T10:38:51.159000,6.626111,53.849753,0.985,0
2023-11-30T10:38:52.102000,6.61639,53.792824,1.025,0
2023-11-30T10:38:53.046000,6.606685,53.735894,1.114,1
2023-11-30T10:38:53.989000,6.596995,53.678964,1.187,1
2023-12-01T22:41:07.898000,-0.222678,49.706745,1.676,0
2023-12-01T22:41:08.841000,-0.231441,49.763714,1.545,0
2023-12-01T22:41:09.785000,-0.240216,49.820682,1.415,0
2023-12-01T22:41:10.728000,-0.249002,49.877649,1.317,0
2023-12-01T22:41:11.672000,-0.2578,49.934616,1.217,0
2023-12-01T22:41:12.615000,-0.266609,49.991582,1.105,0
2023-12-01T22:41:13.559000,-0.275429,50.048547,1.013,0
2023-12-01T22:41:14.502000,-0.284261,50.105511,0.876,0
2023-12-01T22:41:15.446000,-0.293105,50.162474,0.765,0
2023-12-01T22:41:16.389000,-0.30196,50.219437,0.682,0
2023-12-01T22:41:17.332000,-0.310827,50.276398,0.581,0
2023-12-01T22:41:18.276000,-0.319706,50.333359,0.473,0
2023-12-01T22:41:19.219000,-0.328596,50.390319,0.409,0
2023-12-01T22:41:20.163000,-0.337499,50.447279,0.308,0
2023-12-01T22:41:21.106000,-0.346413,50.504237,0.232,0
2023-12-01T22:41:22.050000,-0.355339,50.561195,0.165,0
2023-12-01T22:41:22.993000,-0.364277,50.618152,0.082,0
2023-12-01T22:41:23.936000,-0.373228,50.675108,0.021,1
2023-12-01T22:41:24.880000,-0.38219,50.732063,-0.052,1
2023-12-01T22:42:32.807000,-1.063244,54.830628,-0.989,0
2023-12-01T22:42:33.751000,-1.073261,54.887522,-1.024,0
2023-12-01T22:42:34.694000,-1.083294,54.944414,-1.025,0
2023-12-01T22:42:35.638000,-1.093345,55.001305,-1.022,0
2023-12-01T22:42:36.581000,-1.103413,55.058195,-1.006,0
2023-12-01T22:42:37.525000,-1.113498,55.115085,-1.029,0
2023-12-01T22:42:38.468000,-1.123601,55.171974,-1.097,0
2023-12-01T22:42:40.355000,-1.143859,55.285748,-1.15,0
2023-12-01T22:42:41.298000,-1.154015,55.342634,-1.046,0
2023-12-01T22:42:42.242000,-1.164188,55.399519,-1.167,0
2023-12-01T22:42:43.185000,-1.17438,55.456403,-1.171,0
2023-12-01T22:42:44.129000,-1.184589,55.513287,-1.181,0
2023-12-01T22:42:45.072000,-1.194817,55.570169,-1.209,0
2023-12-01T22:42:46.015000,-1.205063,55.627051,-1.164,0
2023-12-01T22:42:46.959000,-1.215327,55.683931,-1.191,0
2023-12-01T22:42:47.902000,-1.225609,55.740811,-1.194,0
2023-12-01T22:42:48.846000,-1.23591,55.79769,-1.239,0
2023-12-01T22:42:49.789000,-1.246229,55.854567,-1.187,0
2023-12-01T22:42:50.733000,-1.256567,55.911444,-1.21,0
2023-12-01T22:42:51.676000,-1.266924,55.96832,-1.206,0
2023-12-02T10:36:22.017000,5.987665,55.954441,0.15,0
2023-12-02T10:36:22.960000,5.977311,55.897542,0.148,0
2023-12-02T10:36:23.904000,5.966975,55.840642,0.143,0
2023-12-02T10:36:24.847000,5.956659,55.783741,0.154,0
2023-12-02T10:36:25.791000,5.946361,55.726839,0.152,0
2023-12-02T10:36:26.734000,5.936081,55.669936,0.163,0
2023-12-02T10:36:27.677000,5.92582,55.613033,0.151,0
2023-12-02T10:36:28.621000,5.915577,55.556128,0.154,0
2023-12-02T10:36:29.564000,5.905352,55.499222,0.162,0
2023-12-02T10:36:30.508000,5.895145,55.442316,0.177,0
2023-12-02T10:36:31.451000,5.884956,55.385408,0.168,0
2023-12-02T10:36:32.395000,5.874785,55.3285,0.189,0
2023-12-02T10:36:33.338000,5.864632,55.271591,0.203,0
2023-12-02T10:36:34.282000,5.854497,55.214681,0.22,0
2023-12-02T10:36:35.225000,5.844379,55.157769,0.208,0
2023-12-02T10:36:36.168000,5.834279,55.100857,0.224,0
2023-12-02T10:36:38.055000,5.814131,54.98703,0.341,0
2023-12-02T10:36:38.999000,5.804083,54.930115,0.29,0
2023-12-02T10:36:39.942000,5.794052,54.873199,0.264,0
2023-12-02T10:36:40.886000,5.784038,54.816283,0.313,0
2023-12-02T10:36:41.829000,5.774041,54.759365,0.345,0
2023-12-02T10:36:42.772000,5.764061,54.702447,0.351,0
2023-12-02T10:36:43.716000,5.754098,54.645527,0.372,0
2023-12-02T10:36:44.659000,5.744152,54.588607,0.401,0
2023-12-02T10:36:45.603000,5.734223,54.531685,0.388,0
2023-12-02T10:36:46.546000,5.72431,54.474763,0.436,0
2023-12-02T10:36:47.490000,5.714413,54.41784,0.408,0
2023-12-02T10:36:48.433000,5.704534,54.360916,0.445,0
2023-12-02T10:36:49.377000,5.69467,54.303991,0.451,0
2023-12-02T10:36:50.320000,5.684823,54.247065,0.502,0
2023-12-02T10:36:51.263000,5.674992,54.190138,0.456,0
2023-12-02T10:36:52.207000,5.665177,54.133211,0.557,0
2023-12-02T10:36:53.150000,5.655378,54.076282,0.529,0
2023-12-02T10:36:54.094000,5.645595,54.019353,0.613,0
2023-12-02T10:36:55.037000,5.635828,53.962422,0.61,0
2023-12-02T10:36:55.981000,5.626077,53.905491,0.656,0
2023-12-02T10:36:56.924000,5.616342,53.848559,0.685,0
2023-12-02T10:36:57.867000,5.606622,53.791625,0.737,0
2023-12-02T10:36:58.811000,5.596918,53.734691,0.763,0
2023-12-02T10:36:59.754000,5.58723,53.677757,0.769,0
2023-12-02T10:37:00.698000,5.577557,53.620821,0.752,0
2023-12-02T10:37:01.641000,5.567899,53.563884,0.801,1
2023-12-02T10:37:02.585000,5.558257,53.506946,0.86,1
2023-12-03T22:39:14.607000,-1.241289,49.776275,0.705,1
2023-12-03T22:39:15.550000,-1.250066,49.833242,0.704,0
2023-12-03T22:39:16.493000,-1.258854,49.890209,0.638,0
2023-12-03T22:39:17.437000,-1.267653,49.947175,0.615,0
2023-12-03T22:39:18.380000,-1.276464,50.00414,0.569,0
2023-12-03T22:39:19.324000,-1.285287,50.061105,0.509,0
2023-12-03T22:39:20.267000,-1.294121,50.118068,0.459,0
2023-12-03T22:39:21.211000,-1.302967,50.175031,0.357,0
2023-12-03T22:39:22.154000,-1.311824,50.231993,0.332,0
2023-12-03T22:39:23.097000,-1.320693,50.288954,0.253,0
2023-12-03T22:39:24.041000,-1.329574,50.345915,0.2,0
2023-12-03T22:39:24.984000,-1.338467,50.402874,0.171,0
2023-12-03T22:39:25.928000,-1.347371,50.459833,0.137,1
2023-12-03T22:39:26.871000,-1.356288,50.516791,0.081,1
2023-12-04T10:34:27.782000,4.976535,55.936397,0.094,0
2023-12-04T10:34:28.725000,4.966186,55.879494,0.107,0
2023-12-04T10:34:29.669000,4.955857,55.822589,0.095,0
2023-12-04T10:34:30.612000,4.945546,55.765684,0.109,0
2023-12-04T10:34:31.556000,4.935253,55.708777,0.106,0
2023-12-04T10:34:32.499000,4.924979,55.65187,0.101,0
2023-12-04T10:34:33.443000,4.914723,55.594961,0.134,0
2023-12-04T10:34:34.386000,4.904485,55.538052,0.114,0
2023-12-04T10:34:35.329000,4.894266,55.481142,0.115,0
2023-12-04T10:34:36.273000,4.884065,55.424231,0.116,0
2023-12-04T10:34:37.216000,4.873881,55.367319,0.126,0
2023-12-04T10:34:38.160000,4.863716,55.310406,0.107,0
2023-12-04T10:34:39.103000,4.853568,55.253492,0.128,0
2023-12-04T10:34:40.047000,4.843438,55.196577,0.153,0
2023-12-04T10:34:40.990000,4.833325,55.139661,0.143,0
2023-12-04T10:34:41.933000,4.82323,55.082745,0.133,0
2023-12-04T10:34:42.877000,4.813153,55.025827,0.151,0
2023-12-04T10:34:43.820000,4.803092,54.968909,0.162,0
2023-12-04T10:34:44.764000,4.79305,54.911989,0.146,0
2023-12-04T10:34:45.707000,4.783024,54.855069,0.153,0
2023-12-04T10:34:46.651000,4.773015,54.798147,0.154,0
2023-12-04T10:34:47.594000,4.763023,54.741225,0.148,0
2023-12-04T10:34:48.538000,4.753049,54.684302,0.16,0
2023-12-04T10:34:49.481000,4.743091,54.627378,0.188,0
2023-12-04T10:34:50.424000,4.733149,54.570453,0.175,0
2023-12-04T10:34:51.368000,4.723225,54.513527,0.176,0
2023-12-04T10:34:52.311000,4.713317,54.4566,0.167,0
2023-12-04T10:34:53.255000,4.703426,54.399673,0.178,0
2023-12-04T10:34:54.198000,4.693551,54.342744,0.208,0
2023-12-04T10:34:55.142000,4.683692,54.285815,0.178,0
2023-12-04T10:34:56.085000,4.67385,54.228884,0.229,0
2023-12-04T10:34:57.028000,4.664024,54.171953,0.239,0
2023-12-04T10:34:57.972000,4.654214,54.11502,0.208,0
2023-12-04T10:34:58.915000,4.64442,54.058087,0.228,0
2023-12-04T10:34:59.859000,4.634642,54.001153,0.221,0
2023-12-04T10:35:00.802000,4.624879,53.944218,0.225,0
2023-12-04T10:35:01.746000,4.615133,53.887282,0.259,0
2023-12-04T10:35:02.689000,4.605402,53.830345,0.251,0
2023-12-04T10:35:03.633000,4.595688,53.773408,0.289,0
2023-12-04T10:35:04.576000,4.585988,53.716469,0.281,0
2023-12-04T10:35:05.519000,4.576304,53.65953,0.275,0
2023-12-04T10:35:06.463000,4.566636,53.602589,0.3,0
2023-12-04T10:35:07.406000,4.556983,53.545648,0.301,0
2023-12-04T10:35:08.350000,4.547345,53.488706,0.341,0
2023-12-04T10:35:09.293000,4.537723,53.431763,0.327,0
2023-12-04T10:35:10.237000,4.528115,53.374819,0.357,0
2023-12-04T10:35:11.180000,4.518523,53.317874,0.365,0
2023-12-04T10:35:12.123000,4.508946,53.260928,0.361,0
2023-12-04T10:35:13.067000,4.499383,53.203981,0.345,0
2023-12-04T10:35:14.010000,4.489836,53.147034,0.325,0
2023-12-04T10:35:14.954000,4.480303,53.090085,0.316,0
2023-12-04T10:35:15.897000,4.470785,53.033136,0.303,1
2023-12-04T10:35:16.841000,4.461282,52.976186,0.281,1
2023-12-04T10:35:17.784000,4.451793,52.919235,0.287,0
2023-12-04T10:35:18.727000,4.442319,52.862283,0.256,0
2023-12-04T10:35:19.671000,4.432859,52.80533,0.211,0
2023-12-04T10:35:20.614000,4.423413,52.748376,0.196,1
2023-12-04T10:35:21.558000,4.413982,52.691421,0.096,1
2023-12-04T10:35:22.501000,4.404566,52.634466,0.057,1
2023-12-04T10:35:23.445000,4.395163,52.577509,0.037,1
2023-12-04T10:35:24.388000,4.385774,52.520552,-0.021,1
2023-12-04T10:35:25.332000,4.3764,52.463594,-0.044,1
2023-12-04T10:35:26.275000,4.367039,52.406635,-0.085,1
2023-12-04T10:35:27.218000,4.357693,52.349675,-0.127,1
2023-12-04T10:35:28.162000,4.34836,52.292714,-0.172,1
2023-12-04T10:35:29.105000,4.339041,52.235752,-0.207,1
2023-12-05T22:37:20.372000,-2.250996,49.783756,0.337,1
2023-12-05T22:37:21.315000,-2.259775,49.840724,0.349,1
2023-12-05T22:37:22.258000,-2.268565,49.897691,0.314,0
2023-12-05T22:37:23.202000,-2.277367,49.954657,0.307,0
2023-12-05T22:37:24.145000,-2.28618,50.011622,0.28,0
2023-12-05T22:37:25.089000,-2.295005,50.068587,0.285,0
2023-12-05T22:37:26.032000,-2.303841,50.125551,0.269,0
2023-12-05T22:37:26.976000,-2.312688,50.182514,0.247,0
2023-12-05T22:37:27.919000,-2.321548,50.239476,0.242,0
2023-12-05T22:37:28.862000,-2.330419,50.296437,0.249,0
2023-12-05T22:37:29.806000,-2.339302,50.353398,0.248,0
2023-12-05T22:37:30.749000,-2.348197,50.410357,0.269,1
2023-12-05T22:37:31.693000,-2.357104,50.467316,0.269,1
2023-12-06T10:32:33.547000,3.969011,55.94374,0.12,0
2023-12-06T10:32:34.490000,3.958659,55.886833,0.107,0
2023-12-06T10:32:35.434000,3.948325,55.829924,0.113,0
2023-12-06T10:32:36.377000,3.93801,55.773015,0.139,0
2023-12-06T10:32:37.321000,3.927714,55.716105,0.129,0
2023-12-06T10:32:38.264000,3.917436,55.659193,0.139,0
2023-12-06T10:32:39.208000,3.907176,55.602281,0.11,0
2023-12-06T10:32:40.151000,3.896935,55.545368,0.104,0
2023-12-06T10:32:41.094000,3.886712,55.488454,0.116,0
2023-12-06T10:32:42.038000,3.876507,55.431539,0.069,0
2023-12-06T10:32:42.981000,3.86632,55.374623,0.082,0
2023-12-06T10:32:43.925000,3.856151,55.317706,0.084,0
2023-12-06T10:32:44.868000,3.845999,55.260789,0.076,0
2023-12-06T10:32:45.812000,3.835865,55.20387,0.075,0
2023-12-06T10:32:46.755000,3.825749,55.14695,0.087,0
2023-12-06T10:32:47.699000,3.81565,55.09003,0.11,0
2023-12-06T10:32:48.642000,3.805569,55.033108,0.105,0
2023-12-06T10:32:49.585000,3.795505,54.976186,0.103,0
2023-12-06T10:32:50.529000,3.785459,54.919262,0.084,0
2023-12-06T10:32:51.472000,3.77543,54.862338,0.087,0
2023-12-06T10:32:52.416000,3.765417,54.805413,0.119,0
2023-12-06T10:32:53.359000,3.755422,54.748487,0.118,0
2023-12-06T10:32:54.303000,3.745444,54.69156,0.117,0
2023-12-06T10:32:55.246000,3.735482,54.634632,0.122,0
2023-12-06T10:32:56.189000,3.725538,54.577703,0.122,0
2023-12-06T10:32:57.133000,3.71561,54.520773,0.112,0
2023-12-06T10:32:58.076000,3.705699,54.463842,0.147,0
2023-12-06T10:32:59.020000,3.695804,54.406911,0.118,0
2023-12-06T10:32:59.963000,3.685925,54.349978,0.138,0
2023-12-06T10:33:00.907000,3.676063,54.293045,0.142,0
2023-12-06T10:33:01.850000,3.666217,54.23611,0.135,0
2023-12-06T10:33:02.793000,3.656388,54.179175,0.14,0
2023-12-06T10:33:03.737000,3.646575,54.122239,0.143,0
2023-12-06T10:33:04.680000,3.636777,54.065302,0.133,0
2023-12-06T10:33:05.624000,3.626996,54.008364,0.149,0
2023-12-06T10:33:06.567000,3.61723,53.951425,0.14,0
2023-12-06T10:33:07.511000,3.607481,53.894485,0.172,0
2023-12-06T10:33:08.454000,3.597747,53.837545,0.124,0
2023-12-06T10:33:09.398000,3.588029,53.780603,0.157,0
2023-12-06T10:33:10.341000,3.578326,53.72366,0.137,0
2023-12-06T10:33:11.284000,3.568639,53.666717,0.127,0
2023-12-06T10:33:12.228000,3.558967,53.609773,0.134,0
2023-12-06T10:33:13.171000,3.549311,53.552828,0.154,0
2023-12-06T10:33:14.115000,3.53967,53.495881,0.11,0
2023-12-06T10:33:15.058000,3.530044,53.438934,0.138,0
2023-12-06T10:33:16.002000,3.520434,53.381987,0.071,0
2023-12-06T10:33:16.945000,3.510838,53.325038,0.09,0
2023-12-06T10:33:17.888000,3.501258,53.268088,0.109,0
2023-12-06T10:33:18.832000,3.491692,53.211137,0.098,0
2023-12-06T10:33:19.775000,3.482142,53.154186,0.09,0
2023-12-06T10:33:20.719000,3.472606,53.097234,0.072,0
2023-12-06T10:33:21.662000,3.463085,53.04028,0.11,0
2023-12-06T10:33:22.606000,3.453578,52.983326,0.064,0
2023-12-06T10:33:23.549000,3.444087,52.926371,0.065,0
2023-12-06T10:33:24.493000,3.434609,52.869415,0.05,0
2023-12-06T10:33:25.436000,3.425146,52.812458,0.077,0
2023-12-06T10:33:26.379000,3.415698,52.755501,0.048,0
2023-12-06T10:33:27.323000,3.406264,52.698542,0.056,0
2023-12-06T10:33:28.266000,3.396844,52.641583,0.012,0
2023-12-06T10:33:29.210000,3.387438,52.584622,0.044,0
2023-12-06T10:33:30.153000,3.378047,52.527661,0.035,0
2023-12-06T10:33:31.097000,3.368669,52.470699,0.012,0
2023-12-06T10:33:32.040000,3.359306,52.413736,0.022,0
2023-12-06T10:33:32.983000,3.349956,52.356772,0.026,0
2023-12-06T10:33:33.927000,3.340621,52.299807,-0.012,0
2023-12-06T10:33:34.870000,3.331299,52.242842,-0.041,0
2023-12-06T10:33:35.814000,3.321991,52.185875,-0.068,0
2023-12-06T10:33:36.757000,3.312696,52.128908,-0.043,0
2023-12-06T10:33:37.701000,3.303415,52.07194,-0.063,0
2023-12-06T10:33:38.644000,3.294148,52.01497,-0.069,0
2023-12-06T10:33:39.588000,3.284894,51.958,-0.097,0
2023-12-06T10:33:40.531000,3.275654,51.90103,-0.092,0
2023-12-06T10:33:41.474000,3.266427,51.844058,-0.1,0
2023-12-06T10:33:42.418000,3.257213,51.787085,-0.109,0
2023-12-06T10:33:43.361000,3.248013,51.730112,-0.118,0
2023-12-06T10:33:44.305000,3.238826,51.673137,-0.155,0
2023-12-06T10:33:45.248000,3.229652,51.616162,-0.137,0
2023-12-06T10:33:46.192000,3.22049,51.559186,-0.142,0
2023-12-06T10:33:47.135000,3.211342,51.502209,-0.222,0
2023-12-06T10:33:48.078000,3.202207,51.445231,-0.216,1
2023-12-08T10:30:40.255000,2.956335,55.936423,-0.146,0
2023-12-08T10:30:41.199000,2.945984,55.879511,-0.159,0
2023-12-08T10:30:42.142000,2.935651,55.822598,-0.174,0
2023-12-08T10:30:43.086000,2.925336,55.765684,-0.186,0
2023-12-08T10:30:44.029000,2.915041,55.708769,-0.214,0
2023-12-08T10:30:44.973000,2.904763,55.651854,-0.212,0
2023-12-08T10:30:45.916000,2.894504,55.594937,-0.249,0
2023-12-08T10:30:46.859000,2.884263,55.538019,-0.225,0
2023-12-08T10:30:47.803000,2.874041,55.481101,-0.26,0
2023-12-08T10:30:48.746000,2.863836,55.424181,-0.259,0
2023-12-08T10:30:49.690000,2.853649,55.367261,-0.279,0
2023-12-08T10:30:50.633000,2.843481,55.310339,-0.272,0
2023-12-08T10:30:51.577000,2.83333,55.253417,-0.303,0
2023-12-08T10:30:52.520000,2.823196,55.196494,-0.288,0
2023-12-08T10:30:53.464000,2.81308,55.139569,-0.301,0
2023-12-08T10:30:54.407000,2.802982,55.082644,-0.289,0
2023-12-08T10:30:55.350000,2.792902,55.025718,-0.327,0
2023-12-08T10:30:56.294000,2.782838,54.968791,-0.343,0
2023-12-08T10:30:57.237000,2.772792,54.911863,-0.34,0
2023-12-08T10:30:58.181000,2.762763,54.854934,-0.306,0
2023-12-08T10:30:59.124000,2.752751,54.798005,-0.319,0
2023-12-08T10:31:00.068000,2.742757,54.741074,-0.335,0
2023-12-08T10:31:01.011000,2.732779,54.684142,-0.327,0
2023-12-08T10:31:01.954000,2.722818,54.62721,-0.306,0
2023-12-08T10:31:02.898000,2.712873,54.570276,-0.329,0
2023-12-08T10:31:03.841000,2.702946,54.513342,-0.319,0
2023-12-08T10:31:04.785000,2.693035,54.456407,-0.327,0
2023-12-08T10:31:05.728000,2.68314,54.399471,-0.339,0
2023-12-08T10:31:06.672000,2.673262,54.342534,-0.344,0
2023-12-08T10:31:07.615000,2.663401,54.285596,-0.376,0
2023-12-08T10:31:08.559000,2.653555,54.228657,-0.381,0
2023-12-08T10:31:09.502000,2.643726,54.171717,-0.423,0
2023-12-08T10:31:10.445000,2.633913,54.114776,-0.45,0
2023-12-08T10:31:11.389000,2.624116,54.057834,-0.489,0
2023-12-08T10:31:12.332000,2.614335,54.000892,-0.498,0
2023-12-08T10:31:13.276000,2.60457,53.943948,-0.498,0
2023-12-08T10:31:14.219000,2.594821,53.887004,-0.504,0
2023-12-08T10:31:15.163000,2.585087,53.830059,-0.548,0
2023-12-08T10:31:16.106000,2.57537,53.773113,-0.53,0
2023-12-08T10:31:17.049000,2.565667,53.716165,-0.576,0
2023-12-08T10:31:17.993000,2.555981,53.659218,-0.552,0
2023-12-08T10:31:18.936000,2.546309,53.602269,-0.556,0
2023-12-08T10:31:19.880000,2.536653,53.545319,-0.575,0
2023-12-08T10:31:20.823000,2.527013,53.488368,-0.563,0
2023-12-08T10:31:21.767000,2.517387,53.431417,-0.552,0
2023-12-08T10:31:22.710000,2.507777,53.374464,-0.595,0
2023-12-08T10:31:23.654000,2.498182,53.317511,-0.565,0
2023-12-08T10:31:24.597000,2.488602,53.260556,-0.574,0
2023-12-08T10:31:25.540000,2.479037,53.203601,-0.57,0
2023-12-08T10:31:26.484000,2.469486,53.146645,-0.57,0
2023-12-08T10:31:27.427000,2.459951,53.089688,-0.545,0
2023-12-08T10:31:28.371000,2.45043,53.03273,-0.547,0
2023-12-08T10:31:29.314000,2.440924,52.975772,-0.541,0
2023-12-08T10:31:30.258000,2.431432,52.918812,-0.519,0
2023-12-08T10:31:31.201000,2.421955,52.861852,-0.505,0
2023-12-08T10:31:32.144000,2.412493,52.80489,-0.513,0
2023-12-08T10:31:33.088000,2.403045,52.747928,-0.495,0
2023-12-08T10:31:34.031000,2.393611,52.690965,-0.491,0
2023-12-08T10:31:34.975000,2.384191,52.634001,-0.471,0
2023-12-08T10:31:35.918000,2.374786,52.577036,-0.451,0
2023-12-08T10:31:36.862000,2.365394,52.52007,-0.402,0
2023-12-08T10:31:37.805000,2.356017,52.463103,-0.376,0
2023-12-08T10:31:38.749000,2.346654,52.406136,-0.329,0
2023-12-08T10:31:39.692000,2.337305,52.349167,-0.304,0
2023-12-08T10:31:40.635000,2.327969,52.292198,-0.272,0
2023-12-08T10:31:41.579000,2.318648,52.235228,-0.224,0
2023-12-08T10:31:42.522000,2.30934,52.178257,-0.164,0
2023-12-08T10:31:43.466000,2.300046,52.121285,-0.109,0
2023-12-08T10:31:44.409000,2.290765,52.064312,-0.049,0
2023-12-08T10:31:45.353000,2.281498,52.007338,-0.025,0
2023-12-08T10:31:46.296000,2.272244,51.950363,0.026,0
2023-12-08T10:31:47.239000,2.263004,51.893388,0.114,0
2023-12-08T10:31:48.183000,2.253778,51.836412,0.14,0
2023-12-08T10:31:49.126000,2.244564,51.779435,0.2,0
2023-12-08T10:31:50.070000,2.235364,51.722456,0.247,0
2023-12-08T10:31:51.013000,2.226177,51.665477,0.275,0
2023-12-08T10:31:51.957000,2.217003,51.608498,0.334,0
2023-12-08T10:31:52.900000,2.207842,51.551517,0.368,0
2023-12-08T10:31:53.844000,2.198694,51.494535,0.397,0
2023-12-08T10:31:54.787000,2.18956,51.437553,0.479,0
2023-12-08T10:31:55.730000,2.180438,51.38057,0.499,0
2023-12-08T10:31:56.674000,2.171328,51.323586,0.557,0
2023-12-08T10:31:57.617000,2.162232,51.2666,0.619,0
2023-12-08T10:31:58.561000,2.153148,51.209615,0.696,0
2023-12-08T10:31:59.504000,2.144077,51.152628,0.73,1
2023-12-08T10:32:00.448000,2.135019,51.09564,0.746,1
2023-12-08T21:45:59.931000,8.006854,53.822218,0.506,1
2023-12-08T21:46:00.875000,7.997127,53.879129,0.443,1
2023-12-08T21:46:01.818000,7.987383,53.936039,0.458,0
2023-12-08T21:46:02.761000,7.977624,53.992949,0.443,0
2023-12-08T21:46:03.705000,7.967849,54.049857,0.445,1
2023-12-08T21:46:04.648000,7.958058,54.106765,0.434,1
2023-12-08T21:46:07.479000,7.928589,54.277483,0.483,1
2023-12-08T21:46:08.422000,7.918733,54.334387,0.495,0
2023-12-08T21:46:09.366000,7.908862,54.391291,0.514,0
2023-12-08T21:46:10.309000,7.898973,54.448193,0.531,0
2023-12-08T21:46:11.252000,7.889069,54.505095,0.554,0
2023-12-08T21:46:12.196000,7.879147,54.561996,0.553,0
2023-12-08T21:46:13.139000,7.869209,54.618896,0.551,0
2023-12-08T21:46:14.083000,7.859254,54.675795,0.546,0
2023-12-08T21:46:15.026000,7.849283,54.732693,0.501,0
2023-12-08T21:46:15.970000,7.839294,54.789591,0.499,0
2023-12-08T21:46:16.913000,7.829289,54.846487,0.497,0
2023-12-08T21:46:17.856000,7.819266,54.903383,0.485,0
2023-12-08T21:46:18.800000,7.809227,54.960277,0.481,0
2023-12-08T21:46:19.743000,7.79917,55.017171,0.472,0
2023-12-08T21:46:20.687000,7.789095,55.074064,0.475,0
2023-12-08T21:46:21.630000,7.779004,55.130957,0.459,0
2023-12-08T21:46:22.574000,7.768895,55.187848,0.461,0
2023-12-08T21:46:23.517000,7.758768,55.244738,0.443,0
2023-12-08T21:46:24.460000,7.748623,55.301628,0.442,0
2023-12-08T21:46:25.404000,7.738461,55.358516,0.447,0
2023-12-08T21:46:26.347000,7.728281,55.415404,0.478,0
2023-12-08T21:46:27.291000,7.718083,55.472291,0.466,0
2023-12-08T21:46:28.234000,7.707867,55.529177,0.434,0
2023-12-08T21:46:29.178000,7.697633,55.586062,0.348,0
2023-12-08T21:46:30.121000,7.687381,55.642946,0.336,0
2023-12-08T21:46:31.065000,7.67711,55.69983,0.298,0
2023-12-08T21:46:32.008000,7.666821,55.756712,0.26,0
2023-12-08T21:46:32.951000,7.656513,55.813594,0.246,0
2023-12-08T21:46:33.895000,7.646187,55.870474,0.239,0
2023-12-08T21:46:34.838000,7.635842,55.927354,0.202,0
2023-12-08T21:46:35.782000,7.625479,55.984233,0.206,0
2023-12-10T10:28:46.020000,1.953391,55.982303,0.097,0
2023-12-10T10:28:46.964000,1.943023,55.925387,0.052,0
2023-12-10T10:28:47.907000,1.932673,55.868471,0.044,0
2023-12-10T10:28:48.851000,1.922343,55.811553,0.01,0
2023-12-10T10:28:49.794000,1.912031,55.754634,0.021,0
2023-12-10T10:28:50.738000,1.901738,55.697714,-0.035,0
2023-12-10T10:28:51.681000,1.891463,55.640794,-0.057,0
2023-12-10T10:28:52.625000,1.881206,55.583872,-0.083,0
2023-12-10T10:28:53.568000,1.870967,55.52695,-0.135,0
2023-12-10T10:28:54.511000,1.860747,55.470027,-0.157,0
2023-12-10T10:28:55.455000,1.850545,55.413102,-0.17,0
2023-12-10T10:28:56.398000,1.84036,55.356177,-0.203,0
2023-12-10T10:28:57.342000,1.830194,55.299251,-0.215,0
2023-12-10T10:28:58.285000,1.820045,55.242324,-0.249,0
2023-12-10T10:28:59.229000,1.809914,55.185396,-0.289,0
2023-12-10T10:29:00.172000,1.799801,55.128467,-0.304,0
2023-12-10T10:29:01.115000,1.789705,55.071537,-0.33,0
2023-12-10T10:29:02.059000,1.779627,55.014606,-0.363,0
2023-12-10T10:29:03.002000,1.769565,54.957674,-0.392,0
2023-12-10T10:29:03.946000,1.759521,54.900742,-0.449,0
2023-12-10T10:29:04.889000,1.749495,54.843808,-0.474,0
2023-12-10T10:29:05.833000,1.739485,54.786874,-0.502,0
2023-12-10T10:29:06.776000,1.729493,54.729938,-0.532,0
2023-12-10T10:29:07.720000,1.719517,54.673002,-0.589,0
2023-12-10T10:29:08.663000,1.709558,54.616065,-0.613,0
2023-12-10T10:29:09.606000,1.699616,54.559126,-0.656,0
2023-12-10T10:29:10.550000,1.689691,54.502187,-0.664,0
2023-12-10T10:29:11.493000,1.679782,54.445247,-0.708,0
2023-12-10T10:29:12.437000,1.669889,54.388306,-0.754,0
2023-12-10T10:29:13.380000,1.660014,54.331364,-0.761,0
2023-12-10T10:29:14.324000,1.650154,54.274422,-0.769,0
2023-12-10T10:29:15.267000,1.640311,54.217478,-0.797,0
2023-12-10T10:29:16.210000,1.630484,54.160533,-0.83,0
2023-12-10T10:29:17.154000,1.620673,54.103588,-0.854,0
2023-12-10T10:29:18.097000,1.610878,54.046641,-0.875,0
2023-12-10T10:29:19.041000,1.601099,53.989694,-0.888,0
2023-12-10T10:29:19.984000,1.591336,53.932746,-0.904,0
2023-12-10T10:29:20.928000,1.581589,53.875797,-0.932,0
2023-12-10T10:29:21.871000,1.571857,53.818847,-0.951,0
2023-12-10T10:29:22.815000,1.562141,53.761896,-0.963,0
2023-12-10T10:29:23.758000,1.552441,53.704944,-0.992,0
2023-12-10T10:29:24.701000,1.542756,53.647991,-1.036,0
2023-12-10T10:29:25.645000,1.533087,53.591038,-1.057,0
2023-12-10T10:29:26.588000,1.523433,53.534083,-1.058,0
2023-12-10T10:29:27.532000,1.513794,53.477128,-1.074,0
2023-12-10T10:29:28.475000,1.504171,53.420171,-1.087,0
2023-12-10T10:29:29.419000,1.494563,53.363214,-1.127,0
2023-12-10T10:29:30.362000,1.484969,53.306256,-1.113,0
2023-12-10T10:29:31.305000,1.475391,53.249297,-1.058,0
2023-12-10T10:29:32.249000,1.465828,53.192337,-1.099,0
2023-12-10T10:29:33.192000,1.456279,53.135376,-1.114,0
2023-12-10T10:29:34.136000,1.446746,53.078415,-1.153,0
2023-12-10T10:29:35.079000,1.437227,53.021452,-1.141,1
2023-12-10T10:29:36.023000,1.427723,52.964489,-1.162,1
2023-12-10T10:29:56.778000,1.222201,51.711069,1.723,1
2023-12-10T10:29:57.722000,1.213016,51.654085,1.793,0
2023-12-10T10:29:58.665000,1.203844,51.597101,1.86,0
2023-12-10T10:29:59.609000,1.194685,51.540115,1.934,0
2023-12-10T10:30:00.552000,1.185539,51.483129,2.002,1
2023-12-10T10:30:01.495000,1.176405,51.426142,2.024,1
2023-12-10T10:30:09.043000,1.103798,50.970213,2.238,1
2023-12-10T10:30:09.986000,1.094779,50.913218,2.272,1
2023-12-10T10:30:10.930000,1.085772,50.856223,2.312,1
2023-12-10T10:30:11.873000,1.076777,50.799226,2.348,1
2023-12-10T10:30:12.817000,1.067795,50.742229,2.305,0
2023-12-10T10:30:13.760000,1.058824,50.68523,2.344,0
2023-12-10T10:30:14.704000,1.049866,50.628231,2.349,0
2023-12-10T10:30:15.647000,1.04092,50.571231,2.332,0
2023-12-10T10:30:16.590000,1.031986,50.51423,2.312,0
2023-12-10T10:30:17.534000,1.023064,50.457228,2.315,0
2023-12-10T10:30:18.477000,1.014154,50.400226,2.279,0
2023-12-10T10:30:19.421000,1.005256,50.343222,2.241,0
2023-12-10T10:30:20.364000,0.99637,50.286218,2.213,0
2023-12-10T10:30:21.308000,0.987495,50.229213,2.2,0
2023-12-10T10:30:22.251000,0.978633,50.172207,2.22,0
2023-12-10T10:30:23.194000,0.969782,50.1152,2.186,0
2023-12-10T10:30:24.138000,0.960942,50.058192,2.151,0
2023-12-10T10:30:25.081000,0.952114,50.001184,2.115,1
2023-12-10T21:44:06.640000,6.993681,53.829726,0.902,0
2023-12-10T21:44:07.583000,6.983951,53.886638,0.732,0
2023-12-10T21:44:08.526000,6.974205,53.94355,0.878,0
2023-12-10T21:44:09.470000,6.964444,54.000461,0.778,0
2023-12-10T21:44:10.413000,6.954666,54.057371,0.799,0
2023-12-10T21:44:11.357000,6.944873,54.114281,0.858,0
2023-12-10T21:44:12.300000,6.935063,54.171189,0.822,0
2023-12-10T21:44:13.244000,6.925238,54.228097,0.717,0
2023-12-10T21:44:14.187000,6.915396,54.285004,0.756,0
2023-12-10T21:44:15.131000,6.905538,54.341909,0.801,0
2023-12-10T21:44:16.074000,6.895663,54.398815,0.655,0
2023-12-10T21:44:17.017000,6.885773,54.455719,0.653,0
2023-12-10T21:44:17.961000,6.875865,54.512622,0.71,0
2023-12-10T21:44:18.904000,6.865941,54.569524,0.675,0
2023-12-10T21:44:19.848000,6.856001,54.626426,0.7,0
2023-12-10T21:44:20.791000,6.846043,54.683327,0.621,0
2023-12-10T21:44:21.735000,6.836069,54.740227,0.579,0
2023-12-10T21:44:22.678000,6.826078,54.797126,0.65,0
2023-12-10T21:44:23.621000,6.81607,54.854024,0.561,0
2023-12-10T21:44:24.565000,6.806045,54.910921,0.603,0
2023-12-10T21:44:25.508000,6.796002,54.967818,0.566,0
2023-12-10T21:44:26.452000,6.785943,55.024713,0.532,0
2023-12-10T21:44:27.395000,6.775866,55.081608,0.517,0
2023-12-10T21:44:28.339000,6.765771,55.138501,0.548,0
2023-12-10T21:44:29.282000,6.75566,55.195394,0.587,0
2023-12-10T21:44:30.226000,6.74553,55.252287,0.549,0
2023-12-10T21:44:31.169000,6.735383,55.309178,0.548,0
2023-12-10T21:44:32.112000,6.725218,55.366068,0.481,0
2023-12-10T21:44:33.056000,6.715035,55.422957,0.452,0
2023-12-10T21:44:33.999000,6.704834,55.479846,0.504,0
2023-12-10T21:44:34.943000,6.694615,55.536734,0.504,0
2023-12-10T21:44:35.886000,6.684378,55.593621,0.314,0
2023-12-10T21:44:36.830000,6.674123,55.650506,0.383,0
2023-12-10T21:44:37.773000,6.66385,55.707391,0.385,0
2023-12-10T21:44:38.716000,6.653558,55.764275,0.388,0
2023-12-10T21:44:39.660000,6.643247,55.821159,0.342,0
2023-12-10T21:44:40.603000,6.632918,55.878041,0.164,0
2023-12-10T21:44:41.547000,6.622571,55.934923,0.303,0
2023-12-12T10:26:52.729000,0.938768,55.968347,-0.273,0
2023-12-12T10:26:53.672000,0.928405,55.911426,-0.33,0
2023-12-12T10:26:54.616000,0.918061,55.854505,-0.367,0
2023-12-12T10:26:55.559000,0.907735,55.797582,-0.375,0
2023-12-12T10:26:56.503000,0.897428,55.740659,-0.425,0
2023-12-12T10:26:57.446000,0.88714,55.683734,-0.499,0
2023-12-12T10:26:58.390000,0.87687,55.626809,-0.533,0
2023-12-12T10:26:59.333000,0.866618,55.569882,-0.563,0
2023-12-12T10:27:00.276000,0.856385,55.512955,-0.578,0
2023-12-12T10:27:01.220000,0.846169,55.456027,-0.65,0
2023-12-12T10:27:02.163000,0.835972,55.399097,-0.674,0
2023-12-12T10:27:03.107000,0.825792,55.342167,-0.727,0
2023-12-12T10:27:04.050000,0.815631,55.285236,-0.754,0
2023-12-12T10:27:04.994000,0.805487,55.228304,-0.773,0
2023-12-12T10:27:05.937000,0.795361,55.171371,-0.823,0
2023-12-12T10:27:06.881000,0.785252,55.114437,-0.862,0
2023-12-12T10:27:07.824000,0.775161,55.057503,-0.909,0
2023-12-12T10:27:08.767000,0.765087,55.000567,-0.932,0
2023-12-12T10:27:09.711000,0.755031,54.94363,-0.974,0
2023-12-12T10:27:10.654000,0.744992,54.886693,-1.012,0
2023-12-12T10:27:11.598000,0.73497,54.829754,-1.06,0
2023-12-12T10:27:12.541000,0.724965,54.772815,-1.108,0
2023-12-12T10:27:13.485000,0.714977,54.715875,-1.103,0
2023-12-12T10:27:14.428000,0.705006,54.658933,-1.186,0
2023-12-12T10:27:15.371000,0.695052,54.601991,-1.24,0
2023-12-12T10:27:16.315000,0.685114,54.545048,-1.268,0
2023-12-12T10:27:17.258000,0.675194,54.488104,-1.295,0
2023-12-12T10:27:18.202000,0.665289,54.431159,-1.335,0
2023-12-12T10:27:19.145000,0.655401,54.374213,-1.362,0
2023-12-12T10:27:20.089000,0.64553,54.317267,-1.43,0
2023-12-12T10:27:21.032000,0.635675,54.260319,-1.454,0
2023-12-12T10:27:21.975000,0.625836,54.20337,-1.482,0
2023-12-12T10:27:22.919000,0.616014,54.146421,-1.564,0
2023-12-12T10:27:23.862000,0.606207,54.08947,-1.639,0
2023-12-12T10:27:24.806000,0.596417,54.032519,-1.705,0
2023-12-12T10:27:25.749000,0.586642,53.975567,-1.74,0
2023-12-12T10:27:26.693000,0.576884,53.918614,-1.766,0
2023-12-12T10:27:27.636000,0.567141,53.86166,-1.8,0
2023-12-12T10:27:28.580000,0.557414,53.804705,-1.894,0
2023-12-12T10:27:29.523000,0.547702,53.747749,-1.935,0
2023-12-12T10:27:30.466000,0.538006,53.690793,-1.955,0
2023-12-12T10:27:31.410000,0.528326,53.633835,-2.019,0
2023-12-12T10:27:32.353000,0.518661,53.576876,-1.99,0
2023-12-12T10:27:33.297000,0.509011,53.519917,-1.979,0
2023-12-12T10:27:34.240000,0.499377,53.462957,-1.959,0
2023-12-12T10:27:35.184000,0.489757,53.405996,-1.858,0
2023-12-12T10:27:37.070000,0.470564,53.29207,-1.917,1
2023-12-12T10:27:38.014000,0.46099,53.235107,-1.983,1
2023-12-12T10:28:19.525000,0.053561,50.727825,3.115,1
2023-12-12T10:28:20.469000,0.044595,50.670822,3.069,1
2023-12-12T10:28:21.412000,0.03564,50.613818,3.06,0
2023-12-12T10:28:22.355000,0.026697,50.556813,3.041,0
2023-12-12T10:28:23.299000,0.017767,50.499807,3.006,0
2023-12-12T10:28:24.242000,0.008849,50.442801,3.038,0
2023-12-12T10:28:25.186000,-5.8e-05,50.385793,2.974,0
2023-12-12T10:28:26.129000,-0.008953,50.328785,2.963,0
2023-12-12T10:28:27.073000,-0.017836,50.271776,2.951,0
2023-12-12T10:28:28.016000,-0.026707,50.214766,2.919,0
2023-12-12T10:28:28.960000,-0.035566,50.157755,2.917,0
2023-12-12T10:28:29.903000,-0.044414,50.100744,2.923,0
2023-12-12T10:28:30.846000,-0.05325,50.043731,2.884,0
2023-12-12T10:28:31.790000,-0.062075,49.986718,2.822,0
2023-12-12T10:28:32.733000,-0.070888,49.929703,2.801,0
2023-12-12T10:28:33.677000,-0.079689,49.872688,2.781,0
2023-12-12T10:28:34.620000,-0.08848,49.815673,2.77,0
2023-12-12T10:28:35.564000,-0.097258,49.758656,2.755,0
2023-12-12T10:28:36.507000,-0.106026,49.701638,2.749,0
2023-12-12T21:42:08.631000,6.029197,53.555182,0.742,1
2023-12-12T21:42:09.574000,6.019544,53.612101,0.753,0
2023-12-12T21:42:10.518000,6.009874,53.669019,0.742,0
2023-12-12T21:42:11.461000,6.000189,53.725937,0.72,0
2023-12-12T21:42:12.405000,5.990489,53.782853,0.693,0
2023-12-12T21:42:13.348000,5.980773,53.839769,0.673,0
2023-12-12T21:42:14.292000,5.971042,53.896684,0.636,0
2023-12-12T21:42:15.235000,5.961294,53.953598,0.622,0
2023-12-12T21:42:16.178000,5.951531,54.010511,0.583,0
2023-12-12T21:42:17.122000,5.941752,54.067423,0.526,0
2023-12-12T21:42:18.065000,5.931957,54.124335,0.519,0
2023-12-12T21:42:19.009000,5.922146,54.181245,0.501,0
2023-12-12T21:42:19.952000,5.912319,54.238155,0.511,0
2023-12-12T21:42:20.896000,5.902475,54.295064,0.437,0
2023-12-12T21:42:21.839000,5.892615,54.351972,0.444,0
2023-12-12T21:42:22.782000,5.882739,54.408879,0.439,0
2023-12-12T21:42:23.726000,5.872847,54.465786,0.378,0
2023-12-12T21:42:24.669000,5.862938,54.522691,0.418,0
2023-12-12T21:42:25.613000,5.853012,54.579596,0.396,0
2023-12-12T21:42:26.556000,5.84307,54.6365,0.353,0
2023-12-12T21:42:27.500000,5.833111,54.693402,0.346,0
2023-12-12T21:42:28.443000,5.823135,54.750305,0.31,0
2023-12-12T21:42:29.387000,5.813142,54.807206,0.297,0
2023-12-12T21:42:30.330000,5.803132,54.864106,0.231,0
2023-12-12T21:42:31.273000,5.793105,54.921006,0.255,0
2023-12-12T21:42:32.217000,5.783061,54.977904,0.219,0
2023-12-12T21:42:33.160000,5.773,55.034802,0.194,0
2023-12-12T21:42:34.104000,5.762921,55.091699,0.164,0
2023-12-12T21:42:35.047000,5.752825,55.148595,0.199,0
2023-12-12T21:42:35.991000,5.742711,55.20549,0.142,0
2023-12-12T21:42:36.934000,5.732579,55.262384,0.158,0
2023-12-12T21:42:37.877000,5.72243,55.319278,0.114,0
2023-12-12T21:42:38.821000,5.712264,55.37617,0.069,0
2023-12-12T21:42:39.764000,5.702079,55.433062,0.096,0
2023-12-12T21:42:40.708000,5.691876,55.489953,0.083,0
2023-12-12T21:42:41.651000,5.681655,55.546843,0.065,0
2023-12-12T21:42:42.595000,5.671416,55.603732,0.032,0
2023-12-12T21:42:43.538000,5.661159,55.66062,0.063,0
2023-12-12T21:42:44.482000,5.650884,55.717507,0.06,0
2023-12-12T21:42:45.425000,5.64059,55.774393,0.046,0
2023-12-12T21:42:46.368000,5.630278,55.831279,0.035,0
2023-12-12T21:42:47.312000,5.619947,55.888164,0.052,0
2023-12-12T21:42:48.255000,5.609597,55.945047,0.056,0
2023-12-14T10:24:59.437000,-0.077474,55.950509,-0.883,0
2023-12-14T10:25:00.381000,-0.087829,55.893584,-0.924,0
2023-12-14T10:25:01.324000,-0.098165,55.836657,-0.924,0
2023-12-14T10:25:02.268000,-0.108483,55.77973,-0.996,0
2023-12-14T10:25:03.211000,-0.118782,55.722801,-1.041,0
2023-12-14T10:25:04.155000,-0.129062,55.665872,-1.075,0
2023-12-14T10:25:05.098000,-0.139325,55.608941,-1.084,0
2023-12-14T10:25:06.041000,-0.149569,55.55201,-1.153,0
2023-12-14T10:25:06.985000,-0.159794,55.495078,-1.158,0
2023-12-14T10:25:07.928000,-0.170002,55.438144,-1.24,0
2023-12-14T10:25:08.872000,-0.180192,55.38121,-1.284,0
2023-12-14T10:25:09.815000,-0.190364,55.324275,-1.308,0
2023-12-14T10:25:10.759000,-0.200518,55.267339,-1.343,0
2023-12-14T10:25:11.702000,-0.210654,55.210402,-1.419,0
2023-12-14T10:25:12.646000,-0.220772,55.153464,-1.459,0
2023-12-14T10:25:13.589000,-0.230874,55.096526,-1.482,0
2023-12-14T10:25:14.532000,-0.240957,55.039586,-1.538,0
2023-12-14T10:25:15.476000,-0.251024,54.982645,-1.61,0
2023-12-14T10:25:16.419000,-0.261072,54.925704,-1.633,0
2023-12-14T10:25:17.363000,-0.271104,54.868761,-1.673,0
2023-12-14T10:25:18.306000,-0.281119,54.811818,-1.713,0
2023-12-14T10:25:19.250000,-0.291117,54.754874,-1.751,0
2023-12-14T10:25:20.193000,-0.301097,54.697928,-1.829,0
2023-12-14T10:25:21.136000,-0.311061,54.640982,-1.867,0
2023-12-14T10:25:22.080000,-0.321008,54.584035,-1.908,0
2023-12-14T10:25:23.023000,-0.330938,54.527087,-1.943,0
2023-12-14T10:25:23.967000,-0.340852,54.470138,-1.971,1
2023-12-14T10:25:24.910000,-0.350749,54.413189,-2.019,1
2023-12-14T10:26:26.234000,-0.962068,50.70954,1.432,1
2023-12-14T10:26:27.177000,-0.97103,50.652532,1.378,1
2023-12-14T10:26:28.121000,-0.979979,50.595523,1.383,1
2023-12-14T10:26:29.064000,-0.988916,50.538513,1.392,0
2023-12-14T10:26:30.007000,-0.997841,50.481503,1.4,0
2023-12-14T10:26:30.951000,-1.006754,50.424492,1.4,0
2023-12-14T10:26:31.894000,-1.015655,50.367479,1.431,0
2023-12-14T10:26:32.838000,-1.024544,50.310466,1.477,0
2023-12-14T10:26:33.781000,-1.033422,50.253452,1.553,0
2023-12-14T10:26:34.725000,-1.042288,50.196438,1.59,0
2023-12-14T10:26:35.668000,-1.051141,50.139422,1.651,0
2023-12-14T10:26:36.611000,-1.059984,50.082406,1.699,0
2023-12-14T10:26:37.555000,-1.068815,50.025389,1.748,0
2023-12-14T10:26:38.498000,-1.077634,49.96837,1.777,0
2023-12-14T10:26:39.442000,-1.086442,49.911351,1.833,0
2023-12-14T10:26:40.385000,-1.095238,49.854332,1.885,0
2023-12-14T10:26:41.329000,-1.104023,49.797311,1.939,0
2023-12-14T10:26:42.272000,-1.112797,49.74029,1.994,1
2023-12-14T21:40:06.848000,5.102154,53.057109,0.999,1
2023-12-14T21:40:07.792000,5.092633,53.114038,1.011,1
2023-12-14T21:40:12.509000,5.044809,53.398672,0.838,1
2023-12-14T21:40:13.453000,5.035199,53.455596,0.804,1
2023-12-14T21:40:14.396000,5.025574,53.512519,0.795,0
2023-12-14T21:40:15.339000,5.015934,53.569442,0.769,0
2023-12-14T21:40:16.283000,5.006278,53.626363,0.755,0
2023-12-14T21:40:17.226000,4.996608,53.683284,0.75,0
2023-12-14T21:40:18.170000,4.986921,53.740204,0.74,0
2023-12-14T21:40:19.113000,4.977219,53.797123,0.727,0
2023-12-14T21:40:20.057000,4.967502,53.854041,0.719,0
2023-12-14T21:40:21.000000,4.957768,53.910959,0.691,0
2023-12-14T21:40:21.943000,4.948019,53.967875,0.666,0
2023-12-14T21:40:22.887000,4.938255,54.024791,0.622,0
2023-12-14T21:40:23.830000,4.928474,54.081706,0.619,0
2023-12-14T21:40:24.774000,4.918677,54.13862,0.574,0
2023-12-14T21:40:25.717000,4.908864,54.195533,0.542,0
2023-12-14T21:40:26.661000,4.899035,54.252446,0.525,0
2023-12-14T21:40:27.604000,4.88919,54.309357,0.507,0
2023-12-14T21:40:28.548000,4.879329,54.366268,0.509,0
2023-12-14T21:40:29.491000,4.869451,54.423178,0.482,0
2023-12-14T21:40:30.434000,4.859557,54.480087,0.45,0
2023-12-14T21:40:31.378000,4.849646,54.536995,0.44,0
2023-12-14T21:40:32.321000,4.839718,54.593902,0.411,0
2023-12-14T21:40:33.265000,4.829774,54.650809,0.397,0
2023-12-14T21:40:34.208000,4.819813,54.707714,0.364,0
2023-12-14T21:40:35.152000,4.809836,54.764619,0.344,0
2023-12-14T21:40:36.095000,4.799841,54.821523,0.313,0
2023-12-14T21:40:37.038000,4.789829,54.878426,0.297,0
2023-12-14T21:40:37.982000,4.7798,54.935328,0.304,0
2023-12-14T21:40:38.925000,4.769754,54.992229,0.248,0
2023-12-14T21:40:39.869000,4.759691,55.04913,0.253,0
2023-12-14T21:40:40.812000,4.74961,55.106029,0.224,0
2023-12-14T21:40:41.756000,4.739512,55.162928,0.222,0
2023-12-14T21:40:42.699000,4.729396,55.219826,0.177,0
2023-12-14T21:40:43.643000,4.719263,55.276723,0.187,0
2023-12-14T21:40:44.586000,4.709111,55.333619,0.167,0
2023-12-14T21:40:45.529000,4.698943,55.390514,0.151,0
2023-12-14T21:40:46.473000,4.688756,55.447408,0.142,0
2023-12-14T21:40:47.416000,4.678551,55.504302,0.113,0
2023-12-14T21:40:48.360000,4.668328,55.561195,0.091,0
2023-12-14T21:40:49.303000,4.658087,55.618086,0.083,0
2023-12-14T21:40:50.247000,4.647828,55.674977,0.039,0
2023-12-14T21:40:51.190000,4.63755,55.731867,0.018,0
2023-12-14T21:40:52.133000,4.627254,55.788756,0.018,0
2023-12-14T21:40:53.077000,4.61694,55.845645,-0.0,0
2023-12-14T21:40:54.020000,4.606606,55.902532,-0.028,0
2023-12-14T21:40:54.964000,4.596254,55.959418,-0.043,0
2023-12-16T10:23:05.202000,-1.084419,55.983228,-1.075,0
2023-12-16T10:23:06.146000,-1.094783,55.926298,-1.09,0
2023-12-16T10:23:07.089000,-1.105128,55.869368,-1.123,0
2023-12-16T10:23:08.033000,-1.115454,55.812436,-1.106,0
2023-12-16T10:23:08.976000,-1.125762,55.755504,-1.108,0
2023-12-16T10:23:09.920000,-1.136051,55.69857,-1.137,0
2023-12-16T10:23:10.863000,-1.146322,55.641636,-1.148,0
2023-12-16T10:23:11.807000,-1.156574,55.584701,-1.184,0
2023-12-16T10:23:12.750000,-1.166808,55.527765,-1.186,0
2023-12-16T10:23:13.693000,-1.177025,55.470828,-1.195,0
2023-12-16T10:23:14.637000,-1.187223,55.413889,-1.172,0
2023-12-16T10:23:15.580000,-1.197403,55.356951,-1.135,0
2023-12-16T10:23:16.524000,-1.207565,55.300011,-1.163,0
2023-12-16T10:23:17.467000,-1.21771,55.24307,-1.164,0
2023-12-16T10:23:18.411000,-1.227836,55.186128,-1.156,0
2023-12-16T10:23:19.354000,-1.237946,55.129185,-1.141,0
2023-12-16T10:23:20.297000,-1.248037,55.072242,-1.165,1
2023-12-16T10:23:21.241000,-1.258112,55.015297,-1.134,1
2023-12-16T10:23:22.184000,-1.268169,54.958352,-1.154,1
2023-12-16T10:24:35.772000,-2.005444,50.513853,0.688,1
2023-12-16T10:24:36.716000,-2.014362,50.456837,0.807,1
2023-12-16T10:24:37.659000,-2.023269,50.399821,0.911,0
2023-12-16T10:24:38.603000,-2.032163,50.342805,0.983,0
2023-12-16T10:24:39.546000,-2.041046,50.285787,1.108,0
2023-12-16T10:24:40.490000,-2.049917,50.228769,1.217,0
2023-12-16T10:24:41.433000,-2.058776,50.171749,1.289,0
2023-12-16T10:24:42.376000,-2.067623,50.114729,1.39,0
2023-12-16T10:24:43.320000,-2.076459,50.057708,1.513,0
2023-12-16T10:24:44.263000,-2.085284,50.000686,1.588,0
2023-12-16T10:24:45.207000,-2.094096,49.943663,1.678,0
2023-12-16T10:24:46.150000,-2.102898,49.88664,1.78,0
2023-12-16T10:24:47.094000,-2.111687,49.829615,1.878,1
2023-12-16T10:24:48.037000,-2.120466,49.77259,1.952,1
2023-12-16T21:37:58.462000,4.238115,52.166688,0.118,1
2023-12-16T21:37:59.405000,4.228818,52.223633,0.109,1
2023-12-16T21:38:00.349000,4.219507,52.280577,0.161,1
2023-12-16T21:38:01.292000,4.210183,52.33752,0.254,0
2023-12-16T21:38:02.236000,4.200844,52.394463,0.3,0
2023-12-16T21:38:03.179000,4.191492,52.451405,0.399,0
2023-12-16T21:38:04.123000,4.182126,52.508346,0.462,0
2023-12-16T21:38:05.066000,4.172746,52.565286,0.526,0
2023-12-16T21:38:06.009000,4.163352,52.622225,0.598,0
2023-12-16T21:38:06.953000,4.153944,52.679164,0.668,0
2023-12-16T21:38:07.896000,4.144521,52.736102,0.697,0
2023-12-16T21:38:08.840000,4.135084,52.793039,0.735,0
2023-12-16T21:38:09.783000,4.125633,52.849975,0.764,0
2023-12-16T21:38:10.727000,4.116167,52.90691,0.817,0
2023-12-16T21:38:11.670000,4.106687,52.963845,0.874,0
2023-12-16T21:38:12.614000,4.097192,53.020778,0.962,0
2023-12-16T21:38:13.557000,4.087683,53.077711,0.993,0
2023-12-16T21:38:14.500000,4.078159,53.134643,0.996,0
2023-12-16T21:38:15.444000,4.06862,53.191574,1.03,0
2023-12-16T21:38:16.387000,4.059067,53.248505,1.069,0
2023-12-16T21:38:17.331000,4.049498,53.305434,1.057,0
2023-12-16T21:38:18.274000,4.039915,53.362363,1.108,0
2023-12-16T21:38:19.218000,4.030316,53.419291,1.11,0
2023-12-16T21:38:20.161000,4.020702,53.476218,1.153,0
2023-12-16T21:38:21.104000,4.011073,53.533144,1.146,0
2023-12-16T21:38:22.048000,4.001429,53.590069,1.123,0
2023-12-16T21:38:22.991000,3.99177,53.646994,1.124,0
2023-12-16T21:38:23.935000,3.982095,53.703918,1.077,0
2023-12-16T21:38:24.878000,3.972404,53.76084,1.082,0
2023-12-16T21:38:25.822000,3.962699,53.817762,1.062,0
2023-12-16T21:38:26.765000,3.952977,53.874684,1.04,0
2023-12-16T21:38:27.708000,3.94324,53.931604,1.033,0
2023-12-16T21:38:28.652000,3.933487,53.988523,0.998,0
2023-12-16T21:38:29.595000,3.923718,54.045442,0.976,0
2023-12-16T21:38:30.539000,3.913933,54.10236,0.945,0
2023-12-16T21:38:31.482000,3.904132,54.159277,0.916,0
2023-12-16T21:38:32.426000,3.894315,54.216193,0.914,0
2023-12-16T21:38:33.369000,3.884482,54.273108,0.901,0
2023-12-16T21:38:34.313000,3.874633,54.330023,0.891,0
2023-12-16T21:38:35.256000,3.864767,54.386937,0.86,0
2023-12-16T21:38:36.199000,3.854885,54.443849,0.816,0
2023-12-16T21:38:37.143000,3.844987,54.500761,0.802,0
2023-12-16T21:38:38.086000,3.835071,54.557672,0.768,0
2023-12-16T21:38:39.030000,3.82514,54.614583,0.736,0
2023-12-16T21:38:39.973000,3.815191,54.671492,0.732,0
2023-12-16T21:38:40.917000,3.805226,54.7284,0.718,0
2023-12-16T21:38:41.860000,3.795244,54.785308,0.679,0
2023-12-16T21:38:42.803000,3.785245,54.842215,0.63,0
2023-12-16T21:38:43.747000,3.775228,54.899121,0.652,0
2023-12-16T21:38:44.690000,3.765195,54.956026,0.635,0
2023-12-16T21:38:45.634000,3.755144,55.01293,0.605,0
2023-12-16T21:38:46.577000,3.745076,55.069834,0.568,0
2023-12-16T21:38:47.521000,3.734991,55.126736,0.574,0
2023-12-16T21:38:48.464000,3.724888,55.183638,0.56,0
2023-12-16T21:38:49.408000,3.714768,55.240539,0.521,0
2023-12-16T21:38:50.351000,3.70463,55.297439,0.481,0
2023-12-16T21:38:51.294000,3.694474,55.354338,0.478,0
2023-12-16T21:38:52.238000,3.684301,55.411236,0.465,0
2023-12-16T21:38:53.181000,3.674109,55.468133,0.449,0
2023-12-16T21:38:54.125000,3.6639,55.52503,0.427,0
2023-12-16T21:38:55.068000,3.653672,55.581925,0.409,0
2023-12-16T21:38:56.012000,3.643426,55.63882,0.441,0
2023-12-16T21:38:56.955000,3.633162,55.695714,0.422,0
2023-12-16T21:38:57.898000,3.62288,55.752607,0.444,0
2023-12-16T21:38:58.842000,3.612579,55.809499,0.397,0
2023-12-16T21:38:59.785000,3.602259,55.86639,0.383,0
2023-12-16T21:39:00.729000,3.591921,55.923281,0.366,0
2023-12-16T21:39:01.672000,3.581564,55.98017,0.374,0
2023-12-18T21:35:52.906000,3.3419,51.454991,-0.735,1
2023-12-18T21:35:53.849000,3.332769,51.51195,-0.709,1
2023-12-18T21:35:54.793000,3.323625,51.568908,-0.63,1
2023-12-18T21:35:55.736000,3.314468,51.625865,-0.583,1
2023-12-18T21:35:56.679000,3.305298,51.682821,-0.533,0
2023-12-18T21:35:57.623000,3.296115,51.739776,-0.469,0
2023-12-18T21:35:58.566000,3.286918,51.796731,-0.385,0
2023-12-18T21:35:59.510000,3.277709,51.853685,-0.363,0
2023-12-18T21:36:00.453000,3.268486,51.910638,-0.271,0
2023-12-18T21:36:01.397000,3.25925,51.96759,-0.258,0
2023-12-18T21:36:02.340000,3.25,52.024541,-0.176,0
2023-12-18T21:36:03.284000,3.240737,52.081492,-0.109,0
2023-12-18T21:36:04.227000,3.23146,52.138441,-0.036,0
2023-12-18T21:36:05.170000,3.22217,52.19539,0.019,0
2023-12-18T21:36:06.114000,3.212866,52.252339,0.091,0
2023-12-18T21:36:07.057000,3.203548,52.309286,0.121,0
2023-12-18T21:36:08.001000,3.194216,52.366232,0.209,0
2023-12-18T21:36:08.944000,3.184871,52.423178,0.264,0
2023-12-18T21:36:09.888000,3.175511,52.480123,0.348,0
2023-12-18T21:36:10.831000,3.166138,52.537067,0.422,0
2023-12-18T21:36:11.774000,3.156751,52.59401,0.477,0
2023-12-18T21:36:12.718000,3.147349,52.650953,0.492,0
2023-12-18T21:36:13.661000,3.137933,52.707894,0.574,0
2023-12-18T21:36:14.605000,3.128503,52.764835,0.659,0
2023-12-18T21:36:15.548000,3.119059,52.821775,0.661,0
2023-12-18T21:36:16.492000,3.1096,52.878715,0.71,0
2023-12-18T21:36:17.435000,3.100127,52.935653,0.785,0
2023-12-18T21:36:18.379000,3.090639,52.99259,0.811,0
2023-12-18T21:36:19.322000,3.081137,53.049527,0.857,0
2023-12-18T21:36:20.265000,3.07162,53.106463,0.89,0
2023-12-18T21:36:21.209000,3.062088,53.163398,0.927,0
2023-12-18T21:36:22.152000,3.052542,53.220332,0.921,0
2023-12-18T21:36:23.096000,3.042981,53.277266,0.975,0
2023-12-18T21:36:24.039000,3.033404,53.334198,1.009,0
2023-12-18T21:36:24.983000,3.023813,53.39113,1.02,0
2023-12-18T21:36:25.926000,3.014207,53.448061,1.045,0
2023-12-18T21:36:26.869000,3.004585,53.504991,1.07,0
2023-12-18T21:36:27.813000,2.994948,53.561921,1.073,0
2023-12-18T21:36:28.756000,2.985296,53.618849,1.047,0
2023-12-18T21:36:29.700000,2.975629,53.675777,1.071,0
2023-12-18T21:36:30.643000,2.965946,53.732704,1.095,0
2023-12-18T21:36:31.587000,2.956247,53.78963,1.113,0
2023-12-18T21:36:32.530000,2.946533,53.846555,1.073,0
2023-12-18T21:36:33.474000,2.936803,53.903479,1.088,0
2023-12-18T21:36:34.417000,2.927058,53.960403,1.105,0
2023-12-18T21:36:35.360000,2.917297,54.017325,1.107,0
2023-12-18T21:36:36.304000,2.907519,54.074247,1.127,0
2023-12-18T21:36:37.247000,2.897726,54.131168,1.117,0
2023-12-18T21:36:38.191000,2.887917,54.188088,1.119,0
2023-12-18T21:36:39.134000,2.878092,54.245007,1.123,0
2023-12-18T21:36:40.078000,2.86825,54.301926,1.099,0
2023-12-18T21:36:41.021000,2.858392,54.358843,1.093,0
2023-12-18T21:36:41.964000,2.848518,54.41576,1.054,0
2023-12-18T21:36:42.908000,2.838627,54.472676,1.062,0
2023-12-18T21:36:43.851000,2.82872,54.529591,1.056,0
2023-12-18T21:36:44.795000,2.818797,54.586506,1.042,0
2023-12-18T21:36:45.738000,2.808856,54.643419,1.015,0
2023-12-18T21:36:46.682000,2.798899,54.700331,0.984,0
2023-12-18T21:36:47.625000,2.788925,54.757243,0.994,0
2023-12-18T21:36:48.569000,2.778934,54.814154,0.977,0
2023-12-18T21:36:49.512000,2.768926,54.871064,0.938,0
2023-12-18T21:36:50.455000,2.758901,54.927973,0.917,0
2023-12-18T21:36:51.399000,2.748858,54.984881,0.909,0
2023-12-18T21:36:52.342000,2.738799,55.041789,0.874,0
2023-12-18T21:36:53.286000,2.728722,55.098695,0.881,0
2023-12-18T21:36:54.229000,2.718627,55.155601,0.843,0
2023-12-18T21:36:55.173000,2.708515,55.212506,0.88,0
2023-12-18T21:36:56.116000,2.698386,55.26941,0.827,0
2023-12-18T21:36:57.059000,2.688238,55.326313,0.824,0
2023-12-18T21:36:58.003000,2.678073,55.383215,0.761,0
2023-12-18T21:36:58.946000,2.66789,55.440117,0.783,0
2023-12-18T21:36:59.890000,2.65769,55.497017,0.752,0
2023-12-18T21:37:00.833000,2.647471,55.553917,0.738,0
2023-12-18T21:37:01.777000,2.637233,55.610816,0.738,0
2023-12-18T21:37:02.720000,2.626978,55.667714,0.711,0
2023-12-18T21:37:03.664000,2.616704,55.724611,0.705,0
2023-12-18T21:37:04.607000,2.606412,55.781507,0.675,0
2023-12-18T21:37:05.550000,2.596102,55.838402,0.657,0
2023-12-18T21:37:06.494000,2.585773,55.895297,0.612,0
2023-12-18T21:37:07.437000,2.575425,55.95219,0.606,0
2023-12-20T21:33:53.010000,2.388439,51.095485,0.159,1
2023-12-20T21:33:53.954000,2.379387,51.152452,0.176,1
2023-12-20T21:33:54.897000,2.370322,51.209419,0.204,0
2023-12-20T21:33:55.840000,2.361245,51.266384,0.218,0
2023-12-20T21:33:56.784000,2.352155,51.323349,0.2,0
2023-12-20T21:33:57.727000,2.343052,51.380313,0.175,0
2023-12-20T21:33:58.671000,2.333937,51.437276,0.144,0
2023-12-20T21:33:59.614000,2.324808,51.494239,0.179,0
2023-12-20T21:34:00.558000,2.315667,51.551201,0.151,0
2023-12-20T21:34:01.501000,2.306512,51.608162,0.147,0
2023-12-20T21:34:02.445000,2.297345,51.665122,0.149,0
2023-12-20T21:34:03.388000,2.288164,51.722081,0.134,0
2023-12-20T21:34:04.331000,2.27897,51.77904,0.148,0
2023-12-20T21:34:05.275000,2.269763,51.835997,0.132,0
2023-12-20T21:34:06.218000,2.260543,51.892954,0.124,0
2023-12-20T21:34:07.162000,2.251309,51.94991,0.1,0
2023-12-20T21:34:08.105000,2.242062,52.006866,0.074,0
2023-12-20T21:34:09.049000,2.232801,52.06382,0.056,0
2023-12-20T21:34:09.992000,2.223527,52.120774,0.068,0
2023-12-20T21:34:10.935000,2.21424,52.177727,-0.01,0
2023-12-20T21:34:11.879000,2.204938,52.234679,0.024,0
2023-12-20T21:34:12.822000,2.195623,52.29163,0.041,0
2023-12-20T21:34:13.766000,2.186294,52.348581,0.044,0
2023-12-20T21:34:14.709000,2.176952,52.405531,0.039,0
2023-12-20T21:34:15.653000,2.167595,52.46248,0.046,0
2023-12-20T21:34:16.596000,2.158224,52.519427,0.044,0
2023-12-20T21:34:17.540000,2.14884,52.576375,0.062,0
2023-12-20T21:34:18.483000,2.139441,52.633321,0.075,0
2023-12-20T21:34:19.426000,2.130028,52.690267,0.076,0
2023-12-20T21:34:20.370000,2.120601,52.747212,0.113,0
2023-12-20T21:34:21.313000,2.111159,52.804156,0.147,0
2023-12-20T21:34:22.257000,2.101703,52.861099,0.173,0
2023-12-20T21:34:23.200000,2.092233,52.918041,0.214,0
2023-12-20T21:34:24.144000,2.082748,52.974983,0.265,0
2023-12-20T21:34:25.087000,2.073249,53.031924,0.301,0
2023-12-20T21:34:26.030000,2.063735,53.088863,0.332,0
2023-12-20T21:34:26.974000,2.054206,53.145803,0.347,0
2023-12-20T21:34:27.917000,2.044662,53.202741,0.388,0
2023-12-20T21:34:28.861000,2.035104,53.259678,0.452,0
2023-12-20T21:34:29.804000,2.025531,53.316615,0.461,0
2023-12-20T21:34:30.748000,2.015942,53.373551,0.533,0
2023-12-20T21:34:31.691000,2.006339,53.430486,0.55,0
2023-12-20T21:34:32.635000,1.99672,53.48742,0.594,0
2023-12-20T21:34:33.578000,1.987086,53.544353,0.623,0
2023-12-20T21:34:34.521000,1.977437,53.601286,0.658,0
2023-12-20T21:34:35.465000,1.967773,53.658218,0.691,0
2023-12-20T21:34:36.408000,1.958093,53.715148,0.728,0
2023-12-20T21:34:37.352000,1.948398,53.772078,0.763,0
2023-12-20T21:34:38.295000,1.938687,53.829008,0.737,0
2023-12-20T21:34:39.239000,1.92896,53.885936,0.772,0
2023-12-20T21:34:40.182000,1.919218,53.942863,0.762,0
2023-12-20T21:34:41.125000,1.90946,53.99979,0.835,0
2023-12-20T21:34:42.069000,1.899686,54.056716,0.903,0
2023-12-20T21:34:43.012000,1.889896,54.113641,0.878,0
2023-12-20T21:34:43.956000,1.88009,54.170565,0.872,0
2023-12-20T21:34:44.899000,1.870268,54.227489,0.888,0
2023-12-20T21:34:45.843000,1.860429,54.284411,0.919,0
2023-12-20T21:34:46.786000,1.850575,54.341333,0.922,0
2023-12-20T21:34:47.730000,1.840704,54.398254,0.928,0
2023-12-20T21:34:48.673000,1.830816,54.455174,0.96,0
2023-12-20T21:34:49.616000,1.820913,54.512093,0.952,0
2023-12-20T21:34:50.560000,1.810992,54.569011,0.923,0
2023-12-20T21:34:51.503000,1.801055,54.625929,0.966,0
2023-12-20T21:34:52.447000,1.791101,54.682845,0.96,0
2023-12-20T21:34:53.390000,1.781131,54.739761,0.938,0
2023-12-20T21:34:54.334000,1.771143,54.796676,0.956,0
2023-12-20T21:34:55.277000,1.761138,54.85359,0.967,0
2023-12-20T21:34:56.220000,1.751117,54.910503,0.961,0
2023-12-20T21:34:57.164000,1.741078,54.967415,0.942,0
2023-12-20T21:34:58.107000,1.731022,55.024327,0.964,0
2023-12-20T21:34:59.051000,1.720948,55.081238,0.958,0
2023-12-20T21:34:59.994000,1.710857,55.138148,0.96,0
2023-12-20T21:35:00.938000,1.700749,55.195056,0.944,0
2023-12-20T21:35:01.881000,1.690623,55.251964,0.942,0
2023-12-20T21:35:02.825000,1.680479,55.308872,0.957,0
2023-12-20T21:35:03.768000,1.670318,55.365778,0.901,0
2023-12-20T21:35:04.711000,1.660139,55.422684,0.927,0
2023-12-20T21:35:05.655000,1.649941,55.479588,0.925,0
2023-12-20T21:35:06.598000,1.639726,55.536492,0.92,0
2023-12-20T21:35:07.542000,1.629493,55.593395,0.952,0
2023-12-20T21:35:08.485000,1.619241,55.650297,0.917,0
2023-12-20T21:35:09.429000,1.608971,55.707198,0.961,0
2023-12-20T21:35:10.372000,1.598683,55.764099,0.935,0
2023-12-20T21:35:11.315000,1.588376,55.820998,0.901,0
2023-12-20T21:35:12.259000,1.57805,55.877897,0.907,0
2023-12-20T21:35:13.202000,1.567706,55.934794,0.904,0
2023-12-21T09:29:11.846000,8.511979,54.241428,0.946,1
2023-12-21T09:29:12.790000,8.502149,54.184462,0.844,1
2023-12-21T09:29:13.733000,8.492335,54.127494,0.803,1
2023-12-21T09:29:14.676000,8.482537,54.070526,0.745,1
2023-12-21T09:29:15.620000,8.472754,54.013557,0.77,1
2023-12-21T09:29:19.394000,8.433785,53.78567,1.033,1
2023-12-22T21:31:54.058000,1.42728,50.776936,1.577,1
2023-12-22T21:31:55.001000,1.418296,50.833911,1.614,1
2023-12-22T21:31:55.945000,1.409299,50.890886,1.6,1
2023-12-22T21:31:56.888000,1.400291,50.94786,1.589,0
2023-12-22T21:31:57.832000,1.39127,51.004833,1.532,1
2023-12-22T21:31:58.775000,1.382236,51.061805,1.517,1
2023-12-22T21:32:05.379000,1.318648,51.460589,1.61,1
2023-12-22T21:32:06.323000,1.309513,51.517556,1.598,1
2023-12-22T21:32:07.266000,1.300364,51.574521,1.606,0
2023-12-22T21:32:08.210000,1.291203,51.631485,1.546,1
2023-12-22T21:32:09.153000,1.282029,51.688449,1.466,1
2023-12-22T21:32:10.096000,1.272842,51.745412,1.436,1
2023-12-22T21:32:31.796000,1.057762,53.055335,-0.621,1
2023-12-22T21:32:32.739000,1.048241,53.112278,-0.569,0
2023-12-22T21:32:33.682000,1.038704,53.169221,-0.52,0
2023-12-22T21:32:34.626000,1.029153,53.226163,-0.516,0
2023-12-22T21:32:35.569000,1.019587,53.283104,-0.484,0
2023-12-22T21:32:36.513000,1.010006,53.340044,-0.485,0
2023-12-22T21:32:37.456000,1.00041,53.396983,-0.48,0
2023-12-22T21:32:38.400000,0.990799,53.453922,-0.445,0
2023-12-22T21:32:39.343000,0.981173,53.51086,-0.418,0
2023-12-22T21:32:40.286000,0.971531,53.567797,-0.376,0
2023-12-22T21:32:41.230000,0.961874,53.624733,-0.338,0
2023-12-22T21:32:42.173000,0.952202,53.681668,-0.307,0
2023-12-22T21:32:43.117000,0.942514,53.738602,-0.261,0
2023-12-22T21:32:44.060000,0.932811,53.795536,-0.206,0
2023-12-22T21:32:45.004000,0.923092,53.852469,-0.129,0
2023-12-22T21:32:45.947000,0.913357,53.9094,-0.059,0
2023-12-22T21:32:46.890000,0.903607,53.966332,-0.013,0
2023-12-22T21:32:47.834000,0.893841,54.023262,0.044,0
2023-12-22T21:32:48.777000,0.884058,54.080191,0.071,0
2023-12-22T21:32:49.721000,0.87426,54.13712,0.105,0
2023-12-22T21:32:50.664000,0.864446,54.194047,0.167,0
2023-12-22T21:32:51.608000,0.854616,54.250974,0.227,0
2023-12-22T21:32:52.551000,0.844769,54.3079,0.221,0
2023-12-22T21:32:53.495000,0.834906,54.364826,0.277,0
2023-12-22T21:32:54.438000,0.825027,54.42175,0.334,0
2023-12-22T21:32:55.381000,0.815131,54.478674,0.342,0
2023-12-22T21:32:56.325000,0.805219,54.535596,0.387,0
2023-12-22T21:32:57.268000,0.79529,54.592518,0.399,0
2023-12-22T21:32:58.212000,0.785345,54.649439,0.451,0
2023-12-22T21:32:59.155000,0.775382,54.706359,0.506,0
2023-12-22T21:33:00.099000,0.765403,54.763279,0.51,0
2023-12-22T21:33:01.042000,0.755407,54.820197,0.534,0
2023-12-22T21:33:01.985000,0.745393,54.877115,0.582,0
2023-12-22T21:33:02.929000,0.735363,54.934032,0.607,0
2023-12-22T21:33:03.872000,0.725315,54.990947,0.604,0
2023-12-22T21:33:04.816000,0.715251,55.047863,0.605,0
2023-12-22T21:33:05.759000,0.705168,55.104777,0.635,0
2023-12-22T21:33:06.703000,0.695068,55.16169,0.678,0
2023-12-22T21:33:07.646000,0.684951,55.218603,0.686,0
2023-12-22T21:33:08.590000,0.674816,55.275514,0.726,0
2023-12-22T21:33:09.533000,0.664664,55.332425,0.701,0
2023-12-22T21:33:10.476000,0.654493,55.389335,0.783,0
2023-12-22T21:33:11.420000,0.644305,55.446244,0.821,0
2023-12-22T21:33:12.363000,0.634098,55.503152,0.807,0
2023-12-22T21:33:13.307000,0.623874,55.56006,0.804,0
2023-12-22T21:33:14.250000,0.613631,55.616966,0.842,0
2023-12-22T21:33:15.194000,0.60337,55.673872,0.867,0
2023-12-22T21:33:16.137000,0.593091,55.730777,0.862,0
2023-12-22T21:33:17.080000,0.582793,55.787681,0.906,0
2023-12-22T21:33:18.024000,0.572477,55.844584,0.872,0
2023-12-22T21:33:18.967000,0.562142,55.901486,0.901,0
2023-12-22T21:33:19.911000,0.551789,55.958387,0.874,0
2023-12-23T09:26:50.252000,7.800363,55.930417,1.009,0
2023-12-23T09:26:51.195000,7.790015,55.873475,1.021,0
2023-12-23T09:26:52.138000,7.779685,55.816533,1.02,0
2023-12-23T09:26:53.082000,7.769374,55.759589,1.019,0
2023-12-23T09:26:54.025000,7.759081,55.702644,1.02,0
2023-12-23T09:26:54.969000,7.748807,55.645698,0.999,0
2023-12-23T09:26:55.912000,7.738551,55.588752,1.049,0
2023-12-23T09:26:56.856000,7.728314,55.531804,1.065,0
2023-12-23T09:26:57.799000,7.718095,55.474856,1.171,0
2023-12-23T09:26:58.742000,7.707893,55.417907,1.186,0
2023-12-23T09:26:59.686000,7.69771,55.360956,1.187,0
2023-12-23T09:27:00.629000,7.687544,55.304005,1.203,0
2023-12-23T09:27:01.573000,7.677397,55.247053,1.233,0
2023-12-23T09:27:02.516000,7.667267,55.1901,1.212,0
2023-12-23T09:27:03.460000,7.657154,55.133146,1.2,0
2023-12-23T09:27:04.403000,7.647059,55.076191,1.183,0
2023-12-23T09:27:05.347000,7.636982,55.019235,1.157,0
2023-12-23T09:27:06.290000,7.626922,54.962279,1.211,0
2023-12-23T09:27:07.233000,7.616879,54.905321,1.195,0
2023-12-23T09:27:08.177000,7.606853,54.848363,1.215,0
2023-12-23T09:27:09.120000,7.596845,54.791403,1.185,0
2023-12-23T09:27:10.064000,7.586853,54.734443,1.164,0
2023-12-23T09:27:11.007000,7.576879,54.677482,1.167,0
2023-12-23T09:27:11.951000,7.566921,54.62052,1.204,0
2023-12-23T09:27:12.894000,7.55698,54.563557,1.181,0
2023-12-23T09:27:13.837000,7.547055,54.506593,1.157,0
2023-12-23T09:27:14.781000,7.537148,54.449628,1.132,0
2023-12-23T09:27:15.724000,7.527257,54.392662,1.114,0
2023-12-23T09:27:16.668000,7.517382,54.335695,1.093,0
2023-12-23T09:27:17.611000,7.507523,54.278728,1.095,0
2023-12-23T09:27:18.555000,7.497681,54.221759,1.091,0
2023-12-23T09:27:19.498000,7.487855,54.16479,1.065,0
2023-12-23T09:27:20.442000,7.478046,54.10782,1.055,0
2023-12-23T09:27:21.385000,7.468252,54.050849,0.988,0
2023-12-23T09:27:22.328000,7.458474,53.993877,0.96,0
2023-12-23T09:27:23.272000,7.448712,53.936904,0.931,0
2023-12-23T09:27:24.215000,7.438966,53.87993,0.899,1
2023-12-23T09:27:25.159000,7.429236,53.822955,0.873,1
2023-12-24T21:29:46.615000,0.546609,49.938464,2.831,1
2023-12-24T21:29:47.558000,0.5378,49.995455,2.977,0
2023-12-24T21:29:48.502000,0.528979,50.052446,2.981,0
2023-12-24T21:29:49.445000,0.520146,50.109435,2.959,0
2023-12-24T21:29:50.389000,0.511302,50.166424,2.99,0
2023-12-24T21:29:51.332000,0.502446,50.223412,2.972,0
2023-12-24T21:29:52.276000,0.493578,50.280399,2.945,0
2023-12-24T21:29:53.219000,0.484699,50.337385,2.938,0
2023-12-24T21:29:54.162000,0.475807,50.394371,2.91,0
2023-12-24T21:29:55.106000,0.466904,50.451355,2.892,0
2023-12-24T21:29:56.049000,0.457989,50.508339,2.918,0
2023-12-24T21:29:56.993000,0.449062,50.565323,2.879,0
2023-12-24T21:29:57.936000,0.440123,50.622305,2.861,0
2023-12-24T21:29:58.880000,0.431172,50.679287,2.907,1
2023-12-24T21:29:59.823000,0.422209,50.736268,2.911,1
2023-12-24T21:30:57.373000,-0.149849,54.210593,-0.77,1
2023-12-24T21:30:58.316000,-0.159684,54.267524,-0.715,1
2023-12-24T21:30:59.260000,-0.169536,54.324454,-0.708,1
2023-12-24T21:31:00.203000,-0.179404,54.381383,-0.643,0
2023-12-24T21:31:01.146000,-0.189288,54.438311,-0.57,0
2023-12-24T21:31:02.090000,-0.199188,54.495239,-0.516,0
2023-12-24T21:31:03.033000,-0.209106,54.552165,-0.507,0
2023-12-24T21:31:03.977000,-0.219039,54.609091,-0.498,0
2023-12-24T21:31:04.920000,-0.22899,54.666016,-0.42,0
2023-12-24T21:31:05.864000,-0.238957,54.72294,-0.397,0
2023-12-24T21:31:06.807000,-0.248942,54.779863,-0.36,0
2023-12-24T21:31:07.751000,-0.258943,54.836786,-0.26,0
2023-12-24T21:31:08.694000,-0.268961,54.893707,-0.247,0
2023-12-24T21:31:09.637000,-0.278997,54.950628,-0.229,0
2023-12-24T21:31:10.581000,-0.28905,55.007548,-0.189,0
2023-12-24T21:31:11.524000,-0.29912,55.064467,-0.141,0
2023-12-24T21:31:12.468000,-0.309207,55.121385,-0.111,0
2023-12-24T21:31:13.411000,-0.319312,55.178302,-0.108,0
2023-12-24T21:31:14.355000,-0.329435,55.235219,-0.075,0
2023-12-24T21:31:15.298000,-0.339575,55.292134,-0.061,0
2023-12-24T21:31:16.241000,-0.349733,55.349049,0.013,0
2023-12-24T21:31:17.185000,-0.359909,55.405963,0.041,0
2023-12-24T21:31:18.128000,-0.370103,55.462876,0.072,0
2023-12-24T21:31:19.072000,-0.380314,55.519788,0.076,0
2023-12-24T21:31:20.015000,-0.390544,55.576699,0.112,0
2023-12-24T21:31:20.959000,-0.400792,55.63361,0.142,0
2023-12-24T21:31:21.902000,-0.411058,55.69052,0.217,0
2023-12-24T21:31:22.846000,-0.421343,55.747428,0.226,0
2023-12-24T21:31:23.789000,-0.431646,55.804336,0.255,0
2023-12-24T21:31:24.732000,-0.441968,55.861243,0.303,0
2023-12-24T21:31:25.676000,-0.452309,55.918149,0.306,0
2023-12-24T21:31:26.619000,-0.462668,55.975054,0.355,0
2023-12-25T09:24:56.017000,6.794762,55.963039,1.106,0
2023-12-25T09:24:56.960000,6.784403,55.906094,1.114,0
2023-12-25T09:24:57.903000,6.774063,55.84915,1.159,0
2023-12-25T09:24:58.847000,6.763742,55.792204,1.157,0
2023-12-25T09:24:59.790000,6.753439,55.735257,1.25,0
2023-12-25T09:25:00.734000,6.743155,55.678309,1.231,0
2023-12-25T09:25:01.677000,6.732889,55.62136,1.238,0
2023-12-25T09:25:02.621000,6.722641,55.564411,1.247,0
2023-12-25T09:25:03.564000,6.712412,55.507461,1.221,0
2023-12-25T09:25:04.508000,6.702201,55.450509,1.25,0
2023-12-25T09:25:05.451000,6.692008,55.393557,1.333,0
2023-12-25T09:25:06.394000,6.681832,55.336603,1.343,0
2023-12-25T09:25:07.338000,6.671675,55.279649,1.352,0
2023-12-25T09:25:08.281000,6.661535,55.222694,1.414,0
2023-12-25T09:25:09.225000,6.651413,55.165738,1.42,0
2023-12-25T09:25:10.168000,6.641309,55.108781,1.398,0
2023-12-25T09:25:11.112000,6.631221,55.051823,1.437,0
2023-12-25T09:25:12.055000,6.621152,54.994865,1.459,0
2023-12-25T09:25:12.998000,6.6111,54.937905,1.411,0
2023-12-25T09:25:13.942000,6.601064,54.880945,1.422,0
2023-12-25T09:25:14.885000,6.591047,54.823983,1.451,0
2023-12-25T09:25:15.829000,6.581046,54.767021,1.436,0
2023-12-25T09:25:16.772000,6.571062,54.710058,1.447,0
2023-12-25T09:25:17.716000,6.561095,54.653093,1.466,0
2023-12-25T09:25:18.659000,6.551145,54.596128,1.5,0
2023-12-25T09:25:19.603000,6.541211,54.539162,1.496,0
2023-12-25T09:25:20.546000,6.531294,54.482196,1.506,0
2023-12-25T09:25:21.489000,6.521394,54.425228,1.469,0
2023-12-25T09:25:22.433000,6.51151,54.368259,1.451,0
2023-12-25T09:25:23.376000,6.501643,54.31129,1.499,0
2023-12-25T09:25:24.320000,6.491792,54.254319,1.528,0
2023-12-25T09:25:25.263000,6.481957,54.197348,1.551,0
2023-12-25T09:25:26.207000,6.472139,54.140376,1.532,0
2023-12-25T09:25:27.150000,6.462336,54.083403,1.542,0
2023-12-25T09:25:28.093000,6.45255,54.026428,1.529,0
2023-12-25T09:25:29.037000,6.442779,53.969454,1.587,0
2023-12-25T09:25:29.980000,6.433024,53.912478,1.55,0
2023-12-25T09:25:30.924000,6.423285,53.855501,1.601,0
2023-12-25T09:25:31.867000,6.413562,53.798524,1.56,0
2023-12-25T09:25:32.811000,6.403855,53.741545,1.562,0
2023-12-25T09:25:33.754000,6.394163,53.684566,1.567,0
2023-12-25T09:25:34.698000,6.384486,53.627586,1.562,1
2023-12-25T09:25:35.641000,6.374825,53.570604,1.466,1
2023-12-26T21:27:49.550000,-0.433117,49.739895,2.337,0
2023-12-26T21:27:50.493000,-0.441885,49.796893,2.275,0
2023-12-26T21:27:51.437000,-0.450665,49.85389,2.216,0
2023-12-26T21:27:52.380000,-0.459457,49.910886,2.155,0
2023-12-26T21:27:53.323000,-0.46826,49.967882,2.105,0
2023-12-26T21:27:54.267000,-0.477074,50.024877,2.062,0
2023-12-26T21:27:55.210000,-0.4859,50.081871,2.016,0
2023-12-26T21:27:56.154000,-0.494738,50.138864,1.954,0
2023-12-26T21:27:57.097000,-0.503587,50.195856,1.916,0
2023-12-26T21:27:58.041000,-0.512448,50.252848,1.859,0
2023-12-26T21:27:58.984000,-0.52132,50.309839,1.801,0
2023-12-26T21:27:59.927000,-0.530205,50.366829,1.756,0
2023-12-26T21:28:00.871000,-0.539101,50.423819,1.724,0
2023-12-26T21:28:01.814000,-0.548009,50.480807,1.688,0
2023-12-26T21:28:02.758000,-0.556929,50.537795,1.669,0
2023-12-26T21:28:03.701000,-0.565861,50.594783,1.622,0
2023-12-26T21:28:04.645000,-0.574805,50.651769,1.607,0
2023-12-26T21:28:05.588000,-0.583761,50.708754,1.574,1
2023-12-26T21:29:18.233000,-1.314539,55.094233,-1.556,1
2023-12-26T21:29:19.176000,-1.324634,55.151155,-1.544,1
2023-12-26T21:29:20.120000,-1.334747,55.208076,-1.536,1
2023-12-26T21:29:21.063000,-1.344877,55.264997,-1.517,1
2023-12-26T21:29:22.007000,-1.355025,55.321916,-1.494,1
2023-12-26T21:29:22.950000,-1.365191,55.378835,-1.486,1
2023-12-26T21:29:23.893000,-1.375375,55.435753,-1.481,1
2023-12-26T21:29:24.837000,-1.385576,55.49267,-1.493,1
2023-12-26T21:29:25.780000,-1.395796,55.549586,-1.411,1
2023-12-26T21:29:26.724000,-1.406034,55.606501,-1.347,1
2023-12-26T21:29:27.667000,-1.41629,55.663415,-1.307,1
2023-12-26T21:29:28.611000,-1.426565,55.720329,-1.289,0
2023-12-26T21:29:29.554000,-1.436858,55.777241,-1.262,0
2023-12-26T21:29:30.497000,-1.447169,55.834153,-1.232,0
2023-12-26T21:29:31.441000,-1.457499,55.891064,-1.17,0
2023-12-26T21:29:32.384000,-1.467848,55.947974,-1.13,0
2023-12-27T09:23:01.782000,5.786701,55.982982,0.014,0
2023-12-27T09:23:02.725000,5.776337,55.926036,0.042,0
2023-12-27T09:23:03.669000,5.765993,55.869089,0.105,0
2023-12-27T09:23:04.612000,5.755667,55.812141,0.045,0
2023-12-27T09:23:05.555000,5.74536,55.755192,-0.0,0
2023-12-27T09:23:06.499000,5.735071,55.698243,0.086,0
2023-12-27T09:23:07.442000,5.7248,55.641292,0.119,0
2023-12-27T09:23:08.386000,5.714548,55.584341,0.1,0
2023-12-27T09:23:09.329000,5.704314,55.527388,0.137,0
2023-12-27T09:23:10.273000,5.694098,55.470435,0.134,0
2023-12-27T09:23:11.216000,5.683901,55.413481,0.183,0
2023-12-27T09:23:12.159000,5.673721,55.356525,0.078,0
2023-12-27T09:23:13.103000,5.663559,55.299569,0.267,0
2023-12-27T09:23:14.046000,5.653415,55.242612,0.278,0
2023-12-27T09:23:14.990000,5.643288,55.185654,0.255,0
2023-12-27T09:23:15.933000,5.63318,55.128696,0.224,0
2023-12-27T09:23:16.877000,5.623088,55.071736,0.233,0
2023-12-27T09:23:17.820000,5.613014,55.014775,0.259,0
2023-12-27T09:23:18.763000,5.602958,54.957814,0.184,0
2023-12-27T09:23:19.707000,5.592918,54.900851,0.224,0
2023-12-27T09:23:20.650000,5.582896,54.843888,0.312,0
2023-12-27T09:23:21.594000,5.572891,54.786924,0.281,0
2023-12-27T09:23:22.537000,5.562903,54.729959,0.317,0
2023-12-27T09:23:23.481000,5.552932,54.672993,0.311,0
2023-12-27T09:23:24.424000,5.542978,54.616026,0.281,0
2023-12-27T09:23:25.368000,5.53304,54.559058,0.359,0
2023-12-27T09:23:26.311000,5.523119,54.502089,0.432,0
2023-12-27T09:23:27.254000,5.513215,54.44512,0.434,0
2023-12-27T09:23:28.198000,5.503328,54.388149,0.365,0
2023-12-27T09:23:29.141000,5.493456,54.331178,0.445,0
2023-12-27T09:23:30.085000,5.483601,54.274206,0.351,0
2023-12-27T09:23:31.028000,5.473762,54.217232,0.36,0
2023-12-27T09:23:31.972000,5.46394,54.160258,0.388,0
2023-12-27T09:23:32.915000,5.454134,54.103283,0.381,0
2023-12-27T09:23:33.858000,5.444343,54.046307,0.436,0
2023-12-27T09:23:34.802000,5.434569,53.989331,0.358,0
2023-12-27T09:23:35.745000,5.42481,53.932353,0.488,0
2023-12-27T09:23:36.689000,5.415068,53.875375,0.479,0
2023-12-27T09:23:37.632000,5.40534,53.818395,0.573,0
2023-12-27T09:23:38.576000,5.395629,53.761415,0.409,0
2023-12-27T09:23:39.519000,5.385933,53.704434,0.507,0
2023-12-27T09:23:40.463000,5.376253,53.647452,0.42,0
2023-12-27T09:23:41.406000,5.366588,53.590469,0.522,0
2023-12-27T09:23:42.349000,5.356939,53.533485,0.53,1
2023-12-27T09:23:46.123000,5.318493,53.305541,0.863,1
2023-12-27T09:23:48.010000,5.299361,53.191564,0.573,1
2023-12-27T09:23:48.953000,5.289817,53.134574,0.375,1
2023-12-28T21:25:57.202000,-1.457928,49.837946,2.073,0
2023-12-28T21:25:58.145000,-1.466715,49.894946,1.954,0
2023-12-28T21:25:59.088000,-1.475513,49.951947,1.825,0
2023-12-28T21:26:00.032000,-1.484323,50.008946,1.701,0
2023-12-28T21:26:00.975000,-1.493144,50.065945,1.614,0
2023-12-28T21:26:01.919000,-1.501977,50.122943,1.472,0
2023-12-28T21:26:02.862000,-1.510822,50.17994,1.365,0
2023-12-28T21:26:03.806000,-1.519678,50.236936,1.324,0
2023-12-28T21:26:04.749000,-1.528546,50.293932,1.148,0
2023-12-28T21:26:05.693000,-1.537425,50.350926,1.03,0
2023-12-28T21:26:06.636000,-1.546317,50.40792,0.969,0
2023-12-28T21:26:07.579000,-1.55522,50.464914,0.908,0
2023-12-28T21:26:08.523000,-1.564135,50.521906,0.801,0
2023-12-28T21:26:09.466000,-1.573062,50.578898,0.749,1
2023-12-29T09:21:08.490000,4.766664,55.935161,0.157,0
2023-12-29T09:21:09.434000,4.756318,55.878212,0.08,0
2023-12-29T09:21:10.377000,4.745991,55.821263,0.249,0
2023-12-29T09:21:11.320000,4.735683,55.764312,0.263,0
2023-12-29T09:21:12.264000,4.725393,55.707361,0.373,0
2023-12-29T09:21:13.207000,4.715122,55.650408,0.205,0
2023-12-29T09:21:14.151000,4.704869,55.593455,0.224,0
2023-12-29T09:21:15.094000,4.694634,55.536501,0.337,0
2023-12-29T09:21:16.038000,4.684417,55.479546,0.364,0
2023-12-29T09:21:16.981000,4.674219,55.42259,0.403,0
2023-12-29T09:21:17.924000,4.664038,55.365633,0.29,0
2023-12-29T09:21:18.868000,4.653875,55.308676,0.414,0
2023-12-29T09:21:19.811000,4.64373,55.251717,0.442,0
2023-12-29T09:21:20.755000,4.633603,55.194757,0.569,0
2023-12-29T09:21:21.698000,4.623493,55.137797,0.375,0
2023-12-29T09:21:22.642000,4.613401,55.080836,0.457,0
2023-12-29T09:21:23.585000,4.603326,55.023873,0.533,0
2023-12-29T09:21:24.529000,4.593269,54.96691,0.54,0
2023-12-29T09:21:25.472000,4.583229,54.909946,0.551,0
2023-12-29T09:21:26.415000,4.573206,54.852981,0.577,0
2023-12-29T09:21:27.359000,4.5632,54.796015,0.521,0
2023-12-29T09:21:28.302000,4.553211,54.739049,0.553,0
2023-12-29T09:21:29.246000,4.543239,54.682081,0.713,0
2023-12-29T09:21:30.189000,4.533284,54.625112,0.531,0
2023-12-29T09:21:31.133000,4.523346,54.568143,0.734,0
2023-12-29T09:21:32.076000,4.513425,54.511173,0.607,0
2023-12-29T09:21:33.019000,4.503519,54.454201,0.769,0
2023-12-29T09:21:33.963000,4.493631,54.397229,0.759,0
2023-12-29T09:21:34.906000,4.483759,54.340256,0.63,0
2023-12-29T09:21:35.850000,4.473903,54.283282,0.702,0
2023-12-29T09:21:36.793000,4.464064,54.226307,0.793,0
2023-12-29T09:21:37.737000,4.454241,54.169332,0.814,0
2023-12-29T09:21:38.680000,4.444434,54.112355,0.755,0
2023-12-29T09:21:39.624000,4.434643,54.055378,0.849,0
2023-12-29T09:21:40.567000,4.424868,53.9984,0.738,0
2023-12-29T09:21:41.510000,4.415108,53.94142,0.829,0
2023-12-29T09:21:42.454000,4.405365,53.88444,0.863,0
2023-12-29T09:21:43.397000,4.395637,53.827459,0.844,0
2023-12-29T09:21:44.341000,4.385925,53.770477,0.794,0
2023-12-29T09:21:45.284000,4.376229,53.713495,0.975,0
2023-12-29T09:21:46.228000,4.366548,53.656511,0.894,0
2023-12-29T09:21:47.171000,4.356883,53.599527,0.899,0
2023-12-29T09:21:48.114000,4.347233,53.542541,0.849,0
2023-12-29T09:21:49.058000,4.337598,53.485555,1.021,0
2023-12-29T09:21:50.001000,4.327978,53.428568,0.983,0
2023-12-29T09:21:50.945000,4.318374,53.37158,0.996,0
2023-12-29T09:21:51.888000,4.308785,53.314591,0.916,0
2023-12-29T09:21:52.832000,4.299211,53.257602,0.999,0
2023-12-29T09:21:53.775000,4.289651,53.200611,0.831,0
2023-12-29T09:21:54.719000,4.280107,53.14362,0.84,0
2023-12-29T09:21:55.662000,4.270577,53.086627,0.886,0
2023-12-29T09:21:56.605000,4.261062,53.029634,0.85,0
2023-12-29T09:21:57.549000,4.251562,52.97264,0.811,0
2023-12-29T09:21:58.492000,4.242076,52.915645,0.835,0
2023-12-29T09:21:59.436000,4.232605,52.85865,0.851,0
2023-12-29T09:22:00.379000,4.223148,52.801653,0.687,0
2023-12-29T09:22:01.323000,4.213706,52.744656,0.653,0
2023-12-29T09:22:02.266000,4.204278,52.687657,0.632,0
2023-12-29T09:22:03.209000,4.194864,52.630658,0.655,0
2023-12-29T09:22:04.153000,4.185464,52.573658,0.632,0
2023-12-29T09:22:05.096000,4.176079,52.516657,0.504,0
2023-12-29T09:22:06.040000,4.166707,52.459655,0.435,0
2023-12-29T09:22:06.983000,4.15735,52.402653,0.287,0
2023-12-29T09:22:07.927000,4.148006,52.345649,0.394,0
2023-12-29T09:22:08.870000,4.138677,52.288645,0.25,0
2023-12-29T09:22:09.814000,4.129361,52.23164,0.091,0
2023-12-29T09:22:10.757000,4.120059,52.174634,-0.01,1
2023-12-29T09:22:11.700000,4.11077,52.117627,0.172,1
2023-12-31T09:19:14.255000,3.756379,55.935876,-0.143,0
2023-12-31T09:19:15.199000,3.746035,55.878926,-0.123,0
2023-12-31T09:19:16.142000,3.735709,55.821975,-0.119,0
2023-12-31T09:19:17.085000,3.725401,55.765024,-0.126,0
2023-12-31T09:19:18.029000,3.715112,55.708071,-0.11,0
2023-12-31T09:19:18.972000,3.704842,55.651117,-0.109,0
2023-12-31T09:19:19.916000,3.69459,55.594163,-0.121,0
2023-12-31T09:19:20.859000,3.684356,55.537207,-0.09,0
2023-12-31T09:19:21.803000,3.67414,55.480251,-0.08,0
2023-12-31T09:19:22.746000,3.663942,55.423294,-0.027,0
2023-12-31T09:19:23.690000,3.653763,55.366335,-0.034,0
2023-12-31T09:19:24.633000,3.643601,55.309376,0.005,0
2023-12-31T09:19:25.576000,3.633457,55.252416,-0.005,0
2023-12-31T09:19:26.520000,3.62333,55.195455,0.009,0
2023-12-31T09:19:27.463000,3.613222,55.138494,0.055,0
2023-12-31T09:19:28.407000,3.60313,55.081531,0.051,0
2023-12-31T09:19:29.350000,3.593057,55.024567,0.053,0
2023-12-31T09:19:30.294000,3.583,54.967603,0.053,0
2023-12-31T09:19:31.237000,3.572961,54.910637,0.091,0
2023-12-31T09:19:32.180000,3.562939,54.853671,0.084,0
2023-12-31T09:19:33.124000,3.552934,54.796704,0.122,0
2023-12-31T09:19:34.067000,3.542946,54.739736,0.144,0
2023-12-31T09:19:35.011000,3.532975,54.682767,0.127,0
2023-12-31T09:19:35.954000,3.523021,54.625797,0.171,0
2023-12-31T09:19:36.898000,3.513083,54.568827,0.171,0
2023-12-31T09:19:37.841000,3.503163,54.511855,0.188,0
2023-12-31T09:19:38.785000,3.493259,54.454882,0.222,0
2023-12-31T09:19:39.728000,3.483371,54.397909,0.233,0
2023-12-31T09:19:40.671000,3.4735,54.340935,0.263,0
2023-12-31T09:19:41.615000,3.463645,54.28396,0.24,0
2023-12-31T09:19:42.558000,3.453806,54.226984,0.266,0
2023-12-31T09:19:43.502000,3.443984,54.170007,0.27,0
2023-12-31T09:19:44.445000,3.434178,54.113029,0.28,0
2023-12-31T09:19:45.389000,3.424388,54.05605,0.261,0
2023-12-31T09:19:46.332000,3.414614,53.999071,0.279,0
2023-12-31T09:19:47.275000,3.404855,53.94209,0.264,0
2023-12-31T09:19:48.219000,3.395113,53.885109,0.302,0
2023-12-31T09:19:49.162000,3.385386,53.828127,0.307,0
2023-12-31T09:19:50.106000,3.375675,53.771144,0.361,0
2023-12-31T09:19:51.049000,3.365979,53.71416,0.309,0
2023-12-31T09:19:51.993000,3.356299,53.657175,0.333,0
2023-12-31T09:19:52.936000,3.346635,53.600189,0.364,0
2023-12-31T09:19:53.880000,3.336986,53.543203,0.349,0
2023-12-31T09:19:54.823000,3.327352,53.486215,0.367,0
2023-12-31T09:19:55.766000,3.317733,53.429227,0.395,0
2023-12-31T09:19:56.710000,3.30813,53.372238,0.391,0
2023-12-31T09:19:57.653000,3.298541,53.315248,0.392,0
2023-12-31T09:19:58.597000,3.288968,53.258257,0.356,0
2023-12-31T09:19:59.540000,3.279409,53.201265,0.331,0
2023-12-31T09:20:00.484000,3.269866,53.144273,0.313,0
2023-12-31T09:20:01.427000,3.260337,53.087279,0.341,0
2023-12-31T09:20:02.370000,3.250823,53.030285,0.068,0
2023-12-31T09:20:03.314000,3.241323,52.97329,0.134,0
2023-12-31T09:20:04.257000,3.231838,52.916294,0.11,0
2023-12-31T09:20:05.201000,3.222368,52.859297,-0.117,0
2023-12-31T09:20:06.144000,3.212912,52.802299,0.07,0
2023-12-31T09:20:07.088000,3.203471,52.7453,-0.065,0
2023-12-31T09:20:08.031000,3.194043,52.688301,-0.104,0
2023-12-31T09:20:08.974000,3.18463,52.631301,-0.206,0
2023-12-31T09:20:09.918000,3.175232,52.5743,-0.236,0
2023-12-31T09:20:10.861000,3.165847,52.517297,-0.314,0
2023-12-31T09:20:11.805000,3.156476,52.460295,-0.344,0
2023-12-31T09:20:12.748000,3.14712,52.403291,-0.455,0
2023-12-31T09:20:13.692000,3.137777,52.346286,-0.519,0
2023-12-31T09:20:14.635000,3.128448,52.289281,-0.612,0
2023-12-31T09:20:15.579000,3.119133,52.232275,-0.667,0
2023-12-31T09:20:16.522000,3.109832,52.175267,-0.762,0
2023-12-31T09:20:17.465000,3.100544,52.11826,-0.852,0
2023-12-31T09:20:18.409000,3.09127,52.061251,-0.903,0
2023-12-31T09:20:19.352000,3.08201,52.004241,-1.018,0
2023-12-31T09:20:20.296000,3.072763,51.947231,-1.062,0
2023-12-31T09:20:21.239000,3.063529,51.890219,-1.165,0
2023-12-31T09:20:22.183000,3.054309,51.833207,-1.244,0
2023-12-31T09:20:23.126000,3.045102,51.776194,-1.314,0
2023-12-31T09:20:24.069000,3.035909,51.71918,-1.411,0
2023-12-31T09:20:25.013000,3.026728,51.662166,-1.509,0
2023-12-31T09:20:25.956000,3.017561,51.60515,-1.556,0
2023-12-31T09:20:26.900000,3.008406,51.548134,-1.651,0
2023-12-31T09:20:27.843000,2.999265,51.491116,-1.706,0
2023-12-31T09:20:28.787000,2.990137,51.434098,-1.777,0
2023-12-31T09:20:29.730000,2.981021,51.37708,-1.847,1
2023-12-31T09:20:30.674000,2.971918,51.32006,-1.918,1
